artist_mbid,total_listen_count,total_user_count
7a1766ba-3d50-428f-b6f5-4d267248c744,469522,18032
e1d30dc5-9096-4706-95dc-486b2ab52a89,12745,1772
d576231e-c0b6-4a42-a4f4-011f06b9095c,348735,18047
6958e806-1e14-4844-a0a7-07a27756aa0f,63857,5154
82eb8936-7bf6-4577-8320-a2639465206d,11863641,201793
3f5a0c97-54c2-4648-84a7-505908d34865,13848,725
9de7b385-709f-4c11-afb5-a38ca799fbf2,595,131
142db9a8-d42d-44f4-8f3c-db20e5bdfd78,504305,31224
0e517f4b-6d89-48f0-8a11-16416bd0fdcb,1514513,34785
baf05baf-69fb-47dd-93c2-033536b8c385,2139884,66780
951d2103-9c7d-4849-ae60-88bf6aa4790b,6491575,150437
1a60d6dd-9d3e-40fc-a66d-3184f9ee0d61,8835955,146381
246b1060-628e-4b02-ba6a-afd4868a6814,497095,23879
a7208ea4-2c6f-4cf8-b321-599c901073d8,457943,23095
498e4c32-bff6-4ca8-961f-785686a8a028,2657,524
e54be6b7-5c26-4b47-bb3f-c137429b9b55,5622880,124956
3c9b356d-d1db-4f4e-a7a3-2d00c1d70255,35192,4041
36861171-a32d-414e-945e-fe9c07f84d5b,4926,831
ab74ae08-cced-49d7-a6e2-de91b219f6b0,9378,1028
f8e0694a-4ac6-445f-8f12-b2bb9bdf4967,12969,1568
23eeaeaf-423d-4859-8c91-2175ece74287,1717592,76597
1bb32c77-c4ea-421c-b05d-f8d5ec54e07c,1356,168
1fc494a1-9109-4081-a455-2d05bea9d2bf,5303971,114285
c33c4e5c-6fab-4a7a-bd72-b3a05a8938aa,66981,4891
4abebe04-1e85-427b-9950-563945850f2e,436981,22811
91dad7e7-0bf6-47e8-bd42-ef1fac32c729,2098838,75110
f3b6bb5d-9bac-41d8-8e7a-5905cba352b7,5764,459
919ccb96-12da-48f5-bd91-ec410d956048,3137699,77039
9a9f103a-acad-48e2-a2e5-0783bd650da9,213059,15236
b5c4ffa2-82e1-4b72-b7f3-c60afb74b860,4544753,116849
01695167-968d-4afc-9f94-06c33ebabe16,231985,20033
f0906471-6767-40ba-9009-bfa9677f3773,23300,2953
01454bcb-faa8-4200-bb9e-3b7f9c5fd50d,98713,8217
1aff9117-5820-490d-9938-ccad96669292,1682174,73821
9f478f13-554c-49fc-b5f6-fcf110010c39,150359,8269
e28dbf43-a2d9-4651-908f-1879ad67d30e,2488501,74847
20c7090f-3813-43e5-8535-7fcfd6fdf6e6,1096484,36044
ea0ca6cb-9a26-4d02-8345-5cc8a14fa351,70641,3145
fdf9fd10-8a2a-4cb4-bed0-3c476c976ce0,2640124,80163
43968c1e-dc13-4559-9568-de8372513377,1274508,82716
1b3e92d4-1c68-412d-a92d-1172f24f7de3,2859726,115430
f52aec13-0d16-4c17-bcb3-390a23aae634,39176,5298
aa3bc73e-d089-4e11-be67-b7e9125d8ba5,10911,1272
7129c0d9-79e3-4fd9-9ff5-77a571d4ea15,212,64
d4d3c818-005f-43bd-b0f8-89e74dfe4dca,919833,49623
567c0841-3607-4278-8b1c-51662338e5e4,13534,1694
573185c5-182d-4860-a629-248fc4d1ee7d,39126,3172
49c1ebeb-f0f9-4c8e-a0bd-4d586471abe9,72270,5247
59d34d63-e209-4f26-8a09-b08d12202082,3527089,85229
d6ae4b23-965f-485a-b2c2-66c43ffaef20,426908,27243
4f48167c-29b8-4bde-a749-6803ce0a3922,681728,49982
7d972626-73de-43f0-a5de-69de7f2d236e,1229,301
852fb986-b0d9-4529-adaf-4f38bc1b1040,1452152,58175
905f87fc-a294-4067-91f2-3841f083f464,13299,1689
003cf1a4-61cf-4e37-8ec0-f0353b1850cd,11879,1294
332228ce-fe8c-4a5e-90e0-e1361553e5ff,2323080,78546
f5fe3832-2e87-4266-a6a3-bf29e5af4d68,63677,1421
176a9a0c-93b9-457e-bfe6-e7e638e85acf,97161,12130
e5e88ded-e7dd-463c-994e-412ebab56fb0,327206,14542
1835c063-a925-4e00-afe2-6059666bb7c2,13679,535
10f89195-3af1-46f5-aa36-504aa3309f5a,913818,52478
d796574f-db13-41d2-9dd7-82a55c5bd71f,366023,4534
ccd4426f-aef3-48e3-b04e-2e1de3d1f8d6,5094516,102948
7f31c424-fbdf-42f9-b3e6-5576c804026d,233325,13193
a96b7568-b4f1-45c9-a152-e8c71e0b2239,82966,12163
2871f3d8-f662-40d6-ac57-6ec6ed4f94c4,4243,450
ca51434b-f7e0-4857-9aee-b24b9678fbfa,24669,2539
eaa840ae-d927-4bb5-93d3-f651439f6478,1061,85
c0a56f6d-e55c-489a-aa99-d7d7e95626c1,10496,1501
31f6eb53-f467-4f5a-a157-dc1ea39d0ba5,144639,11681
75de3363-412c-4f17-ae66-9f4c0cd7629f,1303222,52929
999fa2c4-d978-4c7d-8201-c746cbd5b23b,1325043,48620
72974ba0-7153-4395-a170-17daacdd3723,7876,957
ef5aab86-887d-4fc2-a883-431ef017175a,9009,1647
f1571db1-c672-4a54-a2cf-aaa329f26f0b,11769852,99761
8e33a3f9-798b-407a-8a4a-47a2d19d2008,5380,903
a8ed28e3-5c08-4448-b889-867483e251f5,2978049,79562
899d8e40-2aae-464a-8d45-910f1d199db4,12349,738
3347dae7-1a86-4630-844e-e631f969c252,637609,29628
9960700d-2017-40bd-b2d4-1d365d668c81,1577548,68017
80364375-3fc5-42b7-b23c-2cea86064277,584,104
aca5718f-4f49-4439-b8f6-209db3f11757,5866171,71280
fa7ed4fb-fa39-4820-8ae1-5fe98bc2ef8d,1931422,73973
935b9c64-39c0-42b7-a4f5-2566f1878fdb,761752,39128
aec2dd5b-739b-4849-a9b2-6565349a300b,895,296
f822be01-4e7e-498d-a7f8-2172a55dacfd,4383,467
d42ff4d4-0940-4900-a30a-c2b0cf5ad03b,263,67
3e1950f1-2bd2-4cc4-bb45-17198dab2472,211795,18962
ecfda98e-4675-4326-979d-04ea3ce5667b,70311,6895
926059d2-20a6-4667-8a35-95622b460279,876299,39815
5b075746-e9a3-4dfb-807d-ca78ac8b56b5,11,10
af211ac3-06f6-48ce-b9c8-e8a53b025c51,227430,3244
25f642c5-e469-4ddb-8a61-9c6368a25dc4,10988,247
d1644dce-5c33-4dcd-8fc5-72003fdc89d5,429407,9624
5d0dc00d-4b5c-435c-bd96-72a05c3d49e1,259711,12194
671d193b-921f-43e2-a7e5-ee02a73b804f,61188,7020
4b454a52-f497-422a-a4c3-827883328337,1424,342
a6c66fb5-c835-4b72-ac97-104cca0d24b1,111629,3672
ef8c4ade-2712-408a-bf49-aeeb59296f78,330140,4676
24762087-34ce-4f65-b743-7d8402cf30dd,4491517,102203
485ee180-a8c0-483a-afb5-15c2eb6b14fb,3360,591
c07a8ae5-3322-482f-9bfe-27448a2cf593,144002,10395
abb85a9c-c740-451a-8ea0-a236e1916c67,573593,26941
beef4bca-f2fe-4dfc-a3aa-68b3a625b844,1091,80
4006c69a-c50f-483a-bd1f-4f55e32ea7c9,162612,6837
b3cfd16f-a812-40b1-980e-69d23b169f04,6754,1212
c14e2a70-0877-464d-be6d-72c103f3bfd4,128788,10297
2c9418b5-d563-404b-892c-9195aa861c4d,458916,23913
ca5b38c2-f39d-45a4-ad3d-daf4448846ef,1617672,73938
28868947-1ff6-4021-8e84-a44ef80fb211,33103,3428
2aab61bc-67f4-4722-8c6e-e1821b2e32a6,3536018,136943
d148ae49-cb92-443a-8fe2-d272b9386a0c,49135,1723
0d831398-cfb9-421b-adf1-0dca532fdeee,177,38
5c2704c3-6f21-4e98-95a8-c7693a96bf03,13901,1376
55d83df2-0600-46db-b463-c65e7711a6f5,50,15
5e1dbdb2-87ac-41ff-9960-4a42a872327a,3669055,33381
6ae5c53a-da3f-4257-9c3f-50cc33a4e3db,30369,695
9ce29a24-b118-41a3-9297-2618f26b124d,1240444,27622
6f598e16-dda9-4e9b-ad51-7e48cb0eabbe,114,55
320d40d6-28dd-42d7-b05f-7e6e8d399a2e,2401920,70176
3856ff22-e814-440e-b6fa-a760d11a877e,3152,230
b1fe5388-027e-4038-a929-7699f3a00ac4,10664,711
f9dab2de-f9d8-420f-b9fc-baa6be04c0d9,318294,15347
0687bec7-6dad-4481-a5f6-3c7810f6f42e,265,52
23ca355e-a5af-4395-ae62-36e374028dab,27155,734
fb48516f-99cb-4a70-ab9c-6e94a9236334,534,29
5dca8282-e4b3-4db3-a59b-1bfa7f547cd3,28999,3290
4f13e8cb-11aa-4b1a-8bb5-0ad1437dbdee,4070694,79718
73b8dddb-ec29-4d11-b449-d97fde73f07b,261086,21972
3c2c34c6-11de-48b2-947d-6b8f96d59844,1077010,33963
97417292-3fb0-40ea-8837-5540cfb4de71,1322286,18037
743df3d2-796b-4356-9f83-2948997cae9e,10794,472
de47d287-c17b-4480-90a1-2ff16ed36773,3090,167
220e6bbb-2d31-42fd-861c-c355cc4ea8a9,6007,1181
1f291fda-6b00-4a82-bdf7-eb92135f9e47,3306,651
22a94cd7-cb1f-4b67-9be6-46d465ffc787,139123,7502
f73fb555-9bce-4c67-b101-311efd2e9f79,12195,1726
b6ea96db-17d8-429c-b31e-82e381dd1c7e,3998,669
c9584c27-f240-4f0e-8e82-3470111f24be,361031,21842
c3ac0d79-8adc-42db-aa70-9ab15e980f3d,259316,16197
84b0af1a-8f10-433f-a1ed-948e71712b16,830735,55063
9247edb7-1bb5-43f2-a58f-185a8ba6044f,733069,17657
b1ec6163-5887-400b-bbf3-33ce6e864786,201,41
dbb29763-c69e-4ec8-bc3f-db5f7c2ea076,341,80
1d7e5d38-bb29-4aad-9f97-fe7b70ec27ce,2323,434
11cb567e-ecac-4226-8944-f862440e8bca,189264,15930
82f0c90b-52b2-4f6d-80bf-1a193271cce8,6126,291
369abceb-289d-4a4f-b807-801f16fb8663,131366,3116
f6de436d-83c3-4bae-818f-0eede941df81,152045,12889
1074160c-85cf-488a-bc87-ef42424b851b,1685,440
2993f855-403f-4c6a-bea9-088cd5d354dc,200669,22506
3835522c-2632-43a3-bc9f-b913a1764c7f,2589,537
8d257bcf-1168-40f3-9ca3-bfbadc979d77,4425,488
2c81a086-5f72-4ece-a890-bf26fd0090c1,33276,3444
d60583e5-3bb9-4b00-acd6-26e7a6066f3a,142409,7645
92a3624a-62f7-483f-8f87-96df6698efa1,5434,355
a78ef19a-5fba-46fd-b50e-ff95a45693aa,1563999,18173
21462e8d-d20b-4049-bcbd-57e0a4b9be5c,44105,3576
52af3269-eea6-4bde-80ad-01a0722d0c53,158301,9588
1ffa2a0d-74e8-43f0-8318-3a02e146d97c,1,1
5545a012-0977-46ff-9d69-39bf5952616f,445998,33092
64a3146c-452c-456a-96e8-09642327b0fc,4904,515
22b6b970-e66c-4169-b790-5ac42671d5fa,3131,216
acd8fc61-ab7a-41fb-8da2-8b63f8aa4243,217,25
406ff146-022c-4206-b753-bf480d3259b0,183062,12443
10bb88d0-0003-4e7f-9581-0f12ab2ae6ff,172190,10556
23d0b15f-b6b5-489b-b2a1-0333bd8db44b,185513,5754
5def5b46-569d-4910-a580-db409b399c13,14293,467
beaf37b3-9ace-43ee-9a77-259e076d13ff,3205,608
3362f019-06a5-4591-ab5d-1e331049f14a,86030,10252
6b43356c-ab09-4dc4-893b-84fc18822eba,7041,1374
1e9aa4bd-9689-4535-9665-7f661d63d1c8,63699,5714
aee59a3f-413a-4ab8-8c76-a1f58fae2965,2160,227
94879e7e-095a-44bf-8916-2246ea53e931,231349,7195
a4e14b84-be3f-4cf3-a0d5-54c3c8c4089b,31340,5787
d9ea7714-c3aa-4a2e-9e0c-dbd1cd646970,22424,1733
11ebbdd9-d907-48a8-8a3a-151effb26e2a,43011,3222
df142807-4228-40e3-b338-1d18030da85e,252333,14452
c57580b6-2394-4559-a342-361880e567bb,42340,5817
c96dcca2-d868-4739-a034-7a2746e29282,16852,580
8eabb7dd-135c-4ede-af9d-541b3a93c587,4794,223
96f8c414-b03b-47b6-b41d-bdaeff35cbdb,110070,4250
51af0b6a-083a-4da7-99ee-3a94843269c2,677653,10161
15741996-1794-42a8-a2c7-1ce3e32d0d75,31499,1056
9ff60a50-6288-4b46-8b69-75877450d282,452753,15667
9546a92f-cf91-4255-b18d-71441058b8f6,8418,431
2f93389a-eb72-4a4a-8b08-bc38132d2ecb,1111,90
a4b3fb24-a04e-4249-9fa5-5a198ca9d73c,253395,15383
93da8c8a-bd13-4418-a00e-2861b8518a8d,435229,22650
77622477-d0cb-45c0-929a-9e31f8b821dd,3135,455
abb91078-f7db-41f2-8f07-7f37bb739143,1272118,19119
c694bf65-83e9-47d5-aeb3-bb68f78ef981,744094,19432
61dec3a8-94f1-4d2d-a654-432577c7dba7,26207,1227
697ea2f4-4f79-466a-8c57-29d5455b68bd,137612,15613
83a2e0fb-3d9b-46ff-b383-3dde54c15297,177974,20647
826b488f-5164-45ca-abc4-ab11b3c321eb,175043,20349
924203bb-da5f-4bd0-9630-c753c7cb9774,193204,15147
5be7d200-5499-4bba-b29b-1ac554199d23,847591,21471
dbf0a5c5-3665-4495-b13b-99438a6a0900,373054,17855
f5608fe1-1e68-418b-a80b-b6e8c057481f,481,76
9a263418-9d03-42a8-9389-5ce7cea86a8f,334,55
1d538c20-f675-4286-84ef-5bdd3e70e556,1220,184
a83233a1-0f5c-4b8d-9f0f-b440767f58c6,25681,1376
f5042740-3a77-49d0-a08a-bbe0ce0a0ffe,17699,931
63f1a974-d737-42f7-a0d6-b7d120e8160d,1163,209
ef9d0b13-a7c1-457d-8a8e-cbcf7f350eb2,629,84
df364c42-9f03-4b85-8bff-e245bc7f64e9,3548,320
9f7483cf-d8aa-45ce-b90c-da2e359a7815,29986,5255
e9f34d84-4b44-43d2-a2a2-00f5c235a2c1,2656,345
e122bd0c-ec26-491f-ad0b-dbc53a04e9c1,9888,1210
b6fa9b9b-41cf-45a6-adc0-0a4c9a8c0d3c,707714,28799
67f0c7ca-14e8-47a3-be0e-bd2f2ffe25bb,255726,20253
0c229915-d2cc-4dff-b4b3-f7c128cc3493,514,67
afa0218d-4ef9-4341-bd2c-e617305a4886,198,51
421d18f9-16b8-4e08-bc01-219e9ebc4be6,678,104
ff031437-a78e-46f4-88a1-ab876bf0725d,301774,19606
efeb0dd7-eea7-420f-b071-cf0f429dd55a,1595,299
21c5fb53-6fbc-4080-989a-b26d4540f4fd,296103,21761
f1745cca-1cae-4696-a0d3-62553c742b0c,46949,3572
6514cffa-fbe0-4965-ad88-e998ead8a82a,838622,46275
8a7a7d2c-f9c9-475b-be6d-daceaeba8f32,145971,10603
d1aed914-6a94-4643-9af4-b80682aa6c14,30496,3020
53dd0229-8a42-4bd7-8ffb-29bdec25e9c6,44756,6017
fce925cd-ed10-4518-8713-6f20d146e4fb,338497,18188
be69bee9-2884-4cf3-9750-dd76faf6df94,370615,26496
fc01c30b-8c37-42f9-95cf-df169bcabb72,2381,296
75780e58-6ec5-4f0f-9e68-abfaae9ae9e7,34,12
96a0ffd8-d1dd-4cc1-aa9b-f43f1fafafcf,92849,10911
55008116-f7aa-4f68-b713-b6c947f7d43c,35863,2912
954b8871-0e31-432a-91a2-f29ba72b2137,38333,6348
6ec4a890-9640-4551-87cb-59226f7b8e20,4430,587
34badc4c-97cd-434a-8aba-5d7ce8b883d8,5304,729
edf0baf2-caff-4f5a-a78f-30a42f146dfe,9111,2006
b1355867-16a1-4863-ae3b-6a8be122eaaa,73993,8761
9c5c0632-dbef-4674-a90c-af04412a1508,15267,3351
c7c1b94b-92d6-4ffb-bc53-949e24d8b858,37687,3475
f1781156-f818-4c33-801c-bb2a74822ea4,106613,7865
c885a022-e344-4186-a891-c0ea41b70ecd,3445,310
702d2b90-eef0-4354-b2c4-6366eba92b7f,248510,21947
18d0f30e-417d-4fb7-b3ba-22bd94b1072b,1082,174
453dab0c-aa5f-4091-bf58-64dead0d06b8,163986,12114
110df860-7524-4075-9816-d661e30b77ed,59457,4110
8b060f17-69f6-48ae-add3-29df62e5eb0d,6424,415
ad93763f-9bab-4a3f-a476-22fc9504bef3,5420,1094
8b034085-b06d-4c42-9be3-d709be169d79,74641,9417
b7e43655-5de7-4fd5-b354-7c7521eddc89,3617,1447
962d5c80-b643-45c8-9011-4a77ecfb020c,78,34
242345b8-050f-4ec6-8a4c-ea27c9828c00,61,17
ce71c621-a515-4af8-b755-dec9c1937ef4,75585,5111
28c646b6-b854-467f-8e2d-cd1f540ac784,20255,2796
dedfd6ff-6687-454e-8dc4-b0e35f4fb0dd,6520,567
30331c85-26d4-4daa-9f66-3075cac4c20b,264072,17340
9e73c869-20a8-444f-903e-a0dd17fee1ac,48012,5305
566ea6da-3a59-4fce-879c-eb97ca8d9d25,20340,4001
6052b119-dd4e-490f-9339-b22ee9c5a578,5745,949
f196f52c-7c2e-447e-bdb7-14224dadf639,693,80
1b337b9f-1562-4863-a5c8-50c9d6d5e010,190605,9787
f37c43de-b874-4b6b-b160-5d6da5683b0c,883,200
46a9934a-92bb-409b-93bb-42bc087841c1,53938,4106
f0d140db-fab3-4b8d-be1c-54606472d3e9,4453,673
97c0de83-1526-47d2-a54f-2678b109881f,573,36
9be2a5ac-8201-489b-b5f6-91f958bf9060,785801,29429
5861040a-93bf-4bfb-a314-7f3979367543,169712,12427
05c36395-70f0-4d59-a6d7-6dd7a0af90f2,14,7
7247ef92-6c65-484d-9cf1-a737382a4721,18888,2126
2e7291f1-7335-48d2-ad37-be656d031880,13389,1083
5b378c98-311e-4aa3-83bf-deb667fc5b2e,1214,214
86140f65-63c8-47cd-84b5-8784a1791d3f,12411,987
b0b83d67-b9a4-4514-a4e9-7e8a575ae54d,312,55
194e2419-213d-4a90-a83c-d11402a865ff,462,41
86cce037-9b4c-4802-a455-abc19210cd9c,1681,704
a1c1fb23-38e0-4d7f-8fed-3c81fef5ad0f,35553,2868
cf6633d5-fb76-4a4d-b1a0-1a6477925a9a,4643,694
71e4ba48-904c-49d9-8f8c-cc608f088ad4,33180,3796
083cb33e-c9a2-4156-a21c-cfda976476e9,14443,1803
09e543a1-2a27-4436-a597-92ea89495b27,13269,1403
7aa9a7fb-9891-40e8-9444-ffe76dc1d038,34876,4670
a580aa0d-b1bb-4e5a-9591-de832ed3ac1b,132853,13139
26526bc4-e25f-496c-9735-24b757d5a73f,42,5
cae5f279-e420-4f62-99a4-6849f2078862,14003,4015
ea524cc6-191a-4c05-ab88-3bb5c0880ca5,260545,26378
a5f7a28a-ac92-4b0f-a64d-2c5429c32e85,1177,272
33c2a158-a788-44e5-81ab-142d544a165b,45232,13260
fdc6b967-0af2-416b-b328-30d1c1fcfeb6,164172,9171
cb8dad1a-a721-4e7d-a598-217848d9ad7e,16928,3277
7123a900-2e38-4d17-bf60-6002bc1c932f,5199,1030
5bdc8759-a592-4202-a48c-691d4bec5c6d,38197,6922
58724240-bdfc-4301-aea9-06c1138233dd,74625,8373
4fb1308f-bf40-4049-a267-5ad3f66aaf83,6257,1759
d2f9fa28-601e-4bd3-8312-ca7d0f8cce51,52,16
a8b68416-7ea4-4178-9e06-416cdaf019d6,294,66
c7263a74-517a-40ac-8d76-60ba74c0549c,366,49
ff08b3bb-559e-4635-b3f5-f37a212231e4,13261,1051
97b8d224-5660-419c-8dff-4b3bf0c33983,1201763,43181
c485632c-b784-4ee9-8ea1-c5fb365681fc,26038058,351673
5b11f4ce-a62d-471e-81fc-a69a8278c7da,56516665,431956
260072fb-48e5-4653-9d17-b22e39e84d9c,169698,9244
171b6355-3602-4c00-9a17-01ca20077318,187139,5541
cc699fe3-db51-4837-928f-8f712c61a01a,323434,7929
d4aad415-9cd0-4845-9b05-0416fdcc9fc4,1177423,59678
8bfac288-ccc5-448d-9573-c33ea2aa5c30,76597718,427767
95e1ead9-4d31-4808-a7ac-32c3614c116b,52606642,392620
bc710bcf-8815-42cf-bad2-3f1d12246aeb,20299672,235563
6fe07aa5-fec0-4eca-a456-f29bff451b04,25617624,314835
7527f6c2-d762-4b88-b5e2-9244f1e34c46,27394965,213343
601f8530-9009-4f73-94fb-a355b4497b70,1218169,32463
23a03e33-a603-404e-bcbf-2c00159d7067,32488057,300882
5b6ebfe0-f72b-4902-bba9-74c8af0f1af0,1026572,28112
a74b1b7f-71a5-4011-9441-d0b5e4122711,133749383,455551
2fa0d3ac-b64c-401a-b0a1-4915ba6cc157,7262940,167291
11ae9fbb-f3d7-4a47-936f-4c0a04d3b3b5,35993706,357211
1339fab0-3ad8-4b8e-afac-7b7ae34509c7,4569976,52376
ea4dfa26-f633-4da6-a52a-f49ea4897b58,26490141,325464
5838185a-0ee6-4a0b-8d4e-76a6e15f7d4b,1539928,16589
16a43d5e-c52d-4eaa-9c3b-00b2c1d8e816,9175796,91016
ba0d6274-db14-4ef5-b28d-657ebde1a396,36069013,322706
598469a8-3bd6-4f8a-a5bc-a2e15e128eae,52887,1914
ac865b2e-bba8-4f5a-8756-dd40d5e39f46,31594981,245504
8560d4e8-05e2-4c20-980b-ad2db445dd5d,1030044,54196
2ec86dfd-f3f5-4110-952b-788a27dff787,155616,5122
a0327dc2-dc76-44d5-aec6-47cd2dff1469,8300308,200945
5a092e7c-faa9-45d0-88c6-052205804e6c,1680499,19980
2386cd66-e923-4e8e-bf14-2eebe2e9b973,14674958,212217
a9044915-8be3-4c7e-b11f-9e2d2ea0a91e,26339633,158021
4753fcb7-9270-493a-974d-8daca4e49125,8778297,73560
d15721d8-56b4-453d-b506-fc915b14cba2,34815652,302097
7dc8f5bd-9d0b-4087-9f73-dc164950bbd8,34951663,291787
5b0d71ae-eb06-4be1-adbe-89d8fb73a574,196449,7911
a29ae051-283b-4703-be3d-2accfa3a75a2,1674136,15618
298f4089-1948-44b5-b5e8-d5381f42362f,252565,12254
584c04d2-4acc-491b-8a0a-e63133f4bfc4,25699686,308991
f8a9a911-47de-49fe-ba96-7e5b5f08b7d0,504898,6436
5dfdca28-9ddc-4853-933c-8bc97d87beec,31296378,256885
ba853904-ae25-4ebb-89d6-c44cfbd71bd2,23812574,321028
e6e1e76f-afee-4990-aad0-056199d94918,1618089,17523
d8e41375-bd8d-4e39-9da7-f0c171e97086,2295877,103689
16243662-8538-4746-a0fb-0d15b5828b8e,2199938,102338
d2e3d4dc-78f4-4faa-ae45-612f479a2d91,18458,1271
f181961b-20f7-459e-89de-920ef03c7ed0,43685383,335285
4b1a830b-0a1f-42e5-b8d5-1d6743912e99,6365576,137020
16a99fc7-e323-4d04-81ab-46b09a0cb4eb,381843,9548
e1c340e5-af64-47ab-a07f-188ad1eb6929,4485,503
29b550f2-04a3-4733-b6f5-4e347fac7e11,2738854,20561
7fe96b15-5608-430e-ad25-77a01353c5d9,2540332,98203
fbd2a255-1d57-4d31-ac11-65b671c19958,10078535,241621
541f16f5-ad7a-428e-af89-9fa1b16d3c9c,16401038,165322
bbc5b66b-d037-4f26-aecf-0b129e7f876a,18889695,229734
153c9281-268f-4cf3-8938-f5a4593e5df4,12111689,214551
8c32bb01-58a3-453b-8050-8c0620edb0e5,7686513,159428
171dc941-4ce6-430f-9932-5c64c6192b2a,50475,3758
482a5456-7d8a-4366-a2e9-6f38853df632,7310311,63579
db882a54-72cd-4e7e-b574-be879e876de8,37451,3111
8072a05b-125d-424d-baa3-6b512ae7f1f8,4935,521
487daeb5-ba48-4e2c-9f01-173c9deefa4b,552179,21149
944e1036-8a03-4611-8aa0-31515a05c848,2654027,133402
ac2d1c91-3667-46aa-9fe7-170ca7fce9e2,9451056,121864
4f4366cc-f0e0-4106-a56a-f52f055e49cb,644822,10744
c995a379-60b9-404b-bd97-a7e2de0751d3,6940327,143230
d4d17620-fd97-4574-92a8-a2cb7e72ce42,8042029,223516
b6b2bb8d-54a9-491f-9607-7b546023b433,28582214,293074
c48d4327-8122-4286-af66-05e1ee6ac4d8,4139462,130635
21990d7d-8b9e-44f3-b9fb-26ebdfd7f042,54975,2455
d530dbf9-69b1-404f-98f2-0431104f5a1e,20804611,158723
b50b36b5-aec1-401f-a722-e5ab673af14d,920616,16073
a1d044b9-76c9-46d7-a5a6-0f52421e1ed7,345956,8119
aa62b28e-b6d4-4086-91d4-e5fac1ed56f3,448387,10147
2fae3969-96cb-4dea-91c8-9108848de808,169294,7994
63c5d2a6-bc32-4991-bf3a-9efe3a1d741b,376713,10015
54bd120a-6bac-4d7c-8b10-ba167bc7e26c,698611,12515
4f8916d6-a7d2-43e9-96b6-ce3168c39c84,1240119,34132
fb4fc5a6-cbe1-45ff-954c-ef45faceb54d,6758813,66025
60f7b450-59dc-4be7-8b88-383fb4f66322,74143,4422
c5eb9407-caeb-4303-b383-6929aa94021c,18870834,205548
169c4c28-858e-497b-81a4-8bc15e0026ea,24905456,130989
3798b104-01cb-484c-a3b0-56adc6399b80,24223374,303946
67f66c07-6e61-4026-ade5-7e782fad3a5d,53765197,380304
920c7a88-f8f3-482f-96ef-810c6442fc3e,38623,3377
caf28186-af18-4b48-aadb-22ce1218b0ca,8133,751
ee0c82bb-85ca-4a3c-94b8-d7221e74333f,85610,5616
04591295-6d94-45cb-b6c7-1ae17c6f380e,9666118,150822
777a21a8-0d0f-4cf3-86b4-65bc0eba5649,7457726,133272
92a42e82-b36f-4308-82c1-68bad2e03c89,5610693,120468
34e43e84-c3ed-4d2a-a7af-d84b269b3a54,4622,416
e6abe447-5f3c-4133-81b6-1cd4f0ba09dc,1162063,16805
93ccd76c-3790-4435-a8bf-02bc26294b93,5551997,142444
9a58fda3-f4ed-4080-a3a5-f457aac9fcdd,27449419,275505
8484e4ab-b6b5-4326-b837-72eb72c9e8a4,845759,23046
dd999ced-1dd4-44b8-ab67-ee5ec23e52b7,678664,10210
00034ede-a1f1-4219-be39-02f36853373e,1113868,15764
8b98035f-fbd2-4fb3-9c2f-263c7506680d,148248,6664
3fba72d5-64d8-4796-8691-8cdfc85db37d,40008,2286
510fcf21-a1f3-40af-9087-40593af86f7f,129149,6377
4e249ccf-c4de-4237-aef1-922f90a2f786,72682,2714
c4f279af-c8f3-4752-b34d-c6d8fbc0c560,421410,10242
51013eb4-dcd1-4fd2-945c-e5cf1eb85e84,767593,17403
194ebc6c-f088-4267-a449-f01e8608a144,492180,13385
b9fbe42f-b54b-4b6a-a107-138c010dbe98,73268,2070
91ae77d8-3bb5-4e59-98a7-532ac0f2825d,285051,6077
b15ebd71-a252-417d-9e1c-3e6863da68f8,13177790,172356
967a94ea-64a9-44b8-8e17-daa29141c548,54951,3714
4efa55ba-93cf-497f-baf3-2ca9da7e193e,6208286,205905
38c5cdab-5d6d-43d1-85b0-dac41bde186e,3001813,112258
cba77ba2-862d-4cee-a8f6-d3f9daf7211c,4324913,112316
94b0fb9d-a066-4823-b2ec-af1d324bcfcf,15651998,258207
4daeca58-4aa6-4a1c-8d7c-8d38bd128ad1,6543,327
e99f6d62-f62b-4e1e-8593-33d5696d85f0,656548,10452
ac7e838c-3d95-47c2-92a9-81767ad7c217,7094447,192660
3f00a58f-7aaa-4830-a929-a057a3ab003d,28367,1531
851dc999-f177-4a59-9d39-aadb18dafd54,56959,1972
5e75f2e1-3e0d-4f55-93ab-4ff4cb819a0a,32698,2495
02714d30-69c2-4a83-a963-2ffe6eaca39e,20548,569
d662d65c-0e7c-44c7-a4ff-12d4029f990c,91107,3112
2aab5497-8f25-4adf-a1c5-247dd5ac270a,16857,1271
f197a8df-ac2b-4e78-9913-4abf13741f12,1236939,20312
35e07a06-0e27-4fe4-a5c1-11b315f48d04,22389,463
afd55c72-d123-4237-9818-fa3ce634b3dd,98984,4571
f0c8f75f-8736-4b1d-b312-9349fcff321d,9233193,225969
1dcc8968-f2cd-441c-beda-6270f70f2863,4955318,126454
4a8caef2-56e4-4358-a66a-f2346bd7dfa5,94702,4792
e90428f4-29ef-47b4-a081-75e415f51037,505785,12835
d7fd77f6-ea1f-41db-8858-12a0ae143432,428205,8254
4bc68956-3e60-4d35-8b92-d1783ab55398,62220,4338
560449c4-cdc1-46ef-b759-f64abf73ba61,250723,3812
dbd44897-b9e6-445d-8aca-25e1c2405f51,28670,1929
e337c918-098f-418e-97a2-81dc224b1bf9,362610,12423
60a23fda-a440-4ab9-a344-7dfdd2ed341a,7488739,81971
ac34b3a0-b963-441b-9a12-6594d953a8f6,72291,3316
ae5af627-ccd6-4db5-974d-83da8e32e705,118807,4861
52722de9-8e80-45dd-becc-74ffb913e205,114500,4592
3311ad1f-a411-420b-9071-d7300095fceb,156031,3573
ac00aa43-3fb1-44c1-953e-62d01858168b,204265,5024
07957e7f-3b2c-435d-85df-64d4e2318f59,16808,743
57e79d57-b795-475e-9fa2-5dd9d5513b8c,7373025,141005
abfbd5c8-c763-45e0-b321-14f6268c8410,226781,5014
acc7cb5a-8f3a-4f61-b199-a62d45374dec,333649,4701
3604c99d-c146-4276-aa0c-9376d333aeb8,2542308,96943
c3af32d2-025b-4478-9f26-8b242f4b21cc,255100,8217
6c8b9855-ba8b-48f9-ac1d-42167f7f7b18,23293498,256860
dc4fcf68-9e34-48e6-8d67-0fe11e0ac89d,11484,805
5c2593bc-1621-4c4d-821b-b7bb6ff213b5,275085,10710
dc6f8c1f-626b-42b0-9115-7e66ae4cecd6,1047197,52573
30e0c009-8dbf-4cee-9e02-ccd84d1b455c,555427,23754
87a73cf0-ebdf-483d-8b5a-3db1e5e72122,5461265,108285
956301d0-4b3c-4ffc-9898-b39305d25112,364040,2875
77814bfb-f1b0-47fd-8492-65d6f72c246d,1023629,13547
fdae985a-b8e1-4a2b-919d-8ee12cec403e,271533,5042
c73992c2-c6b6-4316-8294-cba4af11b8b3,41934,1059
d4748ea9-0a87-4480-90ee-3b373e2eea1c,71345,1587
cacb7214-2881-44f3-9dfc-053e22449acb,1144938,11924
40baf67d-1490-47e2-95e4-c83273df7c9f,227966,10384
0f82d6b5-12fb-4569-b047-a00194f572a7,2548036,95258
76b2e842-5e85-4c97-ab62-d5bc315595b5,8454281,156201
af84ee9f-534a-4f7f-844b-188ba1c47e87,338391,10677
a596cf41-a4c2-49b1-97d9-7c7417ea5b65,688,71
8996b655-fbad-4018-b430-1bd8fab43235,1417328,86972
39b22a9e-59dd-412b-ac3c-0725c807c72b,3502585,76089
8017380f-e2b5-4af2-9aee-146280932c63,12904,939
020bfbb4-05c3-4c86-b372-17825c262094,14305422,222168
b635a97f-a971-4d53-8317-b21d3ca4f901,419500,8582
7b54b748-6ce1-4852-b328-a0b9d21201c3,127,32
54640c76-f359-44ea-a4cb-45b12f7f6c05,67003,2546
17e137fb-59e5-4fd7-af48-afc34995396c,10047253,101777
8e60b1af-29ce-4683-ad8e-e36162fe4d65,89033,1070
bb0814de-3de2-4f00-811f-7c2d9ada7e51,705495,14352
3037bd18-0079-4e4b-9ce1-758689e210d8,1685152,101873
2aaf7396-6ab8-40f3-9776-a41c42c8e26b,12977991,233733
23e3063d-bc72-45f5-b59d-889cde41a2d5,7733,323
739da2f1-0741-4c60-a6ed-f42d49bf2eb1,1415624,64601
aa7a2827-f74b-473c-bd79-03d065835cf7,29539691,334363
83b9cbe7-9857-49e2-ab8e-b57b01038103,39029465,294163
2824caef-047e-4cb4-8496-13be2dfa9148,38201,2234
620e474b-241c-412a-ab43-207b86d6230b,45100,1292
d6e3438f-5f95-4055-96ee-d4260c2a04f1,31869,1283
d9c90718-d54d-4ccf-a92e-37a5415ce299,2049549,91864
557ac15e-7800-44c3-bb62-d4ab34ac1e28,9243478,42073
14387b0f-765c-4852-852f-135335790466,14461348,207723
ec863030-7c13-45a3-a025-a69195d3a020,1384998,58104
38e0dff5-0c27-4768-9318-324406342299,28506,1520
cfe572bf-840f-4bed-934a-f69f4b1e90d4,1398822,64162
e3434cc7-d348-491a-9dc8-325af3d9086d,2838766,121088
22a1f4d7-81ff-4216-ac06-3387da6bc118,9885398,98972
d317c22a-49fc-47ff-8f0e-694222c3368b,51780,1946
0cdb0359-5698-487d-9aae-a25fb4dcdc4d,4692423,56266
e3e0abcd-7671-4482-a9d8-462f5acc9be5,29974397,269080
4b7aee58-83e6-48f1-b8df-dcc473faf613,1828163,25401
fabb37f8-eb2a-4cc1-a72a-b56935bbb72d,19803141,166943
985b05cf-1a57-40dc-8ee7-6596440a6821,121029,3258
0ae49abe-d6af-44fa-8ab0-b9ace5690e6f,8793417,154899
1f444240-5397-4e63-a3e8-a3eac2aace32,673033,15964
2a5a3b60-d468-4b62-a28f-9c410ad3f71d,2229691,80513
4e8b94a4-081c-4093-b906-35f4bc0c0148,105376,2622
8536d91f-d976-4578-9776-9376a004e4f0,381212,13718
a63df8c3-28e4-41db-bac2-c6c6e8ff8f28,6014386,73954
5f572b31-8fd9-45ae-9beb-358c98d839df,6713524,178967
bbd05acc-33f0-4db6-bc01-41c8b4bfe2df,359643,6264
ce51093b-80f3-422a-a185-7611313ed3de,72737,1662
15339711-9e02-48d7-959e-556941db8c55,11382,449
3bdf9667-3205-4c5b-865b-ca3bb33fc5ac,562106,53919
b2d122f9-eadb-4930-a196-8f221eeb0c66,46101629,231009
33319aed-9bd7-4cd1-903c-716845c1b7cd,2486141,33376
bdacc37b-8633-4bf8-9dd5-4662ee651aec,22690285,168215
c9c3157e-35e6-4888-9970-3b9771f13197,22989,1455
fae33267-7f30-448d-b47f-9a763d6399cb,3049,210
97d0cf66-ace2-4f89-b126-00f1917316d9,710840,7979
78ea5ea1-3c4d-4b7e-ac5d-68900319ebe2,5447400,118516
f6896b5c-6790-46af-9272-b6bf5f5f9722,240,28
1fc56cff-f0a0-4ce2-ab1f-ac49cf3b073f,361318,5446
fa727eb1-7d29-4e1b-8ea6-7b82427f7874,52228,3319
6821bf3f-5d5b-4b0f-8fa4-79d2ab2d9219,8058246,130543
669b08a0-2144-4800-a446-1522cfef228c,128291,4002
3547f34a-db02-4ab7-b4a0-380e1ef951a9,368579,9620
22655bd5-1e82-4d5c-9d5d-c6897cae6362,99180,2339
c10c6e60-a1bc-493c-8eb5-05136b1aa126,14206,523
55c6be8a-17e4-4f2c-b5b9-8f27f618d494,6638,538
df5507cd-4ff3-45bb-ad45-ab85dc1e2ace,325744,4855
e79da6a1-096f-45c7-b9ed-52cd79e14092,10994,368
dd23ad77-b017-49d6-b404-2a84c556df1c,60627,3793
bc5e2ad6-0a4a-4d90-b911-e9a7e6861727,13269208,130212
f0be891f-6114-448a-ac55-a11bb2961f78,87961,5301
546f35a4-adfc-4d3a-9318-7334daa0f066,95048,2843
66696d1e-8bfd-43a4-b8d6-d255da84b02b,227312,5315
1dc60125-02b8-4b4b-8809-2ab12a4226f1,55618,3039
8ac9e35c-e92d-4030-99ef-ba4127b1555c,1670529,52532
4db93f32-5462-4fdd-8046-aa925efc5a61,270273,6910
df0a1dad-f15b-4e4c-9f47-60cfca58a255,768317,14913
d60b3cac-e434-469d-8965-ead164d82a3e,65818,3777
ff401398-6d43-4e91-8f87-33fe19aafd84,249364,5887
80027de3-3b27-423c-b963-46d8c987202e,241608,3917
7509421d-1074-442f-be8f-b526167afcb3,2798569,105045
fbcd7b29-455f-49e6-9c4f-8249d20a055e,10338117,130175
4bd95eea-b9f6-4d70-a36c-cfea77431553,21877436,212028
594beb50-0853-4e48-b3b9-b9ce1c3b72c9,77639,3495
7673405d-3f92-4ab3-ac8b-82d354d4797f,35036,1209
66fc5bf8-daa4-4241-b378-9bc9077939d2,35040745,208126
e0d8e0c6-137e-45af-b069-b69c42569652,10516,659
aed63829-e917-498b-bb7f-cf76459702dc,43623,2783
8a8532b3-14af-4f1f-aa6e-28bdc6e145d7,5445,153
147f60cf-e5c9-4183-9c58-bb755395b819,20546,335
c757e9ae-b246-4a55-8b43-726a64f4012a,453370,16584
de5a3b0b-c5c0-425a-9d7c-d0d675c8ae45,63349,1904
7056c32d-335d-4c32-852f-489c2ccdb69a,11501,276
92772a4f-e8ca-46e3-a0d7-a4d7f8fa096b,62536,2150
b616d6f0-ec1f-4c69-8a79-12a97ece7372,7363614,109280
7b7147d3-83a3-4c98-9ebf-bac6ccbb19fb,72609,4647
f1cd52dc-49d1-4df6-93ea-3587d8fba30b,190540,4256
00d0f0fa-a48c-416d-b4ff-25a290ce82d8,251258,5733
32a83250-7e26-422d-b9ac-f4564343e9ce,6812514,200572
cbf9738d-8f81-4a92-bc64-ede09341652d,3536081,123410
265399ea-e208-49d9-9695-51fd29f1ed66,8916,389
ec71d3fc-b010-4b66-9581-57dcb3362d72,15367,980
86f78011-5087-48d2-8922-c381d2eb0c40,3466074,63529
b8711241-bd87-4f6f-ab22-fcdc3743544b,61380,3472
25db5fde-2384-4baf-8e3d-d8299b4c99ef,1323519,22600
1d93c839-22e7-4f76-ad84-d27039efc048,10326151,118253
98577043-3c1e-47c6-a0c2-058aaba1551a,23347,437
2d6d27d3-b18b-4436-b174-b155ca917ab6,252087,9754
37ce71ba-14fe-4057-8d66-47e06c31dfc7,518651,6394
18fa2604-c608-4e1a-9b9d-05d7360c5817,51476,5209
85c18775-22bd-4a66-8415-3fe11c026040,27053,3363
f59c5520-5f46-4d2c-b2c4-822eabf53419,67528804,348014
6e29613f-68dd-4a24-add2-9a9962de2523,44295,3750
1fa3bded-908f-47be-9784-3c9ef850682b,363025,10640
a466c2a2-6517-42fb-a160-1087c3bafd9f,28557584,210508
e21857d5-3256-4547-afb3-4b6ded592596,38301846,391105
5fee3020-513b-48c2-b1f7-4681b01db0c6,42727306,321269
ab966c0f-e526-46ae-b492-82c27b87f81f,78453,2507
24e1b53c-3085-4581-8472-0b0088d2508c,25004636,165410
f4a31f0a-51dd-4fa7-986d-3095c40c5ed9,26998074,243446
4bb4e4e4-5f66-4509-98af-62dbb90c45c5,27117088,191582
efa2c11a-1a35-4b60-bc1b-66d37de88511,8196041,174022
fb274bf0-f0d5-4304-8d4a-1df8fe5bf8ab,34150,1651
b1570544-93ab-4b2b-8398-131735394202,28217289,245969
a073967d-2663-4bff-9a51-e9139e6896f5,101026,5551
7f3d82ee-3817-4367-9eec-f33a312247a1,8659902,142987
adc0f033-95c2-4e0b-87bc-c23ed3f26ce6,7390108,103047
854a1807-025b-42a8-ba8c-2a39717f1d25,17910204,149194
cc0b7089-c08d-4c10-b6b0-873582c17fd6,61359077,329974
eb6de5f6-98f8-4b5a-bfdc-f87fa4936baa,2593870,130715
4b93ee9e-e39d-4036-9527-551b2236f5af,99703,5481
ad0ecd8b-805e-406e-82cb-5b00c3a3a29e,1960680,106220
d8f0f6ac-a0a7-47bd-9786-f9106d7bdd11,522332,10763
3cdb40fe-a63e-4bb9-b40d-17cda5f50979,715631,9420
636e0fb6-f2ad-45fc-b385-4d994665e7e3,88639,5190
f7d8f1ce-6a72-422a-b746-22137b3a05d0,179853,7232
298909e4-ebcb-47b8-95e9-cc53b087fc65,12921566,105762
c7c35593-10ec-42fa-a362-42ece8d89ffc,7454,1124
bc153bd5-7963-4195-a6fb-c38588f31007,74512,4142
16e2988c-47b3-4f5e-9d04-10233d0d3005,64590,5775
7f2e5f11-c4d1-444e-865e-f14712d74df1,11822,1153
88d1360a-bc2d-47df-90d1-d2de285560aa,9016671,212851
ee190f6b-7d98-43ec-b924-da5f8018eca0,3986526,101483
1e4e9db7-5068-4a9c-bdd0-5777e47172c8,704851,12953
ec3e1298-23c5-4c39-bb2b-ae6a588afdeb,46763,4689
d50548a0-3cfd-4d7a-964b-0aef6545d819,929402,66744
2f1507e5-6e8b-4a67-828e-5ce3f75c1281,18304,1396
eaed2193-e026-493b-ac57-113360407b06,1897741,30768
92409d2a-c093-439c-8aec-c139dc0e579b,659,98
f5c4c27e-5902-4fc0-adfb-7775da3d5363,1054333,38438
1c5efd53-d6b6-4d63-9d22-a15025cf5f07,7781469,65862
f6e61750-a6b7-4d88-979b-052345cd0e4a,134834,4277
bc1b5c95-e6d6-46b5-957a-5e8908b02c1e,669642.0,66664.0
c7eb03c1-f8cb-4815-afc8-46df3b253129,94969.0,11265.0
8f9d6bb2-dba4-4cca-9967-cc02b9f4820c,19084147.0,232083.0
5751a689-8b70-4ba0-a9e6-f8a10f4f8531,184632.0,5301.0
4ce1c576-305a-4b82-82fa-5e5359056219,2120715.0,35943.0
1946a82a-f927-40c2-8235-38d64f50d043,15726572.0,267767.0
4aec1363-ab7a-4de2-a253-c529eeec55bd,44333.0,4550.0
1c3919b2-43ca-4a4a-935d-9d50135ec0ef,14935586.0,165545.0
736c8ea9-b5c3-4c5f-8782-28e633f0c084,69131.0,3942.0
1df15ee0-b52b-4315-9cb9-bc5a27a685e9,153823.0,5364.0
a4d62ced-2f87-488a-9c76-ab88ea7a2cbf,918132.0,65362.0
f7cee9ef-7616-4071-85ea-9753799d32a5,743602.0,26207.0
112beffb-1adc-488b-8d61-7b2ab3475d52,129438.0,10454.0
31f7decf-2448-43f4-b792-3dfb8ea1d030,26537.0,1683.0
ae952d46-0f36-414c-90d4-f202ea2d4a71,112451.0,5390.0
6500c69f-288d-4aef-b0f4-a89dfd9c38b9,29907.0,2047.0
2002b451-41ec-4e57-b806-a109931743b1,83155.0,4535.0
94c64122-dbd4-4927-b2fa-f204b0b4b0c2,133368.0,8391.0
34557d8f-ee4a-44ab-ae6e-49bb8ac604d0,525014.0,12264.0
72e8351a-3410-4fdb-898e-796c1ac4cb53,959225.0,37685.0
fa34b363-79df-434f-a5b8-be4e6898543f,6867161.0,98304.0
61a57a2a-4c7f-4b41-8109-1070a9c32242,147244.0,6593.0
9f1845cb-1c67-4447-b05b-94476c90e58a,615.0,98.0
3f9b5837-ed1c-413e-bfef-ca4f892dcc59,256681.0,11464.0
10e8f0df-90f9-4957-aedd-c4e0d187e3a8,170256.0,8621.0
509f20b2-5df3-4aec-9bbc-002131fb3f99,5285316.0,81204.0
066160ce-d1fe-4e93-a446-2f72f15a580b,373503.0,15782.0
d4ce1ba3-e00b-4878-9585-4ef6dd77086b,329386.0,11880.0
8a399a51-6b93-448e-82c0-f86c83602605,335583.0,12080.0
0b0c25f4-f31c-46a5-a4fb-ccbf53d663bd,2399071.0,72393.0
7e571e09-887e-4544-b993-eb75e7837ec1,2833252.0,53394.0
24db1f15-509d-48a4-a410-b33fe131878b,42180.0,1717.0
d736e4c1-94ef-4bf6-b9f1-63b09eda2702,66633.0,2320.0
12d432a3-feb0-49b1-a107-d20751880764,17213513.0,170151.0
1541678f-3ad3-48a7-9475-8ca43dacadcc,24240.0,2906.0
d03a54bc-6e07-4c04-a8d4-7fbf2bd07a01,1621429.0,43266.0
578c1e77-4756-44dd-86a9-b1e71a5b635e,1408205.0,41111.0
26eaac94-68f0-482c-9479-931190092457,83904.0,4874.0
dd03ca01-e54a-4960-b1d0-5e7d7f0181e4,48436.0,5118.0
5ae54dee-4dba-49c0-802a-a3b3b3adfe9b,2259648.0,78021.0
3abd89fa-5f42-4598-846d-43875cb23839,9243.0,303.0
8e043dfd-e989-4203-9bae-b582eac0d4b1,4.0,4.0
7947dab4-4274-46f4-bc11-135561c110b7,226374.0,16806.0
3abc3eb1-7318-41d2-a52b-cbe14a14d8a0,1374177.0,46138.0
eaca866a-f43a-43f6-8593-48794eae565b,34643.0,3074.0
b2da1675-3de7-4d72-9697-fc9b3372345d,28950.0,2723.0
9c306413-56b6-4ff6-982a-7e4b87d01340,1792559.0,102126.0
05e0f659-9c9e-44af-a5cd-42467caffb10,6956.0,905.0
65016d2c-b183-405b-91a4-275e6b7b5600,,
a0d91c38-f5dc-487b-9b30-b67de1e7489e,117432.0,5024.0
9c258098-28e4-4dfb-92b7-44ce7d37c167,646032.0,12012.0
24f62422-d1cf-4602-96aa-42d6db227770,40147.0,3952.0
a856938c-662a-415d-a98f-671834e10129,33741.0,2409.0
a5dd4363-f241-4440-b543-1263cd8b043e,17079.0,1895.0
339edad9-4410-46a5-9a86-4715cdb8d1ec,28615.0,2381.0
1507b368-e660-4c15-af94-3f5603561045,2658019.0,58921.0
f059895d-51e5-4690-85fd-dfb5b5910641,680324.0,28102.0
c3161cf7-cab1-4409-9b1f-876561dd7716,1923551.0,64105.0
0f6cd9f3-d2d5-4bb8-9e77-98adea731e53,18442.0,2366.0
6655955b-1c1e-4bcb-84e4-81bcd9efab30,4925672.0,92964.0
9f9953f0-68bb-4ce3-aace-2f44c87f0aa3,4008845.0,86912.0
8e524351-f985-4c41-81ae-24a6c95f755c,15757.0,1486.0
9512eed7-a1a9-4e2f-8cac-c10d1448c1ce,4112300.0,90063.0
f82988f3-f62d-45a5-abd7-936b12208a9c,23618.0,1825.0
3e2a5d45-5dff-438c-9d43-c299d34e7f9f,463.0,99.0
aecfd2e2-53da-4ba3-abcd-e4519695987b,11642.0,1746.0
a7f7df4a-77d8-4f12-8acd-5c60c93f4de8,2214358.0,64612.0
f22942a1-6f70-4f48-866e-238cb2308fbd,14807187.0,194728.0
e5ddb0ff-6d5d-487e-8c57-a53cb2759a7f,2314.0,675.0
31786fdb-bcd9-420a-a5fe-1e3077a77820,22899.0,2669.0
bb20814b-8dcf-4720-a0e6-126f570a7e1a,10646.0,1830.0
cd39bada-c6b4-402f-a829-d5b0cf2189fd,30343.0,3369.0
2b4f0c59-bd42-4d5c-9f14-e2a86550b0a8,86393.0,4255.0
9af7a998-33f9-4900-9396-9b5e1862298d,1521632.0,37968.0
262822d5-992c-44bc-a719-16ec183a5c4a,1145.0,275.0
1b06328e-0e57-4ad7-a2a0-d7bbb76733fa,2777203.0,49219.0
cb67438a-7f50-4f2b-a6f1-2bb2729fd538,24578914.0,262115.0
c79df192-153f-4cc3-b9bf-9c36bc797c73,506976.0,31354.0
5b9d784c-33eb-4a78-a976-c97b672370fa,4118091.0,66091.0
6a2456e2-46a9-4d8f-958d-d64a1e9ae30d,28777.0,2988.0
526c27ef-c43f-477e-93af-6a9945648625,10329.0,788.0
c39f7db3-7910-40a8-9ae1-f4b079de7a19,14341.0,2044.0
c76b7e6c-5613-45b9-9298-bede1c5e7839,75390.0,4251.0
a5f649af-a07e-4e9b-884e-0d4f05573eb5,687982.0,19655.0
50a32791-ee43-4c67-aabc-3dc65e4a9838,3449336.0,67037.0
7dabb4cd-0953-4988-8340-57a9ecc0cfa4,312320.0,16031.0
9f46a6ed-36ab-413a-bc3b-b3cdb1ce002c,15148.0,1892.0
2a17321c-f5fc-4cfb-afd6-fdc58d812e5f,18153.0,1854.0
67c179d3-f358-43bf-8ecc-d9c560878b65,415114.0,15825.0
c7e7036d-236a-4b4c-83a8-64bca8b14d7e,1945719.0,53631.0
67ebbe4e-8c36-48ac-9660-e184136ecc50,60425.0,3917.0
d49cdaf3-8bd6-4189-8ba1-08d5729bd13c,19250.0,2446.0
48d7a69a-4fbe-4533-8475-08263e9a754a,9406.0,935.0
281edb7e-cf9d-419d-9394-a29d975cecaa,38849.0,3430.0
7771aace-6374-4e9e-8b0f-2c8e3dc1812c,130753.0,8588.0
69158f97-4c07-4c4e-baf8-4e4ab1ed666e,25519484.0,180026.0
dc6e3a65-02ec-4fd5-919a-9fc758d8c026,2341.0,509.0
6ea0f255-4920-44e4-89ff-586c27b219a0,1575813.0,39566.0
787c0c73-d3de-4317-94d1-be58813e5042,1086.0,271.0
81dee823-aaa3-4da0-bffe-ac9b21ef5ad6,57568.0,2776.0
59be490d-21e4-44d4-8cf2-939c8fbca25f,112366,3496
f58e17e6-3c99-4a17-969e-fcbb9ee2720e,591039,26848
719db6b1-0d91-458c-8d18-875ec44105bf,1544586,45782
cc228c72-3564-4887-aeb8-4b270929e4fe,749862,27808
2b0de437-4855-4a10-86b1-0f9ad81c89b5,17105,1188
744f2e88-255a-49cc-9a71-5c460ca8d179,10560,1400
0e9a7d64-e3e2-4bde-a43c-2cea5f1f9541,30688,2030
e3bda984-f349-4924-b4b8-f72478bbb3f3,172324,4670
8229a8f1-b315-4fae-af57-b3eb71efdaf4,3545831,49885
40c9866d-ae1b-4445-9542-bcc4d5ab9d9e,1180269,44269
704eeab7-da6b-4382-8cf8-d716af7a551c,1895,401
763d6d7f-41f4-432f-b804-6611ee7dce6b,19771,2019
1a2154c5-36fa-448b-a732-370c988d67d0,964,342
a3bbad54-7526-479f-a356-1c2e8692adf5,14327,1703
40c3203c-ae94-4106-bc4b-ccb41c981292,194030,10245
9ce4b4f8-5801-4c95-a471-dcea403712c7,56112,2883
46ae9fa0-3f11-49ff-8e9c-824c6993b954,19601,1489
3f2d6bcd-183b-401f-b796-686e104d4727,2297,398
d9104dea-6205-4b3a-8b45-9f3268cef7bb,24056,2098
26551d8a-f771-4780-83e7-b3219de6a63a,14179,1678
a2dc0b52-1057-447f-89db-818acab15299,353776,21647
5422dfbd-a561-4c39-b642-e2f449d6c6b3,29571,2394
db9991be-2633-4faa-a3a7-ec6e5e23a480,6331,878
3a579be5-524e-4078-8e82-88af354b0008,30982,2348
a5ee1ebe-a645-45d2-8319-d101fe62e581,3041217,50938
266bc994-9310-41ea-84b1-d84e10c2967d,50427,2127
dc3dbfc1-f1f1-49c6-9d7c-425fabf3ae12,6257848,111784
ad6568eb-4f17-43dd-a799-46c7eb7e2fee,51449,3303
66ec3d81-8073-44a9-8a13-917c92c9da03,1574,514
42775679-dbc0-421c-b63b-9119ed42c91e,18802,2323
ec046e44-a52d-41bc-b83a-9ec4ade74e06,32034,2441
fc015f11-be38-4b7d-b3e8-5d809242ecec,5756339,108883
035fc25b-df40-444e-af1d-9e9e1cca8c4e,167,27
1ed8f1a1-168c-4cc5-9dab-ddc797054362,424841,14591
035aa393-7375-458d-acb9-e35ac449e17d,34948,1332
031fe45f-744c-4179-b7bf-43b684875113,4329,917
2bd25c6d-7863-4eeb-ab81-d8c391e9c7f2,24775,2000
973321d1-9565-4214-a6ef-a77f1890c294,1388160,41902
e60a4481-472a-42cf-a84d-6a9419e4e5e3,1912253,51930
e9fcfbbf-1743-4f73-8744-ada8da7394ea,1166611,44940
ff95eb47-41c4-4f7f-a104-cdc30f02e872,8832858,157842
80ae2479-8c40-4a56-8bf3-b7a99cead1e4,972355,24389
94c53ea5-9917-41cc-84a7-079ca3ddd38a,10876,1334
36250550-80c6-4f83-819b-092d12db5575,35983,2237
b98202d3-4fb4-4e32-9ff3-b9e1987d02cf,74026,4003
796dea98-57f0-4c92-8dce-990bdbc4510a,195680,13619
09e1f320-5f26-415a-ad19-003f6e9969e8,439196,25375
d0e5afdd-6183-47af-8c2b-a2a7d2751c30,847,298
bbf7b7f4-3b46-4599-bd34-48e908cd3a45,13963,1482
ed1289d3-8cc0-421a-b569-9f11b5244f38,3583,252
9dbe0453-2f86-45a2-a54c-df0d947f857e,817970,21168
a1154343-1ea1-4007-97d3-2382482a90cd,3294568,54503
49cd96a6-42c3-44f6-ba2a-cd9301046b96,4863611,61486
e0f2ccc6-372d-47b6-90c9-92d958cdc705,3397,318
476a3013-04cc-44a0-a508-f4df0576d3af,83511,5410
e4777ad0-2531-48b7-8c90-4099a7333c58,213720,6006
ae7defd2-004f-4d98-a06b-251fd73d07c7,61677,4593
bc2fd8bc-91ea-4b7e-a52e-d67bea5c0313,525593,26727
403ef4a9-10c6-42fe-920f-9ca11a8071fb,12440,1108
31da7b06-bc30-4a1f-9f4a-c2ac1a84167f,232537,5033
a253f6cb-2752-48a6-a43e-c1cd8c5b4448,54857,4161
e24fcdb1-425e-47ea-9fec-389296ee6bd9,143736,4545
6426ea3d-624b-4a66-ae82-14a150acf4b1,17312,1827
481320f8-fa5d-4a66-aab7-c69541417466,51756,3605
42c14c80-bd17-47e4-9bb2-a35897638c4d,1881057,69459
803f2853-7e3e-4dff-96a7-9f77b5f56de5,262659,11256
25ca48d2-9017-4a4f-8594-a6d8892b8a13,16544,1592
a2af1f31-c9eb-4fff-990c-c4f547a11b75,2625670,42061
e9ffcf2c-bef2-43a5-b17a-452779c4fc94,101456,6176
af263abd-194b-4494-bfd8-3aab8d2fc00a,310345,10008
be5ae183-78b6-4564-93e1-553d752d3b84,98613,2786
33ff8a92-2f3b-4cac-8ea0-5eebfa995626,86037,3607
95663592-1447-4579-90f7-c94733476667,349679,3464
18191eea-369f-42e8-96ab-c1c24e4d0011,1228344,15748
b7421e9d-d1f9-4a65-9ddf-2fff23bf71a6,8048,412
5754236e-3ea7-4253-bdb0-d9985a7a95a3,34158,1751
85d76093-9865-4605-97fa-8c910929d366,674292,10089
e3591eeb-f509-4eac-a667-4200b5271f6e,2749,386
a0387b9b-236d-475f-8846-b2dea4af1112,1189399,23388
9388cee2-7d57-4598-905f-106019b267d3,812258,6385
5b7f97ee-1e50-4764-9704-7450eda4fd16,106228,3007
dbf4c8fb-945d-4dd6-93e0-e94ef53fef75,21400,1403
af949f75-3c83-49ca-a674-bc3e77914f17,1262,166
9ce674b7-5180-41f7-9ac2-95dc0d8a0ed2,77977,3329
2d8ef618-048d-492d-91fe-c07a3534eb54,77997,3576
d9dbfe6a-8346-4337-8614-fe96aab63927,118451,3875
8370abe0-dbe1-48f4-99d5-6646ff2d8264,127863,5393
6a0a2bb6-3eee-4afe-9929-09bf76fd8618,50383,2047
d38d4afb-3c51-4cd5-b6e9-5d4ec71d2440,84947,2845
b539e453-c4fe-47e3-8a07-8517eac74429,4890243,47956
75d24946-1e49-487c-b280-edffd5d63828,22727,883
f5c5ff87-0130-4ea8-8641-3ff90c52cf51,38120,643
d2418949-fc2f-4b6d-98f8-2188e34cca94,54861,1700
09b6ba7f-826c-4875-921f-9ed1bb08e156,26905,1135
7974fd3f-b3e7-4607-a1ad-9d85c07ac3b9,104199,3417
03bef19b-535e-4b8a-a882-01fcb7324386,77499,2153
bf9a90d1-95e0-4738-918e-0a7b7818143f,10473,604
14e410f5-97f2-48ba-b1f7-a3a44cbea05c,2430517,25695
bc731e96-0c06-4adf-b94b-ca636f48998a,28185,1246
4760bf03-6921-4acf-bd6f-8743f5336008,363472,5229
cb191900-8ad8-46b9-b021-a093ee2b2f9b,228406,3326
9953ebf6-1836-45ef-bcca-bee2e32e29c6,51995,1313
a107bff6-58da-4302-83ad-317e86a1811c,2144853,23517
5febf35c-e157-4efe-8cff-e32bc70abad2,2912,254
8ba899be-b7b3-4cf2-9722-09410807e73e,15394,953
8a177f13-aa2e-4b4f-a597-b00dcb5eb647,10552,1619
668d4190-f273-4470-9d1a-15d4d2d589c6,172540,3687
4e764f43-f391-4133-ace7-d69db3516845,7306,305
66bdd1c9-d1c5-40b7-a487-5061fffbd87d,104182,3017
4d9bcf67-f7b1-40ae-b494-cdb3fd95bfa2,43390,1215
45dafea5-0908-4dbe-8480-c3bc44f0efe1,16576,694
4da158cc-4d03-48d6-aefc-6726e4f9a149,90416,1968
efc787f0-046f-4a60-beff-77b398c8cdf4,78733,1971
105f5e66-9742-40e8-a1f2-bc9781f935e8,213765,2627
751adfe4-6e40-4ab4-866c-ed14f5087d76,212016,2258
cd059c5f-4793-4e03-8a20-620dccff37f2,34535,2061
21bb7399-b4e5-4f2f-8312-a7ad51273c87,503895,8119
ec7bd782-c515-46ff-a54c-7429a807f2cd,8136,471
b689c2ac-e464-4d96-9de8-f365559a9ae9,2128,237
eee65fbc-ead0-4c01-b385-a6f563c418d3,597021,7620
fa79598f-03f0-4428-9c00-f5c7a105b78d,62603,1291
ff5404bc-147f-47ee-bf7e-1fc21eb082e0,44850,1475
fb483f0a-d1ec-4a98-8237-0b1d7542aca7,387101,5360
d6c24e43-b65b-4544-af61-b9757b81617e,6932,507
71b65671-0695-4ebf-a3c2-c0fbbbc1babf,4677,603
bdc11212-e9fe-4b9d-ae8e-78763443c1fc,2174,236
e9c4de4d-b5cd-4609-879c-6c51baf2be5b,674035,5773
ff366f94-23c1-45eb-858f-b297dc340384,5827,407
e24c4566-fb70-45a1-bac0-22bbd4ccc9f2,37742,1442
69b542fe-e623-4c9e-9df6-f00c7a7cf4cc,19641,757
d1c5a553-1fd0-43ca-a66a-da94c9f15570,257454,4770
a83e47fb-d486-4c15-9919-ed8351cc395c,304170,6628
aa7b915e-5565-432d-9ac6-5d6baa350861,14607,556
c16f8e30-0476-4d07-971d-f3b96adb1753,12293,477
c502a882-ea55-4bdf-b6e0-a95330e14682,629854,11886
e7c8f078-49c5-4fef-89d3-7fefc26e764e,363,66
897a7223-a5ce-4144-b37f-7773f4079ee7,12834,840
2140553b-34d8-4b97-b08c-d77c32f60e81,161464,5700
2ee5a894-5952-453f-9520-4732ddfb23a7,10564,659
ce7fbede-d856-4aa2-ae85-4b768988347c,4049,384
21622712-6098-41d6-b270-b5c226dc2e66,1062,145
42f46667-dc73-472a-bad6-34e07f6785bb,13170,618
e25f521c-eea5-45ca-9a5b-ff45c4308153,33331,998
17c95457-e862-469d-8bdc-889a22d8e95b,14741,861
b087aa3e-7e3e-46f1-8ace-0e6e10d8d13f,192037,1858
7d286353-e2a2-436a-86ca-50a850801229,60170,3256
9b15ff5e-5bd1-43c2-821d-e31240aad334,1154854,11038
f3688ad9-cd14-4cee-8fa0-0f4434e762bb,789132,8144
29409e75-4d8d-4cc0-b655-08eaa9e972e5,1335,137
360072f9-b469-4ede-a13b-feb403ec0d7f,277671,4599
6ea9f135-b2af-4c88-b6c2-304ef22ccaa9,24926,1014
c10fe17c-d4e3-4620-8632-90d0cb4cb08c,249459,3428
71eb7eb0-1154-4a6d-a3df-51ddcd05364f,12257,417
1d735d04-615c-410c-8a7c-5ecb4c98181a,355834,5105
05fd46fd-3b74-4c9c-b252-ee0587de0a65,13428,512
aea6ccea-deb0-44bb-886e-d91aa4c358bf,217463,3477
bcde9400-b3ef-4ac6-8dfb-2f27e99120bd,864,112
cc4515ea-696e-4d27-8138-8bb7d83f7d86,18123,1108
8bd13147-63ca-43c4-93b1-e0aa3f522323,6769,540
613d158e-9f82-4ade-8089-5e2de5b845b3,9216,936
ba518aa2-9876-4c6e-bba9-c1ba298197f6,2844,185
917038a8-a751-4527-b6e6-72077d9262da,1415,107
18e5e11f-0bc1-4977-957f-2c8613f9aee0,1280,149
bccd2bec-1bc6-4bac-8fd0-963b982990a0,1656,134
6fc35064-6d80-4a11-bc8c-05d883d22852,16110,1024
38c675f3-a113-47bb-b819-e8ca39857121,2207,250
2d8e8cd4-cd36-4c50-a2cf-c9fd967f085e,6648,340
d4c7c69d-a1f9-4717-a409-0346fd90d517,836199,8542
95818529-5490-4335-8965-93b679f2f2b3,124912,2696
2c3d2122-98bc-487c-9a8d-07cf3671344b,390035,4609
1fbdfe2a-2dd3-4059-a83a-5ed0184d2e22,73405,2543
4444c1fb-23fa-4277-99c9-fe4dbb8cda7e,11051,1098
f4453c75-5f1c-48fc-9bbb-e8c20af94c72,13006,601
d6acaa68-f0c1-400c-9a9a-cc1b5888b552,15549,394
265a2fb6-dde5-48d3-9e6e-47708aa5e10a,305261,3629
4697981c-8357-415b-9ee4-8ffc9c08c529,13798,774
67e344da-ec54-4e26-b2a4-8351d744a14c,4677527,19755
4bd1c582-94a1-45ad-83ea-d00170f1ca49,22,9
7aa02db9-97e0-43a1-9d03-f0df04dd8480,5529,466
39bbdaa5-d30b-49e3-b191-943cfe31fde4,116401,1357
24ea4e5e-1700-452b-9ee7-cc7f73d749db,210976,2073
c392cea9-b872-42c2-84be-0f41de281e8f,3,3
714035fc-adea-4eaa-8ffa-514d8dfe05ee,21096,555
4725c759-55f8-4ab8-a998-d16f99c0fe76,10220,475
c09e5a88-df22-4db5-8760-c60a7d29f215,419,43
b6d802ee-33b1-4984-a66b-84b4af2252bd,147,46
8ab20881-8ea0-4891-a5a5-36f85246ae5b,47564,1268
4865751d-1ba5-4f4a-a3a4-6aaa0e1edb2a,2235,231
0c527609-5e40-4fec-8a64-aa54852484b5,1218,200
eeacda09-891d-4367-b9cc-c6371c96d4d9,235042,4217
fa626cc0-3274-428a-872e-9d471b564486,125617,2291
6d280ceb-11c1-48c9-80d8-293ad442a991,51279,1483
647e735a-fb03-480f-a9ad-20a4b24e8f3e,12249,327
4bc91876-a523-4fc1-b77e-fd3ef7d185ab,300,58
cbe4aa5b-50c6-4d1a-8563-1157c78ca02b,15708,790
21707be1-b8cf-4d55-a8a0-92f3880a2562,22240,881
a09c6127-7522-404b-b521-d226045af128,8326,1362
38edd61b-de9a-4aa2-865e-8bd91c28e4d3,193,32
ee9ee921-80ee-4d25-93bd-05ad19e32936,990,59
ae0e6222-7e5a-4c53-84ff-20f0626d39bf,20421,1199
d664b60a-95bb-4d30-b0e6-3d5e308afc93,5296,609
526c110e-a9dc-4538-91c4-4ff60fd36414,26517,646
c1129b37-b474-41ea-ae2a-64cfab4209ff,15657,419
c57be403-80e4-40cb-88ca-011fae09cb56,19875,604
7dea80e3-0861-4c9c-86df-eec42fc2c5a8,1072845,14661
7e26cbe1-b8f5-4215-af82-e43d5f8ff308,8954856,88929
b6f8cce8-cbac-48a0-b0fa-d6cc06447928,218973,5896
69632f9c-31eb-43d5-a864-e73ac72efc66,8839662,62220
2ef8e9b2-5f7d-4cfb-899a-bc4544755371,95805,1750
24284859-f710-4868-8094-ad789a5f1097,1108,157
c5f9e699-7b0d-4030-86dd-7acc8250d147,2857790,42298
92d48f3d-a9cb-4011-a002-2e9ac3a6843d,2407698,32137
17167af8-c1da-45cc-bba2-9d23f068b7a3,8844810,79653
dd77b8da-cdc7-46b8-8a7f-10894ca0490e,2757663,42390
4355a36d-805e-478d-8589-64f0292724b2,3980889,46839
73460d43-7ea2-4558-9bf2-88d324832b5f,9907,555
e3fc3097-17db-48f9-af5f-74566b3b225c,4426,267
798dd025-6e04-4334-8c93-ef29126e9594,205,36
0bd96fa4-9835-49b0-a1f2-7421e6a79dfa,2959000,38300
da78c3fd-08b2-4573-8be2-a1ef5ae6b84d,9943,226
8eed05a5-e9a1-4dda-8b33-e354c4ecc8b6,3833480,48195
62ef1944-fe82-4d3d-a93b-a51751a077bb,17754,726
37661f69-2801-409e-847d-3c8b58d2ad0a,1280000,20674
b0016af8-3953-47ce-b865-475a770d7b17,40513,918
c6b0db5a-d750-4ed8-9caa-ddcfb75dcb0a,7329620,59992
343b54e2-9b1b-4bb9-8d0f-06c3942c3c67,1426371,10655
6a2ca1ac-408d-49b0-a7f6-cd608f2f684f,3687891,36520
f5003609-10fb-478f-91c3-49277a074a42,376333,9230
61fdc79c-df1a-4999-8d2f-668f18c11283,2002234,35690
cfb319bd-f427-4b58-96dc-9caa389d7424,129872,3703
f4ccf6c5-ad41-4f8f-bb9e-6e2c6ad23302,684369,20829
0cc3a34f-abda-455a-a7a1-10a2aa989a90,93538,3223
f1e57cb9-8564-4a9f-9621-aa0e211bcc3e,716,34
206883b2-0ab3-4be1-8d87-e21d60905de1,7565,343
cc35096c-fce2-4c1e-aa07-a223f612de67,556603,9695
dc642cfb-0d52-40c8-9776-7d85e7951b5d,8920,364
fdb43e0e-b245-40ac-8d24-9f8faa49b0f1,62840,1732
4136d2e9-71be-4723-816a-8ced5e30ef6a,9089,443
d91b3683-4622-4d72-8a03-80f1ff59e639,1868066,37906
56956605-de13-467a-9348-1a92ee2bc27b,1200378,17809
d292b4cd-37bd-4a88-a823-8710f273cc31,4945479,42414
744019fb-7d5a-4a30-aa5e-56d99b130ce2,1823,116
29bb04d6-5602-464c-8577-f55a27511b27,3129598,37298
daf96840-e2e3-4c5b-8cf6-d1cd266e051d,52816,1351
b1e23ada-a7eb-42d7-91ec-67a43bead43a,4825983,44554
02fc3032-e491-46b8-8742-9859e4906dcc,569348,17499
fd48b2e5-7d4e-46c2-88c9-56a91049a95a,14366,490
8fb78a16-0cba-4175-8c92-d9645dfb007d,41154,1797
9b6f11f4-bef1-4265-987b-816bbbb67be1,227345,4245
db859a53-b7ca-4892-bcda-5ef78d2c891f,5697681,47514
9b02b1ef-8ded-4dbf-a005-a5c98b6b178a,109221,1745
3c037828-951a-4462-9ce4-254cda803512,111716,3737
f3352b2f-7da1-4051-9ebe-a48f0047edc8,13371,815
d3c4de0a-6e5b-410f-bb1c-a781490af765,27312,449
3f6ed996-a74c-415d-903a-17a5e50ae7f5,134847,2854
d0471ad5-6591-477c-8790-efdce698d3b6,1385476,24044
da23cd1c-e0bd-442b-bcbc-811285cd4fe6,9389,582
7f9ccb94-8113-4fc0-8009-eac7805cfd23,237942,5868
386b19c6-a3d2-414a-bef2-c178572b1cbe,6308425,55769
9d337863-5331-40ab-b861-b61b0dc70346,9687,548
61b99cc4-06cd-4ad5-9bac-950b2daef9cc,2643581,38829
7561ff6c-2ab7-4776-9a9a-662f23b2effc,1663334,28125
a520977d-bc23-4752-a6fd-78e575b7bd18,367959,8567
1418440c-17f1-45fe-b1d7-5f63041bbb1d,17922,1279
5f976464-4a48-4c0e-aee4-bb70afaf7a8b,1046354,17558
1cc7ebc1-8ea6-43fc-a8c2-6f2836f56c9f,1417679,15809
b1c00b61-2673-458f-bba3-7470712a3b94,1060341,17602
af8fd97c-db72-4e30-b2aa-30ebd0c4f1a0,4173924,43076
0f3f7357-73d3-42a3-81a5-b359bc4e8a56,40279,1133
d9951785-7906-4daf-9a60-21753bf64aa9,3036397,42544
d2ad8774-9173-4970-8427-06b04df201c1,2408878,45467
a406c77d-a217-486c-9e75-91ccb7cbd494,2736,156
320112c6-9a63-4c2b-b0cc-d2b88fce290a,1020690,19223
2d576cfe-7669-4af0-a66a-86c8362f47c5,3084450,27501
a63d9089-482d-4689-9ef1-df4eab9a96ab,1140777,14920
6298cc0a-0e42-484d-af50-c431df6465d2,2902,385
2eba111c-f7b9-4119-811f-9753669072af,1362807,17221
51f5f29e-ffc2-4c99-927b-f80259d32a04,268011,7469
2aa07e57-bd8a-4fa0-ba5a-72e8f7c3e63e,1195016,23912
8c51b06d-b678-4bbf-aeac-7295dfb69d13,1465405,21843
e9452446-7702-4853-96ce-5dfe6748d3fb,1257492,31130
9bf82496-9d7b-43ac-b3ee-076c90ada9d7,2900985,26337
2251718f-7b5c-4a92-9267-895125c594d3,3957882,39850
f3eeb196-1dde-40ac-b0c9-1c9171a1356f,3283,190
7f297ac5-95ee-40f2-8854-1fc8117bd4f4,26931,828
617c869e-ef34-497f-a36e-aefd9cf5edb8,2662,115
bc27c60a-a967-41c9-9633-c682ca0d77d5,3898742,39246
41b9a72e-c0dc-412d-a041-609cb43642df,442677,11461
75210e6c-96d1-445e-ac95-6fa06c09e9d5,80823,2294
66d4b54b-77f1-4310-a45c-60972fb47ecc,119915,2970
cd5dd8dc-6ab4-4329-a89e-d990b63b6048,6086,404
98fb7792-01fa-4ed1-a15d-20077a47210f,2035952,30425
3eb0dd85-bbb5-43f5-9731-12c50a4865ba,15756,606
660e8b4d-c0e6-4afe-b323-de7509eb06c4,6126,353
7fdebde4-3cb7-4739-86f7-17f4b84eae25,866263,12680
cc6fed9a-a14b-46e1-a5b0-97f740e66e6a,988047,21135
0fa1e771-9aa6-49fe-82b7-d5ea09f33519,308168,9454
0c49de09-fa16-4fff-b5a7-579daa8610fb,4164,77
4ab7ef36-5111-44d0-8104-54f884724eae,546840,11539
eacf66a8-8ea0-41e4-879e-fcc61bcb03f0,1761078,23887
8363f94f-fd86-41b8-a56b-26eacb34f499,3003070,24640
1484f3c1-ed7e-4e71-8663-819422bcbca8,25135,739
8e996c1a-c3bc-4ab1-83a8-a7fa07511685,695345,8048
6000acbf-a8ea-4dc6-b866-550ac1ac3660,4970,172
b863cf80-19c6-4a87-8e42-6cff7ac8f18f,4224329,46166
5ec98a44-ce37-4264-abfc-0496e389538d,9686,602
4757fe0c-c612-4231-9c18-7c5f2df6cc1a,290989,7535
319325d7-2bda-4e57-8d0b-b6211b30dd7d,314011,7488
e7b4c928-8c45-4ecf-9f08-da64fe5c2ddd,453559,6526
f59674fa-115b-4e0d-9ecb-2fae0166e716,85865,2204
e7273fcd-7530-48ba-bd11-1879f4a8920f,591114,8899
2228019e-67b4-4d2e-a101-f2d5dcaf892f,1280914,17041
3ffe2c2b-6ec6-4290-af05-7e35b75264a7,1015060,19196
6082bb10-ba2f-4990-9b1f-ab6b868f4683,137373,3807
97cc1631-8822-464d-88eb-a6d97c23e678,341162,7682
86bb36f3-66c0-4b42-935d-45674286bd72,15147,688
2c560b38-d7a9-4b2a-9ee3-e183b9549248,35153,1604
f14a6b58-2afc-47d4-bff5-3d6deb15b895,118320,3276
013b4ca5-89b6-43ee-95d4-d458a9678196,331658,9659
4da8fda4-5699-4b39-8f55-b09dcbfa6f55,36659,989
b2c081c8-4fa8-46d1-8b8e-34c0c0d4ab71,8017,433
7727fe8c-78a1-49c8-8986-ae1e9732f9d8,12964,1131
1dc9369e-c30f-40d3-8d68-1b1ac7f6a62a,239547,8924
57b2452f-bb10-4c95-80db-de06dda1b851,2299,132
2d75fdbd-2158-4ab4-a9ac-eec8d997d70b,186639,4152
d7a18d20-8591-43af-b8e7-362eacc979f8,74130,2105
5272ad9e-a205-4d58-a088-2de06d6b0fbc,17224,915
a210cc03-3c4f-41cc-890a-b6641e0ebbdb,144251,2712
a2b7353e-341c-477e-87e4-d4d5937c6b9a,606927,11448
8dd7079e-7eac-40e4-a2e9-327c167f021d,47265,3268
65332881-b3fa-45a9-ae8a-9fc921d42b6f,27641,975
d9b1f00a-31a7-4f64-9f29-8481e7be8911,196535,6273
ee69cf08-ae31-47ac-915d-1e22604b83aa,490441,7719
4dffdaf8-8fb8-4b3d-8088-427b1e9d1af3,1357480,18833
ad3eb8ea-f541-4e3a-b550-7900bdc4992b,2058836,27901
8df2629f-8ae9-4687-9207-4cf3c22cc763,1791598,27882
b4b6743e-45b2-4c36-bcde-e5037ffa0b7a,679808,13235
e40a9b15-f09d-43b3-a71b-1998c14abcc3,119069,3099
18bec342-2bce-42e9-ac6a-64108f6b893b,307464,7230
2b9a367b-1456-46d2-8b44-6874077dd21f,73309,1942
58a0859f-fddd-47f7-93f0-3a941a33d3a8,43955,2068
8ec1e0af-1b3d-482f-8c84-59a22094ee96,116534,2966
8930ec4e-51c7-4905-ac40-684459878085,5021799,50030
76bea740-9961-400e-845c-33c189ad9eda,465395,11053
48cb4248-889d-45ed-8462-acb29c002a8d,1187261,17214
012f2687-b9e8-400e-838d-d96707ea3a5e,1030561,18833
74de256e-0dd5-4edc-abc1-ab587bec3a6e,19654,774
23f06df9-e56e-40e8-8e67-5fa372b59432,1588,92
8ba9835f-d5e4-4efa-991f-70eaca4fb2c0,416052,5509
b463a831-8ea0-40c4-9a56-34cfe0896931,2389747,24976
be0fc7ce-59f7-4ef0-9d42-02e125576aeb,2222,153
09ff9713-9d4d-4d4e-a8b2-c3bdeb318006,339830,6819
cf4cd16e-4aa8-4ad4-a050-5eed689f2ba7,121104,2629
044bc98e-e870-4100-afef-b8f2f66d8d86,363631,7137
54fc6a93-57bb-4192-a4cb-c5850d64afd2,184332,4460
57f2bfc7-7e85-4c27-b6f5-44746198b338,10025,339
e8c079c6-6bc2-44b8-97e0-2c28c36c4f9d,3878,287
92c9b280-9ca8-413e-9936-3602170158a7,4639,292
51a0f259-bde2-4d6b-9250-7aa1410b0040,492515,8189
dbf23164-c702-46b9-a7e1-32acaabca310,475962,11037
62886ef2-653d-4440-9f56-51652af61ee0,1655,106
50aaf1dc-2528-4d34-b4a1-262b9b959751,327444,9179
b149ef4d-3770-4710-a061-59e338652212,823,87
18b25143-dd86-4170-afed-7a7970310d1c,774925,12710
b7dc7c76-53f1-49ac-8dc2-d469ed7f8e65,3596193,32208
f8265e00-afdc-45c4-88d2-60827dc2c888,246006,5532
cb1f212a-a876-4e66-8e5d-7345f7262eac,391887,8119
91a6ff8f-38df-4e89-869d-bee662ea7441,6132,437
77a7f107-38ad-4443-8167-9af8f37cb30e,6407,415
89a95b27-f305-433e-a3ab-87cde4ffc1cc,412978,8465
844bc028-d3c5-4656-a874-57232df54630,832134,16735
73f6b554-ad01-484b-89f2-68712234800c,22331,1843
20953548-6d06-4428-99a9-c284bfaa5514,1997156,29095
939c23cf-4d69-4b25-9c1e-f210ae61bab7,29079,1838
0e1d8e50-0ad4-484f-950a-d7cc64beb172,676826,15590
cc220a20-9cd4-4dc2-9164-dadd2bb85467,46704,1343
58899020-dd1d-423d-ac9f-c25cdedd6e95,8371,547
9c8b44a8-cb52-4ab1-8092-d0a619eb2e3f,78566,4599
be0e9a66-3ac8-4f9d-adb4-0c8e6a373388,927351,13041
a3dfd599-c84c-4588-b3a2-ebd98c8aeaa0,322284,17651
a1ae582c-25a9-49dd-be91-ebe0b90eee93,34975,1533
12cc02d5-400f-4455-bdd1-af4afc386878,1101,52
36bceadf-9a98-4f1c-b730-3edebb02e774,98012,4892
c5f8c1d7-9823-4b1a-bdfc-2995f847600b,31689,1224
22a6c14f-baa4-4459-b1c0-89da990485ef,494452,7955
7f33e393-1827-4c2b-9bbd-e69a67b3d45e,161144,6200
bbd281ab-c896-4766-88a1-7d10e69ff51a,285397,10445
6099c497-5eff-4ab7-9205-c42b18056730,5919,285
303e821f-756b-4e76-bb7b-7e3c76f9da07,196797,6907
4ce9435f-03d8-4b46-9d3b-5d830f97562b,3570,233
e2c5a524-7773-4315-a031-a40525126460,363419,7276
a41cc6b0-ff0c-4331-9add-907025607e95,1687885,22128
3cf133a8-064d-487d-8283-4f3634be8d5f,8121,252
a1d69fd9-0096-4a60-b277-de34e5a77fca,2422076,31958
66e6a03d-3306-4508-9eaf-40be9527b4f7,648289,11162
67a9bc21-541a-4226-89a3-0ffe95c87510,473930,4694
ffef6d94-63d8-4047-afed-e12e1a8ad441,2023,167
7b8d0768-7bef-4c01-ba61-1150e72b49bc,810641,15998
c29973c6-1a7c-401d-bce6-67b7240de677,603664,10630
1db52a3c-7739-4c90-935c-3458e733955e,26768,1039
c0c720b5-012f-4204-a472-981403f37b12,52639,1624
fd259410-b408-4ba4-9e75-977dd3cb10df,418761,10739
b3a5a222-e009-4739-8af8-1dae418a1281,5498,349
8b8a0823-79e3-457f-879c-12287f86b949,421824,12895
ee6ccef6-e558-44b6-b059-dbbb5b913b24,343753,7262
4b13beab-3b0a-4d1d-9242-f4f03648ef00,1473,67
f4119f68-a65c-4746-bcca-e7448b4060a7,2255,116
a939eab5-3d20-40e8-8edb-7207bc99cfc4,395483,11631
174d015e-234b-4313-afc3-4cd4a937c1b6,8344,418
fa6b8030-067f-4f80-8ba3-8585b9cb9cfd,249876,7758
bee4943f-f762-4ae1-a27a-a3c15069b616,475926,6902
69fa5c49-12ec-4c86-a238-4e07cc6d1a7d,1408995,23112
558b9efe-8fd8-4534-a343-6936c2759041,1083182,16600
83c1abfd-352b-453a-9988-362dc802826c,366532,10054
9091deb2-0915-45b6-ba9c-0fbb3b6c474d,4819,307
8196b363-a5fb-4624-8389-ae922b9bc48c,22493,866
25dcf77c-82f1-4a13-b363-d0e5086768a7,12109,531
d7f473aa-ab4e-405f-bc90-c35fc30bbbe1,322778,6070
37cfb830-9d26-470e-92b8-3ed03d7d5943,43399,1415
abe22f89-a3e2-46d8-8a06-dd728970c67f,11705,490
70e52117-701b-4319-b000-1ef6f02df99d,5711,294
4600dfef-0e92-4f0d-a006-a43f879b899f,266943,7219
25298c66-a96c-466e-867c-e43ed3d260ee,1040,97
53c9cab4-0ff5-4683-85c3-c7ced062da71,128557,5801
edc24c08-6def-409f-b532-d19dd405b591,3981,271
8a71a2e9-632a-40ac-9b86-b3fa76775c52,39767,1300
85111697-29f9-4909-864d-f73addb5a079,1286292,18853
7eed23cd-bfcf-4034-8bb2-cba85bc7f539,14507,467
e4aefc18-f1d3-4777-a7d1-22871dc56030,470012,10535
35c29016-2629-45f1-8500-05e914951713,10843,673
c504e562-bf6f-4979-9b7f-1d70ed3b4629,7016,322
81a344e9-a8b1-49a6-80b2-2b03d8a25650,300291,8863
e3b5a989-5993-43d3-83d9-6d1b7cc4a23a,8099,296
4a37fca2-fa35-44a6-9857-e9d684abb62e,75,18
6a5c81bf-3234-4582-b3c8-f50ef4d15483,8827,316
c6669126-0bac-45a8-bf80-104c71ce798a,2855,207
cd37d899-5fd8-4466-a3a4-fd76853113d8,2025,110
828ce3da-53c4-4181-bea2-8d03f1850f26,2048,210
bebaece4-0eff-4184-97ef-e1a75757c25a,7135,317
59c00a37-e7e7-4375-9324-61214a7bdba5,132357,4422
2b356aca-1710-4355-b649-21ba9195d25a,8568,428
61cee65c-8ee9-4499-9563-e7bae11ee74d,1,1
9e790c84-2013-4583-b93f-deb688eeb205,22107,1329
5d9faeb9-f11d-4dea-82a4-a9680b5561a0,127662,2436
faf9cc45-7618-4e59-b964-c8e72138e917,890500,11675
7408e3bd-87a9-41f5-be26-05c3777fa97b,53424,1659
924b5ed3-d283-46af-ad59-406bdbe0a1a1,16443,1787
b91c664b-5eee-4536-8b70-b1f2be519ac0,1093297,34317
5dd70f74-c406-42d4-9fd1-eda3d789f498,1330,185
d2ccb26b-b3ef-4e12-a336-f07c1bfa00ef,107874,6007
43e088bd-2520-4a84-bb8e-827c86d2cf84,95623,5425
c6a5a49b-9885-42e6-9fb5-ccaaec05f753,720344,26329
199596a3-a1af-49f8-8795-259eff8461fb,46562,2901
6df88602-4471-4597-9895-f4f7b829eab3,3613,509
77029a1c-76fa-4350-a1a8-dacc10230b6f,174245,10790
76fda896-7c2a-4e5e-a45b-d40acfb2080c,326593,15498
66e5bc0f-7cc6-4e44-937b-4a92466f3c37,499756,15336
2a994741-42ca-4251-8400-7b6fe09ecf3d,2120,188
3020be1d-3c41-4e42-911b-ca5e96489300,70808,5508
e72e78f7-db4c-404d-9740-8f19cc08375c,1517,263
a333b3f6-973b-4bda-92d4-f75857ec4727,294770,12543
0a176d0a-ef46-4e7f-b018-9f4d65614668,5783693,89414
365144f7-85af-4c83-b24b-b1d0b26160bb,1257853,29775
5508509b-5481-4341-94ae-209eb371afe7,520230,27334
947163f5-f306-4d78-a316-8c3fb317ae50,153468,19985
8ea48896-40d3-4ac3-ba2f-9929caf15617,51,11
4ff84a40-f048-4cb7-abef-e92146f9a330,19028,2496
f5dbb524-090a-4182-adcb-cf630d39e087,147,34
458bb0de-b665-45fa-99c5-0cc4c0af35dc,410,130
dcb236f5-ee44-4cc2-a332-2ef1ae773c27,557,103
2cdd6de7-ccb9-450e-a20d-382407689d6a,184065,11177
536a68e9-049b-4d9f-a0d1-2630c92acc4b,256087,14233
e3f0cfca-eb08-4031-b7b6-6c7c78c0deaa,892,188
7e5a0c3f-339a-4e5d-aed0-1946112b4a66,120477,9260
2b077530-f579-40b4-91be-249bb21c58e3,1473,170
6619d534-0e17-4241-a1d0-2f8ec84968c4,91758,5200
3178cc4c-cd9f-4842-96fb-28bf9cfec591,207867,18286
0202af38-ac32-48d0-a546-87caaef2dee2,1468297,46696
11ba43ec-d099-485e-b736-9dab7a7af6be,4859,560
559217a5-169c-41bf-a3dc-d8e7e4afef31,51766,4603
88ac0688-278a-42cf-bdd3-4c23427173fc,3023,539
19c77b06-73d0-4860-99e4-9ed62b02e0a3,1255,159
1d1488a5-71c0-40ef-9b79-8451a18635ec,21585,2605
dcf7296b-2913-4187-9ea5-ca9d04a9c388,17599,2069
ce76c736-07db-4503-b771-0ee2c981a144,27088,2771
c84f65ff-dad3-41f3-bbc5-e411d537c909,1502,247
2c64df55-32ed-4505-b74a-5ba178be7ee7,6529,596
e722b19b-8293-4cb2-963e-a2c39bd23dcf,582,118
94b4c279-db2f-43db-99a3-e3272ec38c9e,5459,763
c9ddb42e-0b2a-4a06-a06c-fb8bac21d3ca,59914,3233
09410112-c24e-405d-a0d3-cbe5b737f3cb,19663,2888
882b09f4-1cdf-47fa-b4a8-79783aa4dc3e,5297,425
0bc7e9ca-32dc-481e-b170-744952c2c9c2,16700,2749
1a14063c-9dca-48d5-98c3-89748c74562b,78943,9245
1d281e8f-a774-4330-82d6-81fcc880d1cd,16552,1729
86cc3d2c-5081-41a6-819b-a496e93f2bed,13215,1750
62649ad2-853c-4930-97c6-1011c71f021a,36406,2083
f3ee5dd1-8765-4aa0-a093-c80b07909930,2552,376
67a557aa-be92-4549-97d1-69ba2b676c16,1166,218
8f918972-81e9-43a5-80a4-d244a42dc5b2,146703,20300
717fa790-f70d-4e40-834b-83a24ebb6c99,105,36
92359d0e-c336-4dd4-a859-7f0fc4056897,4451,502
e62becdf-2d36-478e-be2b-a9772d78db06,26489,2571
bc11084a-b8bf-4d3d-9fc3-76776d18d96d,179,35
3f7a73e5-cb7f-4488-bd7e-f5e26c87fe1b,114256,3888
6ab14708-9e6d-4bf6-bc9b-3b3bd088445e,3124,393
4e175395-56e0-45b5-a2ee-903f04786f34,234,40
9278d5f4-993d-403a-8dd8-eb61139274cf,253839,19723
fea8db99-8c38-4ee3-bd20-36fb5e3a0839,430212,18054
6c44e99b-3450-45b7-b240-6e7026d0bcff,221503,12749
4c3ebc7c-020e-4d9d-a5df-264c72025ee2,270968,11469
8fec36ae-abfa-4ab9-bd48-87f42203255b,14919,2217
e6dbe57d-74cf-4f6e-9e16-ed6cce18baef,83756,6872
60e6d7ac-7b98-41cb-9476-cd13f47eb89f,11610,1395
876b8492-0875-4b76-a375-12ec2b47d50a,13098,788
4ee515b0-bbf1-4066-895c-2d625aefe6cd,461,98
397a1b62-cc83-479a-878a-fe4099142196,524,93
845adb53-9281-41ff-a911-c0af49f3c943,175835,25120
b4ec57b3-6f1f-4d76-923a-a48a014bfd6d,218,23
99e4dda9-f5fb-4949-b5c5-3e6a4bdb1268,9059,768
e1a889b7-5e45-447f-baa0-b9c6cbc0d39f,282310,14157
ee850327-b528-4922-93e8-0c59a21ef50e,17380,2792
fb379890-3f35-498d-8fa5-490d838718f1,28333,1198
26176168-ee0b-4f68-9889-16f8c8a6b1fc,2856,578
f813948c-8f11-4fa7-9415-3a51699a350e,1245,181
2ac9d57b-2211-4827-a71f-134104ce5af2,2116,341
20d3a337-b9f5-47d8-ab8d-74dc4b15ba3a,11811,942
ca90a5b0-cb18-4f94-9c14-116826fcc422,116282,7352
e6d12aea-bf58-45b2-892b-daebc25fc357,16304,1136
52136679-5be1-403a-ab23-a3a934646daa,42071,3401
c02617f9-2408-4434-8588-d06a123b73c0,3096,517
6b064ead-91a4-4ac8-8076-b1febe4f4aac,1870470,72632
88970b96-d093-4ab8-b194-c91479b4387e,8491,792
b2e2abfa-fb1e-4be0-b500-56c4584f41cd,185815,10484
8bc3f026-e781-43d7-98ca-8dae8d89b25a,234380,33431
4e027c3d-7c85-4661-b3bc-6c2af944f331,1706,311
50e8fa7b-e7aa-4599-8fec-0987527a87d5,47312,4540
2ff49515-1701-4bac-a53a-04345893f3f3,1495204,56571
cbce1173-4ee0-4d1b-a955-575698753c4c,5473,712
f43e4e1e-8e89-44da-95a0-3783102cc911,325,116
474ac447-197b-4477-b29a-abbacacdbce0,815,60
4ec65d01-7985-4fe7-9a49-7189c30e53f9,57941,4376
4b53774a-8c4f-4c58-a4f9-c9d331f6b0a4,54290,3222
81b38118-c135-4ac4-8334-c57a2455b798,58603,3724
71fcf554-e192-49d0-8cae-060ac46b1083,21014,4294
b53868c8-3654-41d3-91db-3c5a1237f0c3,790146,30763
06ced0fb-de1f-448a-a74b-7cdb7d57a6bb,181,48
cc265f9f-a592-4fe0-a8d6-2bc01661a29e,22862,2759
c60db16f-bb62-493a-86b8-42af4153ee65,722,131
98063361-cdd8-4a9e-b95c-1f29bff780d6,49499,3207
62d38b1e-4b33-423c-b35a-86a9821cd97e,929,130
79261a36-ef06-4f96-bf92-0b8076a08e62,2551,483
8aa38215-217d-432e-aca6-f2d85b05e843,255265,15367
39d6c679-b41c-470c-a755-4566bde24063,1925592,37828
2334d448-8975-4e56-8cf7-297dd764374d,2835,607
fe1a1451-cae2-4bf4-872e-b4b8839be83f,13400,1441
00ab75e9-e13c-45e0-bec3-a634a5c23837,156,97
b562cedf-8b3c-4a7f-9e06-48c7014e2e60,97,26
b97ed06e-3091-48ca-af7d-7b1f9fdb7621,1377,140
8cc6e698-a567-4429-924d-8e05362d56db,18855,2377
c18472c5-67ce-4d38-9fa3-d5bc2ef856e8,2875,379
5a5f9e4a-9bf6-41ad-bccc-4ef116fca538,162,34
584f1bd9-01eb-4f7e-8695-2fa72bb7bf27,17516,1950
bc8f68a3-9f43-491f-93a0-b8c19d801a27,28278,4584
e3a2d328-2dbb-45d7-b9b5-548c7804f04f,76712,3452
0da08c43-c04c-4016-968d-b9d3eb9b7751,169059,10879
2a2be593-6984-4640-8cf1-717ec7a6e18b,103856,10588
14f95cd1-08f3-41e5-8b3b-c45727ae0390,752,186
94d457a5-b86b-49bd-90f1-c2e601f6da52,4744,432
a39fdbe7-1407-467b-9e6f-ec403de8bf65,11131,1011
1edbf7ea-4275-4f53-b454-b42816bf1a8c,3302,280
5bbdb54e-49c4-473c-8620-43357f61f714,2405,69
1c9f21b2-1841-4d2f-9fc1-1e17eda19e0a,47718,3650
3de8cddc-dfe5-4f94-b332-f7b8aafe5b59,1434,136
758947cd-94e6-4c50-9e07-bd89a3da4adc,11803,1248
25bfe6df-5026-4c1e-8271-4775cb75b531,528,61
f51617fe-32fd-4562-b3d2-9ad12cd97d92,1155,197
633fb5f2-eb6c-468c-b792-1af4a6bf76e0,653,119
62e54311-97d1-4606-9be1-ee2e546162ae,5390,896
f16331e4-4c99-4d3a-a028-0c8f54e9f495,771,103
ff0247ad-7a50-4c0a-b533-3b97db58d68d,255,78
5bcde02c-f45f-412c-be43-5fc44028e689,6192,813
9b6f3084-7bd7-444a-b0a5-d2dc78c19284,43948,3850
ec5090c7-f9e5-4f74-bc17-5e008365fd7c,78,15
50c629c6-6f22-4bf9-a3c2-f2855e6704be,695399,17674
d367e827-9a7f-4004-871c-488092926bab,1145,103
af77e5c9-2b17-4c8a-8d3f-40b18720cbbb,10123,781
d4e0e4b2-4d84-498f-9f24-ef624b095602,11616,1346
8826a2b1-7dbf-4ab6-9baf-329372691a29,51385,4860
c5c4a371-ce82-423b-b2d5-f11d04e2626b,2847,486
3a57aa9e-2e4a-4dde-a8dd-f7fcb1b29dba,24384,1859
62014a59-8f3f-4f8a-80ed-5c2b794bde0d,70157,3067
29c5b1fb-5dcc-4499-b225-4ceeeb8a73d1,280319,17292
8b604d4b-1170-4225-bc9e-d8276d94402e,236857,15281
8131a4c3-0bcd-4be5-bd32-e36e52638d41,303,67
79c61b87-b932-42b1-a720-1d08da5db306,7746,1126
ca452a01-b9db-461d-8e62-23d68747f6ab,360603,15140
05af006a-1798-4e1d-a821-f9187ff66fb4,32041,2158
fdf9267e-2cb2-4e7e-9144-2fc69fef38c5,2171,151
cff95140-6d57-498a-8834-10eb72865b29,331525,13618
755171de-4b74-4caf-84ae-19d976c41e2d,77,21
1d13de93-b5c8-4ca1-8251-3929c61b0b19,6194,1014
976346a2-6c37-42eb-8688-eb560168e2d0,252,66
a6604c40-3e7f-4090-ac6b-cbb8352df7f5,7452,650
c233d833-81d9-4feb-b70c-7ffe86200f7b,77950,8642
7f5eb33d-4309-4520-a1c1-f2d35bc769ec,201368,15980
cbc1b396-9719-4c82-9549-067f6b1a0d36,19289,2354
ba2926a3-d394-4791-af25-7db36093386c,67389,5624
735ad3b0-94b3-4356-a3ef-bbdca368885f,99,29
bfdcbe19-b174-459a-aec6-b1633848a1c0,11000,2195
e61892d0-4ad2-474a-a5fa-479dc28075ed,16731,2842
94ca40fa-ba09-4b4d-a367-66fb4c1f5936,17642,2260
c9605929-6b48-4991-bb96-0bf460df8ee1,114882,18618
5eb56fbb-ea91-44ff-a5d5-5470c7efcb74,2098,55
23f20841-f311-4b92-9ff9-65d1b25340dd,135187,9214
e547bd54-6108-488e-b5b8-27590ba6500e,10920,2632
276a0d53-ccc9-4972-be7b-57e6fd407cb6,1163,176
527e42d7-ec18-4aaa-9270-102c749f8599,711,82
7b3d6ebe-790b-4054-af1f-d96057ff1676,644,116
d96d757b-3b28-46db-b8d7-4e8699c9db93,6712,741
b9866546-7ccf-480a-a27f-9846a8f47fff,8267,985
d5ccade9-c1dd-494f-9c7b-79c1182af990,328,149
08b6ce40-9b6d-4de3-b22e-c06bb21e614d,5477,978
b41b38d4-ef3e-4f37-8c75-cfe9af999696,4787039,132202
618b6900-0618-4f1e-b835-bccb17f84294,12569926,254433
2f9ecbed-27be-40e6-abca-6de49d50299e,5043838,195024
c544ed4d-2390-4442-a83e-1ea2883b09c8,7192610,215738
a81259a0-a2f5-464b-866e-71220f2739f1,6482193,160417
54799c0e-eb45-4eea-996d-c4d71a63c499,6772007,188871
82b1f5fd-cd31-41a9-b5d4-7e33f0eb9751,5015528,170835
2ce02909-598b-44ef-a456-151ba0a3bd70,5576793,194754
e22d2f66-881e-41ca-9356-544697ee5f90,2505864,122346
2944824d-4c26-476f-a981-be849081942f,8530214,205025
592a3b6d-c42b-4567-99c9-ecf63bd66499,3781014,177528
dcb03ce3-67a5-4eb3-b2d1-2a12d93a38f3,4056177,126869
79491354-3d83-40e3-9d8e-7592d58d790a,13809137,233834
4d8afa16-4018-4ca8-8b5e-ede8f9314562,2524658,147909
32f2d6bd-c22b-42cf-a7bc-0c4b48cd2bcb,2810051,151092
b141c415-4203-409c-8b82-96b834e3d38c,25442,1692
d59c4cda-11d9-48db-8bfe-b557ee602aed,6507775,164544
5dedf5cf-a598-4408-9556-3bf3f149f3ba,4863464,121225
e57f0cac-4f56-473c-8d7e-d93f753fd586,2017286,111789
588dea29-eea3-456b-a815-3ee04f75c8e7,1695540,92907
4b0be624-6b87-47e8-bbf0-588a2c6c0439,1597490,57295
e3cb4543-210f-499a-b0d1-3882c312dfb9,4655883,101013
e7287972-ca8d-4133-a1d6-5446486ed075,72450,6067
06fb1c8b-566e-4cb2-985b-b467c90781d4,14514222,276563
2155a81a-f0c6-417a-9b16-2f86f98bb8bc,1462472,96510
9fdaa16b-a6c4-4831-b87c-bc9ca8ce7eaa,18505589,291231
bf51684c-afc3-4bc4-b18f-500790f67066,2089,181
52a4de43-92f5-4995-9a71-07d67dd35b7d,84264,4042
77ad1133-3cd7-48f6-b8e0-195c6b7e97c7,72892,14362
6a726ac6-019e-455c-8bbb-571a77bed52e,4457410,129937
72359492-22be-4ed9-aaa0-efa434fb2b01,3322766,122910
b5997eef-2516-491a-a10e-5cee842bbcdc,602689,53084
04cd0cfd-bfd1-4c36-bc38-95c35e2c045f,5726672,193211
6cb5d1ca-03ce-4656-92f5-bf35f53d1582,1229270,80446
69d9dfd7-19b7-4a75-8a53-9f733fb5d774,218432,10896
39c2a93d-9afa-4a22-9bba-c087ab056e1c,7069627,193013
22dc19af-d085-4c9b-adfb-22ec256251f1,1812821,115861
a8806b5c-3ee0-4277-94d3-1a5427a7707c,2945900,85806
12ff8858-bfcb-4812-a8dd-7e9debf0cbee,1846969,131649
f37c537b-3557-4031-bfd6-ab63ced32854,1247796,85388
96b1d906-0fda-406d-beb6-19c6758998df,910396,76595
638206ee-0e3d-47cf-9769-d73330b15a87,677693,52802
d385947d-c00d-4311-9cf1-a032a1d4040b,1135965,80451
c707b37e-cb5c-4694-be4d-46beefcb2475,2033454,83492
bc01f01c-a401-40d8-9472-b377ac33af05,719566,53950
7a3b3f80-04b8-4968-b432-fbcd3f350716,699243,60601
815a0279-558c-4522-ac3b-6a1e259e95b5,1294432,83412
8c90ad8c-9150-4c51-a1eb-342232e99d06,3519862,125545
88f219d8-4140-4191-af4b-de81c7c587c4,1989224,86423
b2875a2f-6207-4743-9748-3910120e6e7d,16947,1514
c7423e0c-ab3e-4ab4-be10-cdff5a9d3062,3593554,136939
1fb60b6c-0f4d-42b4-8a5e-de705ec76660,1187215,47570
c9addabc-3760-429c-ba30-788fe9258984,273,32
43b9b30b-f719-464a-8bf3-07c294c257b2,518358,53877
d5c79890-36c5-4f1b-bed3-4468eee093f3,757944,59671
fe0e1895-aa84-47d9-8e5b-7930fc20709b,1146910,76462
165d17a9-c8aa-41bf-9db2-adefce5cefd9,45212,3147
fb7272ba-f130-4f0a-934d-6eeea4c18c9a,3835472,159830
ea99eec5-bd72-4b4f-86e4-54c5a34f7e10,1552941,72931
f52a31f6-50e8-4325-8695-ad93a277c8cf,4831,782
e5d2a5dc-1d70-407d-9b18-595162a7be63,26379,1733
60e492fd-d953-4de0-a6d1-2d5d27f2e0bb,22593,4503
5a685153-f37e-456a-a2c3-2462f7854ec6,124,25
bcb77c0a-0faa-4f10-bfd5-fd8583f4bfba,88260,14889
0be22557-d8c7-4706-a531-625c4c570162,197103,6934
426bbccf-c6c7-45f2-bf03-5ce0b1e064b1,16231,782
e24bf3ac-dae7-4804-ac3e-49a42477b738,7645,460
c6f5969f-1f65-465c-8603-ec2d1e31e39d,568159,51860
f1af8614-a64b-4302-a6a3-694d2175c3fe,699,108
794c6bf2-3241-416f-9b8f-24e2d84a1c4b,3353122,153316
7b30d395-b9c7-4263-a7f5-6407cf7ebd4b,23244,730
236459d6-f9ea-4f89-9239-21c0bedaaf25,328755,30199
c733c4e6-22a2-499d-ace7-17b832356aff,98934,6260
e3593976-7ab7-4961-96e9-55b171412db5,91171,8558
584eadcd-e493-4c59-a1f2-9eea9ee399a3,747803,35401
d99a6247-94ab-4685-87df-572ba6ef44b7,293783,43083
d1ab8ca8-fb9f-4e78-a422-3cd5406dc0b1,1250677,44163
de11b037-d880-40e0-8901-0397c768c457,5772003,115330
7bbd2f4c-b5b3-4ed1-92ce-53aef244f00d,97230,5254
f5426431-f490-4678-ad44-a75c71097bb4,1808178,75758
9aef0e02-f29c-4bfc-bbdf-177c3faa941e,1141,196
4d33456d-046a-4df9-9c5a-3dc8d2e08f14,1502,95
6514b0d2-54c1-47a1-affd-d1ab6e03d778,1009227,30886
f86f1f07-d182-45ce-ae93-ef610880ca72,2735071,104358
95bd8c6e-20f8-4d40-831f-cecc2224a851,32994,591
102924c6-f9b3-47ae-9c4e-60621da4d46d,111,12
8a609fd9-0854-4721-83d6-e92f749cb222,77,20
d83aebe1-4c70-48f1-a974-ce69f120b568,1562,179
16c6cf5a-a493-417d-8afd-7e4e2bc56164,12346,1699
c8bd802a-6e4a-41a4-95fa-2c1ee33f65a5,308140,41552
710c7ffa-977e-4431-9f00-c8d4eddf6808,408572,48499
810af667-6a1f-40df-87a9-27f726cba4f3,339974,20308
0741b30d-e15b-4a8c-b2e5-8834a03d6116,7119214,168770
a1f1d1c5-81bd-4029-8d43-4fabae1c7629,4331,460
30d36ef2-b590-466e-b1d6-9dbe6923af00,4809,553
1884ed9c-6fe1-468d-a7f8-8d19c9c4e441,1838969,86155
82913760-a16e-44a8-a1dc-6ae02a151c67,17,7
c842d29f-a297-48cd-bb71-4f77fd672b16,4861954,162043
4c1c21bc-56d9-4bed-8b58-360b08e76ffa,165056,21438
76c9a186-75bd-436a-85c0-823e3efddb7f,5256870,163394
6fbda162-bbfd-4dd1-a2d7-f553e67a5f72,2808,136
02ceff75-7363-493e-a78d-912dc86c7460,2928412,81965
9a37852c-9760-44e9-8f96-185135f009a0,36,15
9a3bf45c-347d-4630-894d-7cf3e8e0b632,5313438,196268
ecb3d58c-cf8d-430d-837d-413928edffef,49,19
9fadfba9-ecae-4383-a4d8-47b043cea19a,794793,48696
b978a42e-0b15-4987-9434-8805370f3f83,428691,16026
f12e25ed-ff56-4073-8c11-318e9be60ef3,21802,1545
3cc3942d-bbfc-446d-a8f4-f0e1e238ca86,518871,49780
0f0da09c-3940-4cb5-879f-4cea28907810,861963,51834
32b90c92-9978-4a07-90eb-caa4b22f4907,10458915,175649
8273d919-2683-4837-88c9-0f11802ec159,156,46
c29fd6f3-56d9-4f3e-bfcd-ad1fea6329a4,20437,4476
46a782ea-4308-476b-abd1-a91b197f3037,2080570,89936
3cf5a3be-25ef-4408-98fe-e66fee536be1,1136997,92877
774666d2-2064-4d6c-856c-f8cda0aaf9f0,2310656,96693
03a82b66-d021-4754-aca2-399d51ee6199,184996,9410
f9854f06-4c25-4b0a-b3d0-d262a2e5d2ba,2633,231
83ede19f-62e9-4785-91ca-7b75e3edf2e5,2132,380
422effcb-a86a-493b-9407-e75b2ee62cd6,1093,148
fa4f4b89-3ddc-4e97-88fa-0e30121f986a,1384121,51396
3ce8d3a9-4d23-47bf-af44-cf976c2a2aa5,36233,1698
44119570-4d53-46e7-a447-bd18608c28d8,1179567,86735
b0122194-c49a-46a1-ade7-84d1d76bd8e9,2648255,104425
98c75201-88a9-4147-81e1-dc6d3b5bacf7,10966,237
4387b544-e4d0-4f18-b74e-d4a5ba1582ab,1172921,43100
4da9bd8f-a22b-4714-92f4-234927795979,3116,98
f2c2f494-c2c3-42f9-85a8-576da85f9b90,19769,5140
c174f353-4666-4dfb-af54-5cc70b8afd55,664320,70147
467c7eeb-3741-48b4-9bfb-7d6d0b2b0f83,160875,27960
9c0f6fbd-4f8b-4646-9a88-1b63bef5ec5d,69521,4071
b1768592-294e-4e15-a892-eb8837dec3e4,147638,15599
14a4bc78-1c2d-4ca7-8d1b-9b58076a2a17,1523225,87355
3ae2fb37-8a23-429d-9920-bac811c4fc22,4495807,147954
295ad371-45d3-4370-8504-68c92ca2948d,406146,34570
be407b02-f3e6-4ed5-9489-f8e5f0ab36dc,9151526,184355
f1a3fb4a-fff6-4556-a290-3704b109da90,342665,26782
e8927190-ffa3-436c-a8c5-9eedffcafda3,28028,6280
84c7cb93-0622-4b90-8d53-ee2b4650097f,135519,8239
ca4b0fb8-1856-4cd3-a405-7a81e4a76c42,12563,825
dc73bb40-b697-4df9-a2ec-0555bebdba75,973239,69562
af9fd1b2-e4e7-48fb-8ccc-4cfcfed5f0c1,76485,3565
b29a24ff-2c55-437e-867b-1456c9f3f73e,270303,21702
84c5f4ff-d513-4334-b5ca-ee7ffc496f45,19087,760
1ee5382a-e4e8-47d4-a48f-8ef15c3a06aa,21,8
6a4c2d34-7f7f-4f87-b17f-b5540aa840db,322097,43401
5c98fc12-be83-4246-ae5b-2184192913b9,770026,33427
1dce970e-34bc-48b2-ab51-48d87544a4c2,2728337,59237
178dbef0-eb15-407a-beb8-1c70b1fd1b97,119006,27712
f19fb535-3c91-4be8-8c14-ed06fa079f57,2625,241
ec5ddd9c-4a04-48d0-aff0-5884b2917fd8,1216,148
013d71e5-ecb2-486a-bd82-6e7d9129acfc,302248,13048
f0bf4fa0-028e-452f-82d3-7d4375e105dd,548241,58652
0a31b2d4-eba4-458b-8e0a-5b637e6cf0f9,44068,2616
94a24504-3548-4bde-a89b-273d277d194e,73892,5720
1edd8e9a-0deb-4548-a2a3-679af784f6c6,66494,4310
bff6b03f-c91b-4af9-a7f3-3dad6bc3165e,74801,3452
7771a68c-ef6a-400f-978d-64050d45a54c,1331082,64165
a91b7ae6-2317-40a9-b0d1-1ff0093679c0,10920,1386
40419b33-18e9-4d5a-a674-30b4bb14bac2,1965244,79420
3a9d6e22-6a54-4574-8664-82b4da503218,771,143
a9cd284d-dccd-40f0-9174-2e5f019b5acb,171,23
105d057c-8d0c-4af0-a32a-1d7f2944fa25,8,4
4167b497-1ae5-4502-a8e6-e1546ffbe514,289412,25019
933fdeae-ec68-48e9-a752-8bcfd44bc429,1448329,37836
71bb0589-fb64-4bf6-83e9-e3951c4eade1,74172,2974
07deede6-db1d-4ede-b19e-5d46df592841,653362,33334
0053dbd9-bfbc-4e38-9f08-66a27d914c38,1515264,77929
cfafad90-b736-4c74-8ded-f3f4d7b2c792,1395306,68252
0b0ded52-3918-4bb0-b5fc-1d1e6b4334bc,4864,469
ac890df7-42bb-47e1-b240-1bd9891060c5,5223,1471
79555a90-d2ff-40ff-aaa6-6a4b26488b08,22450,5554
406f1b42-0c9e-4427-aeb7-02f78e188ec4,1000274,31938
e787de5d-49e2-4b1f-9bde-1fd3a671b971,840245,69876
17f7d39e-14be-4d49-8c5e-f1bc7005aebd,33416,2670
66ebc271-6a26-4fe7-848b-f217da119d92,236390,26187
9fac4087-8201-4b74-a619-e77b1602aaf4,374491,22869
b85ad1ef-9b27-4ebc-b302-a6a0358e45cc,1056,173
c27f8fae-e697-4959-a791-babfd0a4ecbf,886182,13860
fb147b8f-0144-4418-acaa-90b2d9779840,537231,37965
c8b12a93-fc18-4417-b6c9-b64d31862caa,15569,1488
732bb732-4334-4128-b76a-e130b369c996,588267,15830
75336c3d-2833-46cb-8037-b835cd7d646d,973011,57222
0ddd15e3-d39f-475e-a91f-2e82377d3804,111087,6708
b984c827-6945-42b0-be28-04b6452814f2,9850,1105
ece57992-dc2e-4f67-a269-fa43626c1a3d,7726461,130342
53fa91ca-a2b9-463d-b78e-daca9894082a,529765,48091
bdd87b73-ef81-4031-804e-df6e1e4854c3,43769,2152
98efb481-2fcc-4c52-a2e3-2136e4491294,20146,4784
4e22c2ae-a69e-46fa-8c95-16e60c11dd00,6071,282
70ac2314-d7d8-4435-b56c-9bad9a516642,161227,22586
d34206ae-a96c-45bf-ad3c-4d6ef616eeef,43600,7063
4d278397-9843-4e4d-abc3-afcbf64a992f,37403,591
650726c6-cda9-4fc6-aac5-291e8628dfdf,9926,327
64665bd1-fe53-4507-b998-0c0d49910f25,2407,263
7a8dbe84-f4c0-4457-bfa3-edced1f8cde0,1790055,76051
96351496-268f-4ef2-8f7d-768cffdef190,228704,3694
77b58baf-ad0e-4729-8890-16c894026716,10001,474
486b0c25-8e6e-44c4-9769-6badf83c3b12,61162,846
5e2c3b33-b734-41ba-ac71-2148338840f6,488881,12037
a7364f0f-6fe5-4ad3-9ca7-a42a7772a73f,92342,2304
cda86e8a-a26a-4b3a-959c-bc9f8a88a1c1,769059,15974
8211324a-2be4-4ffb-b5fd-17d79224d9d4,1018,66
1d837cb0-b75f-45de-9db4-8e824edf89bc,11886,562
7daa3a8a-4a70-4d7b-9a81-5ab541d80305,1065,28
79c408c0-cd81-44d6-9bc1-2e96222933ec,6489,1201
446ac261-09ae-43f4-a7e1-2c753c0813ce,826626,22633
583aec45-62fc-4972-8da2-f09aacc70fc5,1835062,12925
68fc9097-a2c9-4b49-94e2-009047a67a98,223452,8063
6441c1a7-9e00-4e95-9587-f33baf16a44d,15133,747
c702eacf-758a-4f51-9c5a-cf98d69fc329,20974,636
e5e03fa4-7899-4296-baec-4400a11f2bab,58975,2514
47685be0-926f-4be9-b1ae-e32da47a3b99,4621118,28345
7e2214a7-d436-4b75-a48c-2d625be0c045,1679,148
dc06730e-7330-40a8-9c84-4fe3b10c9250,481916,13052
dd8bf94e-0bb9-4f9b-9d8a-f3b8a40b62e2,26187,1085
d45a667c-773b-43b6-b55a-fda29d766992,12467,600
fd528391-c292-4840-a3d7-09588bf4c307,8451,246
4b0e5ec8-7af2-4d4b-9923-36b0dd53d670,16042,816
cd12e3e3-979c-4392-ae69-6ad02985d886,228,11
3c069548-19af-4b76-b8e7-4fb438c9e8fd,23715,725
05e444d5-643a-47bf-8804-82bb9e47050b,3230,174
3ee75a28-8740-4d97-80d6-fe4305f5083e,196027,7742
ff496db5-36f6-49a9-aa20-f0ee333f4a22,1802,67
8acbd893-2dbc-449d-a624-9366e48bfac4,119438,5061
8e003cb0-0600-4175-9e16-84e17431e0ef,3555,157
06f5284d-028d-43a8-b10e-063b5791f3cf,19821,473
cdac8d31-3e08-44d7-9620-aa209ecf0c10,2752436,15442
7f6d9e71-feed-4f33-aeaa-f727b952622b,29487,2607
e3803c76-102d-4279-bc19-ffdc8a840385,10670,447
a021225f-6b8b-47ee-bdfe-67d97447348e,25463,1304
c4efd92a-5692-41d5-91bb-b23d4b75e735,1868678,23330
639213c7-d64a-4868-a28e-5b4ade7bf75e,369995,6032
3a4be717-ade6-499d-a553-ddd7ab70b28b,482637,8509
e3e087e8-517b-458a-a78a-bd2256a41cfa,58755,1574
9f2c381d-aee1-4c64-ab3f-48e330d1b8d5,147215,3222
467ab9f2-d431-49ef-806e-c3402d56f7e9,2436,125
cb2335e7-91b2-44c2-90a0-05b40cf8745e,2765,63
92de023e-6f08-4133-8063-c0740c855e3d,3450307,18064
373cc355-ebd7-45a8-91a3-6ffeb5cbe222,24662,370
c3bd174e-be65-4be3-be44-2e03aea9982c,686,164
b69da71f-9afb-41dc-84d2-5c4cac399930,2689,190
46a7b248-112e-4e62-bc32-aeea5029f53b,212065,6991
309e5336-56cc-40a6-b783-cf2d907ebe03,984,58
12055834-65df-4047-8279-fd8ffe7fb865,159282,3805
e3e90633-b6f1-4376-b15b-2492c94b4cf7,893335,15675
1c80f885-e832-4b84-864b-5deeda6a1248,2762674,19734
dcf784c5-b238-4aa1-8722-dcf1ba20197f,14771,612
5267cb1d-e73d-4b78-8ab1-b62b1b9a55f7,2022,239
b397349e-1b0f-4e61-89ac-caeca5dea676,397241,3316
0afb8036-c73d-4051-9ccb-9dd7dcf76c2d,16523,567
a9bb7560-2185-4dea-a3fa-4792f93f7c75,35,15
8d08cabf-03a3-4f38-a815-8197a0984f19,1678571,84635
c42caf47-70e0-4c82-a262-3c9aa8e2b475,923199,11303
98ad20c3-f758-46b4-8244-3a1483db40e9,466747,9382
167ca75f-aafc-47bb-8025-3e011732c6c2,177,21
c1a669b9-30f4-4171-a2a9-a15d9461ca04,1286559,18816
1bc804bd-b021-48f3-84ed-6de609549baf,180,20
0d87f901-14f5-41cc-9971-570550ebd00d,227,15
b3b9eb0c-d0b4-4570-b816-4e05e308b444,1274582,23325
f1c91fb6-4781-40c1-96c0-1c55b30f5276,2229,70
49712eec-e5a5-4c0f-b4f8-647637d2d6d0,2675,100
e9e85a54-074c-4d29-a886-bcaaa9d44f9f,1267424,40084
dac6260a-72f3-47d4-a0db-4358fe959b43,7899,191
5282b415-55c2-4434-ba7c-f6d237142a29,18492,1069
d7fa6e48-1122-448c-9a7b-7eff317050c1,4015,323
1ee72716-f2a1-4c12-89c1-d611511db7d1,56530,1143
d0c6c2fa-8a83-423d-b8ed-0e160d7c95bf,325618,3680
4a95ceff-7445-42f1-b34f-01d680777d85,256628,7801
1f5df869-b3a9-4019-b3d6-7a747a5cd0a8,131517,3981
fdcf2c5d-89b8-43b3-8623-160a60875937,18551,342
ef53fea4-4e4e-4606-b335-3d1ffc66daa1,6999,1094
df2c2780-1ec2-4388-9d89-c7daf8013f2f,239563,4207
69d2e26b-2d32-48dd-aa15-6252aaf8f74a,1704302,11682
6f55e7e2-df3e-497e-84e6-0fb03ea824ff,358869,9102
6d909745-42ba-48a1-944b-295901cf8689,671,59
971a3753-56d4-4665-928e-539f03910ecd,80584,4132
e3954b21-0d05-45ea-a057-e8cc4c9b1ab5,903266,13848
a774549d-0bc6-470f-a055-c4b12dfd0085,966463,17126
84ac395b-482b-48cb-b381-b9bc420b2dd3,862203,16591
05528c1e-668e-497c-b7e3-b47961b37d8e,559623,9857
06c4b7d1-4e01-4f23-91b0-1dd3b1d5cb79,1038,94
53a9b393-bc3e-4e86-8333-bdb2e68a576d,24515,676
8bf54972-a160-4782-8ced-e2d3940b688c,25336,424
c7a9cb67-94ac-4e32-885f-2f02af2a2ed8,832,38
92333d76-cbfd-46eb-8565-83342959555b,601,55
916f0593-5162-4c10-aecd-8b1449641d5a,76180,2461
ce1509b1-fc1a-4b0a-aeb3-36cbf9cc11fb,110076,4427
d4b0112d-f8aa-4880-a6c3-ab0ea94943a9,19656,2104
76858c01-acf4-4630-84f3-1b5208c390db,391741,6221
8ce64b67-8535-45cf-9caf-87734a09b3fd,191236,6500
f168e033-2d59-401a-a9b1-2d704b24c17d,1379769,18780
97ddbe3a-3cec-488e-a6ad-8b497fd06356,23805,556
96293bb9-10f6-48db-bf2b-dec177b6d10f,273153,5049
fd4c2460-5641-43d4-bf55-109e60b4ea50,25173,2087
3f962bf0-42a0-45a0-830f-07b66301d35f,796160,23732
2759ea9d-07c9-4901-b764-5215a7c813d1,506180,13287
23fcfa8e-165f-44e0-bfdb-009c7b17c77a,1411,39
04547553-efb6-4be3-8190-37a76a1a4e35,30972,3615
81ae3a8c-269d-41b2-9c4f-51a211787a9a,416510,8736
fe630c4c-868a-40a9-af06-c814b49e68ea,175130,4558
f544b133-af03-4fec-b625-5dd7413da599,24330,1041
8ebb44db-ee10-41f0-a70b-574eadf187fa,2096,91
2a211765-83ba-4f50-8fef-b843d0de7339,5265,147
20df7feb-5b94-4b51-be35-7da7da440e9b,121358,3008
d2cc3796-0e99-4b17-91ed-7db14c735270,71340,657
336a4d1d-0823-4fc5-a4de-bf601114b118,24543,728
d012738e-b6cf-4ab5-a10f-dd7832a619f3,181003,2499
7a9694cb-f4c2-40c5-b3c2-57fd529a9547,15142,495
8413b4ec-70ba-436e-b2a2-5d3ad79d04a0,88209,2194
9d96f584-c3c9-4b89-a101-7c021663eabb,10448,245
647e5b66-e3a6-4836-9e9f-4606e119b60f,338940,3183
91682b26-bcde-409f-8b4e-44f09107e71a,2188,155
f539e05a-c9dc-4a9f-86c0-2e04da394b4d,198242,2811
1ee7e9f7-dfe2-40fd-a5c6-dc5f87c21cb4,13739,1627
978531ce-8deb-4b27-9ada-991fa6f24065,1131316,11742
40a76049-36ce-42da-b49c-5d699e565e2d,2180,113
cd438e27-e6d1-4242-9ce6-cff8cf26a753,3,3
3edec191-e087-4ee9-aae9-2e0b1bed05ef,1100,51
f4814fe3-0590-404d-a75c-4d18b7391920,202857,4447
e81cc8d3-b74d-4023-bfcb-c9678c93ea3c,6283,188
69d485d1-de5d-4284-b089-74b91336b256,2100,206
31dac57c-19f5-4f0d-9070-f7eb3df21f9c,79034,4121
58e286c1-5e8f-436d-9045-abdcc262bf75,4986,598
7ed51be2-e589-467b-9b67-ac4811447f44,1096,39
dca160b9-e43d-4e02-9856-bbab640ac76c,2192,67
458a8a1d-b29f-4509-af75-c94bd2fe7e18,1560,357
e47b4614-d421-4ade-a79f-64bf03faa23c,278508,7954
ee720328-0c0e-475f-990d-06341a851d39,385731,13085
721e35d1-deaf-4c6c-bdf1-c12751fff1f9,864,11
465a30ad-9523-4949-93fb-78df96e0bd0d,84402,2746
4551f5c4-ec6d-440d-bee6-83d978103a94,7616,538
96f7e3a0-75ff-42e0-abca-47235f62daf9,3343,189
43f91959-8632-45f4-962c-8f422339966e,408597,6172
d15c2fd9-8410-457b-ac55-676d7c76e604,1005,115
d0444c91-d206-4a52-9090-8edb6d05e1d5,7182,177
eeba0c99-f409-42fa-8cf0-f3fb9118d050,31067,490
ecb78b3d-4ad0-47ab-9641-e6e3b399dc65,22,7
e9791fa7-7e5a-4265-86fd-7ba5fca33e0b,7156,1309
4a4ee089-93b1-4470-af9a-6ff575d32704,26986531,302483
aaf09f31-bb5c-43e5-9f54-bb6554c33a71,4148950,113170
60dd8303-5ee8-4c99-a19c-009e07c17aeb,823292,56715
f3e2a7d9-c6bb-4848-95e5-04c0a1e2f511,3812153,109551
5d7c4cfc-29e7-4c83-8893-ae02679fc9f4,1659265,73003
16b97aaa-d7c0-469f-8c97-47c705b2d02f,359869,22511
70a22c38-49d7-4284-ae16-86e3bfc814f5,24292,2481
ec22a32b-acab-432e-a88c-ffe6ae68fa16,2681228,85412
5483e1c0-14ca-4ec4-9b03-c4e987420e4e,448499,31285
3c3d3ad8-3935-4c00-affb-768563916f36,1206455,63508
71348eeb-0c15-4718-b0ca-5775f78ad5f8,563857,43779
48f24031-f0fa-48fe-b057-1fed2db77e66,541747,33611
53a53473-a6e6-421e-875d-45eee18827f2,162836,19397
1090bd1c-9b21-4709-a7ea-462c14bc4db8,771,116
cbaafb20-eb74-421a-85f1-2bb6341aad23,1060185,66342
95ab9998-49fd-4645-bbff-f0eeb0e587c5,18351,4514
40fe57d1-39fb-445e-a331-605cb9a80654,11282,2897
1ff10dff-7ac7-4e53-bc02-d5c3cbd8448b,1554298,79639
b0a7716f-9e14-4114-825a-1cadadfd7817,103760,9441
067283d9-22cb-4c5e-9054-b8872eccbee3,13307,2140
761fa9cf-4eb3-48a7-9b79-c549078bcdc1,89971,3141
2393ebdb-c80f-4439-8ddb-9e2f96caaabc,324362,33758
84800c46-2211-43e0-8a87-bdcbecf91932,588937,30203
51af3ae9-3f39-4b2c-bec3-ded427708590,441602,32856
e3b11767-c2e7-406e-947f-1303fce00db5,102054,6666
870aaacf-ef15-4633-856b-212a1054377e,307085,21073
5dd0da33-5161-4378-8fca-aecf5840097e,1455037,67263
138dd95b-9311-416e-bcdd-a80067289de6,50370,6518
8d338794-2f99-4d4e-b3f3-7fa953b61115,2992,872
2eeba1d4-f67d-45be-a22e-ab73e925aa43,222504,24436
ba07d1f0-9839-43f5-b88e-f4b93b6b05f1,149492,13376
b8850684-50c3-452d-9a2c-9715bd98b59f,5200,596
4f78bfaa-75a1-4e7f-bf30-0a856afd1cb8,16829,1702
b6d26780-d862-4b7b-9d78-a186c963ea6b,44740,7558
aefe89d2-84b0-4c13-bfbb-04ed9614ca7c,480704,40096
27bdf4e1-6d70-4ebb-86d0-99a76f150714,7738,1462
367585c8-b761-43a7-85af-3db5604d1f3d,87207,6622
fb9cc9b8-c81e-452d-a863-a519d6c0f158,28044,4182
9f2524e1-cda1-4304-941e-ebb448d32a16,1754859,47467
5c80d2b6-df2e-49b3-87b1-a1cfb121fee4,8662,1630
250b7089-69e4-43b2-bae3-a83d9f6d71bb,424198,35412
bd8f19ba-c3e9-410c-9253-e4d997a0c310,107036,14685
d14416ef-2283-49ef-9118-d690613d0bc9,135036,11403
afd5199f-6688-4f68-8bed-deb7179dd732,168533,17766
b67647b3-41a4-4a7e-bd58-612160f4d533,50586,6112
b7ba42de-12d3-4767-b7c3-aff86e60830d,270382,26050
a1d77dd4-8728-4a47-bdfa-9663d791139c,3071239,75809
7f79268b-652e-4ce3-88f9-e33a9c6da062,94949,12321
6955cddd-62d3-4acf-bce2-b94eca8a8d06,74168,8743
dbf7567c-4582-4d84-b7aa-c6a881d2430d,229,28
8d7fd96c-381e-47a6-806f-aefe49e68356,7648,2190
ad3f14d8-a34c-4fcd-aeb0-f304465b3b30,41078,6513
2c7c8ec1-b18e-40a2-8ce9-53c3fc4f70fd,115214,8613
b8cf33e5-9bb7-4beb-b35c-826acecdbdf7,64695,11736
c9faadad-85be-4ae3-808e-8e8d4f2ac900,41780,6578
c053ff71-f5ff-48ec-a78c-d9424b8e55ef,12330,652
9d2f7bb3-0f1b-40be-a867-625c27047b78,1561,388
2584c1c4-ae9e-457d-b7e0-4ec45a1304c8,18689,1397
bbe2ec7b-5e8f-4f10-bfdc-510c1e90eedd,50895,5233
5daa61e9-3863-493d-8841-7110dbcfb142,63,18
96962ef6-326e-4c0e-8e9c-2944a00bd41b,47974,5323
dec629c1-c5b8-4fa1-9bb2-eaf979550f41,581033,38582
f6785e67-fda7-4dfd-b21b-4657094a1d0c,38634,8794
fe13420e-9b16-43fb-818e-99aa51cb61fd,15161,2635
bdb9b4b2-667f-4019-b6b6-48c3f2f21268,9877,1840
cc2c9c3c-b7bc-4b8b-84d8-4fbd8779e493,27972885,320434
f23f6dd0-bfb0-43d5-bf06-eae4315db502,1569166,67222
a80f56d4-2030-4422-a365-2ed209ecfb58,88133,6146
dfe9a7c4-8cf2-47f4-9dcb-d233c2b86ec3,21646406,281214
b10bbbfc-cf9e-42e0-be17-e2c3e1d2600d,143570475,418279
f053ae01-dae6-4aae-9883-e8c279fdbef4,3068862,133595
97529a9e-4b5a-4a9c-9c08-c42401d1c268,290199,9864
24ea074c-59cc-41c5-a5de-f68c2952965f,4795649,124943
b071f9fa-14b0-4217-8e97-eb41da73f598,38272796,375425
8d552dfc-648f-401f-90de-e925013ca537,5440866,116449
6ed40778-8d03-4a5c-ad35-93cf814627c9,2361996,87048
1b8a634e-9fa2-4ddb-bdcf-50bc7e4b167c,55139,4396
e0ab79fd-05d4-4e03-a9d4-389f3d309713,39139,7677
11f570ff-44d9-4e9c-8812-e6d56103c5c1,1090382,55429
57c6f649-6cde-48a7-8114-2a200247601a,1797668,133573
a9100753-f539-43cf-bcc9-579566fb512e,2336877,86882
bc85c6f6-6b06-44c1-8754-ef32c1e6b824,3513345,121480
2c4dae8c-e591-49e0-9c5a-62b310a15788,5680766,161257
b896aa8c-2761-40ce-b485-0e1fffd26167,2797205,162900
1ecc1f71-2512-442a-a85e-3c79d9ddc5cc,175784,23962
5221de81-b3cb-48d6-8e60-7c04b5daf02a,1961405,81348
89e39f67-65cc-4f90-b145-b1b56c209f8a,1887325,78736
534dda3c-b73f-408b-8889-bd68eae84df6,3915126,89059
ef58d4c9-0d40-42ba-bfab-9186c1483edd,6012058,100482
680466d6-f05b-44f6-858d-625d1b5087f6,603403,30486
d55fe7ec-3c7f-44e7-b9cc-b025c4351f70,631773,66357
dbbc47a5-1338-4830-9298-a8d0b11c0a46,4145533,108482
4e60a56a-514a-4a19-a3cc-49927c96b3cb,20789,3553
4a180f59-6f6e-4fb5-92eb-473d075f7032,928775,37467
b1ea49d6-e25b-4675-9104-8329442c3e9e,1066239,18534
67930b3e-e00b-469f-8c74-fd69f20522ec,6254594,136470
b753584a-3664-46f8-bb84-f6deed133c80,1432150,59590
b7878ad0-2f39-4041-a46a-a4d12fb21070,25274,1113
0aad8921-dfaf-42b0-bb1a-1a2d6cf97b9b,58988,2218
f5d276c8-8407-45c0-8b1c-4e43c6694fa9,64737,4269
58e31d0c-75b1-4632-92b8-d14c13dfe32b,31820,2477
6ef3b33e-848c-4773-867b-5fb1397ef408,134701,14965
99ea432a-e3d8-42cb-9d5e-db316a6a8458,12358114,183975
0529a9e0-befb-4d9f-b6f9-1ccd7c83053e,2883584,73554
388f9713-09a0-4ef7-acea-1e22e4431424,55350,3690
17b53d9f-5c63-4a09-a593-dde4608e0db9,13172539,255718
750e9439-2e5d-4afd-92cc-d23183cd7606,2449883,90642
73ed4066-c55b-496c-bb1a-1238937a2361,40018,2851
9e082466-2390-40d1-891e-4803531f43fd,132264,9162
f03fe6bb-0fe6-42cf-843c-ef00d8759c8e,20873,2330
9350241a-d698-4489-92bf-41794f383ff3,280016,34027
14ed9dea-1bb0-4743-ba32-39674a71da89,1022409,56279
ed275a18-d2e8-4abe-b8f2-0c6da9ad676f,46844,3575
49c4816a-dcbe-4dfa-866a-563a51b76f48,132323,5250
96ff366c-97ea-4d11-b42a-235307506ed9,17242,522
230ca093-1d00-4c57-9235-147942f66930,3405584,120887
cd9713d6-6e5f-4143-9412-4d12b7bd47f2,7169441,126545
8974da95-e631-45aa-8fd7-aa0c2795f997,2714228,57201
f02cf5ec-81b7-4558-9946-354ebac1a525,20161,1893
ee910c7a-56df-4df3-bef8-aa94a3adef8b,57707,4282
2d4bc261-0c96-4599-8c9f-81d5dc0760c7,958457,76037
e596591b-3031-4d50-ae40-020d0e7ebcef,921096,36317
f01f4e0c-20c7-44fb-b549-d353c94bef55,42007,3121
49ae5227-605a-47a8-9b8e-cd89bf01a97c,16303,2419
24285231-f192-42f1-baea-0f467dd1d8aa,196894,16818
75ce6a10-e448-4a8f-802a-e19bd4a71bc5,8568,388
fe5fb618-2f8b-4158-92b6-464f31672bca,345262,34570
b2df0ec1-3b19-4085-a028-9554f8a2e109,3045,772
83b86967-6b1a-4ca8-9cf0-c7cfe047ef3f,6245654,124731
f50647d8-bf58-4d59-bebf-45407e6c7a13,250091,18587
0627192d-4fed-4f4b-bad8-383bb42fa8fa,975157,30459
52bb713d-b0c9-4bf6-9f58-392388d5cc11,2415251,43980
d700b3f5-45af-4d02-95ed-57d301bda93e,19658518,206133
2650f0e7-3879-4b2c-8908-d025113cbece,54708,3828
72d7d717-0837-4f2a-9641-d0f9fdd3acf7,2675022,113645
5992eb3a-044c-4739-a385-8bc0e8f7055d,150787,8342
31aa8446-3dbf-4d22-9504-0f1bd58bf785,1686483,57844
550508e3-efae-47de-83cc-e50cc471d7e4,682929,21242
89702d20-799b-4859-b451-938e7da1c84e,1594,380
d55185f3-494f-4dc1-8418-97b7272bd812,68675,7903
8f632c44-c97f-4b12-b1cd-caf2c6e2ed06,540690,38937
adeca5c4-7a34-4170-935e-90293296e0c0,38521,3119
a91ef376-70f4-4a1c-84cc-0ba96c4dae15,17324,1429
0554256d-9f58-48f7-8e17-a3768eb1437d,100832,11668
28dc7c32-8c77-43c8-8156-5c92bba8ae87,66864,13997
cd295735-b68a-4b5d-aa10-de0dea37ca89,37354,2806
878cd6bf-a164-4a02-bd20-52a8b2938545,27932,2511
178fdfdf-e02e-4608-9b51-e53471e28a58,443063,51598
116a2e47-f598-4869-8a4d-c7ba56c640ec,3709,588
d96b227e-87fb-4391-ac1a-8a2657ead68b,400511,14266
f6456e91-696c-4e2c-aeeb-def50b6132ef,663,98
938fc54d-7d1d-47b8-986b-71121a245aaa,7333,911
38fd7691-0543-409c-997f-7f15c10394a4,164434,5646
8f7bf43e-2a13-431a-a274-19e28965fe07,1585554,69720
8bf5abde-89d0-4676-98ef-7e1a4eecd03d,130675,13810
2c07a0d6-b71f-4530-8059-065137ee2a10,141950,15946
233b1b1d-5ed6-449e-99c5-e947f952e8dd,155724,5006
7e1970c6-4238-4c12-a77b-728ce89c9e02,30893,2740
cb0bc7c6-41df-48de-95fb-9b53587a6970,20952,2688
cd153bb1-c5b1-4c08-a00a-d7f5959decd6,9153,848
29a2e85c-1b08-4fe9-91a5-662d6e70dfe7,1169845,40607
4889bd79-347c-448d-92e7-54620fab9dfe,265939,32605
006f0783-c5a0-458b-a9da-f8551f7ebe77,1512203,63667
8ec33fe2-4775-474c-a4a8-65dbbb98f87c,182542,21293
e6fbff56-aee6-4f80-8f6f-d8c345694074,672253,56885
c7cf4584-bfb1-4cf5-be41-aef384310bbb,828113,52632
44e1a837-cc5e-433f-874d-913296b57120,697182,18973
16963107-9288-43a2-946c-81de2f5eddfa,202740,22660
45433c63-c874-47e9-a761-c20963d47fa7,377055,31067
1fdee335-d0e1-43c4-89d0-6b1f260fe21b,94754,14957
cf1573d6-b9e3-4e93-ae74-7c18886acf06,133661,16496
4a5c8526-f8ec-43f1-97af-49722ad88394,1263257,58281
4aec87a5-f33e-4bd6-89f2-0c96188c8372,857406,95025
7f783b40-1685-4603-b2ce-16c52ba82d8e,358091,10856
a30e3a7b-cd14-4e63-ba22-04d02ee6fe26,461032,18055
7a98818a-28d2-4856-a183-1df6f0984c21,8043,607
e757253a-85cc-4892-a2e4-c88c3948b670,39981,7044
e6523192-ca22-40ab-a82c-995b82594031,4006,544
e212efdf-98b2-4dce-92ed-62cfc1e29854,3355499,104009
7388355d-ddd7-4341-bee7-efa398c650e6,374,159
511c4699-2c7c-4c59-a38c-325f5874d563,731599,11264
870bd642-f7e2-4712-a89f-7b1950a693ac,924573,51938
9ed99a76-6c01-455e-9e3d-a233e48ece45,29282,4002
065bb562-2a31-49ea-bacd-43bec8d94b2c,1147,149
cf4e6105-7184-4d36-ac48-a0f07f1b49df,11060,1157
fb424cbe-e145-4d0f-a365-1872f6b4cd51,11196,1191
ec4b6d29-527c-4cc0-89bb-8a4775f350d0,209814,22680
c0252a1b-0133-46bb-8c4f-cade46349ec3,3687198,41521
c98f7e60-f8a4-4afd-b3ad-1d632ebd3b77,2356,222
f695104c-93e8-48ff-ae26-5919839dbda3,261567,10992
bd74fb1e-9cc5-46d2-ac64-d44c358db201,332924,16709
f58561ff-1c86-4a65-870a-80cf5439e199,954136,17935
96fd736f-dfab-4d95-89ef-9214aa902775,10219,154
1c89bbcc-a253-452a-9181-546eb536e06f,2638346,82326
c6985804-1f68-436f-b46b-e3e72529568f,55162,8059
e821a756-487f-4931-a02f-27cf11cec7bf,1055725,52332
6dff0382-de9d-4695-b221-5eac7b3c5ef5,276229,7189
65414866-f572-4636-a19e-45a47739f334,221415,14533
19e5ae58-e9aa-4fe1-8a3e-0edb2136cfb8,13871,3520
7e54bb8a-d5c6-4dab-9bb8-a40b418e3532,204226,9927
7756e3dc-f44c-4678-a7bc-d1b31204a963,1878230,45657
ecfeacaf-0399-470f-8207-d1c646569fd0,704081,27464
ea6185ea-0138-4b8c-a81a-e8fb90d7c680,311055,7765
845efbcd-e18b-4f32-a9df-a2cbadcbea27,3935,184
d84d02ad-d74c-4227-8073-6f13a039cfac,118258,2206
eaaa4d91-a43c-4ab2-82bb-4d740daff201,9440,208
2329454d-02f7-4656-9615-4a0235f8b0cf,10212,373
a3f4d002-8c93-46f8-bac4-eaff1ee50760,48,8
81cb01ae-c6f1-4ace-9294-86076b73ec12,726,114
d5ec725b-cf36-4481-8b75-ab7acc69903f,4461,100
066d5379-eb60-4f46-be4d-ebd40495baea,107861,1518
be28eefe-4995-400b-94d0-4f4edbf8d092,64106,1349
4db18f01-cc88-4ae7-9e4e-9717e4bc3f25,462,100
0ad449a6-207d-4431-b422-bbba825805bb,919,49
9f6a2c03-0cbb-42e4-9722-b885939607cc,139966,1256
f71f008c-5587-410b-a9d0-6ac2d8b448b0,1048,97
7edc2d68-72ff-402a-b7c6-bd177f1eb50d,47069,650
4ca94925-d3f1-4126-92da-c069c9f309b4,308639,1766
3089d713-c323-4e66-ab02-b5b911929564,3432,108
9fdeac0e-d156-4940-9787-d2e51fe91d4d,43,17
f2069b88-c0c1-46e0-8ed4-3e7677f077a4,200571,1399
75c707fe-196d-4121-89a5-91e706aec3d7,691,46
e5dfab74-69ab-4424-8107-bf0a56034fc9,83,9
3e39ef34-c929-405d-8ac0-e62cef0b9329,7191,325
4eb19ca8-aba6-4318-8324-4fef3b8fe2d6,18794,700
fc817311-4f42-4985-bc42-78b671d1dc18,4630,165
df18a547-2436-46cb-9fca-8817e34bdd7a,552,72
53b48876-adc6-458b-b674-64e7df3a3cec,363,63
59f9191f-0e40-49aa-a5ba-c9b7467af8e0,348,100
fc579f36-26fc-4478-b1c0-b3d1ce0e2457,992,182
15a57df5-a97f-4197-ba4e-16eee9ab35c3,945,56
1fd500ae-c084-43a0-8935-71fbb29ecb94,781,87
fdd94e9e-cbab-4c0b-8622-c8cc39be79ea,83,21
6c953d78-d4a6-47c3-bc3d-6d34c3e04070,696,59
5d551e4c-a22d-49f8-9461-627e80c3d61a,40,10
c0711cd8-3634-436b-9a0b-adcc105428ab,235,60
c67a3712-4b96-4dd0-96d7-4ceda852723a,670,53
2c25a1a4-1685-434b-b9b4-1f3f4ae0b57c,876,135
adcf15b8-9979-4180-be21-55d499c16c70,206,20
59b33fd1-389a-44e0-8990-fa7e983acfe0,589,59
3ba77abb-5eaf-4c85-85db-ab9846fd8d62,989,158
be431331-e58c-4019-89c0-5aa10954bd82,196,32
19361f18-15c7-4ac4-9d12-4c81fe261a17,3203,109
822ff0e2-606b-4d3e-b313-4866a733490b,4,2
4a90c893-76da-4dc5-a0fe-696b7ab01e23,968,49
a0ea392e-9d30-457c-a452-9fd1d5365587,1680,252
3719bf9d-1551-4bd9-8f01-e811b0399682,41,16
f437ef74-a728-478f-ac7d-3ac5b4bb738d,747,52
f5cbdc58-8664-4c42-85d1-fdf672346236,37038,820
9b866aef-b8f7-4475-bcd9-c8d4e044ad56,11190,312
579f79e3-ffc8-4d46-ba83-ab9002a3fabd,282,22
bd4c6546-6811-4f45-b971-8ee9f0598302,1051,117
fd2d202a-fec9-49f5-a697-eb92c5ce3b6c,2121,85
5598f044-9f11-4d86-804f-91014b9d985a,218,20
adbfe0ae-4469-404d-843d-ab1d4b964218,832,138
1b7c36dd-1e37-4a4c-bacc-241967633bf3,1458,61
280697d2-164d-4477-971d-06b91e57c6a5,122155,2077
0892953c-67d9-4be6-aaaf-1ab80737df9f,51,5
ccd46fa9-afab-47be-9440-acffeb970c05,73876,665
b7ac450c-49b9-4a19-b601-f6325b636717,81,23
0be0b16e-8f1a-4b07-afa1-29d69770ce5a,85,26
f1ab14f2-7a09-4e23-a1bd-f09e692668ee,204,47
c23d00a0-6836-4eb7-a944-fdaa9f1c884d,318,24
201bc592-b32a-408b-a6e0-3550c22dd9fa,1919,188
a3d9d2a0-d4b3-402a-88b6-c39501b0ec9c,779,119
07065c90-1519-4bd9-8259-9872f3c9a776,131023,23713
93938558-9a84-4a7f-a15c-6f145100ff5c,52304,13328
1e47567e-5192-43b9-af98-75e4998f9e52,114465,18096
b7a98e65-7ce4-4fab-8cf3-6b3ccda6115a,88055,15591
348443bb-74fe-4459-8c19-3b72ad033d6c,38112,9386
723644fe-d2b7-4b9c-a8e8-9ed7d5cdb476,119679,15424
48e352e5-bedb-437d-b6ce-376711bc2f4c,28578,2693
c0b3d632-282e-4323-a242-104f60bb8645,26066,5326
807f320d-bacc-432f-a383-2101ba78e6b7,22862,4478
500df185-4a22-40a5-baf6-bdcabab5ed22,35847,7567
b004d3c7-5402-4034-be67-13eeccc7b1af,1139158,66559
4346875a-2bba-4566-8dc1-680c38ba44c6,61073,7049
0698b547-b992-4edf-a244-18eed7cdba98,67624,15702
b17172bf-041b-4c08-92bd-7ab0d93021be,42775,6610
123eec02-145a-4d61-92c0-35529632c0fd,45019,8801
c2be8eb6-c2e6-4051-898a-7d111e1e5784,40012,8195
6310174c-530e-419a-a8fd-091de3082692,1949,470
a58a5d1f-9467-4df4-a157-eabb24d6bf28,40784,8175
3af43a8a-f0b0-4dda-8cd8-ff4941c05316,26069,4543
6bf6b3f0-3388-481f-8ae8-4023e1a76d70,26485,4488
ed8e364a-6087-4425-bd58-6b146893c4b4,85471,8642
1bade6ce-8604-4284-a50f-246eef18e5f7,10074,2877
4b9621eb-09d2-4e40-8ef2-a874ffe7eaea,30471,7918
02ffea02-48ea-4048-a30a-7d1a47f4b087,649,172
18cc0f21-d54f-4cb4-9248-c9b68e3e24db,12785,3405
a09b5a31-1356-425a-8f23-213d59b0b440,12420,3876
10d673bd-c091-4278-a9ce-5e4ea48af1cb,3517,1245
9eef0a84-41bb-4b34-80f5-4f37cbc54ad8,10733,3049
d4c75da5-45d7-49ef-abd6-babca3eb8d18,35400,8463
dde821f9-8847-4dc4-a20a-d909d869567b,37604,4380
7d4de20c-74b7-4c76-9f6d-ea6dba85439d,3086,907
bced6ffd-d099-406d-9ee0-4a6b51f8405b,34498,9161
0e1843c5-2e0d-48ed-8909-cd95bb1480dc,11315,2270
7d2abf1f-8e96-4656-9fef-ac86aee6f0ae,608,268
37122bae-869d-4ea5-a3d8-55f0e9f17bf5,2225,803
59d8a3f7-c128-4943-b608-3a82473636f9,457,250
e892f753-9490-446a-b3b3-d84fb57c8a6b,4087,1093
0319d75e-4100-4cd0-aa84-175335ed6e42,42059,9155
e8a61400-baf7-4fb3-a3e3-c9e7b665547f,204748,15062
31b07129-85d8-4ed2-abd3-0794deedd686,5600,1647
18d18849-fd22-4720-9ae4-5bc3ce39f93d,29071,7026
362c82e7-1367-4204-9541-828b302e4349,88137,5736
9c446bec-9272-4828-a958-9dd43e33cc97,26504,3222
7751b2dd-1b49-428f-8a00-026c0d0e221b,6251,2075
050a75ac-c855-408f-8570-805aee9df416,8852,2822
2d41691a-502d-487f-a10e-0646db708304,16900,5839
bc6a4b1f-a04f-4ed1-bc90-a71e1acad6d1,4812,1906
84669371-1d7f-4d4c-8e33-743b203e9056,4297,1201
c28ed38d-3e91-4e20-9bf1-77fbad66c602,7167,1717
0c380fce-55df-40a1-8084-e27b8f344017,3623,971
bc5d318a-096a-4bc3-8a2e-742905c0036b,7520,2574
7b68c2ba-f185-4608-a7be-45e311b3398f,142,54
1c881c61-6e2f-4f3c-8f7b-73e32ac19684,1394,107
ef71268b-07b0-4fc9-aafc-c1909da8edef,21789,5401
1af169ca-2cbd-4280-adcf-23963301448e,49797,2255
2f5288c5-f360-408e-a76b-e7e43b85320c,33901,864
b59e242b-2bab-42f3-8355-5d6f18e73b07,3999,285
a642d9a4-f33e-4d6c-8e11-54a4bbf0f647,57541,1207
2b6a9416-7d4c-4ea3-a1ed-47e170c25e4c,6124,468
31c0df3c-2d23-41d3-a772-ec3cfc3cc625,552505,26028
c9267f3d-b75f-4692-9eff-dca144c0f1cb,10802,2119
b9fc626a-05f6-4580-bfda-1bd2c8a4b530,246,86
69cc6bce-286e-4511-9977-25cd06a2853e,68264,772
1f59b4f2-87bd-4bbd-9cce-931431901320,11050,604
2e615fa7-645a-4459-ab51-5ae4e53dc644,2469,293
b725aa44-e273-4af5-b5ec-b4a5b80a36f2,20917,1774
e684ed8b-bced-4e0f-bdfa-462861891409,233890,5580
c7f791d7-b6c4-470b-91e3-6ce73e76a5d9,898,161
870f28a3-da88-419a-ae0e-43526dfc9ca1,6363,325
d5d5ba92-4bd4-4975-9806-99339eed3046,318452,13930
8f9c52cd-ee27-4566-a48e-3bbe490d765e,4224,306
05565690-0af8-48ed-9b4f-3ff5e4dbacd5,3112,285
0a5a3a93-9e27-440f-8a22-61d8cd008248,3718,371
60a2a697-21d8-4a32-bdd4-53aaf0f13943,88895,2109
863e4057-682a-43e5-a9d3-f0ec2005a464,54437,2281
ca91d4fa-d532-426d-933a-14f26d83ab1b,109330,2527
96fb2a38-4628-49dc-8af4-c0d06a6a8000,57088,2626
4a1c4fd0-8646-4e89-bddc-2122004d7590,6105,248
c770a62c-3ea1-480f-bc5e-294d67a74f15,43,25
3d91a4ab-1765-4720-8f5b-a12b87f65f40,435,123
f9b51abf-eed8-43fd-b427-a64080222379,3682,188
8c97918d-341b-478e-99dd-b536ce7a7540,141201,2992
f18ed420-f81a-43f6-83ff-9c021d5ef1c9,35311,2549
34e0512c-448f-48d9-b75a-1eed32b81d39,450,73
b65c05be-4705-49a4-a094-6a97670972f8,900,182
50d58bca-b97e-483b-b58d-014818b9ff9a,351,92
180d440d-cb1b-499e-ac9d-49df88377f0e,11497,409
4c101f69-7b46-4f9d-8025-26bb7b4cf7da,20443,537
3e3bc3d5-3100-48b3-b232-a474ba5075a9,2887,507
2989f1b7-b1db-40a4-ab9e-a28a3b6d6c45,46000,2638
0c9fb554-0f30-4c2c-a499-d731772eb1f5,2350,324
6e607782-b5d1-4b01-b629-bd759969f874,1159,142
2f1c74dc-835f-4ff2-8afd-c8d32619c475,408,72
0ced0825-dc1a-41aa-a154-8f6271a0fd38,331,57
2446437c-ee02-4f57-9526-66de5ff2fa45,3266,280
798dc23e-3f8d-4651-b48d-3762fd67fc06,977,184
ed556934-6deb-4596-b8b9-97d83152ad04,796,56
65e86d72-96ab-4b61-91b0-170ee4555748,1062,66
6fc30df1-08ce-47bd-91a8-89c04fabf190,220,65
37d8abdc-e6e4-4866-b6e4-2f7fc17822a8,25273,918
54e8e8de-ce4b-4801-a91d-ed69b27f2b73,2530,91
ea4c5c81-1afb-44d0-9a43-33c67fd31984,18052,251
0c12718b-b745-4e14-8dff-516ef9cccba0,38,22
6b21f731-a3c2-463e-a493-2c04ede6fcfe,59267,2089
7087ea36-acca-435b-a063-6819b0baa116,64523,1113
4ad92707-3269-40d2-9389-69a01f5caee6,23006,1648
0eb58fc2-a70b-4e02-a503-115e42da9b4e,90977,10424
e8ad2bee-61a9-4b34-8b20-eedc434cbe13,85733,2561
1cc2232e-0db1-4ae9-92fd-572211556935,36554,1773
5b00124d-0aa1-402e-9749-41df5c09504d,769,153
3a6b4a7a-3eea-44f6-9664-ed3ceada4db4,1553,130
2d767eb8-4901-453f-bf7e-2699d25e9a36,120,38
c544ffda-740f-47a4-942a-51c797bde8c1,3673,654
e7bd1ec9-f771-4c18-9a10-bbc29793f567,1387,86
94a8fc86-1778-4b2c-b292-e1942f535a28,688,100
3c5b8b6d-2740-4f99-8f8c-468ec74a3296,989,91
d719dcfb-8d65-4ef5-aeb0-6bec4e82e4c0,636,117
faa0cd49-9ace-4848-81e9-eba9fb0b074a,48738,2383
5cc9cce8-5d13-44de-8492-87ec0e5f8749,30485,1067
6c443982-738f-4e8a-8fa3-3a1563694781,2120,348
aa6253c1-3ac0-4bb7-b38a-329fcff86ec5,8,6
3bb07565-ca05-4f25-839a-35d1245fc0be,7152,383
17e0e012-daff-4953-8f7b-e1e555c347b8,180,29
7a5643ca-aa51-4ff7-93c2-49dfa3abbbba,2563,398
5ff4d998-158e-4c26-8907-2b83cef3844c,212,81
57f8c80b-7255-4913-a096-713c6c6c51b4,31591,2264
07761f37-3bfe-43fb-82d1-f472fd288887,5622,800
03070f7b-ca14-4dba-aa40-f179d643da06,9063,1413
173ae5e2-b5fe-41fc-a908-5465ac8c72eb,52758,4405
0443fb76-2a30-433a-b28e-606f6303f86e,6602,1116
f5643382-3a2e-4eb9-9a46-b95d1368d5f5,28085,2814
0d36c13c-eb19-4052-be39-c47965d45c65,19926,1549
fee6a7fb-80d9-4290-a171-e48f1f20e381,387597,27225
8a055cb0-d793-428b-b86d-e65e7bb78c50,28559,2560
ee74db56-c264-4c23-9504-29e2d8078f36,168370,4237
0a15f092-0d63-4707-bed6-94b210921fde,4835,725
a5388958-5136-4bef-941a-9320f28a7827,10217,629
3f538490-78d5-49a8-b2b2-8359f2dd32a6,3164,362
6b23f7a9-6778-40d5-bd32-e0b9e70a100a,53933,2221
34564884-083a-4b4d-93ac-dd4dca92aaaf,10810,1204
fe2ee030-a2d5-4491-9ced-d10a284450ec,17656,1290
ebbed2fc-1f4d-4c58-a657-74c3f2e2a3c5,1769,241
84962ab0-9176-4848-bb1e-41ae610aa068,4312,376
7629e688-0951-48b0-9cf6-66f2444f882d,22242,1510
be714b34-ba7d-48cc-bbb6-a191a8f10003,48878,3489
c9bc87ff-7dbd-4515-a3db-782c78b430f2,1738,228
1450eb6e-4aa1-4bcd-b405-7256dcd59479,3784,497
9ec353a3-17df-4234-883a-35e55a830d39,1681,216
8ce0fdf3-ce53-4fb6-9c04-e184df06ba17,15241,951
c3cc1db3-bc8e-476c-976a-254f8ea7b2ba,3449,393
d14d0b33-c42a-4bf2-a27b-f4ac22b69da4,6017,458
fc55efc5-3fe0-4573-b2c2-f04938eecd0c,14680,2122
b8d45ed6-5a81-41d5-a59c-ea92aab9c722,16758,1265
d7604213-38a4-4372-b682-16f9b831d3a8,325145,8395
78aa57ec-1241-42dc-a426-f09f2641ad82,18600,954
a8536fc7-5ec2-4921-bb0d-3753fba2a1c5,25306,2030
fdd2e101-4cba-4f6b-8b21-76c6173ad862,18920,1074
b87fb3da-b582-474e-9ed8-9db553b005ba,5884,973
8166e994-56cf-40ed-bfa7-3d5b4c51b865,11279,714
44a66c28-a311-4833-8dc4-d16050c670fb,6366,812
6425711b-f975-4068-99f1-af0562fdc64f,2533,526
a0c8481c-bf03-4f45-be0a-b593c56e6f8f,17659,774
bc8e20de-b670-4530-a443-519f5c8e74af,17538,1434
b13ba825-e128-4dc8-97fa-f9141ce7ad99,1864,477
2e222fce-02ae-4221-b1c6-3c3242b423b6,589477,16324
babe4cb9-9d59-447d-bb58-5be7b550046b,5859,470
44ade048-ea16-4161-abb6-7794ebefad19,166874,5572
e5b0c5f5-8715-4231-9b19-5f0a4dba4254,1884,282
eabf40b5-488e-4cd8-ac45-89c5c7fdf630,2756,373
c963f3d0-14e9-41ec-ab71-ff88f8ab4fcd,1243,300
6aab3dc0-d0da-4f48-ab2b-77a03be1638e,26057,3194
f38d1553-f77a-43ac-8896-f2fa3338d4f4,71870,4758
2001862a-53ff-4b27-8662-0a3128156729,59300,3838
d302483e-3032-4901-9d55-af5a02c7abad,538.0,105.0
a6f8a4b6-05c4-41c9-a948-6328ec4b4cd9,6866.0,908.0
f9556879-eec4-451d-a9df-961bea60118d,5947.0,558.0
553d1b5f-7cb6-4df7-8a69-e78b4bc4f7a5,219976.0,4192.0
3009ecb1-a1d4-4943-b84c-cb0401abdb9b,1137.0,251.0
dc285d46-dff3-479e-b659-65c2a6194673,1678.0,359.0
75f935c5-e913-4e50-9112-e958e78595f1,69747.0,4107.0
7809aea5-2011-48a6-9cb6-d25bbb8b85a4,72901.0,3729.0
87805d42-9450-4db8-9264-f32b806ef373,7335.0,917.0
4b41df23-7462-4ab0-bf73-e5254c3ea93b,43.0,6.0
4e1f5e5c-6e21-4f6b-84f1-cd9714f58cc0,17802.0,990.0
7c0435eb-c01d-42e7-80a5-40318da9c57a,1616.0,242.0
9f8bf6fb-9e1e-47eb-8db3-3f0d165f8a30,15944.0,2418.0
26772b25-dde6-4112-aca6-01b31482f441,196668.0,5461.0
93c6c515-e575-4114-80e5-46bf6aa408bc,124808.0,9289.0
0467bafa-c3c5-463e-8099-66885a7e3ce0,,
eb97fb09-72bc-49c9-8fe2-a48a16bc4798,4441.0,653.0
00998e69-c399-458e-bc6b-0d7924ac6837,8186.0,1395.0
cd612b9f-e6c0-445f-9b1a-40ac2ac6c321,1408.0,209.0
e527e6a8-4b5a-491c-8709-123f92fdc0e5,8567.0,1118.0
aebba02a-9dff-43fe-b289-d85068795910,16382.0,1242.0
2975b05b-28b4-4c8c-89a1-90abee9164c8,5523.0,603.0
552c949f-ae0a-475c-9a8e-6f7a1180bc6c,811.0,113.0
f5441744-fd46-4220-912a-61aa0b920b87,15427.0,1139.0
8755de14-97b1-4082-add6-d48bf7ac57e7,3585.0,383.0
16591c16-b498-4f90-96ef-bd8e3fcc29d5,34863.0,1849.0
29037fbf-ca05-4819-9f2b-de685b5b26b0,367229.0,3991.0
a4194944-6321-4869-8cb7-cb6155f278b1,42613.0,2169.0
4dfdfbb7-611b-4736-81b3-80fa2aa1f455,586.0,77.0
07236348-572d-4a28-9405-a547b5c968d4,81341.0,4973.0
8e0f1271-7962-4499-bfa0-75eec96f78e8,16189.0,927.0
a0a7501e-e0b2-4d7d-a813-ee2668bcb2eb,172538.0,5252.0
a8443cda-4920-4829-98a6-24affd55c9a6,45227.0,3293.0
a43bba1c-74c2-4a9e-a18d-a5565e444f0f,6127.0,620.0
43602e6e-f874-4422-a6e2-5d80b8cd8825,2196.0,270.0
b06c5359-2cb9-4e24-91f7-6eabdc93a1da,95891.0,3952.0
df00b87c-592a-4497-bc9d-a3674bc9b5f1,6677.0,866.0
c9f8413b-85c3-48f3-953f-2c28e03875c4,22670.0,1436.0
175f54d4-250b-435e-a522-60f2dde15401,14910.0,955.0
d4caa608-5944-4095-a0a1-9b2f1d183135,1756.0,362.0
5e702d0a-e28a-4116-9435-72fc8bc7637a,14363.0,887.0
3897cac8-d99b-4436-9f6f-587a812626f6,1364.0,168.0
346895b5-430c-4667-83e4-960624e74531,35206.0,1815.0
57d4945a-ef1e-4f70-bfeb-4d0781bad91d,118.0,39.0
4caad40f-2d6e-4631-b9cd-b0a514e014e7,17731.0,1374.0
1d02b61c-8d04-4146-b629-17b28c1ec52e,4973.0,600.0
673a5327-6e92-46ed-b865-36436a9b4ee8,48244.0,3756.0
d5b5393e-eeb0-452a-aa06-e811d48c552d,2802.0,475.0
a18b1f18-c372-4f4b-ac13-be4854637c77,6080.0,450.0
757f4a7a-fe5d-4404-8634-121deba3aae0,27131.0,590.0
b4f83fdb-63a1-4e58-ad17-9af59bdb71b0,34662.0,2665.0
f604fb35-b062-4cb9-a65d-13b2ddbeef29,2332.0,442.0
5f2f5a89-3114-4532-a5a6-a0fb39c1b69b,27728.0,2430.0
f9f1e596-d7f6-473f-a481-982f945358f0,2014.0,321.0
ea5493df-b8d9-4c89-bd5b-6c4aeba7a0ac,693763.0,38168.0
550eebe2-2988-4b22-bfd9-270489dbfe9a,13407.0,2211.0
cbd748c3-1c09-4009-b793-0d9ff9d25b64,15144.0,975.0
50e66415-ca79-4f18-9ba2-3b893b0fd32c,159805.0,4160.0
918fac61-c071-45ad-ae57-de5985e24a5c,7980.0,628.0
01a7315f-4387-4226-8143-5fbdb7916f4d,22416.0,2405.0
895dbefb-e05b-4360-b7e2-b5fbcf1731c8,2323.0,257.0
16f28b78-3c98-4c19-9298-6111f06774a9,440.0,87.0
85cadf7c-c245-4d21-886d-d00feffe45e4,4397.0,336.0
990288fa-9f3c-4a93-aa68-a480a61d3dd9,34433.0,1825.0
9b77801a-fec4-4c23-9631-6866e8ee7b2f,815.0,114.0
a0abff27-5580-4d16-860a-cbceaff32d60,34840.0,2464.0
3df3818e-7984-4c62-bee3-81f95f8c6651,2810663.0,76847.0
6cfdec30-4730-4513-bfb4-5db3ff566900,133509.0,6044.0
748fa3ae-ccd4-4a5f-b151-b78028194054,164.0,75.0
f22f16cb-c6cc-4500-a5b2-94f8618f4cd4,1736.0,323.0
ad110705-cbe6-4c47-9b99-8526e6db0f41,154226.0,6779.0
5512d9ad-5b6d-4bf8-8dab-1474cebae859,26430.0,1643.0
544568f4-5db6-434c-9d1b-aa6b0b151d66,15031.0,2299.0
7dd8665a-bfaf-4d90-9188-62571b7e82ba,13676.0,910.0
b9d36436-6ac0-4277-86fd-462fd4d0c9f6,104967.0,6204.0
e72d0e62-56d9-45aa-ac1b-6560837229de,5114.0,995.0
ba09f88f-d95a-4dad-8e99-60ce49349251,22596.0,2297.0
32560bd4-54dd-4dfd-af9e-d97aa279cf0a,31252.0,3202.0
ed84b360-0c26-44c5-99cf-38d1268a36ec,36158.0,3922.0
4a3a5fc0-af4b-4990-957b-8d94f7bfe706,2593038.0,73540.0
1b9d995e-e258-47e9-a078-7459a903f1fe,,
10d8e90d-2c32-4d45-b966-986f5d0f9fa5,16695.0,2198.0
19a6fa4a-7d3c-42d5-816c-b4f54645da69,5713.0,778.0
59a7fbcb-ff74-494d-abd0-9c82359040c9,16047442.0,215272.0
aef8d90f-53df-40c2-a33a-5b6eaf12d36b,52783.0,2494.0
1eb5e767-cbb5-46b1-a7c8-0e07ba866078,1226.0,167.0
192ccd90-6af9-4d3b-9fb5-fa377851f493,14721.0,1010.0
5a5ecc1e-6ed3-4932-bc8d-249e6bc5338a,5471.0,665.0
4fb03db0-3d52-4e52-9f84-7461d26a18e4,9859.0,1095.0
21eb6de2-944d-4f4c-9379-6fa6baec966d,6229.0,282.0
c44ff36b-651f-4c20-98ee-519cf4ed07e7,41170.0,2282.0
ab4082e2-11ab-481e-9d39-b7b11a0a0fde,36553.0,3251.0
a67c1a00-4c36-4acf-97ec-256f01a69bcd,38846.0,3353.0
5976cc9e-463a-4e61-af3b-820d689739fd,10935.0,1375.0
9e9c3750-1f90-4abb-a363-2907e728f2ae,16512.0,2003.0
08306f5a-c1de-42a2-8004-a9467fc30950,11249.0,1597.0
8fdc41f8-4f72-433d-a0b5-154cab372160,1433.0,223.0
86fa1f1d-e3e7-41b7-97ae-bcab71111771,9060.0,1018.0
ba620830-c5bf-4ed3-b968-913f679c23f4,798.0,181.0
e6aacb84-a226-4865-99d1-4629f8929890,8932.0,579.0
c9e3089c-a7bc-4df5-80f9-9161eaa74a02,57118,1963
e2305342-0bde-4a2c-aed0-4b88694834de,1338251,59532
30fc2030-b997-438f-aeeb-62a3dde029ea,35151,2268
3d254f1e-7d18-431b-baeb-68e57695dfdb,886927,41641
dc5167a8-4086-4c51-883a-b1a2fcd0fde2,21991,2551
4f26baa6-6ab5-48b7-8964-b0b4fc5c8f08,4018,330
c99e7bb2-5585-49a6-b76f-078dc8809b0e,12221,1451
5bfe0180-659c-4405-9b6d-190ec1ac0825,5502,698
b37f37af-a86c-4794-b4b0-115e5d515718,13686,806
89e95aa3-bd49-4af3-9c87-0d88b2093bb0,82301,2094
8d89e8d4-8fb0-41b6-bfd7-8fb24b6a55f9,3584,434
f5c1fa9f-3b58-43a7-a900-3a53f31985d3,38616,3825
e5eadc96-78c3-4630-bd2a-f1b9d9eb91aa,5442,392
fd9e9b5c-da89-476f-92a9-6bc96780d2a6,678,207
a94b3b83-c442-421d-bac6-e1ec852b9be2,3133,456
66d80005-1809-4b72-a57a-3414e1c63d93,17662,1404
ce17aef4-f8b7-485b-a728-d835c9eb64f6,814,93
138a2979-8c8a-4de5-8bfd-76f6227bd457,231744,16589
7b51f386-31e7-492e-aa4d-72883683da22,1270,256
c5a97b1d-a833-4ce7-b989-677f264f73cc,10340,1617
39b28824-2859-4ba9-80b9-e6004abc3568,10874,956
fa08b579-5692-42c8-967c-d4dfc6d823bf,58078,3297
b25798de-0ca8-4f44-886e-3d00f6e9be6e,59766,4301
2f4a6f82-dbbd-4432-9fd5-218020046a25,54926,3866
73cfc411-f748-4f7c-9301-e8590cde3011,3566,452
55913d64-5188-4afb-a294-64df35e5c749,68447,3578
be496b24-d519-4f65-acd4-b8fde1ff3800,2264,423
9fdb6784-d430-49fd-a922-9b44a4c77a46,21825,1773
858a6f6e-e531-4d99-a4b8-e15e01ee6f76,77864,4639
fc5db44d-8b22-4b0c-8005-00c60553662d,8128,937
24f1766e-9635-4d58-a4d4-9413f9f98a4c,74001,6462
09ff1fe8-d61c-4b98-bb82-18487c74d7b7,264018,32686
841db5c8-7072-4b89-9bdb-0a0bd0e9d357,2220269,47949
be50643c-0377-4968-b48c-47e06b2e2a3b,51114,6788
613361fb-24bd-4bc9-ad63-85ac5bc79156,3748,494
ad79836d-9849-44df-8789-180bbc823f3c,432259,47380
c5a0a216-c33c-42dc-92b8-4b60236f8dad,1294220,63927
4137c070-15b2-4d00-a9f0-3517d02a9ba8,129890,19150
c70d12a2-24fe-4f83-a6e6-57d84f8efb51,41505,6278
27870d47-bb98-42d1-bf2b-c7e972e6befc,116955,17085
3cd3882c-00f8-4362-a0c2-ad89ed248533,40025,4801
b40bd5d6-665c-462d-a12f-a6f5660fa879,9134,1395
58f8934c-7691-4804-98ad-7d4a41223fb4,90,27
06d27be3-9176-49f1-bcc2-4af8455167d4,42,6
28503ab7-8bf2-4666-a7bd-2644bfc7cb1d,24337154,146761
6fdd3b3e-1ea6-4da9-8d6f-8f8de01c133a,49647,7808
0e85eb79-1c05-44ba-827c-7b259a3d941a,53074,13087
711dcdff-324f-4d67-90f4-1e4c53ba6970,398,62
cd4563d1-142f-497c-bbdf-468e61aaa171,5,1
b0fe5ebd-2a24-4f68-936f-3bebfbf194a2,987,33
02d2a0e8-d6a6-4d0c-8cb6-15d02e664731,2540,632
b1e30404-e9a8-46e8-aa7c-a0c9942b9c8b,21766,2767
0e43fe9d-c472-4b62-be9e-55f971a023e1,19386,2056
75f331df-f740-4997-9913-71c6be48594a,1669,241
e1d521ea-5b97-4981-987c-ba988b2a87d7,190637,23393
01977051-f328-4b30-9cd0-246059dc54a9,426,83
3af06bc4-68ad-4cae-bb7a-7eeeb45e411f,2077632,103867
9a28ee10-1bdb-4784-a026-0008a8f39a10,580,96
d9bb0f7b-3f20-4951-8b20-3c6f5b3cab0d,2615,639
d2326d39-1287-42d7-80ba-71663b9169d3,36301,4816
d9b32d8a-b194-47b7-9ec6-076943e302e2,656,27
b392d032-0a72-4f01-899f-4672570a564b,20,11
15b58988-e3f5-4e02-b38e-d9441fe2de88,2903,572
beab6365-8162-4c64-8922-64702cea3227,102,19
65744963-191a-44ef-a3c7-b693a808a158,181295,25543
b972f589-fb0e-474e-b64a-803b0364fa75,100599,17280
85c83283-b20e-4b63-8aa5-0f14096c415b,899,279
cc3e537d-ff34-423f-8cd6-635a80f4dba7,317814,19087
c21a699a-c7ae-4fec-8490-48c1eaee06e4,113816,15000
8f3fdb98-37e2-4919-91df-af929e6f11b6,13640,1083
29fff3d2-17a8-4bcb-8328-df5f39b7160f,2807,407
c752ccd7-2e4e-4a0e-8384-3153e5ee957c,12736,1314
8ccd44fb-1c4a-4c5f-98b5-cf3b35a2aa5c,128776,7544
9814ea3e-0755-463c-afe2-624c1f6c604f,42715,2013
9e8718fa-514c-4814-a504-dac6875552d9,269613,19936
13daa702-0ef9-4c43-a815-95bbbcdfb101,61816,4546
b8553c12-ad9c-4a15-83db-4badb32e8358,5129,738
cb1ce9ab-cd7c-449c-b73e-b330ad22dabd,38762,2206
211771d0-7ca4-4ffe-ac45-3d99985681d8,1213,270
001d4fc6-0e88-4e8e-bb6a-4891efd13aa1,24232,550
3af04cc2-787b-4a00-addd-5c266691d037,4131,435
7ffb8a11-0fe6-450b-9e50-1fef37ce07fd,6838,939
6d1164bb-251f-4efe-a744-a179acc2eceb,63533,7500
2765bb14-f53d-45c2-b4c2-3a8825d0727e,6763,765
20e17bb3-4b34-48d3-bc35-d8e6638e3b4d,87647,3806
3eace6d4-b0aa-4ad3-b42a-309afb06ee51,5314,576
29542149-a818-4167-aa91-439adc9d61f5,22710830,115687
5d5ab9da-b2e4-4285-82a7-df5d2883eb24,14235,1078
774b02d7-5056-4b0f-9d69-a82b6ae27cde,432777,8596
a501e972-18a8-4e5e-8cdf-178be67e9720,49362,1932
017618fd-6595-4190-909e-b666fda76db5,4999,551
1964cb31-3e8b-415c-9454-aad6408e4b9d,1780,244
f7625f34-1799-42a4-a1c6-22b5377c767b,432618,7785
7877b111-00ea-4abf-8f37-61ba225b4bcd,21888,1308
ed252228-fbcf-4b16-a38c-6964c5d841b9,8516,623
bd620761-a3ea-4b76-b098-f60fe76069ba,5862,788
f1aa9745-4cca-40a3-b334-4a49643d7ffc,21391,1429
3ff72a59-f39d-411d-9f93-2d4a86413013,9883265,119737
7f5a2d26-8625-4788-bafd-0034936895ae,113672,3725
2b3130ac-2f9f-4dc3-a266-453b25183ddf,77896,2871
882cffeb-8e89-495e-a107-dd84b4d2ef3d,28145,1832
afe58952-b45e-45bf-909a-a473a9265102,3870,460
f3606f5e-3c30-489e-abbf-ecd096585cbe,6070,755
e342f708-9b62-42b9-a59a-9afff7620da0,158223,6878
0ed76c80-baeb-4218-9bb7-9a474aa21cf3,22578,1585
f932a2fb-9de0-439b-9c47-8e3d8d4829f6,19,10
704d24f8-257e-41a2-9816-6407993fe2c7,20910,1528
c78362cb-d6c7-4835-946e-a668682150db,70232,3059
500bad15-681e-4399-ab14-453a60608ff7,19973,1267
f16b0a0b-2163-496d-9cb1-62c137d3bee3,2247,372
1eb80c3a-4e4b-4c57-b721-d33605df94b8,6835,992
028e1bdf-9fc2-428e-9b82-551bbd1c6574,19923,2142
19de89b8-f6ad-4414-bc31-7e62a5381314,30832,1996
89e149c6-853c-414d-a68c-77e0f6f6056e,11294,1240
73ed3b2f-6d5e-46c6-8f75-952c383f6b33,77564,3225
2e6c4963-cb32-4276-8b51-9c2c61de19ca,10909,851
c2d82aac-96c5-459c-a800-1bdfee3ad1e8,8290,773
71ef0fa0-d854-417c-96ab-debdbf5d2304,10226,823
2e1dc952-aa56-4048-8c92-d79e49929cd3,2179,313
7204d3a1-7cf8-4089-9bdc-82f30e78721a,28884,1673
80823190-63e1-42dd-bcb4-16a0d756e52b,23021,1521
4b913922-5cc8-4d9a-bbd8-19d7f9fa0cd5,34058,2469
8c65bfc6-2ac9-4487-8730-1a0031bf19f0,20858,1399
ca88b463-0c3b-42aa-aa0b-5684dbcc62ef,10728,1309
27091922-c4b1-4545-9ea2-2e44910341e5,20649,1077
46264289-6b22-4cc9-b6de-c456fe3ffbd6,7113,334
81a8b147-a44e-48a6-924a-e92719a72425,143950,5388
e79255ed-14bc-4f32-96c8-633e14cb2627,30198,1981
c03fceec-a909-43b2-b049-93b8708f4448,9580,918
1d25e697-096d-43b1-94bd-74e0619c5567,505238,21775
ad35e71a-b119-4856-bc87-a022ac6ce376,9833,807
a2ada2c6-d8c2-42bb-a71d-4e5ef3de49fd,693772,25794
7903b54d-b1ce-4061-91ef-4e8b25fbdc33,257061,12994
a8e89f8e-1ed7-4aaf-9f87-31b8baec1133,2773,252
0e737965-9a77-4ff7-8893-c38e2845e8e6,9828,904
17759086-6ef1-436b-84da-1511e9edc3af,2916,314
30a4d68b-e6b4-4c73-af6e-9d09a41239be,5422,606
c1151fbd-6cbc-4c8b-b286-235a1869e56a,1336,274
8869261f-99f1-4cb6-97c4-60e653ab0514,8360,920
03d1ff41-771f-46fc-85c2-921ebb4561cf,10369,1175
cd4483aa-38dc-4035-8b00-1cf0f8577610,11616,1444
97205704-b75d-4287-b1d4-ce4ead1367c1,71647,4960
9442af08-22f9-4409-b868-7a6f14aa8215,5007,405
48249019-82bd-4396-b047-90f82565e9da,3196,472
9395bde8-821e-4338-a45a-d0b54cf4cea5,600,149
8cf2cf86-fb95-4a93-be6b-37d98d3df506,459844,22970
dabf4e0b-57e4-4db5-8fe7-080941cd448a,5161,719
87fdafba-3768-4728-817d-3a7e334fbbb7,2185,333
f3b75124-583e-4b97-a044-5761207a89f6,3144,423
32067b26-13eb-442e-8735-8bed71dd929c,1265,194
b12ef43e-72ad-43d0-b216-a8cd32f78852,182980,4154
ae9bcaa3-db88-4680-9bcd-1b6cd19ce690,17062,1383
cf3640ba-6d62-4528-809e-5d4e68eb5197,4568,318
e294d11b-fc47-41a9-b38b-3205c34d17ba,155559,2929
62c2cd94-30a8-43ed-9d06-8f689111c69c,692857,32508
ac0d913b-cdd7-44d8-b1d9-a2c03ce3fb74,31156,1923
ae8453f9-aa1d-42a8-8c7a-ac13dbb3db4e,12058,1163
d4b96276-2ef0-4bcc-a87e-8d5c80a2cd79,9725,300
a2215290-6d8b-4779-81f9-3dac94a1e60d,8784,862
59a2e877-0571-40c3-a405-2e52b170fa2c,427119,17610
6889a442-5ac2-44c2-96c5-7234e4cd3910,382,83
da67be24-a59c-417e-af8b-014d4490e2b0,3381,453
ff548612-62e4-499e-acea-9e538cce06a2,2216,365
c8a361ac-d90a-4d19-b846-8cff3f7d5a59,851,173
42fb6c7f-1dfa-46e0-8ad3-cdb30087007d,4268,664
6558a576-1e08-48e5-bb13-daecc7df6f10,7458,729
145f4a21-2e2a-473f-9f32-880d0b9ee6f3,7129,641
478e8796-4a97-4bf1-84d9-be90a8324c7d,3657,461
cb6a4729-9666-40dc-8c6d-c2ce955ba43b,13318,1391
bbb60bed-81eb-46f1-876a-1f150c4875f3,12762,1237
9afea528-3b9b-45d1-b603-30e33ddf4885,24710,625
33c0ce04-11d7-4029-b652-11d6dd5a6325,4407,619
1ac8b762-cc99-4dca-b660-d0029015b136,6754,453
4933ce6f-d3e7-4327-b0b1-543560b4d186,7290,668
f64e7230-754e-412f-ab2f-251da43b5cf4,15757,1172
1017c0b1-8219-4527-bc09-b32991bb8748,81005,9776
c688701c-33a6-47f7-a374-4aa8d547c274,7593,568
6744b49c-0d8d-4405-bca9-900ca7d12897,1593,212
a0a72f78-4ae6-48ee-a8eb-d3f91b12e1bb,2616,384
d4bec885-e109-430b-8e33-e91f9350fe48,25509,1647
5ac673a5-34d6-40ad-a1ef-463011c3f594,19750,1137
a9cf7208-96ef-4b24-acfd-48f361b10f26,8873,877
170ad5fe-5d69-4120-b5d1-456f9dab7a98,6569,809
398171a9-d989-4b96-a4ce-ca3432929019,1030,183
3daebde2-4630-40d8-be75-438edea4b281,355190,13820
3cf6161d-2288-492a-8362-1fda227e87d1,13828,782
13e2db47-3010-48b8-a8b9-667551f37119,227298,5499
31058137-6997-4c03-924b-945d6681f3e2,5791,1000
0f8e898f-3877-4ee8-a7d2-2ff2e706028a,7064,733
ecf5ab37-019f-4cc1-9fdc-218de6a41b65,746398,22130
7990aab7-7ad0-4e49-8e01-493e300c0604,5838,491
04376c7a-6468-478b-b690-6efbf9a97bb2,31215,969
f9de3127-6166-42b0-bb68-4b69f9ac1189,26439,1316
aa09954b-67cc-4403-a4a5-3bb8bb4a9d6c,4238,414
9c075d9d-52ed-4e16-90d9-ffc2ae9176f3,3613,291
b34b0221-4ce0-43b0-bff6-fda8ca7cfa10,33104,1503
7fe87392-a8eb-48bd-bc68-f9ec796d8e48,61,21
3e0f9c8b-934e-41cc-8efd-462e2ff0b9c4,3364,379
3b980116-7e02-47a4-9fbf-37a4252f2fde,895,82
6ef6450b-4d05-4983-acb5-9a1c4d35b709,4590,543
fdc02f05-1c29-4c48-b91f-aecf4bf818a1,2354,346
da30d6ca-afcd-49e4-a6d2-43320d484d94,653,130
ae0b0c4f-5423-4d28-8274-02c853326574,1040,232
a47d8907-bd32-4c5a-a45a-08328c72c303,37614,2315
d909c383-5063-4c05-8006-acaebdff142c,89938,4844
6efad11c-28b3-4001-ae9a-c5ffe5cd429b,16430,1237
16125769-9b5e-4b0c-b04c-d6bc0bb59426,54495,1692
5f36594e-4d67-4714-a7fd-a4f6d99eacdb,1232,197
511f2d71-e859-44de-a216-c02c22d2a32d,2587,242
ede96d89-515f-4b00-9635-2c5f5a1746fb,293036,13014
c07e21c2-49bf-4982-bcc6-7d3c8967ba11,6066,563
cd11afeb-39f1-4e8a-a370-4b2dc6ad15c9,10074,777
de7d7191-5ca6-4e19-a69e-006a09a63df2,69555,7308
95c86ac2-8551-4302-853b-57aa1c128b43,259771,9148
317d2bdd-51c6-48b9-964a-079207c5160a,47796,2187
0e6876d2-d8d6-4a40-b076-10eb922e18da,6804,560
447ca727-148d-4495-a503-23b1c705d9f2,4675,555
da3719b8-229b-43ed-9a9f-8c156930ac7b,29441,1310
e931a3e9-483f-4b65-a277-fbf4153d884a,31583,1807
6ba775f4-c25f-4f34-94b4-8dc3a1c854d9,60772,5037
b08bc7fd-a9d5-463a-b8bc-43b5fb0fbad6,437,91
b0196f25-0174-4f93-b46d-47293f1900c6,6577,757
0361a8ee-a030-4a9d-8eb1-e1dc2f5fc24a,4094,421
39e5aeb0-b428-4d5d-aaa3-8f99d34fa923,2353,254
c112d733-142c-4bc7-afc4-5d813c2b75a4,2834,320
fe5ca918-269a-42b7-a8d3-6a7619492fb4,215,102
420d6371-31ee-4254-8d98-d3f66d50feed,151080,9733
ad04bb32-4377-4538-b941-a6abfc9c14dd,90913,5499
12e61c13-aa7c-4cc0-b139-aa2e7301b417,34081,1803
f65498b7-5c06-4bb5-801d-885595fc8bcc,73574,6144
77b58552-5965-4fa9-a97a-b5b82a599307,1377,324
e4532be5-1644-402b-a88c-17a25ae94596,15722,517
2d07209c-3847-4186-be6d-e19ef0157393,17739,1142
cb503c6e-5c74-4530-af92-092fa5fa183f,6755,689
138c652e-4f23-4368-acb1-ff9f5bcbd5da,33914,2421
cfe38d5c-dc81-47c3-a1e7-bef6daedb837,10302,826
7629c274-c67a-4a2e-9abd-b234839f1541,9359,799
f5408d6d-08cc-4000-b9b8-b9888e94d972,965317,23103
3268f062-6e76-480a-a384-e1dd2a276afb,109281,5218
8c332797-2784-45a7-9b5c-3b86f07a03de,688603,57596
028e1863-cab4-4a3d-9dd9-91c682c91005,2972649,91717
16c30e33-0f97-4146-9bec-dc21d074eaec,106612,2842
5a6f3306-f4e2-46af-9a19-6fc6011485ee,43479,1390
365ebd05-b209-4bb2-a7e7-012e899f0f45,81415,2410
a9965383-6bdd-49a3-a4bb-4f8008b9d80e,1217399,25273
6d3c8710-afdf-4c99-bb7c-c53d924b8254,67700,4029
2a5cce88-4d95-449a-825a-0b85c416c92e,38333,1956
4baa285d-ed96-47a2-ba41-e3d4006f208e,86720,4348
b14d8d34-6041-4fda-9557-eb7da046041c,41609,2712
7f59fef0-82d2-4d1c-bdfb-cd29072b341d,63252,3427
1720ad4c-0a59-4626-8f9f-e8ae8bdad81a,1105,214
87881c1e-f2a7-4a0b-8aec-d90a783a1c6f,24289,1671
b1f2957e-9019-4b6c-9e3f-989e3e366fc7,625,77
b6a0bcdf-e299-45b4-9eb7-ab048d95fb58,2072,182
e961df60-3c7a-41a0-b69a-e7381b3a3c0a,7764,829
cd15e208-6146-4c1a-92b6-344144b07afb,2589,236
1fd2a3aa-79e3-4653-bf26-4fb4900e5d2e,4289,373
e25652b5-73a3-4fdd-b416-39430cfac89a,10027,1098
01c9eb45-f74e-40bf-bd15-02cc6f6fccbd,8691,521
1af32dd1-893d-43f3-8e09-af38a902d56f,174899,7184
b3bb82eb-df15-4304-a0b6-31dfe5f4adde,2637,182
2b19e42d-2332-44ba-8a62-56286ee10c36,20103,1638
20e597c7-163e-408a-a410-586798964d2c,3221,223
39a19ac2-0eef-475c-948e-b5378b6f37fd,564,186
a230c49b-9a1f-4159-ab7a-3d06294cc059,803,91
ce3bd85b-e6c7-4116-b83e-b5447038c50c,16861,1532
62b7f4ea-ec4c-42ef-9d52-4c1a1b21cdfd,194325,8665
742d9597-3da1-40d6-a6a6-b80290bb8e12,218,106
abba621a-231e-47f6-8c36-bec2088bc236,40,16
e1772c0f-3875-4bf4-8b3e-65d9bdba2950,46654,1168
2de16d00-d8e0-47a4-9e46-deeaaf363b44,9325,1008
83486d86-d662-4720-89c9-5d3c792bfeaa,99,42
2d302e00-b4ed-4ed1-a719-4574580a681b,199774,6844
148ddea2-6839-4354-8e2c-5dfadf136b7f,14512008,193487
ff722000-c318-4619-a3a1-2ceb76d0d4e1,3949,408
78c95c22-e8ab-4099-8114-0741a775f972,64302,4453
4015c4ea-fade-4caa-94fc-128f3624277d,54249,2204
19123daf-fb7c-4865-b20d-4a38a91704c9,3275,348
8e4ad58b-de31-47e0-9a7e-da64a4575858,27566,1997
7798edc9-5dc4-45e0-92e2-4b48cb021aab,545,54
7746d775-9550-4360-b8d5-c37bd448ce01,417942,8046
89b2959b-a1e9-4ac8-bd8d-4e2c085ab0d0,103547,5812
f376befd-492b-4fc9-9bcb-8485f6449431,145370,6104
7d2f6fe3-d2bb-4447-9be0-8b0eb08657a6,218,114
082934fd-825a-4b64-9e50-639040915937,61,17
825d098b-717b-4c2d-b2e8-b91aeac1b1ee,2529,179
7a38eea1-ee60-4dc4-8b11-4a26a811cf5a,28764,5382
d9562589-942d-4971-a030-77df0503366d,1065609,17315
5a8afec8-b20d-4466-be51-f2512d22e19b,12451,1163
b942e1e0-4071-4b0f-9a34-d4fd4817f6aa,91,28
9d16d8f8-2b58-465b-bd1e-aba28e12de75,99287,4534
e29641cc-3658-4886-89d7-3a146d2d3d75,11814,1812
4c9893ac-509d-4457-bcd6-b46aedc47aec,4323,382
86d6a758-1ee3-47fd-9d66-db928eeafb64,45679,3860
e256d9dd-795b-4771-9e0d-b02ab9db75a3,455796,16413
e2326384-a560-4742-8e4d-298b79fc8250,80439,2707
43c9816e-921c-468f-9e61-4dad6f6fe9fd,3736,1131
313b3031-6d02-4eb9-b714-c510ffe4852e,249,42
17327047-1fc6-4eda-9f9c-baa4ed37b233,113,42
f2f67a7d-8911-495f-83fd-99242a131679,25332,1582
e1d175d5-e464-4101-95c4-6ba11ce8e750,793.0,140.0
4b570f28-2c66-4766-9f52-f2c637cce623,12276.0,1039.0
69c0e0e8-d284-44bb-9e90-8570ae1d6083,3797.0,582.0
da392a43-2b0f-4e06-a84d-dbb5008d088a,5926.0,407.0
6cb78397-5adc-4578-af6e-fc6013285ace,953.0,112.0
4a41c200-153b-4158-87b3-db0fea627e2c,49265.0,3986.0
c02c2519-015f-48c2-b1e1-dbf643c5d8bb,295.0,83.0
a1b2abbc-9a90-43b4-a400-694183f25cf5,28789.0,1899.0
31f7c78f-ecba-4128-b43e-65bdbfda6883,4789.0,732.0
40372fba-bebe-4edb-bcc2-25ecb0cec0a7,2643.0,177.0
bb724de7-f814-4751-b5cf-909b45a68d98,1659.0,76.0
52e4735a-23a5-4186-8f07-dbaac09eba58,4007.0,252.0
9e1fb65c-a9b5-4cdb-83fd-46d1138703f7,1907.0,89.0
bacdcc52-705f-4215-b32c-d51591236fa7,158.0,34.0
13df5d43-3777-4272-9de4-dac7108996fb,10752.0,1079.0
bb033d02-c09b-4127-9fd8-beaa36b05da6,327.0,43.0
ede15fe4-0382-4460-98e0-1137117927fc,23.0,5.0
f28df039-c2d0-466d-8c9a-01a8510cf1d8,6323.0,516.0
cca94014-3243-41e7-a49c-9373a14f0330,331.0,41.0
21ebe893-c9df-4aed-a8a1-4ffcdc85c221,172.0,19.0
3e33b91c-381e-4d21-ab2e-d4086f124cb1,133752.0,5972.0
34515773-1e61-4c11-a867-77cc617fa9e7,8093.0,959.0
ba503a17-848c-4773-aa58-208f4163124f,148713.0,7346.0
88bdebd2-cb54-4b1f-8371-93b9127e2df2,122.0,25.0
5167695e-3a2a-4311-9990-b7e2d13686a2,20023.0,707.0
3c65c035-7562-4d00-b485-d2ade38b6b56,429.0,94.0
030631a1-6cae-4050-ac0c-6854199fa93a,38163.0,2061.0
7f237845-7ecf-4cc8-a7fe-223d15137fc2,1274.0,97.0
6c342bc2-e2e5-4755-8742-d443a1109c37,53651.0,2053.0
b052b4ec-6f99-4d22-8e4b-1f9231084c9f,1947.0,305.0
2a13039b-4877-4f29-8223-d8850953d447,410.0,82.0
8414d1a3-8db5-4d11-a766-62d56d240872,,
8b57cb30-ce37-481c-9d65-f4f93ab4169b,25882.0,1945.0
a82a835d-2cd7-4444-89d2-2869849f380c,16927.0,1000.0
44bb0129-80b1-40ec-8c98-348a0aa7862f,6541.0,750.0
4730a989-8cf4-437b-9825-135f01644eab,182123.0,16163.0
7ffdf6af-0b1a-4ace-a067-970f0a611d93,44401.0,4393.0
55118189-91bc-485c-99cb-d76f37b4810d,410.0,36.0
08def6dd-d171-4013-bda8-ee78dc4d2961,1252.0,82.0
2999de27-118d-4506-b7c4-f49bfc20d840,8676.0,351.0
e27aaef2-a487-40e6-ba01-432c2008fa92,10704.0,854.0
32967245-ec7f-49a2-bf9f-3ed659005ffa,2219.0,559.0
f605fedd-0139-42c8-9144-be39831a295a,8861.0,1112.0
7a7e6206-f3ee-4cf3-8ed0-192ca2b0f1f9,763.0,329.0
de466347-0526-4c88-b8ac-589c2fa100a5,33292.0,2033.0
994c553c-f56a-4f09-9621-ac4597d1901f,40078.0,1602.0
70607436-ebf0-4a83-af43-650308b3502f,13019.0,720.0
46b28e91-2b6a-47a4-babb-db2dc8d0c3f9,494.0,10.0
9adb9022-257e-4022-9395-989d60247347,3796.0,282.0
ccf7e67f-ecc5-4a27-861a-a039fd141627,99613.0,3835.0
d35910d2-e04c-4a2f-a8f9-3dd2483a2a2c,34430.0,3890.0
2dc758d7-6776-45d1-b537-484249bd265e,474402.0,9365.0
fd5e9d25-d63a-4b3e-8a90-4d47caf7cf38,800.0,103.0
04feebed-0ef5-417a-bfa6-863000baaea6,9862.0,921.0
de09485c-4c33-434c-89e0-3303c9da1750,235888.0,5071.0
d00cb6a1-a7e2-4fc3-bef1-93d2b289b681,5342.0,340.0
aab35942-f176-4f77-bbf9-1d6aa98ccf3f,839552.0,28280.0
bca8bfc0-9d5b-449b-b713-914596f88d56,107689.0,5691.0
51e90731-08c0-4f60-89b6-5b78e5844de8,211652.0,5868.0
c16817df-0160-490d-a437-c128cbca9218,221760.0,16727.0
109958eb-a335-4c5e-907e-597ff4c6af46,13948702.0,248441.0
33cf3954-10af-4dcb-985f-9420d1fa4168,68907.0,4959.0
faabb55d-3c9e-4c23-8779-732ac2ee2c0d,2258475.0,81096.0
ad590765-191c-4c07-9d64-49633488e9a8,37399.0,2052.0
faabeed5-3dd0-4be5-aec5-e6486e68db2f,29332.0,1629.0
f3830a42-5c4c-4974-8ae0-bb19002629b0,35710.0,2020.0
20543896-ec2c-48c4-b6b2-507c6cbe9918,30392.0,2128.0
70f0e309-5418-49b6-a130-666e2f76eecd,4172363.0,71815.0
7291957b-c463-4275-a41c-a104c9e2337f,1181159.0,39795.0
5ab2cf34-517e-48eb-b3a5-34e1cbcd600a,1153583.0,30182.0
e1b23715-64f5-4b2a-bf89-20de44b8e235,208.0,69.0
2ad66473-ccb3-41d2-8756-b56680cdfe62,842208.0,35249.0
7e5cfc9a-e9e1-46f1-b81a-861b12049488,1254500.0,38759.0
5dca4d22-d6c8-4e70-8ca1-4543e43353c7,1280374.0,37615.0
15856215-cc51-4423-879c-9ac955ccb11a,677463.0,24964.0
b27229bb-5669-4e98-b4ce-0158b2451fe8,55343.0,3209.0
365247e5-db90-4d0e-bf2c-ca18b54fcab9,33671.0,1820.0
1d543e07-d0d2-4834-a8db-d65c50c2a856,2274815.0,111747.0
6bd7faa9-601f-44db-a2a6-239209f83156,717395.0,24869.0
d1393ecb-431b-4fde-a6ea-d769f2f040cb,435268.0,14998.0
34e10b51-b5c6-4bc1-b70e-f05f141eda1e,1367393.0,74126.0
3c418647-3aa0-4f0b-b043-306f47855f52,440587.0,18545.0
0eedfc95-e79a-4fd9-832a-cd816a0b3fda,3171910.0,86502.0
dc9fc068-72df-4f39-9329-bea481871900,2109.0,265.0
2ec5396e-4fe9-4918-867f-34370e012093,24935.0,1569.0
ba67b7da-cca7-4c3f-ba19-05349f0f7d97,12069.0,976.0
d8c85c0e-ad88-47a7-a1df-b70608c2f52f,22754.0,1573.0
6e0ae159-8449-4262-bba5-18ec87fa529f,2026162.0,60864.0
3ae70f76-ea53-4cc5-906e-d47a384202a1,459373.0,23713.0
76e78b58-f301-4975-8058-7f84d8360738,438083.0,25397.0
f2506ff4-4091-4e57-ac5b-156110732aa9,109822.0,5071.0
2f951906-5629-4fef-a260-5033151c162a,1096449.0,38500.0
c3d14b41-a48d-488f-bfed-ce0597bb0b1f,793341.0,61636.0
b779262a-e5c0-4ca1-b412-e2fbb5ea7318,13894.0,1486.0
63e8d6f9-e247-45c9-aaf2-e079cddbdd54,264472.0,26510.0
199affdb-93c0-4a9d-a4d0-26dc4fa01806,15009.0,1280.0
ab5d785b-ff87-48b5-b9e1-027e3c21ec0d,201708.0,7954.0
c1c02051-0305-4095-8817-30df19c0b79f,21966.0,1362.0
dbf94c49-0dd9-4f72-85d5-f548beb453f6,459555.0,18631.0
615caab0-9cc2-4c24-9667-f46894be726e,213153.0,14204.0
a0b0b576-d6bc-445d-b9db-70893547a4e1,8797,951
46510d46-ce20-4dde-b9ea-207e474353f4,45503,5038
406552d4-5ba1-4226-b7c0-367bc50fc767,990078,52417
513602fe-202a-4583-afb9-2a2aca8af55b,17435,492
09b697e3-a849-4670-ae49-e0b821a6271a,276055,16898
e0a60de0-22c3-4e10-ac93-3a385191bbf6,17063,1166
e01c3376-15fa-40d7-b747-5f219bdefdd7,4556337,93765
109357f0-eb37-4672-9697-dca8c83a61b5,131004,7781
9c3601d4-2630-4330-8a08-28c7354b081a,6834,1017
d43d12a1-2dc9-4257-a2fd-0a3bb1081b86,26820165,319356
3ae306a3-b2a6-4969-b59f-89f0370549e5,12882,1222
3dc9c919-508f-4255-b05e-0eed6a28137d,458783,18271
3afa378a-4a7f-46f5-b686-f41ee2287c0c,79726,7570
3ec17e85-9284-4f4c-8831-4e56c2354cdb,577846,21265
cf59723d-febb-4481-9b9b-3cb2c7f2a7e6,13654,1109
34cf95c7-4be9-4efd-a48a-c2ea4a0bb114,1986457,98094
a62e299b-4707-4ff5-ad53-d80b2b03319d,85794,4644
741bd697-e595-4e47-a97d-688b4b9e0df2,183708,10569
72c536dc-7137-4477-a521-567eeb840fa8,40600563,326824
0f87e42d-f797-4cc3-bec6-03b5bc7acaa2,1464,305
616d0491-00ff-47f4-bfd7-a5a005d2566a,4774,413
ec37ecfe-65b4-49a4-83c7-ee1ccaeec2e3,197071,15912
c3a5d79c-b213-466e-a37e-01e1a57149e8,6261,430
80737f69-60c5-4c0d-9562-88faf8d8f2f4,277241,13911
2294c553-58e4-425b-8bab-bee01f2d477a,99515,6348
71d58182-aa37-4c04-b21a-efe46ea0f221,181438,9059
28955336-2348-488a-9381-e3a7b0107343,691406,34607
efe7d853-d381-4887-be9b-dec26ff27705,15638,1114
0c75ddc6-2b5d-4b01-8c99-3d9479a14683,254826,17224
0fed966c-27ce-4866-a122-06d4133d8207,14456,1291
0be325a6-3c6d-4e3a-97ed-e59539b1014f,316562,18316
613260c3-d620-4645-94cd-33cd55f29b1e,548478,33828
9647191b-5891-4885-bccc-f6bb9b200a6d,157326,10479
d211333a-22eb-4be7-a2ac-ca12c73646db,415093,14672
82ae1c4c-459d-4bb2-a66c-b4df6c6cadf8,1756,286
7ccdfc16-1b38-4368-b286-13e0c8b0bd0e,89127,6744
f46bd570-5768-462e-b84c-c7c993bbf47e,6520740,195513
c20ee61f-071f-4e65-9c81-45ee931a54ce,165902,5347
8fc17bc7-e82c-4ab8-9a80-29e5c172bf2c,3065,285
1a02e1e4-000e-46fa-83de-f3a36674e4fc,419074,38278
ada86294-d23d-4e54-a764-570d090f0d8e,11612,778
f6679d2b-18fc-432b-9782-9f9b7a494a5d,5961,1216
b2c2d4fe-8c1e-44ec-8be6-ff500e105a90,1130002,79755
86b3d293-cfd6-41c0-b97f-bdb3d760253a,6016,561
df03da9a-c8da-405b-8cdd-ae4eec12db33,620,92
c6ada25c-8590-4b75-8013-883a8df55882,153617,9034
9c76170f-0d77-4aa3-b3c9-52f1ce07b9ec,299825,19929
f87b740a-c22b-4fae-9987-1f3e16f840c4,1005587,29843
56ff58b3-7a73-4c02-a0ae-70bebf3354f2,160975,7671
98b31574-fa4c-4cf1-bf32-681f7df45fe3,89930,7069
433e715e-1eac-47e6-815f-93797cfab7aa,15804,1855
2077273e-eaa1-4f49-903c-f286ededecb9,228908,6826
66980f96-2716-48e6-88c2-cbbb81b8e888,15983,1793
508f4f83-26dc-4d21-98d9-1a8c04d5ad4a,357891,18411
407592bd-6b6e-4803-80fd-f17e59446734,427279,26531
e48d32dc-18ad-40df-854c-49ea4d12d809,16446,1876
9947e874-ddd0-4e1a-b0d4-a76f6532fe45,97648,3402
0a623782-931b-4f2d-8d8b-e8bfc8b95cda,11114,1306
5046b0ce-4a6a-4103-8060-98ee8418aa2e,5901,627
f24df11a-7e35-4979-a4db-a3b2a170ce27,1015392,27868
2ceae0c1-a16a-4533-a827-6bd8f00acfed,3452,420
961eb4d5-df1a-4959-a6fb-039278927ac4,150913,7722
fcfa9543-e113-4ef9-9ef6-455ba4cbe7af,1027133,61623
0d8b0d50-e4cf-4da4-965d-f24c58ec3268,2972246,146835
36c98fe2-02f6-44d1-aa1f-0cdf7eb48289,4981,581
563201cb-721c-4cfb-acca-c1ba69e3d1fb,567499,48691
57976431-1a5c-4968-a422-b92c5e9b0d4f,611608,53452
aeab76db-be02-47a0-9fa9-f42e33c10954,6771,685
ba8520a7-e14a-4ba6-9ab5-1fab4d0a154f,11266,1023
35ef61ca-43db-4772-ba27-0489e9ebcb69,1626504,64270
4af3f131-a18a-427a-ae61-fe7302afbe23,2411,301
1aade430-6db6-4fe0-b0c9-cdb8324a2b7b,6580,734
b48f89de-4011-49c7-b25a-416c9acd1953,775,31
885f90ef-6bd9-409a-b2df-e165e553c68e,762871,53862
a17f19ae-b079-49df-9b73-f19a13c8dade,234,37
5623ae6e-fd11-48d5-8a03-7b2e89d865e3,19795,1484
f1c5ddbb-5790-4b17-869d-d20aefc480d1,2074,319
252b5d32-5bd5-4cae-9d48-6aafa2145c33,121471,14150
9467cf44-9748-4ec4-9c13-fda59abe450c,618,57
1aa9959c-a1bf-4e3a-bd57-07baa15e3fa0,13822,1013
0330a83d-f61e-4989-adb3-afce3943c3ba,469402,31879
34e6130c-361b-49c5-ad17-61d6104c8d3e,146978,3825
18a33653-bbaf-4aa7-884c-73f02a7a4515,495079,34992
f2c9b079-fc9e-4043-9bbb-e68d5d5c5dbe,9742,403
f5838dec-e7fb-4007-8348-5e6a65c2a64a,4132,285
39ad6072-5807-44d9-85f8-0a31bf9c3561,4129,544
f45da029-7b00-4bf3-962c-0eeb20309cc4,1757800,44332
80f71f44-b3cd-4386-9768-b3398180f708,134975,17286
195ddaa1-f1e4-4960-a107-58d26cb058a2,443301,21188
9092d8e1-9b38-4372-a96d-000b8561a8bc,1037187,54547
3248ed2d-bada-41b5-a7b6-ac88faa1f1ac,2305853,65232
47ac957d-1078-410a-9b1d-803bf83c1b87,26899,2514
2415e269-6c50-437a-a7b5-fcc7c6109974,4431,511
e45692e4-69f6-4493-888b-7ab89d21d0a4,245973,12261
0dbc9bc7-4506-475e-9dd7-97f83764f529,22741,1240
c021780e-b6f4-48cf-8c4f-44a18f72dc50,142710,5402
f5db378d-81c8-4f8c-a7bb-b554877732a9,9785,625
6d3879d1-6d3d-4d04-adc4-3b3d94b7e1ee,53,15
0c92f735-169d-49ba-8379-c7ae06b09033,8037,1091
779d1126-e48c-43f2-8b51-005f3b116d7e,94642,4828
36bb2418-3fa0-40c6-8805-a15498aec764,42275,1850
e7f70247-bf9b-4bf2-96cc-433c6700ada0,19543,1272
346a186a-79bd-4894-aa4d-afa27f273a16,43224,1428
4d53081f-717a-49b6-99b6-bb14376f866c,13017,602
72ca8def-d17f-418d-aa0c-1ee8506f4048,1608,108
02e271ca-ed3b-44ef-88cc-7971d8ae6a76,883,45
63e42c4d-88b5-4d4e-b3a0-1330c14a6954,43833,3943
e2529584-b250-4a22-821c-16d3d8120978,21697,1541
9eb2030a-c311-4cbf-a8f2-c57a58aa18ce,21159,1348
49bf0641-e3cd-462f-8aab-5346ef213b01,133884,8454
f8ff1433-76aa-46e4-a260-6abca4bb6d74,1059,175
4382b934-64c3-47ac-98db-65f26d845c48,683791,62912
f30118c5-f783-4969-8427-f3c096378267,683480,23746
91ae4a57-9b9f-4763-ab4d-26ab1988d04b,3456,326
61fd79c8-4024-43e8-81f6-76e36a167746,3255,407
639a9766-297d-4053-821b-91abb3e4d275,12726,1611
1089f50b-10c3-47ef-8b21-b0b899c827d8,59821,6195
c81d48a8-5c86-4160-b3d4-1275e7ba3212,78923,6577
1b69a7bc-7563-4aaf-a859-8b6050a7a0f2,59603,3450
c234fa42-e6a6-443e-937e-2f4b073538a3,6659676,174836
122d63fc-8671-43e4-9752-34e846d62a9c,23806468,273010
c3da3346-2643-48a7-93cd-011f6834b3d7,3184636,149671
91a81925-92f9-4fc9-b897-93cf01226282,768078,17418
31445b1e-96f3-4c7f-84ec-dd02e647e690,711978,15185
e5712ceb-c37a-4c49-a11c-ccf4e21852d4,585924,12941
f4fdbb4c-e4b7-47a0-b83b-d91bbfcfa387,2799494,27580
c0ef2ba5-a7b7-40ea-bd27-30acccfcac11,372294,10037
525f1f1c-03f0-4bc8-8dfd-e7521f87631b,434775,13660
5df62a88-cac9-490a-b62c-c7c88f4020f4,1109851,17834
1138a764-2212-4d0a-b02d-0dc14df91e08,5166731,199859
6f1a58bf-9b1b-49cf-a44a-6cefad7ae04f,1672728,22422
2f548675-008d-4332-876c-108b0c7ab9c5,11187345,236667
c85cfd6b-b1e9-4a50-bd55-eb725f04f7d5,2872648,131954
33ca19f4-18c8-4411-98df-ac23890ce9f5,14084245,215628
b7d92248-97e3-4450-8057-6fe06738f735,526842,14353
302bd7b9-d012-4360-897a-93b00c855680,7863063,217770
eebb6d7a-8d3c-4cc0-a101-9d2afa188147,1865,369
d6fe4d1e-6395-4c23-a9b8-7b9e5928b2dc,11288,906
301b45a4-b8b9-410e-8344-4b4eaf96691a,552610,16042
e3d5b5ec-101a-4529-9f2d-01dca64cf44e,298659,12241
afb680f2-b6eb-4cd7-a70b-a63b25c763d5,10113139,212866
38d363c7-fdcb-4308-9474-a0d14ab8d9b7,2231994,83718
3377f3bb-60fc-4403-aea9-7e800612e060,1707364,19358
f0602f55-1770-483d-89bd-4bae0d0ac086,6166677,153283
d8b20d45-4d9e-437b-b5da-fbb27d98f8eb,106287,5371
37d0a847-32d3-480f-bd1e-101f50a3d332,5051900,72630
5a85c140-dcf9-4dd2-b2c8-aff0471549f3,609927,20942
add5f522-25df-41c4-815e-0ca9f60b83e4,526512,13187
650e7db6-b795-4eb5-a702-5ea2fc46c848,51965204,314069
6ace0f36-0d27-4b6b-b147-0d08ae5ca7b1,22253,1800
3e1f2ee4-16be-4406-bf18-6173840cf2b1,372805,13366
e4bc69e2-a064-4f93-ada1-f7f209cc1cc3,1532126,41402
faf4cefb-036c-4c88-b93a-5b03dd0a0e6b,8072199,89928
6de0f914-3e60-4418-be3b-42e0feb6eb4d,2712923,104943
db8fad3a-e131-47a1-8782-c2ee93708cdd,476090,14759
3260ce89-5eb0-4c6a-89c7-379c0dfc2ab9,314178,11763
6e019bc6-5c23-4935-94f0-4a896631d846,3781659,62972
55e6074f-ef78-4ec3-8fff-bd1b8cc8c14a,159929,7295
75be165a-ad83-4d12-bd28-f589a15c479f,1620858,84394
830e5c4e-6b7d-431d-86ab-00c751281dc5,392963,11246
aabb1d9f-be12-45b3-a84d-a1fc3e8181fd,5429780,132507
f7eb3be3-1065-4a53-94d4-e2d0c15c0b33,1450630,98286
985f7e6f-0a7e-4de7-b9ec-a5dac63cb2f7,303375,10452
1036b808-f58c-4a3e-b461-a2c4492ecf1b,10157363,181133
97e69730-3791-423b-9770-287261588854,307532,12290
54fc0558-12b5-4854-9d57-9441bcd73a72,598810,10651
7e9bd05a-117f-4cce-87bc-e011527a8b18,8880905,129685
8dd98bdc-80ec-4e93-8509-2f46bafc09a7,8119481,215395
eb90c8b8-d733-4c14-a293-105c3d1ba9b3,337477,10914
c5a73e97-82ff-4b97-a9f7-49b1f799cb87,65546,6334
78a19169-ac75-4868-b504-7e2e073118e0,140915,8665
5b64e344-b2fb-47bd-bd7b-4c793b17d472,1640983,78158
01b8b5bf-06cb-45da-85fb-61ada72fcd69,538550,14734
2f3c4d70-0462-40da-bba3-0aec5772c556,412318,13832
9e8a4e92-1598-47d9-80f7-646802abce76,174778,9946
d5be5333-4171-427e-8e12-732087c6b78e,5930119,223976
3bf30073-ce4e-4207-88d2-ad83677b0387,776600,55873
edf81f9b-d3f0-4d57-9636-d08e851b1640,129942,6532
be389638-e74f-46a9-83d2-91ee3ce1fb0c,108768,5925
45a663b5-b1cb-4a91-bff6-2bef7bbfdd76,42483537,250603
257f84f9-a920-40cd-a810-3e48c57d275d,350357,27093
f5dfa020-ad69-41cd-b3d4-fd7af0414e94,6471668,141641
163218c2-9e0f-4d2d-aecb-ebbdef6aab70,236309,10590
2f569e60-0a1b-4fb9-95a4-3dc1525d1aad,6244906,139628
95c7dae9-682a-4e00-b707-1fa24a924ffe,135051,4744
373f5bcf-f1ce-4515-83ed-0b8ed636bc14,164866,7499
28aee606-d7a9-4b8d-b234-dd5e0d99c259,39108,3722
38f59974-2f4d-4bfa-b2e3-d2696de1b675,1009325,28949
79239441-bfd5-4981-a70c-55c3f15c1287,33089409,282067
1c68773d-b1db-4529-b9ac-51810ced1a19,68909,4404
134e6410-6954-45d1-bd4a-0f2d2ad5471d,587346,18182
17678771-5799-4017-851a-319f25b6948d,192566,8942
859d0860-d480-4efd-970c-c05d5f1776b8,18706620,247405
1882fe91-cdd9-49c9-9956-8e06a3810bd4,1092683,17456
27bc6f5b-4585-49ab-8d7d-c62b59f5f010,136313,8253
addb00fd-733c-4223-8fdf-f78be2488acd,328639,27033
4757df70-6c3e-46b8-99c0-a68644595c9a,215796,9594
a4a01f5d-18e7-4571-8c3a-76ec0e24e2d7,5619841,169971
4593d49a-7f67-46ba-9ec0-126bd676286f,4513453,175102
e03cf5b6-d2ec-4465-adee-226b518bcfcd,1110387,53552
1c8fb941-4784-461a-9eb4-839e4470cd1e,31783,2983
b63bd4fd-2050-4c92-a237-576f6f6c97cb,29023,2450
efc5d365-a448-4e2f-9b5f-4a7c84be725c,161505,10002
eb07b315-9399-4e4c-8c16-3e97ec66d1ce,10920,1374
a5e271ec-29f1-49bd-b624-d8ef3863f833,12033,2051
610c3ea7-52a8-4c9c-80d3-d569ee829847,1531,370
d7641934-7dfb-49ea-b948-da0b12816b12,91236,8610
2f639ba8-11ee-4128-9915-2303afd30078,16795,2821
1eae8bc4-3907-41fd-b313-886632c56ce9,543391,30621
10c0c61f-b089-452e-8163-246f6fb71293,8175,1545
4d09a017-4e09-47a7-b274-a7e0767ac4e0,36250,3197
9d9f7ce8-e1cf-4413-b2c9-b90b69bc17f6,11332,1420
d0f61299-9caa-4e6b-8b10-2839de120b27,797648,56000
75ddd2e6-8e48-4385-b5e2-625626c8e505,5298,869
33b74f18-acaf-443f-a09b-64e4daae103e,10296,1368
9ca62f93-9706-4ecf-a887-ddf37c4a5419,1232,193
c99aa692-67a6-468f-9d97-b6e36c401f6b,31977,4300
492a5dc7-184a-497b-a82d-b1e8085f3a0e,23168,1448
14ed2fab-d941-4b56-a06f-fa1cc93c23d6,15217,1471
f581bd5c-68e6-4674-9185-b417ecaa060d,1085,306
c907dd00-0819-4ce3-8d52-39223f0d0c88,5191,539
9bcbf327-72bf-4a66-a6ad-5e990565c16e,13178,2144
72cbb076-2053-4649-ba52-eb4fe8826dd0,28769,4556
72adb13a-800e-44b5-9aef-5c7d8cb6a2d7,30217,3105
e5b5f58b-21d9-4fd4-8ed0-01e8eaf4b4ac,2469,438
abe41c91-3587-474c-8953-d6034d395a0a,31524,4395
83468752-0a35-4d9b-91d3-5e2544a816b0,3054,309
1a720698-521e-4afd-8851-49959b0965ea,29182,4302
01d336ae-7f79-496d-94f9-211b57517b17,208718,22228
73ee98fc-7e8c-465d-b42c-8772ebc53de8,141897,18422
8659a81e-3f22-4035-bdc6-8cf89ada7d50,2237,356
eb9ad275-dc6b-4d00-9dea-e60b02313a72,63226,3667
2bbcebe2-ab00-4f28-8e5b-58f6eeed61f2,51155,6058
ec03ebc9-33c5-46a0-a071-228cd3dc4498,50740,9519
fd32fe8c-2592-44de-84c8-daf40a4e017a,4950,682
4036b050-7a1d-41d5-aa1a-347bdd4c4aa2,1451,346
0fd0e5d2-16f6-4613-ad59-050fe0b1f8b1,130631,14457
a1b20750-6757-4bf6-8235-4e1fc45cc46b,141678,18407
24d478d4-11b5-454b-b9b7-90ec4529dc7f,24085,4219
cc416d17-54de-4fdb-9fc9-db59cdaf079f,180146,10090
4f0fe5ba-9826-481e-8ca0-db8cbd15e92a,482451,15159
c1a63ad8-3290-4553-b140-0357266277f6,258,29
9ea897f4-1267-400d-98bd-953e63f04ee9,775,163
7d04679e-a855-4214-9543-febaf02de725,26093,2706
c70a1a51-caf3-4667-b956-11e27a00fe37,198849,19771
2ba9901d-a867-4b55-8fa5-7377ea29f9de,20062,2469
6e1d2796-ab2b-4ed4-8cfa-1b7214a9adf9,40734,6863
e12db327-2db1-4875-a2fe-aece796bda20,59485,6862
439117bd-7a7a-4a35-8d97-445ed54fe7da,64290,2697
4f462247-4d08-4ae6-9580-aef32012929c,48743,2667
f483e8a0-baca-427a-b1c3-b06752ab88cf,3683,343
ba800215-62c3-4fbf-93e9-8008186af81d,12291,1159
855741dc-331e-44f2-8da1-3868f5c548da,8818,725
7cc385f3-333c-48de-b341-3d728de74973,390459,39152
f24f398f-5316-48a9-83ed-75688c26f9f0,1605,218
a6e38d83-ed5b-4ca2-b7f1-f7b579342400,343,73
56bf3f58-8418-407a-9424-3fa7f9726baf,7576,1254
773c2386-a3a4-4c80-bef4-78ee2ab1ae79,6533,1945
0d85b9f2-802d-48bb-aa85-6a9668869053,433538,39841
89304e0a-2b2b-4421-9dea-01ad3e76168b,116348,16110
2cf63af2-9643-4738-818e-71e3aaba7c16,4340,1122
238a15b4-925d-4812-833e-9014876f5e34,151,84
7cd64b65-9341-4b4b-8726-38f360dd4d91,12632,3005
34cc8d95-6aff-4ef7-b1f5-faad7f630504,66643,6811
0de2154a-6c01-4cd6-8795-78d21211d6e6,51449,5570
82705f22-a8ec-499c-8f41-8ee6b47a9459,176912,13318
1f3ce10e-df33-4013-8115-b779bc51aab1,12457,2402
c6e4ee1e-54bf-49eb-a89f-db04a6de5582,11640,2150
5054308b-5b24-45f4-ab57-d2a960b46a76,11,7
2d5fbbfd-27a7-4b74-848a-2b1f24fa1d0a,52524,9068
329d4f06-51ae-4ffc-89b8-c8a2688f16b1,9304,1316
0e98ba03-b70e-4656-8a15-3d2f4d784224,41580,6385
02f412ba-daac-430f-a934-6e897b611472,34318,6182
93dda03d-c1d3-42c2-80b0-fa71bc20262b,483751,32255
2eef73b4-a222-4669-9f2c-7284b076e9c7,212289,14185
69eabc22-9561-4f4a-8a37-3fbbab573d49,15867,2303
b08a0171-f0b3-4590-b4d0-f9ad4c72dd4a,172,78
d867b44b-6662-46e7-a8fb-11008eb4b5b2,4313,841
c8327cc0-54f3-424f-a68d-000ee7289a41,962438,39658
c0c3462b-8a20-4222-a9fe-2f75f468e733,44684,5409
b298ab55-7633-4015-a05c-0d333a8540e3,140823,13513
89c4d12a-62ea-42c1-b3a5-f51e326e1a9c,3228,974
3ecfd1e1-7417-4d12-b324-3217df23649a,1432,133
9f525d0b-3911-4c83-b0d1-e90aa1fd2d14,569911,36599
b9922a5e-24b5-4965-89d9-329fb54aa217,6904,1928
1a2c7192-06e8-48b7-91dc-23beb8d0613d,82537,22156
ab189bb8-86ff-4ca4-b7a9-c8a8d0303692,2,2
d019d96f-6261-40f6-a94b-c0bba2de20b4,29440,3488
74dca2c7-d7dc-4b13-bd17-502a35db042a,182431,22016
c0336f2a-610f-4b38-bc13-eb07393425a7,124688,20714
41efa16f-03e8-4a59-b925-6c6685ad148f,26209,3378
f2280d79-264d-4b27-b11a-9a77097869ee,11154,1676
cea2d669-dda1-433c-9184-a820a8898b63,9880,1231
0e30558b-54e5-4b65-b5b7-039938df3547,138,70
bf415dc0-de39-453c-b9b1-baf4844870d0,66551,5404
71d825f9-265e-4b51-8508-25cd7a681f01,38862,6476
d55f693a-fc69-42b9-8982-65d5bc486218,3979,807
fedbb26f-9d3f-4094-8fee-38734bef81da,26621,3794
d60fd85a-1de1-4d23-bad5-8e7c303a6120,125786,16093
bb31abcd-fbd4-4bc1-b460-9fc5352811b1,82640,7802
4e3bf1a8-33d7-4db3-82a1-dbd48eaec481,122547,11246
d0e97e77-b74d-4b1f-a84f-c3125a2b962d,60887,9183
e10cbaee-3952-4935-b915-5957511891df,9111,2433
5c8e2337-ed8e-4669-8509-4b8c50033a23,768,97
7e33cfe2-7e82-4d61-b8a5-ddbc8bd4125b,54130,5618
c14b4180-dc87-481e-b17a-64e4150f90f6,25039570,129409
4fd53e84-ffa1-4434-9146-3fab25ece7e0,4766249,44930
dbb3b771-ae77-4381-b61c-758b5b7898ec,9004440,68697
af8e4cc5-ef54-458d-a194-7b210acf638f,7627207,63946
31745282-b1ea-4d62-939f-226b14d68e7c,43284237,150205
cf8b3b8c-118e-4136-8d1d-c37091173413,7991023,76792
5b687684-ad34-4a9f-b425-0e7aa81fbd38,14210059,80842
f57e14e4-b030-467c-b202-539453f504ec,17571859,116532
73d71e19-832b-4bd3-9c6b-71e9a5c10bbb,1147,234
7771a9bf-a4c6-49ed-b8b2-339c7bdf4746,882,22
003ecf7a-01f6-4dda-a041-e71366e70c42,43687,826
2e8ac3ed-2a89-4377-ba80-790106aba554,2286381,33086
27ab2b93-6b32-4d45-b3eb-24e7b50178ea,17347,688
05106775-5d45-4131-aecc-1177f813ba11,6030018,70108
fb759bfb-34ec-4f1d-91f9-fd46549bc3cd,368104,7806
ba77cd1f-7872-43d6-9aa1-190528b3f43e,39642,891
4cda7e49-b8cc-4efe-a8f6-b294d812496d,75009,2896
70f5a84c-9b0e-4440-ad46-0bbb690c161b,16074,914
b5a31e9b-1fa2-45f9-91f5-b3a25fb38038,2803835,32030
8000598a-5edb-401c-8e6d-36b167feaf38,10147128,57798
d7ef0ea7-8241-42d8-93e8-8feedff7a5a8,4292,185
e631bb92-3e2b-43e3-a2cb-b605e2fb53bd,11927764,89439
c30ebe30-514f-4e6d-823a-19adf0225a56,3585175,42654
44042f22-7059-4a88-ba2f-c088d647919d,1428,27
40098a24-4a01-4e09-ac9f-b43b0715b655,17950,648
562ff334-c34f-45b0-a519-e5d171482df2,1362233,28270
2c6d1534-a569-4d30-85df-ca971da2f303,10074,149
97fa7dd1-4706-4fad-b6ff-e099a37837fc,2918149,38825
21382d3d-258b-4cae-ae73-fe2d2a1e9ccf,37423,797
fb0f4520-2095-491b-b2f2-ade4c3f2e5fa,3894,191
3df17d31-f9a4-4ca4-8570-c7d70c362b04,500134,8118
32e740e5-95ea-42e3-b5e2-29f6630488e4,1729524,20014
f38ebbf0-bff3-4f34-811e-39a6d29798d9,522546,10066
b7e442b4-30cd-4bd2-9238-032e74f7807d,196843,2933
c1f8e226-75ea-4fe6-83ce-59c122bcbca4,4575803,31846
d846000e-71cf-4eb3-a462-9badab2c3eca,555247,9720
385d80ab-cf87-46ed-b4c9-3ea8942993ef,731540,12058
2ceaf7ea-7871-4f04-8440-1419953e4c72,15413,566
cd7df2ab-c974-4438-b440-baf38332d7aa,187905,4639
f0b1619b-6b76-4633-9a83-85b11a17ad98,835887,12584
08bebce9-33fa-4ae9-9992-4e5d137d655b,1977208,22046
5a3bb644-81c6-4439-a0f8-2e501d5cfc61,72,34
21f3573f-10cf-44b3-aeaa-26cccd8448b5,5805766,49632
c6f4b38c-9e56-42ef-8408-9f34d73aed20,12830,489
18e9bfd5-db23-4bc1-be0f-5710e5d656e4,3630178,47321
5db9f569-cadd-4f8b-b460-d4031b0b3716,1947443,27955
a8d77515-f7b7-4d71-9646-8446a3b2a341,480399,11379
31660463-73ee-4cbc-b9d8-7eb585ff7622,63,6
a630b133-bcc4-4796-9a0e-685c68b1e6ab,714534,11958
132ca1ea-0891-420f-b129-50247bb144b5,2584857,24250
56471aa3-fecc-43c2-b4fe-7507950819aa,788176,15432
14962b84-c46a-490b-b6a0-ee69c78b2291,6262104,60312
6dd9b71e-2e2f-4a66-bfce-5e820589b390,1483898,18388
1aded574-9e16-4648-861a-24fd6f1c309e,6290676,59314
6d4da93f-6fc3-4aa0-9801-cd85a7673f0a,627006,10482
6bba25e7-c470-4917-9f6b-f8501d8caadc,11143,642
9b137ab6-5987-4606-989b-183cdb2d3e50,1851744,33544
98ef1696-cb7e-4ecc-be1d-22f62bb308a4,3964802,31998
43dc147b-a289-4e64-b115-6b86f9e47de9,3457576,30141
5bac9b4f-2f1c-4d39-8d11-231d5b6650ce,7657750,61633
56ba013c-610e-4d9b-98ed-c2ccff977a9e,3010642,31271
fa81de56-a40f-43b9-8392-c8f7c6ca7124,555598,10561
3aa56ae0-9608-4238-8e0f-c3976dbd558d,109368,2893
9a85a9ef-6397-4a59-a204-0468e44f3326,297580,6698
b0acce58-e847-4c9e-bd09-a204b965e74a,1600730,19944
d8d1b067-78bb-4db7-8f91-db2ff9a83ee5,10599636,71206
9d30e408-1559-448b-b491-2f8de1583ccf,12804812,71109
82a5b152-ee60-4447-939a-dd5a91cd7c38,5588304,46030
39822e8d-f24e-4f07-b51b-28b22e59fbdb,6989186,62253
f76167bb-c117-4022-8b6b-54c796edf5c9,1988192,27961
c054ea6b-c585-41eb-ae7e-4b0ca43308ff,2397269,36741
647afe4a-bf4a-4d24-8ce4-0974d0c39226,84,10
5bd1060b-8608-4817-93ca-207f7c828e2f,1653845,31004
f77e9a83-3bb0-494d-9c2a-c22dd57a190b,484513,8472
53f5c37f-8516-46d4-b66e-bf008cea9433,75714,2064
a4e812ff-f228-4ac9-8002-44c788facb98,20909,421
be33d914-c169-4630-9116-335fac9e6895,1031269,13449
9f336c50-ae4c-4440-bda7-958aa12bc15a,2696870,44481
00565b31-14a3-4913-bd22-385eb40dd13c,2972859,38119
27784398-3ad0-4baf-bf17-82b37fe03efb,1468839,21258
68bd8072-0412-44b1-81dd-807aa6c1918c,2668628,30795
dd05e361-db6d-49f5-aaff-91cb5fb08465,243611,5889
8f2dbc82-6dea-4432-88c7-afc9e9efc44c,160062,3529
cfa9ad16-ecce-44c5-ae07-cc340d0a9afd,602140,12643
ea01b409-1ffc-4cd2-94a6-50c9a8a08a26,19654,1062
b9adfc6c-acff-421e-976e-5fd3af7108d4,3747,185
a5f0f298-776a-4909-bc09-4fd56a680542,72894,2449
0884d73a-39f8-4e3f-b1c2-b7344e031283,190310,6746
ddd38886-728c-4cc7-8593-0c42edbef734,2740740,34485
81b3b785-0206-4e15-b182-1321ac6c1e6e,115,16
4d884695-d088-40d7-92e7-1f48470bb9fa,102564,1933
bff995dd-f911-428a-9f57-f0072671bc38,308272,9038
6fbd58c3-e9b3-4419-a197-0a0f22baed94,3147362,26640
cdddb973-07be-404f-9577-25dffe079f13,24778,1243
42004a2e-4066-4556-ba62-f88b9753f93d,42882,1350
10bf95b6-30e3-44f1-817f-45762cdc0de0,9557750,68663
d044577e-aa22-43b7-ab29-cabee5f6643c,6230380,49044
03d46d6b-adf7-4cd7-9b30-7c29063b06b3,260613,12295
f23d00be-5619-43aa-a9b0-b32b73e5ba4f,2424082,24256
91d51bc3-bfcc-49f2-b6c4-d6d205d6291b,2517304,32383
add25648-f252-444f-8837-08ac9fc48f19,40600,1026
d1322057-e047-45ee-a573-769b37a395dc,887208,19925
b64af6c6-62d1-47cd-ac63-4bd325e04d56,488864,10523
d6d9ec73-d0dd-4066-944c-20d4a6d6c7c7,1733701,22193
69a16532-cdc2-459b-8f7a-7793583d7290,29311,1306
736680eb-da66-4859-bc3a-9e340c570625,28772,1428
9cdbd17d-b671-4ef4-ac92-b8003d31a21b,1608,174
76e68be4-06b1-485d-b669-f3817dc3cac2,585927,12457
35f92c4a-69d0-4ed1-ab9e-05259db89d14,3386979,53646
1870fb43-50f1-4660-a879-bb596d1519b6,5526314,56463
efaefde1-e09b-4d49-9d8e-b1304d2ece8d,9887463,69953
e571db0f-fcbc-4ede-b5da-57b093b263e6,1659290,26202
9bc03d3c-d4ca-4780-b914-d1e7c74defba,3946,200
6e64cbfa-1a60-450e-81f4-c044c868ab24,8843629,60090
a02b1a45-271c-4bc3-9d82-68bb896cb5fd,3024485,43527
2466d2b6-29dd-434b-9ba6-256b70455014,4255,317
eb7c29b4-6951-4ac6-8516-4374fb51e6bc,384792,10648
292afb50-fa91-49b1-9118-7784543e920e,255272,7894
4a60824c-be84-44c5-8632-c0c2b2ff145f,2683177,38245
dec8d625-72b7-41c4-bee1-c653452dc86b,17413,774
f5561204-f49d-4e30-a6ff-7ed37877c4b5,21405,882
abaa4af5-be79-4456-86f4-0554939aeaa3,2259421,23358
95b6eca9-289f-4993-b788-172627220477,7869,471
d33c643f-bba4-41e2-b760-1275f1cb815a,367430,8641
6c9a6dad-472e-4a1d-8fe2-b49e52746b3c,354006,11824
53deed86-7913-4014-843a-7a2c147bdf53,22009,2058
bccda8eb-dca7-4e4d-88fd-bbfbac87df24,192278,4637
584b72a4-45f7-46ce-b440-e9ee579d71c4,3881170,44426
8a0e93e7-a7da-4d03-b9c7-c63aaddb58b2,124618,2599
619ce797-ddb3-4411-9e42-30eafe2ca5ec,1375428,20089
de22083a-d0ad-447d-89e5-ef9d3a14d8e3,102047,3159
8d08484c-c532-457a-a04c-2510da38744e,1554195,19152
2d35e66e-9786-409a-a674-44872a0a2db0,1483,174
53689c08-f234-4c47-9256-58c8568f06d1,15505,645
8a16dd95-a2b8-4679-8265-31b2ab250166,112,18
55fd865d-4a0d-4fd0-af19-7e6feb168ab8,2297163,42348
0b0b523f-e9d5-4f18-919c-ebf084a58c26,1802881,22601
c4f8b170-36cf-4774-bbe9-8d93d204a681,99002,2113
d50a4b89-ff1f-4659-9fde-f76f8d5b3c89,3950673,50577
8d5291bc-e960-428a-9004-b5ab9c171dd2,3789946,37770
38de9a21-447b-40c7-a0a7-47bd6b18fea3,489603,8430
a449014f-de9a-43fa-b271-786b0af10926,12078,689
549f5c76-8540-4fe5-91bb-a55bd01b53a0,653879,16530
b33356ff-7644-4c5e-b2b5-05004a84220c,84392,3911
5bb9b216-d852-44e9-8fb3-cfdcc6d6df83,460850,6617
cdeefae7-b8e2-4972-8730-4611013837de,30139,997
b9a20306-a4f5-4d3c-8680-e9cdc7e3af5b,4530700,36682
251b5564-6dcf-4299-b1a3-921885bdaf88,1598556,27584
5a92705b-5925-4616-b178-c3e60877aa24,188329,4596
4e58db08-8bdf-4bd9-a138-98beb1aa1867,7479,409
f1c2746a-01a9-4b62-a9c7-94f3bc53a9d5,23078,1190
1298e43c-e9d6-4ea9-b587-b2e67d75f82b,1372,316
b2fbb0b9-3b87-4f90-87b0-2ad696ac1fba,369,38
a65d1a46-1c80-4e31-aeae-2762383d5fc1,343990,7692
4814efa3-69eb-4d6f-85bd-5b05d91f7188,1468661,25756
10045d18-3297-425e-a33a-5bf51ce25c5d,148443,2839
9c111e47-e8fe-4a21-b9c3-c1869c701d34,311731,6345
ae400a56-6d51-405b-af47-26a68713ccb3,572198,13123
8220be11-9ee1-4744-acf4-dc89c3722a55,64667,1041
37c5b173-9a5c-4dc5-b636-4c4844a53a95,661898,9504
89c3e96a-9dfe-4264-8995-4e5f9b0fb358,103150,1858
ca9e8408-43b8-42a5-8b31-60832ef73060,26610,1206
378d41ba-9982-4fb6-a67f-6c91a30a657e,2171993,20706
17c922c1-8a4d-43ed-a5f5-f44a174250cc,3864,323
72c81780-1f0f-482c-88c5-6e80788a36f7,1314261,18569
a213dbe5-15d5-4269-9382-c86623ecf500,3395,349
c34a9df5-9c32-4bb6-acd9-8fdeedc971df,2083,66
1dbc1f29-19b7-49de-950d-e7b7391f56f0,929505,16451
114f8840-8704-4b70-9673-904d60ecadc8,907685,17276
6a9cf6c0-fcdc-48a3-ab2b-76b6cd205282,4857,303
a986ffff-d7ad-48e3-ba77-d7763b935649,143466,4889
99d6cff5-7cd7-4980-b40f-3e34aac44171,1180076,18796
1759d584-9919-4578-a106-51f2fa817076,332075,9838
10a402b7-0e50-4479-b007-9cfdd5eaa287,5616715,52418
c921f924-f0c0-45ba-b2df-2217795584d0,109366,3209
e02e390d-a9bb-457a-a22d-4c00f9131575,25647,875
a5ff5f9d-d699-45a1-b3e3-36715e0751d5,4477,279
7b615550-e44c-45dc-86bc-b0d3554460d7,10992,571
772d5364-c706-4b67-842f-334c77c2ebce,432195,9046
ff22863c-7d23-4c47-b41c-29c0d2ad999d,22621,825
61a12e16-137b-4e6b-801c-0ec7e6287bfe,306467,7848
7dba6614-d0bd-4950-8b7b-841b31c413c2,2131792,35591
4fe8361a-a430-46c6-8677-624562a3442b,1923,166
c4f35f4b-0716-463b-b3f2-40feede7b2e1,270665,7145
e0ededb4-6085-4f68-90f7-89bc560930a3,2660805,35498
f2839daf-c10d-4cae-8692-c71f5e68a97c,18492,658
27a3ffb1-b3c6-422f-88a0-463a497f2d6f,11592,538
ce7bba8b-026b-4aa6-bddb-f98ed6d595e4,4758636,57849
31f16777-c79c-4691-9e67-766e89f2ca2f,13971,1766
6703863e-2dda-4079-90ab-ef7b72d14881,28842,3261
74c8d750-b1b8-4d59-93b6-8916b60d9b06,56608,3675
6715e58d-41c7-406b-9d70-7a00d7840623,13845,1432
51cbf154-4b7f-4ec5-86a7-d269ae7d101a,44813,4590
ba8aaa28-2de4-4d5c-824e-1e9d49235c55,90807,5855
529c40b4-c57f-49e2-ad5a-201eb2fb4a5b,49075,3654
27b988e5-dfc2-4d92-ba93-c8ec87639b82,5151,1056
cccd1fad-a7bb-4a79-90d1-a2d7e1f8db17,44401,3166
aed0117c-d06b-4b61-bc6b-490e76d34d77,12283,1595
c2ddf453-e778-4579-8a8b-0688b7362480,10844,1466
44bc8a5c-1729-40ae-b3b1-8408251e511a,475,111
9b8548a9-5991-42a9-ba96-fe83bd238b7a,42719,4142
b8dc7618-293a-4f4c-a1b5-436e8af9c759,556,170
6b6a9b92-ee74-4a3c-91f2-d127911f8812,19143,1969
8c7692ea-6f9e-4f24-9b4f-b170df98afd7,49705,5891
abf5ba93-cd71-4ec9-b08d-de18da8b769e,41708,3948
f123c8ab-0233-412e-8fd2-7880c8a88058,6688,942
7fa03932-cd68-498f-aa4f-d4a6a2ce6071,29611,4262
bac7f942-8e94-4868-b3f6-ba66c75b136e,41041,4821
1ad47636-3d4e-4899-b89b-c1d86083c9f1,30119,3283
f43b00ef-66cd-4c60-9c81-2c55236b5006,60668,9569
62141b8b-a802-4736-913e-c29f74d9ef5c,41576,3519
6b31ce91-1b2e-445a-970c-ea7c67424b07,4764,905
1faebb11-9c72-4a6f-8886-351efcab991e,42734,4920
85fe7cdc-7ee4-4f8b-bd83-c00d56aca4f6,27633,2577
c611e5ff-cd77-4037-85f8-ee68e539901c,6335,1036
598ded27-65cd-481b-b1d1-173f03e459de,17022,2780
b394596b-9442-40ed-843f-f98b3d80c161,7239,1218
ebf57eff-2ca5-417b-805f-2c20697716c5,817,66
ec255328-5d1b-498b-ad01-1273f4d3f666,11424,1567
d59ac483-7ba7-42c7-af1d-237baa88576f,16394,2031
f81ace47-638d-4729-a155-1be48dc2fa48,68753,4269
665822a5-bdb0-4426-9d36-acc57281a533,582,137
8481cc40-aea6-43fb-9c1a-458e2ad2a929,3313,625
df70e9b5-e11c-4629-aa01-46893e97c215,6713,912
a996a131-7975-4a94-a99f-d4912e0bd427,11564,1513
d285d418-bcea-406d-9767-84ac6739f5d2,9861,1336
eead7215-59da-45f5-b719-62f349ef4133,43887,4287
505324cf-1264-4800-b681-79de6c4df16e,9767,1640
8dc5caa2-d83d-4073-a6a8-424e4243e69e,29078,3628
8a3f795d-2e3e-41de-8ea9-4ec56ff9f87a,59804,9379
489db2b6-bbd6-4b79-8f06-d5ddec231521,8519,1510
6f027cd7-c2e8-4569-8922-aa2c9a503e65,317711,19079
957146db-0f9f-471b-a9d6-8dc899de3f10,28230,4523
c126d61e-b789-4982-8091-63772f2e9040,2684,473
d3d639a9-70f4-4dfd-8380-f5099ef0ec22,2762,486
e3faae1c-8c03-4d05-adad-8fb7f704d8b0,4427,861
cb603446-d1ae-4e9d-b1cf-06a42dd32c7e,1256,255
fda0d2c7-03dc-4cb2-958e-0d7ede27fb0e,3097,675
62015eaf-d899-460e-a4bb-d7297e6a2e42,2194,416
ae1b2c50-d349-426d-a772-7628c7c098d6,15152,1770
812a9440-b8f0-4445-b6c3-0e3da0cbbe41,186646,6638
e2d1f228-3aff-4e6d-8932-032f4036131b,22321,3447
374a63ed-2502-495a-8e31-139e3ed7507e,53487,3755
7e3e0e05-e34c-450f-becf-b00572125048,29348,2959
dc71939a-416f-4804-b031-5749287943f9,106442,6097
252bc5e8-d8e7-4f79-af85-cb7546793405,14460,2153
8ed93f38-a6f0-4824-851e-2c15ac39d93c,5570,863
d6ae188a-1e12-47bc-90a4-ca0d5c91ef45,7852,665
25441822-c48a-4c46-af6f-fb03339d03bb,40932,3526
d0f31126-6b12-4d5a-a08b-c31af0287c71,13696,1948
66979f8b-ff5e-4911-a8d3-75308830d1df,578,167
219624cc-756f-47e3-9d5f-e69c2555fe32,5258,1090
068df31f-729b-4179-b82c-1d8aef61bd0b,8656,1076
284af4bb-aa7a-4b9a-a0ee-6c6ef8e4e741,7675,989
05b76bc6-7811-43d8-81cf-8fd3eaa81633,46647,8864
8b391c81-dc53-4b0e-aa09-3d01292496e8,109575,15949
272deaa4-4699-46ee-abe8-c63f495142d7,68330,3056
88c36329-925d-42df-981e-d5df479da2aa,19581,2806
1344f59a-37e6-4026-9f80-75de26e9b5c4,17254,2123
833ac212-c786-4d62-99bb-7a164083b658,22927,4161
6aa0674c-953c-4e85-80c8-ab7e1f398ba7,216,41
c61547d5-d8e5-4142-bf9c-7107c233eb6b,33948,8021
3d6c0a65-1cab-455c-9a18-52c6724f2029,66433,4388
c0efb1ee-e36f-4d52-971a-bd8ffec15442,19530,2416
141472ac-0262-4e57-85ac-2850a7793e35,10856,1502
2a31d518-4a09-450d-b3af-1a5856b8cdfc,631,221
f27c59c2-f563-4588-8bd1-70ab0fed4404,1218,267
7a2353c7-aac8-4255-b2a4-65b579b69c87,11706,2014
3d77f4ca-ef54-4934-a719-a1d463a6374c,853,165
bc1255d4-fe1d-4928-81d7-82281d77e0d9,61710,4948
748e8144-2636-4f9d-b2ae-2d743781376a,7047,1092
e609ddc2-c61d-49bf-8992-67976cd2c37d,57313,8277
e6244be1-0b70-4b1d-82d4-01e64305cdfa,4502,722
bd804804-588f-423f-9f62-66ba93b4a5a4,42496,4303
18f9ced1-cab5-4852-b885-e7e98e7c5df1,77652,4558
06f4a88c-72d1-480b-a786-fd41e534a876,51168,8497
dd64ccdc-8087-47ab-8774-a40a4c37a3d9,21066,4160
ad3d0af6-4356-4bbd-9210-1aa415be0533,9284,1262
f081ae3d-f05a-4124-94e7-fd801635837e,8083,1445
b0576405-a6a0-467a-b5a2-b55556033d1d,1760,314
46d1a355-aa4b-410c-8a10-7f98496a6eba,2197,132
f6900b6f-3d71-4a5f-b627-98c81951d360,17831,2311
b1f26422-c91d-4b04-8ce2-98d025cf6484,1224,140
5ba79f1b-3673-4218-bb78-64ce2e5d7cdd,15634,3458
b30f885e-5253-4275-9821-dfe37948be97,44202,10573
06196448-a090-497f-af55-e9e581e4ff5f,5612,1128
1292fb51-2c42-4c3e-b726-7e8cf0d51715,36406,3525
9ef751a6-b4cf-42bc-a1cf-37cc1fd30b4f,1899,320
57ebecac-9878-4b3d-bc42-c378c93c95c5,9466,2049
676cbcd1-0427-482a-a3a8-7b70e13fa251,55,24
57d66e62-b4ec-4c15-b2f4-d48504fc942b,199,89
05b7cf31-23dc-4955-8b7a-b7fb7667e815,1132,304
5da9fa64-75bb-4e1f-bb13-2f0eae6b40d6,23815,4321
078a98c4-d97d-4dac-9cd6-40d3ff85d033,1139,307
d5d791a8-6f35-45c8-b8b7-aa49f6361870,13692,2058
c715b509-6369-4c23-8f52-33f1ca58c346,5049,923
1310615d-0222-4e59-876d-e7d263f7e1ea,206764,24795
4984d5a0-34af-4532-84fa-e48df024d31b,30382,2867
fa1a340d-60d6-42f8-9dde-900d8b6ebfcc,6952,933
904572a2-c9ae-4840-8b5d-4a97ee6499b0,7199,1166
45644225-982e-4b76-a529-d8f9688e9a7d,281258,24186
6b00d7cd-775e-4d5e-8b22-c29273664d6c,189,69
0d7e5bfd-4b84-494e-8d47-cd4177ced062,14422,1814
003c6ee1-6cf9-40db-8635-7c6e4bbcfd57,1401,274
b7046afd-a7e8-4c43-88c7-d1ebec85781b,30788,4720
1084b282-8091-40f7-805f-c205ec307ef6,6899,1382
8a0a4b30-a611-42a9-8716-f530f99cb869,9654,1658
bec5fcec-957c-4e96-9d20-c0f437a8d9c6,879,133
34f3c9c9-12a6-48ca-bd1a-c4854d4a3ea4,3510,434
a34ff556-4e65-44cb-8f37-6c1ab77144db,2317,219
97d7510d-493a-4478-ab4a-ecd862e73d58,4609,770
37c56725-6c31-4119-bb63-e133f56bda2b,7628,1367
a8445825-ba69-4878-affe-b2dd37434726,701,266
b09b5127-c62e-4bb2-b790-1e4aa18749ed,1116900,88700
4094d968-b0bf-4678-b1c0-402bf72c06d0,236,98
538beaf9-64e0-4019-9af2-9800b9bcf10d,1148,343
e06c109a-3477-43ed-a604-f7747b93818f,7130,1392
dd4458c8-6728-4a44-980c-48107fa72bb8,340646,30080
00d37ae3-fe24-49b8-855d-29df409c9229,73021,12625
8a562b21-af9e-4b6a-8c43-327cdf6713b0,79775,3433
af77dd0d-6c7e-49b1-b975-b225b7155c58,18153,2125
28d7f98a-63ae-4ada-b10f-59974e996ae4,948,244
a13e0f83-1c89-4034-88dc-19313b80e586,237684,19014
cea6cb45-d685-4917-90bf-482b656f4cf8,77030,12118
992530f5-6b1f-4bd7-a6cc-a08d59998e56,2715,156
b98ee8c2-527f-468c-87d4-e85e4cefc9c2,1665,334
abd1b98c-b601-4053-aaee-e3b8f35bcf44,82559,10635
5103b22e-514f-46b1-afdf-c99517c791e2,8977,2532
2e9daf40-e1df-4e6c-8a3d-796cfd890cce,6990,1151
4fccc116-2c65-41e0-905a-d7abd3d4f1c1,44282,5600
8ea59029-f24c-4bee-b76a-8a9b205a802a,8489,941
0ab688fd-0943-41cd-a24c-78ec2baad3fd,101463,11567
378e3436-f290-4cc9-a36c-cfd36d187598,7666,1137
db856b35-33f2-4cf9-87cc-9e4e33772d40,39217,6447
cd1a3be7-a10b-499c-acdd-1defaea473f8,109883,15434
9a1994c7-40b8-49a2-a53a-03e8313bf17c,251867,13811
65a8e571-8a08-433f-a5bf-ead38c269ea6,177804,25928
3cc67511-8b78-4748-9493-0cc3bc1af381,3770,676
470a4ced-1323-4c91-8fd5-0bb3fb4c932a,329840,17606
6732e9f3-5f24-4ba4-aef1-a2a49442b96b,279424,25171
b8311533-0e4c-4f90-80a9-ac27d9fc6ac5,145849,5694
09039d5e-335c-4c08-9474-a83d1b838f23,26480,4561
17d69e72-9cf2-496f-aa64-ba238de2087e,322903,16109
e569aee8-33ff-48e5-b0ed-4ceba1a37714,168916,17814
15388d42-9197-4ca1-9ffe-240f763b84cb,183094,14508
bf259ecd-fe89-4738-82fc-ecdd67de1fcc,21034,4968
abee98f6-5239-4abf-bbe6-e1e2815a0dd6,722219,31314
e46e3109-766c-45ba-9d4b-3bfb8c8fc941,4043,1150
d321aef8-e1ba-4a03-9e4f-69f3f20a67a0,13116,2044
dcc5653c-3e3f-4666-a520-45fb032694a7,149219,11705
da6acc00-b435-4be5-823d-4694bf563a9d,14510,2481
57dd6359-f4ef-422a-9566-b8f54a0904fe,22481,4558
5bbde783-064f-4972-a26f-bff1f1ee87cb,4443,979
66f398bf-ae55-4f13-b993-fa871c57157f,490703,18111
0773e58b-1a46-4fe9-bcc1-c6f384daf4bc,6443,1622
6bd7981d-5735-4e38-812e-10dc0d83425b,311,137
4772e7d7-fcb1-4039-aa34-636df34c7374,2306,882
d7012ed6-d1e0-4fd7-b7e7-591295a5435f,11130,2263
cf1894f6-f80a-4edc-ad32-6d32bede1438,255914,13090
55c93dc8-be34-4975-ab44-5c0bbff4158f,19342,2039
8dcd24c7-bf87-4f32-8e3f-7a79b3f25a85,121178,9795
b9157532-8101-4fa3-a568-3293574e1364,11159,2260
d701634c-95a1-4244-92d6-903113bd79d3,20182,5091
371c8525-8111-4497-83ba-1ead9d7ed148,115988,8868
6f87329a-e4b2-4eb3-8bc6-5fe8460e08f0,161429,9962
159edf29-c4ae-49c7-b1e6-1f082c60d4e3,34481,6863
be8e7e35-add2-4128-9627-3065ae2831db,458,65
7f4ec759-9620-4ea8-942e-365d4925792c,11373,2375
35afa53f-6c6c-4c57-850a-a1afc92977d9,27667,3870
78acb4cd-de8f-4fb8-afb3-ca6331e849d7,16908,4365
a0961f2a-ae85-48f8-a23c-695860c75409,2053,669
1a3cffba-a804-40d1-975b-622a674ef3ca,130,62
dc5c5afb-8138-4704-9f07-f0aa8bbb3a7d,7933,2344
32efee7c-4e74-43fa-9446-6cc8144efa59,81029,8900
ce7cfb6e-2a6f-4d3d-8f13-0a5e73307025,77226,5214
d827adc7-ef0d-45e5-82d5-ee85476c9135,4314,834
42912a98-d35b-49b7-a0ee-8b9f5178f09c,18472,3751
a3db0ecd-e3f0-4320-88c3-d1d0466cc9bf,11826,2397
3c56ac72-2f3d-4142-aab2-49364af9d917,11521,2477
e82a1f37-717b-47ec-89d1-729af467d1af,341,74
73cae164-3e3f-4025-a601-26fb31fbc47a,1966,547
412588b9-05a4-44bb-b551-b8a908b4bf62,480,176
92317e0b-181b-4119-aba1-77261515daf8,56843,5318
4c8c5c81-349d-44b4-8c68-6f1e4ada473d,760,237
76da816f-ea05-4172-ad9e-ffb69c32199f,266930,14174
535afeda-2538-435d-9dd1-5e10be586774,2765465,134795
04bac789-bf59-4383-8ad7-799d20d969f7,677389,55193
5403bf6e-bc1d-4e62-b31f-926a2bf66a14,1711876,106054
467f69b6-8d6d-4d2c-bfad-e89adf2806ff,1108406,67497
8a9dde70-e1a5-4905-a188-56daf95ea690,481033,26961
db92a151-1ac2-438b-bc43-b82e149ddd50,973273,86913
bf0f7e29-dfe1-416c-b5c6-f9ebc19ea810,4429124,168687
2469950a-f0ca-425a-bfbc-baf55ea3afde,1821066,147588
d5c51c36-ac67-4727-91ed-ee9f0df81a2d,556921,76239
f9ab44f1-7b19-4ecb-830c-403abcf36cd1,1412929,96813
60d41417-feda-4734-bbbf-7dcc30e08a83,1453418,100171
7bd9e20e-74b9-446a-a2ed-a223f82a36e7,4034262,167280
b904d624-9e05-4398-8f4f-88fbcf022f79,1549477,93373
3cb25fb2-5547-4b05-adec-1a5e37830d46,1594204,105028
9072df14-b61e-42e2-b4f4-6bbb7fdb5586,2009085,111036
b60527cc-54f3-4bbe-a01b-dcf34c95ae14,1587440,104638
26358fa2-80c2-47b0-a08b-33817caca7e8,263847,37555
3c714102-94d8-42f4-9005-fb8a75c2766d,268157,36627
d570bb31-b9ca-45a4-a2d9-11b186d9c159,1484198,132804
836d43ae-5086-4f45-9e23-b02edca37653,676944,59093
8f4c7ad3-c95c-4d62-a554-3416fb5204f4,336170,42816
1d9ec7ea-0fa4-41d9-917b-723c735ebbfe,105045,4675
900e9144-019d-4043-86cb-ec0e127c39d0,913674,77380
cba9cec2-be8d-41bd-91b4-a1cd7de39b0c,753348,81763
900ab237-327b-44e2-87e4-73250bbe025a,933190,89223
d41817d9-893f-4dd1-99ac-7b12dc3ba265,140192,19784
81435053-e1a2-48a4-adfd-e89f310c7b38,1107239,91715
a4ed036b-5f18-439c-b1e1-96d205bab255,705313,69692
6ff13427-08ff-4da2-bee8-892e1fa22d3c,358906,54337
0aa8294b-6332-4b65-b677-e3a1f8591d3b,1406054,105639
917976a6-75b1-46af-b57b-71f13de20422,532402,51298
ead084b1-5d27-4033-a3d1-4df613ca5cce,76634,11971
883e4ba4-8ccc-47ed-81df-df51e41792a9,459952,36823
0d21b01f-21f2-419b-8d98-4158ba0c0aa4,883731,90721
4c0d9acf-a8a1-4765-9c56-05f92f68c048,1110177,86665
c1aa2ec9-53e7-4d90-8d36-bac75832e986,1610878,117564
76a5a114-ed6a-4eb6-8a81-ad5768d4b41c,929790,91978
10ccb5d8-f9d5-4954-9441-3419b522a214,1022357,78947
d0440ef0-bb45-46a2-aa89-7cc661604781,311804,33047
15b4aace-6126-402a-96f8-131a943ce20e,171472,24740
b6fd4928-89db-4bbd-b5f4-8fb98f9f02ff,187482,22650
f28dc56d-0bd4-485f-92a2-5c3e0e9b57cd,198381,28719
8b506e4a-c343-467b-aad6-300a9bfac355,2328933,77998
4e6daf86-a5c9-42ea-9bd2-9482a71c38d4,354100,45713
5c5c7c27-5b9a-468b-a9ab-18b05d86c25d,6835,978
8153c6ef-026c-481f-b081-974f2c948d9f,553145,55200
fd2b6371-5b61-4068-8baa-9c333c97dfd7,421737,44395
a749130e-c2d8-4a7c-b740-908ea4574961,501437,62183
5803c81e-739a-4057-9a5c-cf84e55db630,692986,61661
c4b87e45-c07a-460f-9c58-8d15328e2964,3776286,96730
d69ee229-2f36-494c-b104-9ae0d8be506b,695589,41455
706fe5d6-96df-4c64-ad42-894db061e3da,134747,12283
64c9974f-20a9-491d-bd94-2168cd738e2a,535308,41366
5298bbcb-7330-49bf-a780-2d757f10a20a,509968,51726
0e422e91-a42a-4b4d-8413-9baff67350f2,555887,54091
6a3d87ad-dd71-4e8f-b8dd-78b61e0e7fe6,1459952,61622
e5b136bb-2415-4a6d-951e-77ef766a7f61,16051,1886
38dd6337-19ae-4793-ab4b-313eff523457,830986,107020
f319ec6a-9290-449b-baef-4244809c487a,274849,29644
f1d174fc-6bd9-41fe-b4c8-972ab578fb5c,116611,12807
c19ff12b-058f-44a8-b245-b0efb4752925,220950,32038
74df4e2f-fe75-4b4a-87c5-3f1b4bc95aa2,297529,35868
6afcc957-d742-41c6-ad0b-31b2f1967353,400381,43863
4725b170-1021-44d1-ac2a-4212f93e516c,94650,17858
614e392a-0d63-48a2-bbd5-03265c407bd1,418173,40108
26395adc-ffc6-486f-986b-da41a1e917ea,792,114
ae27f1d1-b8c4-4b2f-88a0-094c3333ed24,154033,22549
60584cf9-69a4-48e8-929a-935e7f8d74b3,38968,4244
b9a23705-56e8-4fb6-9543-7f43ab62eac7,204051,25276
f31ec2ac-9071-4306-acd1-d2c8321033b5,1220772,95166
215394ba-3d0c-4b57-b284-ec5bb4a5ad25,240044,22015
bd075a82-b196-4752-a1bb-3d87be3236a0,1180195,64647
c943a72c-ccd1-40b1-8516-300e83edb136,118986,17588
2100ca6c-5a1d-463e-b50b-7e649debc454,226250,40018
77cc643d-8e35-45e0-ae52-a8cf1e38f87a,92644,16485
35dac7d2-0b1f-470f-9a5a-c53c8821f6d6,1138246,93614
8bc23f36-2d1e-45c5-ad47-69e402b0923a,183115,37141
967002b0-58ef-4b22-a58c-fbc631ff695c,487305,47172
1ed00158-c6a3-45cd-819c-2f91997fc480,390593,49412
a7ef5c8f-4521-4744-ad78-46ac7ceae75d,6268,882
a695bf53-24c5-4814-b33f-387492ee3e7b,36520,3832
08b2c88f-6c13-419b-a4f5-182cc3738e49,195179,29360
4d3b710b-a5f0-4772-97db-f09e47fbc6d8,138294,20905
846482ac-d4c4-4286-8002-b14a601d8ec0,257774,37050
1c68d986-7b3a-4ecb-9d14-43e6902ef2bd,120447,19158
6e98fdde-707a-4af2-bb2e-67e65e79b116,3255,589
ca825016-f7fd-4ccf-a523-6ee36ea88828,662972,73398
af9c073c-f230-4527-8fcd-2338fe1e129e,266774,44188
7bb60591-46f3-4147-b692-1814a87e832e,693143,50379
e5257dc5-1edd-4fca-b7e6-1158e00522c8,3770010,189822
56cd15a1-0d74-438b-8244-c96ffe1cae03,1188432,58977
f4038a4a-77af-4363-a2a8-5d847bb7f1ba,170472,22191
2003b17e-7237-4135-a9c7-0dd9da71ac8f,36581,6373
e89e79d4-04c1-4bc3-9be1-a15899c93d8f,164407,23376
8423b7a8-4e6a-4c78-aa51-5e39764af467,79758,16343
a2361c7d-ddb6-41c1-a9a0-be09fbbb8d21,1124587,96236
c2a0d476-95dd-4270-aebe-01323a64c9e9,8921,1963
36ef3a83-51a7-4eb1-b013-1685719db3ea,3728,798
bef3df97-224c-4d3c-b09f-4cefb941dedf,49960,4733
cbb81bc6-fc8f-4d90-8a56-b5e0b357de3a,256847,30231
84825fb6-c98c-4b43-a184-c7f70619f355,131647,8285
06db73fd-57e2-4a6f-bcd3-699fb7bb7af4,1468920,100638
dbfbd2a1-3f61-40b9-9558-21a96e32f721,319126,27107
da5ff827-174b-48d1-9a39-9fa290bb2925,267163,47631
7ac725c0-099e-485a-82d7-a56e583b6a2f,45208,3048
e7ce1687-f06e-424a-b19c-8788da11674c,751,150
0db11d5b-1a67-425c-9047-135d61ab0b11,6008,1218
b776609b-a568-4234-bbc4-756f2a812186,26818,5733
4d92082a-bfc4-43be-9a5d-e7683c648298,384,54
07e0925b-0500-4d6d-9d22-a8f6823ca904,4848,351
5dc7034a-23fd-4e75-a2ae-23f090931ac2,21125,3185
93117a67-55b4-4b18-94c4-35c8a75fefc2,77929,14129
37a0943e-9638-48fe-9a56-7192d7efbbed,138356,22750
47179c18-27e6-4f69-b11b-95406d171256,14251,2197
97399931-15b7-400d-acbc-c11a3c4671b7,50425,8004
2af13455-6062-473c-af2a-804a0ac7f641,97357,17396
b233a9a9-2538-4c5b-986a-5843650e2611,315411,51621
ef4d808a-2113-44c3-9b44-1b31f026ef1e,409411,50726
81bac815-97c5-4723-8f0b-4d8edfad1010,692175,77378
7a6f877e-12a3-4e29-9013-a56de68b3ab2,2001,499
c3e515af-67f3-4bc8-849b-97468e2bd284,7931,984
062a2cc3-21ec-4868-910d-23c442f704d3,53169,4946
b3746118-c778-4a1e-abe0-3d3f217285a3,30039,2619
222cdefa-730a-442f-9f6c-74f1d8534cc3,6159,518
c48af196-bab1-4505-9256-0922adac0fe2,51765,10639
6719b485-80a4-419f-97da-bcba26695e54,21211,3165
4d94bdb1-e313-4d16-942f-a287cd5cee57,63499,9077
70768b77-fa4f-4ce5-afc5-8cf71129cadc,9031,1413
4539050e-e355-4c39-bdfa-e74cb67ce365,417123,44829
71668e88-208d-410f-ac5f-7a54ebee26cf,94541,17180
89453d7b-e871-4658-9f57-c33f3cf11eab,17121,3004
4682d640-819a-4f71-9e7f-84be13a5e76a,139208,22749
4b462375-c508-432a-8c88-ceeec38b16ae,1158647,82475
ae32393f-b7db-479b-8728-8ea28c1edb16,270832,15051
b2f67427-807b-4ff5-9fc0-51364b8faec3,40209,7495
c327f0ef-7b54-4ce9-88f4-109a1f7cb6b8,2378,731
84d06499-0643-46b8-9e1f-45f743a53f5e,817033,64088
919ac2b3-aa04-4732-93f8-742ebb7a03f2,282954,34529
00aab979-da36-4efd-9086-e409cda07f9c,275511,33401
c4743d0b-d585-4299-a5fb-5306aa3e91c4,96,17
a223d708-a1ec-4ab1-b97a-c39de981d1bc,376,112
b8abcd69-c811-44fc-a150-977f9c23a7d3,8765,1874
93312e38-dff6-4a12-b167-c9208231b88b,7943,865
8c92cef7-52ae-49cd-bf5d-97078a977d58,193711,30270
8695c165-4cfd-48fd-a56a-f9be815e3f90,27085,4724
d6911ce8-3d82-4bda-84d6-7bc3e840dca8,857,147
4a76400d-283f-492e-9754-18ef41755f81,1346975,111428
67bb7e86-1e04-46f3-b922-8dfd5a4eb69a,4657,828
e6e4b25d-37d7-4fc1-9022-2b83a298fad8,113193,16229
00b9f9c5-6051-4b66-a5df-8dafb8c1cab8,27061,724
2abe50ac-74df-4baf-8928-b90cb9f19f68,57197,7415
991a7774-a593-4b58-b6e1-91ca3aa59899,4443,483
a22f2dc5-117d-4e4f-a6a8-09eaab135719,21137,741
07d64456-0220-4fb3-b6bf-bb9707b4eefb,7527,1478
5269d3d2-63c6-4b8f-8200-6908ffa365d5,931613,88439
39e66b7f-99b6-4cce-9a43-6d9d39be2e4d,54296,5197
cf3ea6e9-c856-4737-a988-6b64cc9f2bf2,221179,27343
a940eed0-f6b7-425e-b92c-a0cca871a4bc,2466,548
18b148bf-17a7-4b2e-8dc6-04502bfc73e7,58854,11222
5e709ff3-170e-40ff-83ad-ecfb3030ad38,93419,15495
45d17b84-de97-4027-ad7c-4650c8cbf1da,39073,6246
cb327970-cf95-4f2d-91db-b1b787aa51f9,114669,24433
578a5ba6-1f8c-4a5a-8e5f-37758c0b3c91,277,86
c0fddfc1-259c-462f-8284-adbb05884672,90,21
e05e1466-66bd-4dab-9583-47cbce643208,956,150
60db578e-0af5-41a5-ba40-497ddc676363,18789,1431
fc4af92a-1aa8-4f35-9aea-29b2ecbe0779,160253,12216
b9585df2-bb26-4523-83fa-53d18b754d5b,48389,8423
89637374-f760-4152-b643-097208bfec03,781,222
338f4067-57a8-46bc-8d56-50dc4e51e24a,108311,10954
ade10104-f5a1-4483-bfb4-806b8f775a4f,77032,12969
b517cce9-fa01-4c0f-bc70-457838594346,33233,7369
2bc3fec9-b23f-4f12-876c-b1cd04ba8aeb,3064,375
1c513fb9-e6b7-4915-b4d3-026681c83065,439737,50594
bd013a43-a262-4658-a372-b75ddba236b4,126020,24059
ff135591-ad17-4a01-8e4c-6f0a528c73c8,2393,221
8a7cf497-dc5c-4523-932d-3fcbc9a69d38,266346,33127
cee5d76b-1ec9-4290-a0f6-4dd66961373d,11437,1224
f4f779f1-a702-4c38-8836-0fe333ede76e,17,8
81ea7cdf-6d42-439d-b27c-c561ef97c684,4029,344
25bb0299-9c72-4d7e-877d-94ba70822f45,79044,15797
347387e3-a87b-4ab2-b67c-df16f30f946c,291,40
c7435091-be8f-4ee9-8b97-c1c4d03010c4,21996,746
49b86e3d-55f5-4970-ac41-4867f36cb6b4,48896,1760
18c614a2-6a91-44b8-8302-cc14afaaa841,490,43
c888ceb8-2f81-483d-9ddc-25f60c264113,6082,150
fa92553b-3cd5-4876-a7db-1d9dfcdf9fa9,1861832,69530
3ee6b1e9-5844-4029-be18-cd7e34e9e969,147516,15056
ee06187e-f6db-46e0-8164-be626127673d,73809,12492
92787b5b-23c4-4f60-a74d-bf2469740b60,92188,13629
71dc1031-9dce-4916-8c0c-9eac13cc420b,24,14
025b2aec-f2cd-41e8-a2e5-dde84542429f,172,50
b89b771f-0a04-4e38-9ff7-2d890255648f,76594,2523
94e12b11-3120-4b07-a24f-cfd4c400cc3e,573,57
7a35c599-7835-491c-9d4e-9f4bfa5e5ff2,10359,784
53196e7b-880f-42a0-9722-59df9e2fcb9d,66488,8128
c47ca094-a1d8-4ade-aeb3-b1e4e7f4ed4b,34804,1094
37868258-e858-40a2-b36a-517df58fe90d,24443,4843
ca2b5bce-01cb-4847-bea6-52a9fee31033,93674,15176
001e765a-f88c-4823-ac71-2bc80a7cf0b5,658,275
1c449a0a-c99c-4b0c-814f-10b405156a8f,18,10
1163c626-b960-4ccf-a63f-3820e53cf987,97980,13506
8dce8a2d-8ed5-4672-b25e-bfe198b02b82,96863,13872
293029f7-ac9e-4a8b-bb50-67935b373c47,308857,28140
0a4c7d0c-ffca-45a0-bfac-b328c4f0d219,61206,9281
d59627db-0fd5-4441-ae58-d6f9e3411365,1946,622
9ed16e0d-a916-458c-8d34-e7c790c2ab0e,1316,127
f0f84396-2aed-4dd5-82ce-a39d671fb7c5,129463,17300
ce809639-0e34-40c4-86c9-90a162cb3d46,194700,25592
3ec9b73e-a064-405e-a84b-0448a67dee4a,46904,2756
174f9352-6f1c-40f2-8fa9-0a2100a7592f,2292,144
388febea-78c2-4249-b57f-cd0de27b1131,147,46
d1905c22-27b7-4e14-8e04-caf9a31ec8b4,102961,15344
b5641867-f2aa-441d-84d2-299253a46cd2,5276,573
cc3c89ab-4792-4ac4-a850-8cd8198ff013,37,16
b8784612-9dfe-49b0-80f1-627adfea3ff2,5097,1153
c2b8f775-455c-44c3-97ca-f377938da19e,171066,26641
d793cf63-a10c-48fc-809c-9064d71328da,155159,15920
3016b5eb-866d-4051-a7fb-d9175853049b,89628,13428
ddcc21f0-1a12-4d0d-9926-79249d39d92f,159443,23022
7b3428b3-75a8-4ec7-ac20-b99c619647ce,13380,1585
54075a5c-1118-4582-be47-684024fb2fbf,14534,1500
ac0b9f60-21a4-478f-b43a-d6238861c3fc,201620,6583
b1c124b3-cf60-41a6-8699-92728c8a3fe0,1315961,68947
9f5487f9-36bc-4384-bdf8-ba5dc3a8bb30,8974,1397
2b2596a1-089b-47ee-9aad-0587da08383a,63504,12370
306cb13e-36ca-441c-a3ff-fb28665cbf9c,1620,218
d07522b2-de0a-4fdd-9d41-6ce9ec9fcd3f,3163,374
282269b2-b468-4cf9-aea5-20c632429b85,360431,34627
e0432382-b245-4a30-b230-5558b36ac158,43757,4225
6a628a50-1c5c-4d29-a13a-79a73eb012d9,80373,15701
e0fe4ee3-6ce4-4b63-8854-049c78584fc8,100033,11688
444567f9-330c-43d9-80f0-f55f9fde17b9,18863,1405
fcf7a3e7-135c-4c7a-b0b9-1a7867761263,235359,25150
0006c824-595a-45af-9374-238ce585fa3a,55058,1621
3df91417-6538-4096-a96c-cac8e877930f,7537,470
6fd1ed9b-fe41-48d2-8150-21c56dc914f8,709,111
62d54f86-3b76-4934-9ed1-7d34c3a381de,76137,11196
817c68f4-e110-4529-82fa-aec902e9768f,617615,28562
32c95bd9-68ee-4f64-923c-530de6b283a1,92277,14911
ac579536-1398-44db-a37b-9d5963a46929,62073,3383
94d8663f-eaf3-4f32-ac0d-afb3e3c88c40,231,37
0768b7d9-7862-4879-920f-ca0aec581b86,382,34
48bbf5b8-b7e2-47d8-855e-b7b12a90e01b,976,86
b85ab6cb-4b6d-41f7-b367-3f15131c732b,17641,914
af02a22b-293c-4feb-83e5-bca6a9a0d0f3,35838,793
13814034-936d-430e-8815-7df8ba74c6c0,6126,867
da7bb7d8-557d-4635-9ca1-e6e985525bd5,1336926,70425
f655a90e-263d-4604-98be-3a5cde6513ac,95,35
466e20c3-cb23-4c40-8437-b9c0e3033c7b,1157,82
b1cb991c-eff0-404d-8b88-d34be9851331,42,18
9821b164-5d04-4887-9c51-b0f42cd5db32,11916,1304
02358117-01ea-4ede-b949-b6b93ad9f944,50883,2015
0e0d3d99-b5d7-456e-9157-5300c849774c,56,14
30e58dd1-9b46-47b6-bf8c-58a41bc97e83,654,43
1e2fbfcf-d67f-4a98-a140-cb6f453096b6,440,24
e08c2ebf-69ae-46aa-a605-bcbdabf763b8,226,13
7acf873e-94fc-4c95-8b7d-a3a42d952d80,858,53
02a50194-a30f-4eb2-b524-1160f3b48383,80,16
3d97031d-65c9-4363-8cce-9c262989f2ae,61604,4162
a18c7618-e987-47b9-a7d4-975c34a544dc,328,50
58088880-a325-43d0-82f4-0c3783f827af,6759,708
d46e456e-1097-4f92-98b1-4ee673348290,927,96
f22bb004-2240-4313-9aa4-1e4e7bf522b2,14,11
de115f45-8ef9-4598-bcc3-d6b47e62031f,68,16
76015cbe-37b4-4d1f-ad28-8ff05d0f6cb2,90,24
e4fd497e-bfab-41f7-8c1b-928c2b4977d0,281,30
9d053b32-5de6-4d1a-9ce2-d01fe74ff5f1,11596,3803
94777427-0d93-4217-96e0-db99823872fd,9497,1949
78ba9ced-9c86-4c39-976a-efc08cd51282,10,6
df2c2412-5876-46d6-be7e-fe52ca256d11,299,51
4152b0c6-44b7-4f99-be81-ded28126b02a,17,5
24cd1988-60cf-4c4f-8d68-c0bc0cb27577,5775,519
8891348d-c2a5-41ab-b7ce-1b3efff5c5ad,18,6
4204e06b-d2e4-4823-b6f3-47f7593518cb,64710,9735
88e03237-6f91-4fcc-9099-163647c7d7d4,445,20
0ab68052-47aa-431c-b506-1f893ec94364,2211,753
a0ef7e1d-44ff-4039-9435-7d5fefdeecc9,1968098,156474
fa14c334-b7b2-4520-aa81-26cca505435c,49,11
6c56f806-3c1e-4e14-9ccb-2de43ae886fe,46185,7678
66ea0139-149f-4a0c-8fbf-5ea9ec4a6e49,71769,6671
9fd91db4-b637-4a0d-b9a9-40214de55e6f,1839,413
31464244-52bd-4cea-aa52-359806729739,2179,215
91feaa28-924c-41a3-9b6e-d9111bd49d25,178,39
23ab2b14-53e6-4e3c-8e24-d5a5b3ab6c5a,489,60
521c6c14-db02-4565-9bc5-2e14d0955a5e,4392,932
73973983-9939-4cb6-9e37-1b22c84edc8e,81,24
9e474d7c-664d-4a9d-9693-5a196313900c,7583,1456
ad0e1c5b-2a97-45e2-9176-105444da0752,9921,1695
2aa11ff8-f707-4bd4-b3dc-2bca876140d7,53,14
5981afbf-c7cf-49c7-8845-6d1a35bea9b4,837,194
6a933475-c7c4-4b9f-9b9e-9e53854de6fa,5593,1816
a42c5a61-cc7c-4533-92e8-fcad016a0764,229,33
b0270ca3-1e12-4a8d-a9b8-dcdadacb580c,1903,566
f1c05fab-7005-40f1-b9e2-25ba9eb808dd,51,11
49156862-d843-46f7-84f6-e7d4bf150019,2762,497
66e7c223-2000-476f-b712-745cb3835bf0,207,66
e106a48b-5efb-4da7-a68a-2e7ba75090b2,68,8
ab193058-2855-4d5d-bd94-55e20ef1ccda,10,4
4c26a3f2-2952-4cb2-bcf2-c64e79cb8901,6417,1298
284f4c62-3d39-40f6-8dcf-5c05556d9a79,25,8
6744daab-306b-483c-81c3-d4f7cafd90df,85986,13628
96f836f3-35a1-4606-bce4-ead16f36da30,46746,7587
36175c07-3a8f-476b-85e5-24cf9f1c9d68,151256,9032
c24b7898-1380-425e-8184-86c31a57f8f1,171,15
ff5a62f6-7998-42cf-805a-d2d79efca10c,259,52
a966b097-7981-40c5-82b4-79c6fe28932c,128282,15635
e5cdf09b-ce86-4bca-8588-41eaf58ba2b5,484,14
cd3fbf55-7241-4248-8b79-0184518ddcdf,18377,361
e1e94227-e9f9-4f80-bf98-06ab616d3762,23,6
7682e41e-796c-430a-a3ec-b1c132baec38,30,12
ae078186-3f13-4820-ac3e-c03e00833a0e,650,55
a0f51a35-9177-48d1-9ade-8756247367dc,2214,314
3bb68bfa-4205-4c48-ba84-55125b68f99b,7272,578
9dad21a5-98c7-4aa6-9b6d-40ebe56d0742,17,12
8554bce5-e1c7-45ba-991a-20b4c8c5e915,1861,578
8582d5ff-241b-4b93-a4bc-7510aef399a1,11,6
99866cf1-e950-470e-8d56-c9da0341c659,5,2
89daca1d-7c8d-48e4-ae47-a94e6774e6fc,4282,568
340c4a70-1fb3-41b0-9d02-882c4eba7def,167,26
57f6375b-0fc2-41a3-a8a9-f5c86ada60c8,281,8
0ddf76f4-4b93-4e64-a634-5e1d1f0f0558,105,17
c9fa114f-8426-4286-a289-9f16c8e092b5,158570,12438
77049387-0580-4a3a-a05f-d12b5d6b5042,1668199,93089
bd057a0c-a7b6-47bf-8dc3-45e0efac1798,4322467,120900
beff21d3-88c7-4ee0-8b7a-40b6db22c6d7,18562055,189563
82e454e2-38ee-4e69-89a6-cc65167753d1,2583098,96879
c5830e94-bf0d-4320-85e9-3e2a30ec617d,57832,8862
8cf49f40-b8fe-4a63-b4ea-f922d6145bb4,1755118,68005
47619b12-91e7-4014-8308-6efda7310966,53930,2365
6099676c-7d62-427a-915d-dcc901ffce84,11305,1297
dbe906fc-6509-415a-8b7a-1b76c3347804,35155,6387
89ec6f82-1ad7-42d5-983e-ebf90f6868c8,166095,17672
40d1d78f-6b66-4b14-b8c8-f13786a8cf4f,283886,12393
7bf8c3d3-ecfa-459c-8bc0-4c0c9a23f502,22754,3007
949e3135-54b7-4f17-b74b-52878b022e1e,30394,1775
82812eab-f342-4bec-8a3d-756de2e00ca6,87929,2776
c478aff3-2457-4cee-bdf1-6b85758f7cc6,40252,2484
2b68225e-1233-4ee4-a2d3-eed8fb52048a,12844,1410
c5393047-0c44-48eb-b5a8-070759f04371,354045,33584
de7a3306-5466-4223-affc-f23ac39d4710,52444,7412
f14c12ad-efb0-4044-ac80-de6da10fceaa,107954,13081
470320f0-ac2c-43bb-98f6-b03d063e9cac,309295,19136
eae38719-96b6-4aa5-8303-5bb08f953c86,872274,38733
53d47497-63eb-4769-9013-5e34740a7e2d,221874,16117
3995eb3a-afe0-488d-be61-cc83cdb31754,64043,7162
71f986d9-6c85-4db5-846e-a0fcb3300d6e,53691,10258
1a7e9da1-f1df-43e9-b1aa-e9d4c2abcfce,60493,2918
174d9bdb-4e9c-4c42-8e6a-a29db39bdda5,240722,32341
50b41344-7a92-4e53-8c93-f38c66cf68f3,92716,6260
6b477dd3-5133-40cb-a830-ba461bc88ff9,78903,9361
6bab48a1-c3e0-4160-b574-f99fc7dfad9f,65601,8373
849511d6-5e08-425b-bc05-f2232ed220b3,156888,20966
0b657f20-00c7-4567-a968-fbbd18447366,127793,14214
95efaae6-c5e0-4cd2-ac07-fbf983749a7a,15961,981
63630fb9-5d2b-43a5-8e98-b85bb773b258,258960,15139
0d186a25-e859-4614-9a69-dd66167a267a,20156,1676
be166079-6f21-4d0d-af2a-9f55c4b34455,182426,14391
d01d66ae-be95-42c3-86c4-fff502690a33,119979,8426
787c5b05-d87e-49fe-8839-fff8abfd0a76,17882,2724
809db930-b293-4eb2-b13e-17eaff56de6f,39083,4419
53900ab1-8a1c-443c-b552-b53e6b52b3b7,17979,5781
b42a9ece-2a18-4660-9c26-94dc01127962,334131,34262
344c7977-1c4b-4010-a0f7-27d9506301ec,182001,18618
49dca5fc-30b2-46be-93bd-033c53425e07,1423553,34638
edd4f120-735c-4e63-a7b9-b66aca234348,29227,2048
b047f834-e2cd-4f31-a324-fefbfc080c15,75470,8953
fcd26bbe-d7c1-4a80-9ee9-6e2552d80333,9602,1901
7ab552eb-c7ea-41ba-9e00-8351e23027b5,87714,8580
83928527-eeb1-4625-98df-0cfbcc5c07ec,1002982,35116
cfe0e278-18ac-492f-956a-d8c419f53af1,32694,2156
8f052bad-354f-478e-bd8d-3f6ecf720ca8,27009,3202
1472bd94-ebc2-41df-bf0f-53ec6d7b1b4b,14911,2875
aff2bdbe-6fd6-43be-a6de-f1cc5cab8261,23611,1751
ceb88a0c-81ca-461a-82d2-ad7769447e15,106305,6351
4a945ad5-5f21-449d-ac51-fac9d6b8c118,105220,9364
ac0aa7e2-cb46-4e01-a8e5-d265548411c2,455177,21338
587fd8ec-2e9d-4ce6-8bc5-97d0a9334883,2228842,57036
380e2880-567d-4991-a9b5-93a07e428652,434108,21269
f49794bf-ee55-42a3-b21c-df269480062f,23765,2172
abe931fd-bc88-40ee-ba42-f0ef2dc2eba5,116739,10263
246a88bb-dcd9-4941-82c7-d4d5c718fbfc,29180,1596
a1bf0206-d71f-47bd-bdc4-ac3e007668e6,47852,2180
9d9321c3-ca3a-41b0-a68d-73a7793051c1,69794,2815
2744b622-aaaf-467a-8641-d0deffbe43ac,165673,12221
2f2fbcfc-4631-4024-8105-289aeadfdf1f,76046,7594
2e32a7ce-4e66-46d4-a324-15d4cd5a3159,35563,5599
76a2eaff-b6ad-483a-a427-d3a2aa3c4f8f,1283235,34633
eb01febc-e2ba-45ef-b873-2ccbef4b64cb,97420,4930
ddbf474e-b9b1-49a2-8c6c-9f64138ff9d6,3853,1078
d7d3e885-15a1-4d53-943c-0ffca6628cbe,72398,7584
07bd5e28-8cb7-4efd-b811-a48dd2bb7dab,120512,14661
889b69e3-7b18-4889-b953-9f2931597204,1899474,50134
43b161b8-4fb7-4aed-8056-d927e3c17be2,173564,9079
26ef2dac-1644-4757-91c6-ae04cb5faba3,37157,2958
b2f9637d-1f9b-4cd1-af3a-ccb06c516fc3,16153,1211
a7488f7a-c2af-4695-b2e2-0c253e4ba86b,8511,962
3d05eb8b-1644-4143-9a61-b28e33c4d85f,768338,42187
a2e84faa-7c5e-44d4-98cb-0fdbac45ba1b,69759,7672
c5e139cf-3686-47bf-99de-657f08b4ae64,173696,19079
3e95edd2-5af6-47d4-aac4-c27e58fb08f8,255339,12634
5d39821b-83ad-4c9a-bbaa-2ae32ab0f7b8,263546,27885
33299664-1156-4888-a01e-f12797aa1941,297650,16011
862f369a-4139-48f9-af9c-eb4daadd804a,76204,8326
6a271a16-e231-4508-979a-5017a31a9406,9958,1409
0068b96e-42d7-4d88-b3c1-a8299db93526,105124,10516
bb7725b2-9ef5-4867-98fb-2a0366eb7a81,30336,4854
2ab2c317-3988-4d08-852d-b7805dc7b342,81367,9465
2930b614-d54b-4d29-87fe-83ac9c9fdbda,38949,4218
675c8568-1f02-4a29-a5d2-ae237d58b526,30655,6390
d37886dc-b2f2-44e4-9d3d-6cbe4d208326,9116,2165
37755676-10c2-4ba7-a08e-96678f712d7f,371083,15634
8b9a69ea-b60e-46c8-a1a5-93c56e7e4f35,156276,13871
b9642c88-8f8b-45a5-8916-75455b4b8d8c,12548,1344
1b002a6c-0f6c-4335-aab6-36a74058250f,486278,29864
d7ad1e2e-c06e-44bf-8284-f3b753c72d3e,28791,1329
8b1ff40c-2f5c-4121-8f3b-3e8db0b80606,790336,34035
11d0f9fe-3a5f-448d-85a0-f9f4e01cdfdd,99460,8385
c98df5a4-4dba-4992-8381-092bf81d2e68,129255,10257
5b009716-f46f-4dc4-97ce-aabbf422bcf4,46942,5253
28c1b7b7-355a-48b1-b2c4-75b8eb8080ef,516611,30798
df76ffff-c150-4aa1-ab1d-e2714d865038,66469,5324
770ccf83-47ce-4fa1-83ec-d8fc24269784,429229,16969
2335c166-4335-41de-899e-d39bfecad14b,74592,12320
cb8ef54c-351b-41f4-808a-c5b505bbdf3f,47452,4625
f6bf05a4-1846-4f32-92cf-9281f8c1f284,211406,10616
69f9a51f-9c1d-4a7a-9848-e08d8ab17225,36827,6806
cd3654c9-f29f-4749-a22e-d6c5de0dced6,93873,8488
c66bbe00-4b0f-47dc-9b4d-18dd2328a268,22869,1679
c79a2879-32b3-420a-947a-da199e99a1b4,12860,2140
0356daee-ec48-4495-bc3e-460b8a5eacad,1628778,41532
3d26f992-2e22-4172-9270-ecc14a47160a,14576,2261
45af16db-5581-44df-bf8d-44c4ea0e8649,18487,3094
2d600497-fc6b-4ec1-9c8c-c7d36cc2b6d0,18224,3528
ee57144c-bdcb-4740-92ca-235a678fd5e7,27174,2087
8ee5dedf-6739-444c-a590-1689ca11ba03,18359,2569
fb5c84f8-0500-4b33-bc82-4f5633b13c20,21835,5271
2cd77751-5537-43ba-bffb-eea0b619f0ca,75368,9914
353856b7-8d79-4136-9ac6-7e47954e5be9,301274,17817
c02a5966-b5c4-483a-8326-483edcf3680e,53683,3658
acffb6a2-facf-44f0-a5e4-1d0b3e0c8de1,35860,6786
afa502e0-fb84-4cf4-b3c0-21ed0c695939,506900,21110
2095b935-2007-4ae0-a48a-ef4d6fc3aac0,615933,44077
1ebfdf94-157b-47c0-a71e-9291c6a557cd,226426,18768
a12a225b-e835-42e2-aac1-00bd43a09662,74508,11517
eb132583-2351-42f0-b371-08245cfb8711,347393,24018
b151a313-e18e-42b3-a64f-0962e9a03a20,35452,4396
a5c56be4-f724-40b4-a484-221e7baebf25,21629,3330
aa3cd20e-fb0a-419a-bc4e-8258fe7d58d0,12396,1761
ee459bd7-9768-4cc2-9452-a09700c4aeaa,130594,18653
87f3e4dc-3947-487d-a579-0681168585d2,177150,8246
f7be8db8-cf51-4266-b4a6-81f0a1d40575,98340,13388
e6fb7472-7f5d-4f3f-bc4f-a14ea2d2ab4d,5702,1243
2f20bb6a-9eb4-419c-8ec8-77446da0d466,34544,7041
4da825c5-2cee-45d2-aed3-8ee1a045abd3,294760,14005
d32473a4-8bc3-4985-b35a-9535afdd368b,33633,4777
315a3523-c8ef-4445-83d7-2d9acd38d1ff,66738,11588
8187cde0-bc0d-4669-b435-2664c2f5cab1,97075,3722
4ae36ade-1798-48c4-b06b-cc68b7d3d83f,1516634,52410
3f4cbb78-74ba-45c4-8b64-687af9be2df7,5280,508
577cc80e-b793-4447-8ac7-455aed7e5042,5308,605
52424ece-0e29-42eb-8c61-3635e3e6b6af,37829,1796
b8fe4acb-c28e-44be-aff9-ebf572f85d47,37984,1642
d87475fa-76a1-4e12-962c-fc9941fdda72,454224,25648
5f43abf6-92a5-468a-a633-b73f94627972,415525,9053
1f35049a-ca31-461b-abf1-2df4b5b69930,39603,1882
ce29fa89-8aed-4f7b-8b3e-a34d0c9ed0c6,262800,35153
70f7d517-00d3-4102-8edd-39861d1a1ef2,58820,3351
8ee00333-ec2c-439b-a619-ae160aca2a15,867151,40929
7dacc46d-8c7e-44af-8533-1c79cc7667f3,57957,1890
f1e0c3fb-1ecb-49fa-bebd-5b0aedb33737,79277,3153
bbee6bad-1904-460e-b9f7-9e61fc890673,244502,12845
094b29f5-53ac-42cc-bfde-3f31de668676,17489,1794
c9e99d40-4a2c-4ca7-ac5b-e842264ee271,923573,100481
d82e9822-521a-4e20-bb22-9e944374cd40,613297,45002
ffce4003-a756-46c0-b062-2e942de13d37,453509,23588
3ce513c5-bdd4-492c-a875-07e0f3e1993b,1337904,79219
612ee509-f2fa-4232-aecf-80791fa525df,5730,764
067da71c-15f2-4007-983e-d22ac2c80b76,26819,1560
f5099625-8a23-447d-8933-fdb6ef1e4d67,13562,1134
9392a824-7157-4a5b-9880-23775ee54805,117350,20656
16dad944-c492-43dd-88ed-e0b7ac520c40,967982,41460
bb8de351-bcac-4fac-8ce9-b1af0f621ba3,53902,2683
c764f48c-8ed7-46aa-8d1e-b1df6ec0f2ef,476847,28102
8e048814-812a-4f48-a265-63593bb74f48,27319,2680
b054eab7-fb08-40c1-ba68-b5818c44f04f,8002,464
9abff216-e204-4dbc-9849-d1dbe1fbbda8,743691,50187
6ba1c395-bc0c-4c7e-abdf-36dfb795e34b,417,37
37367b2f-69e4-4df2-9e64-75ca6204764b,677895,32063
1849970f-0c71-4f80-89d3-0704797df50e,209857,8433
e6e29ff5-b0e4-4985-a63f-e99d12b21728,244029,9096
5cfd01c7-f308-4aa6-a489-36a43aeee525,38572,2114
f0d6db96-cc3c-4685-b056-c55a800eb219,4732,458
c7e31260-7372-46dc-adf1-bd6e3e983e32,607167,35217
00b21266-918d-434c-b31e-3f1a3e96cad5,40471,2281
29414f23-72ce-4098-9d15-5204e1d0a92d,10315,861
96a7fb16-04e0-4017-b660-b7614e849187,5750,602
0288aeff-5cf1-48b6-8a5a-b8709f0c9ef7,46251,3797
3d9ba4cb-73c4-4424-afea-c2c16d5bdd71,33107,1637
1c014474-7e0d-4de7-ab9d-8baeab8acc64,782,167
2041004f-c17b-46d0-a432-56e7f58cb54d,8804,630
9310bbc5-f902-4a47-84d2-404a0651bdd5,22185,1120
9d66f2f6-380b-450c-8ab8-931e75bf1976,79413,3012
dade27ec-0f65-4ac0-bc1d-ad43dfcc013a,14124,853
45dd6a03-f115-4c71-a1f1-beecf495c745,6752,822
ff332d7a-f194-4f45-8633-8708ac1f2d64,4422,480
7f2c096c-5b4f-4956-bef9-c5d2e63d183c,496,71
dda3f50d-2205-40c6-8f70-223f2eacd92a,411622,25226
a8ecd9c5-d248-434c-9437-b2ecaa910e97,2373,354
3ce3cd1e-48cb-4780-adae-649340d2cd2a,4882,441
733c6e6f-0306-403e-9243-82b16a4f82d8,497735,40084
69e94c13-6467-4e6f-9126-d6de2eef75af,2368,423
e33994a3-2f5c-42f5-8df1-4d23c331a4a5,82783,4647
33db34de-5419-4d4c-a45b-3dfd6b7d8a72,192375,5110
75c016da-48e4-4992-8a10-b7128189b272,259844,12822
2f8fe8c5-eb53-468b-b969-f58fb09761a5,55093,1760
f3ba9793-4573-4de8-85a1-dd224e9b7e12,16875,1098
f46d4e81-6cc5-417e-8a6b-5e01db78cb5d,874,144
9d1d5faf-cbeb-4fc8-bbaf-6d173dbe6f20,1581,299
f9fdca15-1bef-43a0-8213-758b6ee0aa91,353643,29396
2027b08d-45b1-4fb5-aa6d-f6ccc4db78e5,612187,39514
be976b44-a297-425c-be6a-a648418b3161,167326,18507
9d0faa64-9cb1-4b9b-ac17-6d03fa5baa26,13722,1544
11176b7a-5060-42f3-bc13-5851ad2f664c,47125,4026
e42de0fc-d48b-4e39-9f07-c2e410a76bfb,6139,696
64d8e19f-ad15-4957-a403-035bfef0e2e7,111615,5905
e0ff315a-158a-470f-9557-1617390a21b9,19325,1403
a8faae85-8c3c-4eba-86a6-d947bde65bdd,22277,1529
bf3fd6aa-4233-4d8b-b32e-8f3c9d4187c8,1331,206
3a0719ac-28d4-4202-8362-fe76acc2f6a6,44263,1848
d054cc96-6ef5-436c-9a3a-6fd26fdcda18,119346,6623
d4ab32fd-e45d-44bf-9e70-891521672085,251588,19524
1f6dff37-3b59-4adf-b956-1a5f4a805c1b,251,97
b0118fc7-8a38-4fa4-af83-2b306f2139ff,2089,397
0b70e909-b5cc-48fc-96c2-f34ee642878d,329523,29501
a1cadf77-1506-46e6-b2d7-22c22de9815d,28852,1244
8ddf3da1-dfa9-490a-93cc-7d4072319995,714716,48258
592b9a1b-b900-4c1a-a165-bd7e7ce87d23,1192620,25805
e57634b1-01f3-4dc9-bd6b-0672c8e0665c,53488,2895
9ddce51c-2b75-4b3e-ac8c-1db09e7c89c6,10592982,148106
c37cb509-b7fd-4212-a6fb-163535eba4c1,33053,2613
08557f73-6b1c-4281-ad93-ffa660f5b266,24874,1353
8854741e-4c27-46d4-9c52-e1017517b61f,101873,10420
1b415396-6fad-467a-abc1-8051bed49de1,22502,1203
471df6b6-888d-44ff-95b3-fca8a220f479,4836,738
e737b6f0-572b-4708-a79f-abb336e8f6d7,33319,2152
133c4d11-825c-4077-8dbf-ade673a73696,532803,10269
a9355030-319f-4d1b-8798-adaf43f85112,180866,20100
ed962474-bb85-47f9-b108-073184f09bc8,1937510,87653
f5a2029c-c28e-473c-81e1-426bfd531ed7,18846,1307
569f11cd-2d27-40da-9b01-237f7837db77,420698,43152
969ce10f-9ade-47fe-8869-27905d3e9344,112044,5726
0e5bb99d-0c7a-479e-9287-9b55d77de331,143543,20337
563f1d7a-a566-4645-8d28-4696020347fb,412553,21288
5afa8cdc-6cd5-426a-a265-7e0b5c5c5bb1,76834,8551
254a3d89-75eb-4df6-9bad-4a88beaeed93,13089,1256
1f8ef6a0-6d01-4ea2-92d4-693bc565fb61,12162,755
7db6aae5-6644-4513-9bfc-ca2e79d4469c,1360475,63609
19b3c333-bfc3-4915-ace8-cdb4a5a79a9b,198093,22774
87ac7e25-f278-47a0-b109-5eb131dc96b6,1215763,43471
08881233-2d2d-4e50-8b6e-bd39f8a663bd,121488,15233
0a9712cd-8f38-45d1-a27c-2ef399153614,1794,81
6a810a7e-0163-41c5-b198-2edcbb4a33bb,430878,25364
6166f5b3-2965-4c38-8d89-33555dcbffbf,7051,631
8ed6cf82-db90-46b4-bc95-6d33226f4c4b,61707,2805
f14ec9e1-a076-4e98-a87e-154f16557471,70107,4358
cba11cf3-c7e0-48ec-a9a7-aa06c0486f1a,30388,2777
8717ffd5-941f-43c4-be21-cb224dd633f3,2445,302
7a279145-e778-4099-8f73-ea917a1956c9,217929,5543
1646c8fd-d950-4978-b944-0c7597a7837a,263864,25788
1700ab31-532a-48b7-817a-274c4777088e,5490,571
8048e655-ce76-45c3-ae11-3a561c920e29,34608,2981
37c77797-5df2-4d47-a497-7af1a329ae26,50504,2405
24c0aaf3-4ac2-4f9a-9ce6-a1545a96f017,566018,41670
6b105824-8032-44d2-9992-2e2490a317ad,32707,3791
e5c1825b-8d27-47de-9c6b-a2d6cde9be0a,28618,4006
caa8844b-6a16-4100-b2ae-622b2edf5055,74266,9138
61a64e46-1558-4d13-b365-af150bdbe604,54551,2473
53a9a236-e9d2-482f-909f-5cbb4399074f,29782,3138
27dd8224-d752-40e5-9af8-47fd33e61d86,109021,8294
6e4cbcf5-1b18-4719-98c2-7a2c9eccaa6d,187792,17555
883808f0-82ad-4b34-929e-c2d40904f1b5,12273,856
bbd9a0a9-3605-4c3f-b9d0-48eb928a5275,177419,6607
0b295fa0-f747-41f1-baa6-1bc253575422,16476,1219
2407168f-f567-4b89-8ae1-567c08c6c861,1239,236
d113f6b4-f01f-4632-9cd3-743cc299574e,102917,22623
514f0dff-81c0-41b3-b0af-3100199fc697,69308,2718
3329e0ce-14b6-4b51-b658-85f6392554a3,9067,929
10c03023-1dbe-410c-b7d8-b90885d7e533,7880,821
af75ebe4-3ab1-423d-a499-2a6f9d011ce2,914585,49643
7bcf8b20-72a6-48b1-bad3-b28869090dda,1014252,54248
1f5899c2-56f1-4945-8242-5f99e3c3fe03,24595,1531
cfa44aeb-2cfa-40ff-b2bf-cef345312325,84427,6674
d62f29e8-b9d1-47d7-a12a-921a7e1387fc,60643,2922
766ef857-7ad1-414f-be91-213a9cd1c202,3914,559
e5a85487-abfb-448e-98a3-33ce399913df,3943,388
b716c12c-72e5-417e-b97b-7ade2bdb5030,16963,1740
de7bddc4-e9c8-43b5-af57-4a0c463951a4,53264,1729
4c291959-23e9-429d-ab8d-bc8b0a8ef5e9,15545,2048
746876a5-8243-4f05-b1a8-8e211a4282e0,838912,22761
241bedf1-ebc3-40f0-b343-718e0e188aa3,418,115
c7e7bbba-e8b7-4d11-9397-21a33039e98c,26384,1963
3fd9f35b-b05b-4dfd-8193-598d51b44551,1586,254
759a6693-8071-41ae-9489-7c505d248bb9,27487,1632
2fd7d9cd-b95c-4b69-8394-c614759f7e0d,7210,729
7de1a8b0-198a-452e-b16c-17c385bde895,2489,408
0d85678f-1c8c-4820-a7a7-34819d95efda,5569,458
2c824365-97e7-4431-a8d2-4fb08cbe64df,791,174
5af2d229-4730-4508-bd9c-f9b12be77d1e,15249,3899
88fedc49-33df-4f5f-9201-dcf89213e8c5,29342,1923
f576b153-85ea-4538-b28d-51c9552b50dd,67163,2988
cbc9a4c5-bb56-4719-8a34-f75b0031604f,6108,824
215e2b5d-06f8-4c68-b33b-8fccec27a077,965185,48418
005b1c3f-6606-4aa6-aca9-fee2dbaf62eb,28565,791
d79b2da4-6157-4403-8a3c-e129cdda6860,13507,665
9f0d89de-d089-48cf-9038-beec142d0bdc,7040,901
6218d59c-4527-4dd7-9b47-ebcaa0de557e,171,54
ea7260de-e1b1-43f1-bb11-f78274a36308,222187,8945
99075985-0d80-4692-a15e-b16f78831792,2493315,130453
c2a0f405-2761-4177-95f0-d7031043f1ee,75505,5882
993d2dd1-ff46-424b-9d1b-f9082e8c8e38,4878,396
3a592f93-5c88-4b7c-a10f-8eb3dcbadde7,109842,5824
85f11607-6ed7-4a36-af69-dcadd32ad277,56764,5136
9e6f4132-435b-48b9-b7f5-6e4c78b81d94,18649,1045
56c4b861-0922-4c3a-a9b9-3bfcb00f8274,1027599,51411
a7229e38-bab7-48c1-9f35-9b4c49738b0f,335464,11126
6bf5af0d-9536-4700-b400-5bacbeed5a78,10540,1773
dacc2d64-7e59-42a8-87a9-10c53919aff2,406463,15373
f1348139-efb5-43c7-9204-199827efad3c,158929,6592
930448f9-a67a-402f-bc73-2bf6b279afaa,135082,7082
b3968fd2-df5c-42b6-a5e2-d9963322d5c7,61717,5399
477b8c0c-c5fc-4ad2-b5b2-191f0bf2a9df,3936625,87499
a3ee920f-4e7f-4993-8aca-4b8538cfaa4a,1307290,97305
f2492c31-54a8-4347-a1fc-f81f72873bbf,1849281,41279
016b6741-a443-492c-ae7f-fb0378d3270e,97968,6654
c9dd033c-0270-463c-b3ec-f4b7712486fe,712417,41682
7ecd398b-3278-4a7c-8ed9-7c3e786d9a02,59422,4234
58484563-56a3-490c-8a91-dd23b63401f3,31183,1534
9f23b7c3-baa6-4e38-b1a9-5c38359ad982,166520,6272
4f808e47-c983-4f06-affb-757981fa2a87,4392,773
1c294418-722f-45a3-a24d-910f9b6f1502,255147,23737
fd8c914e-4808-4aac-b5e8-1e0061e336dd,23763,1873
11c1ecbc-bb49-438e-b541-baa6aabc66eb,34110,1456
6bd5655c-b7fe-48ee-8925-c2d2d8798618,1413583,98013
ba0e7638-0cd6-4ff4-8987-c3e224d22c23,510630,13432
8b05b805-7376-47f2-acc4-05564502a888,16165,1552
69f3c930-4e8b-4798-9b36-08bd8ffa930c,29407,2942
87df4c21-1235-491e-b63e-e2f4d9ffd59a,143328,7053
80b5200c-0322-47b2-8237-b157c5f5d095,10907,794
1f04b3bf-61cb-4dbd-a35d-139fc0c76f2e,34993,3299
46522a87-d892-4a9f-a3c8-12ff11df6cb6,11315,632
54f04111-4aa6-4095-9497-eb74fc47c0dd,75140,4104
d873aeb7-8bbe-4f79-91b8-0bc11c7ae313,185645,15801
a7d8fdbb-8331-477d-9368-31ca4fe248a0,15106,1408
14266c71-6680-43b4-8913-e15bf05bd788,128509,6672
00323ee1-05b6-4cf6-98c4-94f0701645d3,165851,17499
c5f259d0-abd8-418e-81ee-3965fd4e4e9a,902800,58960
0e6bb502-4815-4c75-9d43-da95f096086e,226,39
6060d1bb-94f8-4863-89b9-425487f2f6b2,137488,14925
4e65e361-e974-4c9f-a368-970d69b1c93b,57872,4121
9d5370f0-b4cf-46c2-86f8-b2c342b296e8,258761,33648
7aea9101-9b0d-4786-9c2c-30f9f4dbafee,19289,1511
69b801a3-9f07-4d3a-87a2-37139bb5152a,419,34
aba5306f-55c1-4afb-8d34-78544147165a,9986,1098
5d235edc-97b2-466d-980b-e5efbfb45bb9,21123,2000
23a30c39-92e7-410b-a54f-e5d49889cef5,7963,1332
4113d354-9ff8-48bb-a529-8f5d04e45686,4913,635
c8baf85b-533a-4cff-ada0-7424ea4806b8,14901,1465
a2ab1de3-b846-4308-97ac-a641944cc2e4,4185,437
075b86e3-6045-4a49-a1c8-a0b81c1a9dc0,68875,12579
e116e0be-c371-4d57-bc09-e2d762d82540,186055,5451
0df563ec-1a79-486e-a46d-5b9862a40311,548838,8986
e07d9474-00ea-4460-ac27-88b46b3d976e,441937,11684
36086094-c2a4-49b9-8572-0fbf12fc3409,86738,5626
b0e4bc50-3062-4d31-afad-def6a6b7a8e9,610295,13771
f4abc0b5-3f7a-4eff-8f78-ac078dbce533,2310306,25018
21a14ee3-cede-420a-9d6d-a33517d2f952,275972,7506
749ef494-8518-4b49-b685-63d8e728d25c,316672,9971
451ba251-0d50-4838-a573-889a51fccf5d,1433,182
3deeb747-c228-4d33-9892-f0aa081783c3,521724,28478
da0c8f4f-f4f4-4e91-86ca-e31108bb5706,101270,4050
f60ec1c3-7099-4a59-945e-4e63184ab842,78276,5208
b6d309a5-ceab-4d50-8bb3-852746e3c7d6,3692,668
f64330ed-5814-480b-ad24-968e7a21ba14,21390,2104
56756959-1e78-429c-b897-e1d056cb0225,792948,15123
80fe825a-8327-4d99-aca1-67e13e85a0ae,4035,661
09887aa7-226e-4ecc-9a0c-02d2ae5777e1,4158408,129925
260b6184-8828-48eb-945c-bc4cb6fc34ca,3776573,75823
db982da1-f837-450a-bc6b-bc5cfe6ba46e,64191,3768
0c6be3b5-36b1-4392-b294-7d44b30a8b76,35446,1646
5dd013b1-31fb-4ef1-b0b5-e697b4b546ba,328779,10841
6dee6b6f-aa72-424c-9c8c-0d31ba5ff673,299976,8063
cc7d4686-ea02-45fd-956e-94c1a322558c,14458803,244486
08c79e4a-947d-4b26-85c9-4ae3c84aa33d,55163,3113
6e91d65a-ab21-49b7-b81d-11c53c65601a,52353,1985
fec551b2-a1e1-4daa-bedb-4d3eecf184fb,1552,290
d1fc999f-6184-41a6-bcb1-7c59bf74a6e1,471004,18673
f9777ea6-02fd-4ba1-8266-cd619f3937fd,37317,3999
a66091aa-e093-46bb-916a-387aba16e15c,95476,4212
1cfa6ee5-1189-4ade-97db-8f20a6ba5c76,196709,7570
151cd917-1ee2-4702-859f-90899ad897f8,135936,5765
a099c890-79b2-4afe-a1d8-fad36c489063,50030,4235
bcf5d3c9-6706-4ac2-a8b3-6310638bd1cd,32226,1867
0ca7b8d7-4cf9-4e87-bac7-c466cef2274e,466,110
59645a03-f5af-4b74-b33b-e8c972b4b9bd,152,30
48fbfb0b-92ee-45eb-99c2-0bde4c05962e,1155369,42562
75449aca-2ed3-4682-ae2e-c2d68a70ee59,36462,2138
ae34b97a-83ae-423c-bc2d-9cc7c0e4244d,288888,5439
70b77449-e0e0-4da5-bd01-0496ef964863,8447,484
35c8118c-adb9-470a-8d1b-bab02ccbf7ce,3742,516
aa2c5e55-57f5-42a7-a0e4-4a02cd9399b1,229660,8016
fe2d4768-80a4-4a00-b606-4872b6996a6a,134852,12978
2fddb92d-24b2-46a5-bf28-3aed46f4684c,17095698,209419
73b54ada-27da-41ff-bd51-f0cd71fb217b,12483,1532
0ef0f607-8d6b-40f3-8180-fa4ced129da1,49251,3860
a9630d3d-2a3b-4b51-903d-3b092abbc443,67475,3348
76c7ee4d-8ddb-4f49-aeb3-a5c8c8a4ee92,6404,269
badeaba2-62b5-42af-9458-d921cd31285a,307,67
b00f7edd-cc9a-4539-a641-ad0ddc6acf20,340,156
69adfc79-02d7-49fc-a213-d295e4552516,3620,245
efa688bc-3bfa-4afa-a313-043c770459a2,35958,3005
4d7db1c4-3c00-4140-8c83-c6d99cfdecf4,90399,7009
ec537684-67ef-45a5-a783-74f913e8e01a,59688,4228
823ed9ad-3412-47dc-9caf-b7be02121fcf,261048,5679
926e3d41-12d7-49b1-b581-75b4ac2ab929,9404,1053
043e6ca3-b049-4e6a-bebc-dc74f6c5cdf8,51698,3719
3712a76d-8dbd-40fd-9bd1-27ae08f1cd51,69149,3902
5334edc0-5faf-4ca5-b1df-000de3e1f752,7874545,150674
9971d582-1582-4b48-850a-2dfe793a5d30,37572,3311
e2bf1320-0393-4eda-b499-fb583cbd7410,21383,649
f812b317-6cd1-4083-9798-b6a4e5f97400,24043,2489
6e0e0dca-d124-48d7-86e4-567280d83d32,39321,1974
8f6bd1e4-fbe1-4f50-aa9b-94c450ec0f11,25103936,273582
10adbe5e-a2c0-4bf3-8249-2b4cbf6e6ca8,33354305,323504
759abafc-c4eb-4018-8554-f29a9d842779,96850,5139
01a36baf-fa2d-4659-8bc2-dbfb5ffed791,342948,8137
ac3b8052-6dc1-448e-a678-a20bc9975e90,25685,1888
3bcff06f-675a-451f-9075-99e8657047e8,8130963,153365
31f3679c-fbed-424b-a611-65a73912928c,573549,23900
455aca99-38f3-47cb-aa6b-820cf9de3c91,3087385,104888
3d403d44-36ce-465c-ad43-ae877e65adc4,1160177,43165
c3bba486-b24b-4a39-bc4c-b0085950afcd,77926,5384
dc230fc4-36b7-4842-b847-9f836dc5d1a0,12640,1495
568b6be8-453c-4545-b1da-906ce0c7000c,14806,1547
1ed5c328-840d-43b6-8455-8d1b4e7f3080,43488,4310
226ab2f2-592b-4323-94f9-5b3f0ef86158,495631,7715
7fad9300-4bc9-4935-a604-60601073ecb9,135206,2763
23101701-cecf-4c9b-9b4c-d6a249eac118,194470,6547
ef1bf752-c7bb-45ca-8f9e-e7e8e18fe26e,132456,12048
7ec63cd1-7a7c-409f-b337-ebd2bf3501fe,982,128
cb816ea6-cd19-4259-9a74-71e28023f559,6440,927
7ce3d484-d681-437c-8d33-913261d0ad51,96250,5495
8970d868-0723-483b-a75b-51088913d3d4,24986156,308454
6461d3e3-2886-4ad4-90c9-a43e3202ebaf,147339,8948
cec52e62-eea5-463a-8487-aa317e9bb0ac,9821,877
30ae649d-142a-4a97-b38d-bd02efebf4b0,61652,6009
a5aa915d-1696-4387-8b1b-58425539942a,54491,1732
6a768f16-fa65-4053-9aca-f07302ba2c51,15950,1538
2fc2ed4e-0fb0-4b0f-8e8f-b301ea2dab1a,13532,1148
6a8f332b-a26d-48c3-afd9-b167abfb4562,19833,1783
cf8a6c23-33fd-4db6-8fd9-4f9867d15500,14509,410
e731ab08-45c4-4e98-a1e4-7a16462c9cfb,808822,39532
9940c604-2456-4193-a403-ab18420bc1e9,2676753,76737
5b5d77ea-1e6f-4d93-a357-3cc6fdb4ab7a,849,183
7a19248b-04aa-4c1f-87a7-99bfe56d45e1,30663,2255
47388143-87f0-45da-9f46-d145feb1626b,27494,2429
f96236d2-c8dd-44a4-992c-2f7e5e199b87,1972,473
904d15da-bd29-40d2-b69e-24612f18803e,620293,10148
a374846a-b434-4a07-abbb-769dc307bcb2,262009,6655
62dc94cc-f611-4345-87cb-b914796a4a45,6238416,122678
46182d24-f469-477e-8b0d-ae53522ec2ad,23714,512
e92d6330-65d2-445e-82e5-b98c683e727b,45423,7177
0e539e9e-8c12-4d1a-b809-508fad4d3813,6514,914
50f96850-073d-4dfa-811c-543afd51997e,82647,3210
67952cb7-0869-45d7-b106-87d564ce9ef4,32143,2167
a6a4960c-dafe-43ea-b431-7d2dddd8cc1e,100552,4412
2eaf4267-4dd6-412a-9bb0-596afb90215b,150627,5318
b7ffd2af-418f-4be2-bdd1-22f8b48613da,53609870,287208
93b4f72c-c63a-4fcd-ae3b-5cbea0c40f5f,39478,2331
619f53fa-0f28-4f02-a313-9078979fd04c,74860,3635
712432f2-8ad0-4abb-8fb8-912a98f3a5a0,9177,1560
a8e03379-b66c-474d-9574-f72617da296b,1280,285
e60fe6d0-fac8-4d30-9740-76a85f794768,8542,990
d1515727-4a93-4c0d-88cb-d7a9fce01879,1913065,68029
7754905b-8bf7-48e2-935a-03d566fec464,2541752,61202
93eb7110-0bc9-4d3f-816b-4b52ef982ec8,7668833,141150
e5465514-bf54-4fcf-ba50-0a46c4f0c0f1,197,35
4e7473b1-0e6e-4530-b374-b9c80ec7832b,61000,4224
10a0bbc1-4236-4de2-b827-f9fc25f3655c,1667910,29334
06dc21d7-4cfd-411f-af7d-0e608c23fb11,11019,903
4c56405d-ba8e-4283-99c3-1dc95bdd50e7,5071069,110489
8bf57862-81fe-400d-80d1-f95e86153bd2,3449,618
47980d0e-0f92-4f53-bc27-8032d0346f61,71,41
9a709693-b4f8-4da9-8cc1-038c911a61be,16990370,181052
dff718ca-db66-4ce5-98b3-9585935b3dd1,143807,14976
086a85c9-3ad7-4670-b460-4db32ec1fe81,21902,1862
b4bf3785-04d5-4cd3-94d9-86f3b43e2904,97728,4456
b8c5cc4f-239f-4e02-b46f-b040b77c2030,3355674,102827
0d10d859-50a4-4cb1-9412-31fb02795f9c,60357,4113
56072b4f-f0e2-486a-b90c-7670ef24068d,62365,4465
51692530-fb26-4626-9ca1-703aac6f2bc4,52039,2216
fb3be78d-16ff-408f-8d05-a73650cbe5cc,3361,237
63011a8d-0117-4f7e-9991-1ef1f337ff70,9568154,195879
68ec1b08-3c2e-40b3-b0af-8f323743fdff,2171412,74739
94c56742-531e-4dc1-954e-24cd216b3bde,24474,622
8dc08b1f-e393-4f85-a5dd-300f7693a8b8,9426131,164611
d1f5d009-8dc0-47bd-9708-523636cd35e2,5950,980
4a00ec9d-c635-463a-8cd4-eb61725f0c60,11092120,189228
2f8d2007-7666-45af-89d4-dec4921dce04,30279,2699
f3e2e3be-175b-4360-ab3c-1486a3c82a3b,285322,22663
f04bd810-e925-42e4-9ebd-ee4963f36427,778,91
3997d4a6-c2bd-4191-8406-eb07f0abb5d2,2344275,80294
848d0b95-ac2e-4c18-a025-7fb815281ad8,84787,4771
820c0e8b-7141-4d25-876f-aed2cf5fe121,15734,1696
61a54a1e-3fa1-4ccc-bfc2-86c1a27e27de,272137,41057
4a5d133b-46f3-4c19-aae1-ec199787658d,50205,2191
b9156330-fa84-4a97-83a2-4476bc5e40c5,38715,2494
50178991-f646-4538-9a53-5fc5086d7a92,30856,4970
8ed2e0b3-aa4c-4e13-bec3-dc7393ed4d6b,8502297,223695
de447818-fe86-423e-a2d5-b1e6138f4209,370025,6228
1f064e2d-aa55-4631-8f62-e2c14bbe1f4e,2697234,84312
2f1c1351-4369-4a9a-bec5-257d7493e59c,310,52
23d9d74d-c95e-46a6-be26-a6075c49747a,6535142,162987
f2c454ec-69a2-49a7-a79c-eaabef25ba44,33762,4835
a3c473a7-a625-499c-aeaa-a42072a92220,2786,140
930fd07f-047f-4ffa-8fa4-93c42278d0b6,1151,304
deebf442-6911-402b-9b7d-f19abae2fa2e,74829,9124
a0d47559-6ffc-464a-a4d6-30777e5c76f7,20494,2013
5cef1748-13f1-4155-b9f6-71cd4212b960,109022,9295
243fb43a-1e78-4bdc-b7c1-171ec7ff3995,24125,2450
898b124d-75f5-4258-9a0a-d786c16f5ef8,47739,5189
167f05d9-c9d2-48b5-977d-98d7c78834f8,13190,1231
471f3493-0e1f-4950-a2c4-d7b6c55e862c,8055,938
f4cc6a8c-d762-436b-87b1-0579bbcfd2dd,353907,22880
06e99a1b-4020-4380-ab27-1a3e0c5e557c,2270332,70432
5ab9d7a7-b4a3-48c9-8198-75474fa6cc9d,2014,429
8a7a4e72-a099-425f-8238-80706fc1c746,2211533,75474
90ba97be-5daf-4365-8704-9a74b780591b,301292,22705
5bb2a9c8-3505-4c45-9717-19f0f8f35425,1612693,52721
30fcffbe-1083-4e3e-b85a-9b184b97d09f,66819,1427
d226c337-ab8f-4409-9010-fb0d58e7cf69,85620,5427
31bf7c23-a50c-4e8a-9cd7-6a4f062d50c9,2439,543
bd513de0-e42f-425e-ae46-817d7bc5fb1c,9309813,98066
6814533a-a953-4d57-9f92-ffc575a46b37,6073,712
b017a7ae-e5ee-4675-bb13-c83346134971,7436536,146830
c23b637b-97c6-41eb-8ef6-6c724efc80a8,10379435,184556
a5f92d47-b562-4582-b267-71963a515f4c,3435976,69651
05b2fd5b-24f9-40ad-ab9d-ac1d94ea698a,8578,202
85edb1c8-e921-4b8f-bfd9-63873879f919,2185,192
5fb94de9-6534-48e8-acd7-ee81f8604432,255889,14488
f3e2ad21-900e-46a0-8597-2a3e457a7c27,1569478,54368
378d092c-e78d-498b-a303-e6b657ab5159,159660,3920
f3c3803a-3149-467a-a816-c667146f3bed,1001507,56860
6ad2a903-44f1-4672-b0bc-3a6fc852033c,16672,1322
e840a9e5-4b73-486a-a47d-790d5096dd1f,66557,4506
c89ea689-c053-4d97-bada-8b81a6236f58,3151109,108712
4285919e-7be1-4c96-a053-b591e2224650,1423,278
067102ea-9519-4622-9077-57ca4164cfbb,8803236,153499
a28d9079-cd15-4bde-93ac-1551d6558441,422,64
959cf5bf-ee29-4af6-a85a-0b480181d988,2552247,107460
983211ed-a54e-4cca-8a13-92932e2a8eeb,1567,164
5dafc5bb-142f-4b96-9e69-b7cfe6bb6b73,5595,857
9b2cd4c8-a9dd-417e-90d1-8741cb06d79f,731889,8498
72034a05-bcd8-40c2-8255-3ee4ac0e7ef0,148028,6470
4342cf80-7c06-4402-a431-457e77310474,2151294,82643
6fea433f-890e-4b92-9ed0-05d2050fe904,10488,1065
83e59f23-3b0b-4304-834d-5bcafd5df6d2,4457227,88409
dc11d177-f625-40bc-95fa-972b20ae8149,28537,2891
bee42076-a087-47c3-a7f9-d226f8a8f7ba,16714,2105
b014d579-b549-4b21-b90d-5264e0433988,67777,5703
1c27ff8d-14fc-41c1-8ed7-96aa00671369,9130,917
e105509c-c6ba-4d1a-971f-bab5b5b2c0b2,10021,1514
f5b8ea5f-c269-45dd-9936-1fedf3c56851,3598247,93295
860b2707-6153-4e3a-aa57-74d2b42c55b5,14112475,245284
10560d1a-35a0-4b72-867b-609b8bff2e62,4878,910
265f242e-cf4e-4fbe-a3fe-43112387172f,3302595,116980
f6e67391-5280-4e17-a78d-cbd5a67b9cb6,2261,402
cbef45a9-7acb-4325-94c9-70081ac8d1b8,4468358,98332
5ee42715-82fa-46b8-9ddb-ea2fbcb94814,1551,318
fd82a65f-a503-4cc8-a023-ae6962d7296e,8690,1326
aea8576d-7ad5-4430-bf2e-63725d80f05c,329076,16645
194eb903-e375-49ed-8aaf-95cff6a801b7,5581,881
8027281d-79e4-4ddc-a8a7-6e6bf9254ad3,1046564,55693
bc7ec666-4700-4f48-a797-5c607f84a890,656622,39107
6f500293-7396-4903-b4fd-118127d06f9e,1521834,13069
61af87f4-16ee-4431-8504-cc06187079fb,1120608,13069
31b0df5c-606c-4d4c-94bc-c730a0090555,165810,2101
516cef4d-0718-4007-9939-f9b38af3f784,24223615,241301
fbefa64b-2da2-4ab9-92e1-0b1e4a6604f1,101,35
c07f0676-9143-4217-8a9f-4c26bd636f13,28863773,248964
44cf61b8-5197-448a-b82b-cef6ee89fac5,40749527,254292
13515f17-00c5-4de7-9e1a-ec67c7b570b3,7312,660
65a01fd2-35fb-4817-90d5-ab5506b21161,117730,5663
b6056880-789d-457b-84b0-8db84028a667,51926,1623
f5309782-16d1-493b-9d30-d9c8ca4f492b,220076,3068
92da4329-77a4-425c-8e92-4280110cace9,1001474,8487
2282c539-05a2-477c-82b7-fe40798d37f3,130718,5092
aad3b3ec-0e9d-4bdc-8ff6-217637948f74,33649,1565
6ef00829-fa94-4fee-a5a6-b28e1208e96a,2849425,14198
e611313a-b5f6-42a6-90b0-00a1e0bf882c,16080,1048
3058e843-fba5-4d7a-a1fa-c3a057d0da9b,5021,304
986e466c-7efb-49cc-8034-d05a4af5ab75,54539,2824
635f545e-3290-4ad2-817e-11f78770fc41,2262,206
d370fdd6-5a24-4363-a3ad-d93f15a2374e,668,83
a63a5c27-aae4-40b3-86c7-527496bfeeb9,186341,5909
90e8bc57-78b0-4992-8784-898d5122d3b3,172830,3817
ccb27361-4bb9-46a9-9ba4-e2b8e3ae0e36,18067,723
6acb932e-840d-47ac-8e0d-725ad8a6e52c,9319814,108773
e3a1f3f2-3f95-4840-9661-16f524a37e55,16631,667
7bd47e67-ecd5-49d5-837f-c692df38da4e,4866761,54091
787aa69f-f419-4e24-8c13-33511a20428d,879631.0,17910.0
2f835289-33b8-4cb0-8d35-77d2697e5802,29246.0,669.0
c5ad0328-15eb-44a9-82b3-e5b9386d8da4,41048.0,925.0
eca63338-0650-443e-86f9-969bae7c1c63,35075.0,2264.0
d08354b6-6250-4495-92f1-2b751813e2b3,44488.0,545.0
f3a2cfce-6cdc-48b7-b20b-8e9d5e523a21,11712.0,824.0
a46ed0f8-b68e-4f78-8d90-92f852607d89,59302.0,2101.0
47d92a49-fb1a-4583-9259-520e8c2ccb9a,7799.0,318.0
50221a75-b324-46b1-ad9d-737ef088c7a0,,
a6d3c7d2-ee40-43cc-afaa-dced832a3fc0,23348.0,542.0
ce910111-f540-4b88-b1b6-52b68cc1a718,48468.0,1370.0
657cc620-b6cd-4db2-8525-e91fc0a3980b,66533.0,1076.0
de949066-7379-4e78-b509-19fd2d0a071d,6232.0,150.0
d4bff576-7afd-4bac-9884-280b43afe8fa,24127.0,1287.0
ebd51fcb-9f65-437c-a6e8-0a64388557b7,138.0,26.0
e1cb1f61-96d9-4df4-b4b4-a5e7451eb5c3,23551.0,1076.0
a305918f-ce88-4834-a134-3381e34ad4e8,1224702.0,13286.0
fa8a83bc-d7cc-45f2-9403-46a1ff527b49,699354.0,18173.0
94165f76-7848-4d13-8bf0-bdda4eda2d87,2005.0,139.0
daefe844-55f2-47d8-a1bf-344484dfdade,74396.0,2175.0
ed904422-d30f-443f-bc11-2ae375f79a31,11149.0,1086.0
7ff71aca-2ff2-4bfa-a33b-be94777cabee,40417.0,1471.0
6b0fe178-723d-4b09-bac5-838dad17a637,30890.0,581.0
37703c98-70f0-4463-a5f6-5545a2133d4a,16079.0,984.0
6a8de993-ffd5-414d-a81a-88e11e27d01a,1102525.0,32041.0
0399582e-6437-4f23-a684-5707d92b32d9,18700.0,490.0
6e9b8c29-2542-4283-8f04-ba32a6927d86,772685.0,21329.0
bed9b7cd-6f45-4ade-9a9c-8414f85fbf0e,47449.0,2044.0
8e71d8b8-e21c-4120-807a-97f21f76665c,11284.0,347.0
1165d619-d5d5-497e-b1b7-261d1e355d96,1218717.0,42306.0
9ac8bee0-1c34-46c6-9eee-ee1eb96df282,85481.0,2154.0
136a3fc5-df62-40a4-ae05-07abb591e756,4579.0,614.0
cbd3abed-ac01-45e1-9b2b-ae1c5dca94fc,20.0,8.0
974c6e56-e86d-447a-900c-5b65214ad3ff,3953.0,239.0
7ebbfea2-3202-4ae5-b351-879d2cbcce8c,46629.0,2065.0
e33f9930-2c34-42eb-82c8-6d93bffedfac,10167.0,586.0
2c26ec01-9ff7-455c-983d-69b096e196f9,21750.0,1634.0
84d701ca-fd02-4f85-bad7-40a52706d760,2748.0,563.0
622b6000-ff0d-4ab3-9e98-c4916f3692c3,797986.0,12521.0
ae1b47d5-5128-431c-9d30-e08fd90e0767,11973677.0,120392.0
5cc3cff3-f1e4-4a3f-93f0-923fa553efbd,20589.0,250.0
d100076c-3fb2-4854-a1da-315ba216b9a2,89503.0,3062.0
e85ed536-e596-4d59-ae99-9474ad39c02c,1291.0,140.0
e3513b4f-2a13-45f5-8ead-e79b1af0bf68,259799.0,4103.0
98091205-c85e-49b0-954b-d84dab308138,2765933.0,44858.0
923158cf-9d21-4bce-8040-41e7a497c1c9,2028511.0,16427.0
e58d1227-640b-4772-b7a9-60f5f2388fc5,108478.0,2241.0
e8ff8beb-c117-4dee-a561-ebaa52567d8b,1336.0,207.0
e636b15f-00c5-45fd-9c33-845a08c8f92d,192406.0,2717.0
86cf3ae8-b3ae-4812-91a9-ff5764c5a844,9103.0,444.0
b580b305-105c-40d4-a361-580de8973cd0,56654.0,1110.0
5f821136-9935-403c-abb5-e78ddda35e9f,3653314.0,50269.0
3979bb32-59b4-442e-aafa-de4ae2439400,802626.0,28610.0
ef0413e8-9a3b-4cba-8496-774781cf03bd,469820.0,2571.0
2ab753e0-aad9-4cb8-81ca-8ab11d1ca1ef,18954.0,941.0
4300913c-bcb7-49ed-8778-576d8114159a,14788.0,1247.0
9f5478c5-5eec-43d3-b508-b442b15c097a,7694.0,240.0
4ebb5ad3-9018-407d-8c24-c03011ab9ac6,2261840.0,47741.0
9fa9eb01-3133-4a0b-92fd-0253559026f5,5879.0,501.0
e3a0c5a5-e666-4d6f-8d92-8d0b92a7f9de,16707.0,1166.0
f101428f-ade1-4f2d-ae4d-3f046189e624,7226.0,556.0
cfa3fb63-001c-48c7-aded-d30007fdac3b,425.0,7.0
c79032e6-f077-4cf7-9de3-ad29084a723e,69005.0,1911.0
8dacf242-9bf7-44f5-b2eb-18305b904551,5228865.0,76214.0
a002029b-4872-42de-b4e7-058d16df7762,5467.0,230.0
1d84deda-b9cd-45e7-a021-f7ca95060227,653.0,65.0
3e72eaa2-a72d-4e1d-ba13-c2dba36629ac,62582.0,2101.0
c16e6e94-8673-4fec-bfb4-803595e19303,6871.0,88.0
27cb81c2-0a39-444c-bd73-101c14393a4a,1635738.0,32146.0
50549203-9602-451c-b49f-ff031ba8635c,8679536.0,137736.0
c83907ee-8b5a-4547-8f68-96572243ea7f,3646614.0,47266.0
394825fb-862c-4cd6-8063-0fd2db9c03c3,10997.0,515.0
41ace4e6-9fd3-4cd3-943b-8bcca0c41f43,125.0,17.0
3a4c8052-7c20-473f-8b41-c3a081cbeb13,181830.0,3767.0
b7ab9d0f-bad6-4ba2-a0d9-3a735b712167,762.0,97.0
d959ca9c-24ed-4372-8c03-afe9e3ae62f5,2652.0,91.0
4de5d322-0454-47e3-98ad-4162f45d0237,209.0,13.0
abc628ad-a06d-4fc6-9a59-2c24065a7c5d,10817.0,672.0
9f7a4907-9c6d-4e84-9a16-5bcaee2f8381,31282.0,1035.0
4f332da8-a346-4549-ab2e-fab15a785560,595.0,53.0
de210c9e-fbf6-4827-987f-dd8885f5d890,294282.0,6944.0
ff94e0f3-8f1a-418a-a0f4-4c4a100603dc,142759.0,3634.0
c649f061-c881-4cdb-9812-736b4f04b4b8,48421.0,2211.0
fbf2f509-3ea8-4d0b-aea3-472ace9e5103,686.0,27.0
013b0e68-c89c-4d1f-bf48-95800b0ef5c0,245520.0,3844.0
c570a81c-b692-4ec4-829a-c3b24218e874,4514.0,174.0
3261456a-0dc6-4727-b17e-b83ebbabfc3f,13320.0,241.0
c837c0fa-74dd-483b-95f7-25a46f92fa88,66846.0,1527.0
8a847039-8390-4eb6-97d8-835476b508c7,16396.0,757.0
76473877-7359-4359-8661-c6a42a91479b,972.0,135.0
ae488858-05c9-470f-bb24-00bf7350b268,1072.0,125.0
6bea8718-6cdc-4a6d-9623-2ef0bac8a902,35916.0,1678.0
190e78ac-8f44-4bf1-a4ff-95ed9376ad9e,8137639.0,102750.0
71da8031-ee68-49e4-b874-e46300c7829b,7596.0,401.0
63ecde7a-0d35-45a2-b3a1-49bccb423bb3,11695.0,254.0
ab82e6a2-3089-4250-9919-0d11298041c9,814091.0,15975.0
c0a138e2-cef7-471b-8fbb-524e1076256a,5160679.0,54580.0
cf9ba8ac-f4be-4fe8-b5ad-18ffa237f1fe,145807.0,1952.0
317606b4-e0c2-48fe-bcfc-a7e7547d968e,33383.0,1900.0
3267d5a3-c72c-4c3b-bafe-ec8a569c0b74,2665211.0,29316.0
4ce47398-a6b3-4bde-a236-936224037a7d,38683,1346
ef866bf8-a35b-4051-8eb9-71bcbcc4e8dd,7416,115
dac77ea9-7975-497a-ad22-7833bee92eaa,1512320,34125
8448783d-a68c-490f-b5c5-4a6364ef5537,2319011,46963
0acc305d-e58b-4e76-bc17-630345c14b38,20899,1158
9969f247-ce03-4b25-927f-c00c51ecedbe,60479,2251
4db8e5a9-beb9-47bb-8bc8-334b7e33ece5,11186,915
6bd32857-c9fa-484f-9ef7-90c655d08c0a,42961,3885
810b210f-b461-4f02-aff2-dff91196147e,33000,1360
51c76d97-0635-433c-b26d-66beb81657f8,560373,36270
8c1f3aa0-0095-40fc-b331-d2294b12d47e,4704,396
1802f74a-21e5-44f4-9da5-8ea3ac6ce34c,57441,4488
838483d3-a803-4194-9754-ad634fba8553,580857,33348
bfcb6630-9b31-4e63-b11f-7b0363be72b5,3331186,122422
186e216a-2f8a-41a1-935f-8e30c018a8fe,1096783,52704
d20355c7-a393-4ca3-8484-f8eb14204d76,4735,391
7f77bfe2-ce93-40ca-a72e-21de63ca5d26,9810,765
df36f6db-5987-46ed-9d02-0cf36ed4e060,269227,12942
5968383c-11c1-4c5b-ada0-504a38cec8e7,292426,25756
a755b180-542c-46a9-ab27-0627b248fe2b,1260,211
c21f6811-277f-444d-9e89-53260eb111d7,1202,110
3a380250-66c9-4548-b27d-fe6edfe0e2ae,15624,1165
84354abd-2ead-48a3-9690-6627d917b605,76261,5553
f50e7f7a-7c45-4cd1-b541-c2302a1fda65,50394,3947
b87041b5-2cad-454a-b6a7-08868c862273,9613,831
2a9b17db-4f22-4ffa-a547-4fdfda1ce946,44002,3960
061f522b-edab-4ad7-8397-f3b3918e048b,36456,3565
2c5e2a98-d9ea-46b5-9618-d9bb4863a920,231185,9338
64b94289-9474-4d43-8c93-918ccc1920d1,7041070,186473
36659134-110f-476f-896a-d5b656ae1516,370,87
ba550d0e-adac-4864-b88b-407cab5e76af,6851051,206359
107d0c22-d051-4d98-8206-4e14de02132a,2715711,98856
05517043-ff78-4988-9c22-88c68588ebb9,6131932,169544
f9c3303d-cef4-4ac8-854b-2be7fb7b1db4,32,5
df0f8580-10be-4226-8819-96a964f6fa0c,2518,118
7f5c8106-1c9d-42f7-931b-c4dba9f47fed,48642,4134
5b1a5ae9-f819-47bd-a740-52a948e3469e,323,62
0452ed33-3a86-4d04-aeef-2962359c83be,881,355
3f5be744-e867-42fb-8913-5fd69e4099b5,2194057,100073
5ca3f318-d028-4151-ac73-78e2b2d6cdcc,2150597,108019
9e103f85-7af7-41d7-b83b-49ba8f0c5abf,6336131,161265
266dcea9-a345-4c0a-aea5-a16a34a7131b,135854,12531
0070ca77-26e8-4ce2-a28a-d1b76ec15485,53779,3486
0ef407d5-1d55-4013-a9e6-7cca4b402987,263,53
72688d61-fc59-4597-abe0-c858c60fff0c,2130,596
335b6182-0da8-4dc6-a5ec-fe13f0f87e4b,1236006,104818
6c25514f-1f14-4106-a142-be95ba11f117,2506201,87901
98cb416e-5271-484c-ab3b-6bed6b4aae12,1830355,74229
f93dbc64-6f08-4033-bcc7-8a0bb4689849,5330747,150768
16fdd9af-467f-47ce-bd29-3413b445b90f,1124748,36719
e9aed5e5-ed35-4244-872e-194862290295,3531071,87087
69837400-8e31-4949-aac2-00b46b4df126,7538564,128953
fa19ee38-c2a9-4ed1-9b24-a18100cf9db3,1188086,89906
ff294730-0315-440d-a543-54005779c15b,2624746,154771
b0e14f69-47e0-44f3-b3cf-767473defcbb,3016,455
cd8c5019-5d75-4d5c-bc28-e1e26a7dd5c8,10690853,203632
b27d089c-6b08-4067-9293-406cebde0374,115998,5772
a70bb21e-f84f-4343-978c-346a2c01d38e,53035,5131
80a37f31-402b-4dfe-9181-2e7dd8f40143,38784,3126
73f6cf7b-fe8a-47f0-a1a2-3c130fbb53b0,124,43
4a069029-4f64-4946-b650-01aeb0b55d9d,5934598,164909
1129817c-488a-4096-80c1-77fc1b107c93,4056115,133203
437a0e49-c6ae-42f6-a6c1-84f25ed366bc,31856997,274896
a42d3fd5-55de-4206-86c3-4fbb5404018f,1949381,95074
4a0e55ce-dd1e-4530-8e7f-1f15d81aac41,9963,1040
c3f28da8-662d-4f09-bdc7-3084bf685930,21002376,246589
a4207ae1-1233-4b1c-9c75-d8e34fe1e3ad,24853,2306
5c61efe6-3cdf-4160-b43c-9274944369e6,847737,34483
6390e20f-bacf-474e-954e-5b12da73350e,63687,4343
5d02f264-e225-41ff-83f7-d9b1f0b1874a,14621555,284544
63200203-e2c6-4081-8e0d-00c9732c6b6f,504670,60918
a2abdca1-2041-45b9-8d01-e34fdef7922f,24134,2373
4d6947a9-b2b4-4f36-b33d-5323e5570c06,2633,219
ab637483-5161-4941-9312-d981ba370e2f,26396,2607
5b7187c7-08bf-49d6-af08-ad1e7d58c825,18180,2014
aa9ea04c-6d55-4244-9139-22c75bd19f97,106590,6133
7bb68d31-2d82-4a1c-82e7-4ae3d122e5d9,47036,1188
294d06f7-fd1f-4cbe-a433-bb9cd6ac937b,332570,21554
4c9d623a-8ba8-44ef-b866-17cc8d353019,717774,9885
b8549efe-f4fd-4dc0-8ef1-226e9c400233,1861744,97415
546f1f7f-c299-45ba-a23f-072e80a0355f,4299,451
6c1a2bc2-f546-47cf-9380-b858a06f71cf,45630,4518
53c3369d-fcb6-4531-b233-1af0dc9f6aec,3333,618
3d621c94-2356-4532-ad52-79e0ef73e20c,597824,34218
3dc30744-48ad-4e74-889a-246273e5e344,102451,12146
4b85cdd2-3c60-4578-8543-401c02f25756,247218,15911
f11f6e85-a39a-4dd8-875b-cd84839ddec6,129613,6287
e9c832b0-384b-4ee6-aec0-111372784aac,1983566,118511
3b4cd16e-3a25-4c7b-ada6-33f5ea91e1b1,97485,8817
639daa9a-24be-4b93-abcd-68d5f4fa2a35,24417,3006
02fc94b4-8785-42ed-89b6-261717adb4c8,3573,252
a9d1d9b5-968c-486d-8a97-6077885f2ab8,202567,12568
c44e9c22-ef82-4a77-9bcd-af6c958446d6,21762940,245287
a41ac10f-0a56-4672-9161-b83f9b223559,6701323,177409
c5300d54-6d2f-4b03-8d16-c8c350597660,4209,294
f7e8a06b-efad-4d2b-a26a-eb9d96466864,91469,3276
324b9329-7be6-491f-9ee1-65bfa10c7577,321241,14576
2d045f8a-cf97-4907-b13f-b263b6517a89,7082,842
65314b12-0e08-43fa-ba33-baaa7b874c15,11599938,187994
1b2d4efc-1929-4c7f-84e1-66ac82259e8a,67668,1483
3cfbe5fb-c638-40dc-b8d8-bb5e5c9c4a1e,40453,1939
efdbd3b1-2d20-4cea-af46-dffbc1e7daba,3827638,60633
cf8b9160-72b3-4b0d-b2c9-88bb1b7aa80f,35149,1494
938ccdae-9174-4790-a9c3-3e52020e3f32,2557,181
6b1aae38-e353-4b58-a84a-3ebf1c09a193,653,49
9fcda3ab-a467-4ea9-8569-ae975de0f473,90803,2592
43090d53-8e5a-421f-8840-b9a2cffff3c0,126277,8292
d8d0b08b-4ddc-48da-a608-19584c1e318d,1445,132
0110e63e-0a9b-4818-af8e-41e180c20b9a,11387921,153811
d352f5dd-3023-4565-a7bb-52396bf8821d,2982792,144793
5062deb7-5b6d-46b1-bb11-9d38fde27b65,11116,1336
e3bcf587-a354-4723-a2d3-1c679d6571ea,639040,35987
4a782e22-e0a3-40cf-a9dd-ea7224344705,938,50
13440dc8-92f9-41d6-adbe-c9d12d7c1506,6,3
a71da6f9-655d-4029-8c1c-5dc351632734,40479,2756
bdde932a-1a0c-4dc1-be0b-9140769eedfe,16857,1903
6666e167-dcf2-4e76-8533-12114e585848,6035,993
ae272735-bb3f-4c2f-8c35-baa7719ec3b2,5793,330
6bccaffc-bb71-4b29-b953-ff1dc1349c48,4724,300
c2e36518-9c3b-4dcb-82ad-a3fc7fe99c67,2491131,156530
6689a626-4de7-41d5-9ec3-5a289472a9e2,1431971,41703
342fc60f-2c69-4be9-bf3b-1b3701da6eb0,11633,1729
cde16645-ffe2-44ea-98fc-9ee3caae06b5,1852,109
e4b3177f-8131-462f-805a-5d2583a69bac,315573,25004
300aae2e-8277-4b51-8d2e-07c078f73b4d,1117659,17166
aa1d542d-11c6-4bf3-8219-28a781de29ea,3199767,95063
46e2c2bc-92d2-406a-805f-fee2bc612313,36741,2878
e58e209d-c416-4408-acaf-33bc3b6962a0,100,14
081b133e-ce74-42ba-92c1-c18234acb532,14316346,168043
204db5a8-78f1-4078-801f-ae8f456eeb60,1238303,12683
31b1f1f3-1498-49a3-87cc-d8c52a356999,678,205
bbf00a5e-7a32-4946-8112-7e74dbc55541,9165,1197
3401c559-ed48-46c5-b44d-0263defcfdae,5309,954
eb105211-4d96-4128-9029-7e0a007965cd,309304,10004
4e14ff59-1733-4ecb-ac86-5ada2d363bcb,621,120
5f3dd701-cc27-41e3-9eaa-faeacb495c26,9555,344
e9e6db32-ecb9-4163-9d2d-480d9159719b,10,6
6dd011ac-4adb-45fa-8dc6-dbc0c4a80240,21748,814
97b1142f-c71e-4971-8736-4a8ceaf6b4c3,17407385,196321
247ac633-543a-4dbd-a747-08cdaa5ca941,19580,1774
98add5b8-5616-4cbd-88fd-a2a55eddbe7a,6947,913
758cdd59-8341-4500-a7b7-37341258dc15,5611,975
63d61461-ecfe-4057-896b-3ba3ff3111eb,770317,25801
a38536f5-0f71-4f20-a841-1f2918c252b3,10524,642
3b840213-006b-4d13-8c50-0479f85cdf02,32485,2163
e4b3876d-549a-4b53-bc5e-b3b87bf2d778,71373,1896
5d3e4f6b-76a0-407f-b42e-d70d9d94e5fb,10698,987
e8421a37-3ae6-4f32-9668-0f7dc216410b,256724,3403
597a5fd0-ab64-41ce-8a36-7b0230b7663f,156,58
e0fc6f9d-70c2-41f5-936c-fe27d1b9dc7c,120277,1473
0bfb4aaf-fc05-47f2-9413-c4409b349f79,82680,1622
0e3f5f4e-4ae1-422b-b451-298f87a8c922,25527,967
6c4a5058-81b6-4ab1-9300-f1a774d44776,774,151
9eb4af95-0a60-4f9d-a84b-cc37ee2d8a74,11898,478
05b04419-dc84-47eb-836d-942a2b94435d,666,125
cbddc09c-e5ba-4fa9-b7a8-33e188ea1a77,1562,210
e3fc3f53-9912-4261-9f29-6200c144201c,1089,133
d1932f3e-e9fd-4c84-a005-78a1125e9be2,2091,161
bac6fb5f-3911-4ec8-ab64-406dd7767cf6,9223,536
09abe2dc-3021-47f8-94dc-8b2a1b6b693e,10628,654
795d2a92-c45c-4e80-ba24-03259f79f5f8,2130,213
b1cfc5be-c703-4141-a251-05e2b915f9f0,7741,734
e1cba4dd-3933-40fd-b190-e40579553bab,1496,132
712fcc0f-25f5-45bf-bbb8-2601872d08e1,113323,5424
1bfd87b2-90f0-4f7c-92e7-b713757a892b,36014,1150
c0046d7a-de78-4bd8-97f6-a118e513774d,544,179
45658804-05de-4346-a0ad-45592a47b22d,413,76
df4aace3-a8dc-43fe-9e02-2b67fd5904dd,11671,695
36bb81ce-4fde-42ed-840b-0d6da16320a2,6528,963
029e9d2e-9969-4a44-a73a-012d0b59c304,841,135
98efd363-a988-450f-a8e4-e34368846a1f,413,40
afa736dc-0c32-4351-a2dc-898654cef08c,26536,1812
307f2c4c-a8ad-4add-9041-45f1278cdd0c,3403,324
c65df4b0-cb46-4690-86a2-780d5d60215d,1674,123
9f8aaa64-6859-48bd-b966-3b8efe62db25,10395,567
bb4e23de-b92e-4ca0-b014-e3734a5bd1c7,4456,378
1f2d992b-aed5-4290-a0ea-6c0b0097905c,2178,278
2b9e3fe1-44cf-4ea8-a376-b94305676979,816,112
d77f3aae-d003-402b-b20f-87104bf8b153,551,57
17f74980-fb3f-40c5-9a55-aa224c4d94a1,178,24
58c0a3cc-4b54-4fa8-bbe3-2ff3c5b51e7d,458,97
579e01f6-cc9d-495d-bd7a-5655d751a8f8,188,68
92054334-1a0a-41a7-87a2-553a3045bebf,239,33
19801de7-189c-452c-bdc5-a562836e50fb,2205,207
d5956a2f-bab9-4aa3-a9be-ad393518e5b0,19794,2346
8213cf01-89c4-4939-bce5-935614ce95c8,290,61
ef75f5fc-67b1-4343-bdca-870ea2ffce04,49,8
ebc3e267-88f6-49f2-893f-91ecaff8543f,140,27
06b9c34c-7f12-4ecc-aabc-c2eb3b6ad154,106,18
e49595d2-07cf-4278-b885-8bfd83acddd1,1577,255
ca251c5b-1ef2-4ed3-80fe-a65cf10133ff,298,59
c1bb4052-df38-4259-8d77-5b878299b8b0,17696,1371
652e6b7e-8db6-4959-80b9-11a1f084756e,11,9
4f5167ac-7fdc-4b2b-8aa1-45be062a2d5a,355,61
c322536a-cce4-4b32-aa03-0be3edb410a2,20812,721
8527c7a6-f675-4b6b-95de-1f40136c2e71,208,31
f966629b-fbca-45c1-86d1-e737d8784f64,162,43
520911ec-e5ec-4153-818c-476b0a5a9590,299,65
33294b96-a5ce-4eef-8da8-cf4b3d941b4c,3250,142
49c2fb4d-5bb4-4b88-834e-79431dcfab08,106823,2053
09eacb1c-5e38-4899-b79a-a6c27401cd68,360,39
4380b41d-9b68-465c-9cb8-15d3da5d9f9a,3903,628
e2fe8dd2-c3f4-4ffe-973c-a3ac3a33aaa7,8554,697
882b673c-c4a0-4854-aa47-90203d3ee256,527,86
5a400d1f-ddf5-4f60-947f-82ddbf6412fc,417,66
86198c11-74fa-4338-8e4b-fbbd66502ba1,5071,396
6d7b7cd4-254b-4c25-83f6-dd20f98ceacd,24079380,275692
eee14992-d2ab-4c46-b1e2-51080504ba50,108304,5775
0e6dffeb-bda0-4eb1-9567-2ac9306a516d,82951,4684
4e41e23f-018f-41af-af43-cb30ddb33f51,22758,2403
1e29feb4-34b3-4032-b054-c13d737cfdf5,19660,2724
02f5184f-f0fa-4088-aba7-cd0f3bf01b05,8968,946
ee782f62-1bdb-4a0b-8fc4-3bf2a8c1f979,38148,690
9ff87295-bdfc-46fc-b605-456cc39d84ca,20818,1881
530a9937-4229-4d7e-8457-4853d7d5dd7a,14479,1349
946ba2ca-22ad-457f-82e9-01106ff82e6a,36016,1630
e369e789-6f07-4ce8-a70f-e136bc57bf3b,46763,1594
10df38da-1292-4881-bd96-c6dfead3934b,18754,751
d5651d1a-6ddd-4650-96fc-0e475d77862d,28966,938
f4903035-e9cd-4b7f-b462-0447b0cd490a,46835,3025
a369e7a8-4c2f-4b43-9a22-7b64bef82d30,3348,729
d18a2838-05fa-4e4e-bbb5-284a4cfb13f5,79655,4366
1c20cfbe-f179-4bee-a2da-290296d49334,3556,881
5a691568-a34e-4fd8-b031-01e4c9e36070,22732,2858
1b72331b-3a97-4981-a81c-eeee9c275d28,219138,12686
cd52c72b-d89a-47f3-97cf-db2c612737a7,6595,862
aac29501-3aa3-419c-84dc-e8c4e2c8ab4c,28415,2720
478fe3cd-c42a-4f0f-86a1-9168041fbf14,233500,8353
c75b226d-d643-41dc-a2b7-00c0ff8c8e7b,134271,5978
012da0e5-f3cd-40bf-913d-25cc973d0408,5891,204
46193c80-959a-499d-b42f-f33ba7b9b18e,773984,42105
68c0d5e5-c550-4232-b6b0-8eb35404fe16,20872,898
93a128e6-80eb-49b3-ab77-485518a0c45e,58438,2802
c74eda1c-04e7-4dea-9015-79135adc982d,8444,905
f7b8312a-ef02-4475-8f93-4f5e4c51e8f3,17259,1956
abcc9179-5dae-4d0b-b634-edd1ee492635,10998,1083
11441dd5-7c90-4e31-8f84-675946e19215,410,147
2c430199-2dbe-42b1-8dd4-45b85a919136,32813,2256
391846f7-f09f-470c-b188-c16b3a2022e4,3512551,70752
c8fe96ee-2195-4b27-adb0-525843822b6d,6770,1077
9a000a85-c9c2-400d-a07a-27f5047bee84,1983,356
ba2643bb-eafa-4c9b-9b60-c787766a4d77,9254,1203
02e3d15f-4f86-41b7-b4c2-9ba2ec98af83,1217565,61871
40b8d9ed-072f-4f32-8fa6-137a298d883a,31449,2477
0c7083e0-d1fd-426a-a663-2ee49de4093e,28147,1933
a1ff4906-e5a1-4afc-bc05-525f03529d97,2763,180
da3b7253-dd37-4569-ae75-9eec584e774e,1416,133
fc6677f5-b77a-417d-8a55-44be4af9d295,6117,954
3dacf2ca-e9c7-429b-a939-c4d117e30b0a,2656,552
18221211-c3bc-4271-b33e-8acccf861a17,9971,668
062ab94e-b7a5-47a9-b3f4-cc1750c3f859,137400,1306
324bc359-f062-46d9-a31a-9530b0483fe7,9995,372
da04991d-8e8a-43be-9892-1e6342a77410,117769,1213
ae5e8cc8-931d-4756-b315-4075609a2ec2,41220,912
2cf020ab-c329-476d-b5ff-3207fd3317d1,10234,432
754abc13-d242-4585-8276-2c8c45aa37cf,438489,5171
0135e5ec-4ffd-46e5-9c3c-566b3df46a8d,331665,12075
1a71713c-6cef-49e2-b2b7-8cdb6eb3f8cf,279317,7054
66ffca84-c76f-416b-9371-89ccb7bb9da6,16464,823
3f0d75eb-82e0-4e96-9514-11a9cb896de0,7319,267
c61f03df-e3e4-4466-ba08-508383696b83,43822,4251
abc31be8-02b2-4bb1-867d-604d50b7be78,166653,5977
ea0e88a2-d953-46ad-963d-00f71ada6039,2403,593
20e70b5b-42b8-44da-960b-3040a01223a3,418388,23755
18a523f6-65f5-45c1-a74f-17c425be7b06,128645,4288
036a58a1-62f5-4d00-89fd-84767bdfa6ce,9857,542
5386511f-b7bd-4058-9b5e-2c5dc426e1c9,90841,1343
9389423b-8325-49d0-a273-952a561bf5ec,19851,475
972be159-c1e8-42db-85c7-ef6fd9b04b92,99698,6583
0e2fe8d5-08d6-4b6c-9e59-a0858cdcdf77,41502,742
de1edf40-2b3d-4ddd-873c-e4f59585ba92,537860,14581
3c576ad9-c882-4303-a8a6-9150ce7eaf8d,18587,532
3d29f1d0-fcf2-4346-9e67-c4eedc05d203,90080,4476
70f4d783-9f58-4400-901d-4558a610d109,1157,345
ca25b085-023a-4f6f-8570-d861951d270a,607,217
4020ea18-d886-483c-910f-a0e7e039c097,29651,795
bf50defb-258b-4ba3-a8f1-bb8da21a9e25,13266,321
070a4a70-705b-41ba-a30a-cac559c781f8,76031,1349
ea492aee-470b-4187-93ce-b2429b3a6ef7,68376,2063
96414ae2-4d7b-4aa7-b935-66681df1752d,5722,206
9d0ab086-84b7-4f29-be03-ff5df5d8952b,15860,681
6bc23bdf-751e-4873-8468-d3ba41087c07,35891,1274
50bb66d4-63d1-4483-afbc-dc8993d76cbd,422975,8675
b43c8284-8466-4e93-a416-5756e7ae8964,22479,851
c8fd8932-5a2f-4fff-ad9c-a8016c4c1de6,23161,1255
d6805ddd-a644-40b4-afd7-0528d17d5f01,13046,1268
85045115-b439-41d9-bcce-6b4a031ed4bf,5010,744
b6e08f19-dca8-4009-aefe-9feb9f1aa1f2,49499,2077
7f7e87b2-7680-42f5-8ad0-d0af6555212e,18281,734
41fe37a6-f4bb-4340-9c14-e2c8e5d854f1,52170,1493
1a30ade9-0c3a-4d7d-b127-507d7883fb28,22945,325
f9e318ec-3c3f-4f20-9b37-d7bab24224a4,58607,2181
44a25d56-b5a4-4031-bf95-cdb2f4b9c2a0,46554,915
9476ee3c-ede2-46e8-ae24-ce2db54b5df3,394923,13198
3e2c4afa-36a0-4955-a5b2-7cf3949e038e,58620,3483
edef3cfa-4e5e-4d64-8bd8-20f9dc1d8cad,333361,14326
8b74c6be-1f8d-4893-8526-1be4a3686f7a,138708,10322
72f7c8ea-2ebd-43b7-a4c0-98f7f68a3509,815,136
d034712a-f6b2-49e3-b8eb-4cc93f964b9d,7748,1093
d5e6dad5-b01b-4f4e-8642-ea79a69a6ebc,33067,2380
335abb73-0134-4264-bfd7-9b110ab8d4db,198690,11795
9d93fcb8-f66a-4576-9bdc-04dd4a1b27c6,439856,37682
475b7312-4fcb-49a4-8bcc-cf3a679b255a,673082,40087
def226b0-7990-4b38-ab1a-7740461844dc,1284396,70515
7113c4f2-8ab6-4140-b763-ba3d6c508a6e,12843,724
06197802-6234-4767-89f5-92197b763fe5,4043,438
2e4ecfad-9834-46dd-8897-85314b0c79af,15483,454
8326a5ca-96f0-41ec-8f38-9bec3708e4ce,15805,1061
635e50a0-3c8f-4675-a0e6-9e3555cc4e0a,10113,571
ce461f1c-d8d3-44aa-bbea-522e965c3464,9399,727
c1fba7ff-e49f-4910-91c0-2e091bc667b8,34277,850
c6217a1f-da06-4760-aeef-3dc7aea999dc,28705,1798
e4a7a8df-1cb7-459b-ad59-7e936727203f,1221,89
e793cb09-28b8-4120-872f-109b2b8fb0bd,117933,4306
81cfac8c-e578-48f7-aa12-25fa91cdcedf,39425,2163
7bfb81ef-e6aa-4716-a9a5-fa5f1b419680,78022,962
01900e53-b65b-4cfd-9be5-febf427be683,4186,150
f6e6bdb9-78fa-4953-9396-40431d75379a,3087,226
86e084be-013a-496e-a7c2-3a95cb12b6a6,8925,943
a4e34a43-d8de-48eb-9ec6-349b62756590,195934,10068
ce7b75bb-3744-4af6-aa4a-65d9b5c92913,400171,8747
8e1d01fc-2b00-4fac-8a1e-bc883a8cf4a0,63406,3076
c3aad6b3-4462-4dcd-a7d9-b2f81c6211b3,553377,16069
a4ab6bb1-2b7e-4d5f-bad6-dcd6b6daa5d6,4423,323
571ee51d-dcb4-45f2-a777-df14d68bff5c,4980,546
7c833b72-32fb-4c9c-9200-d157b35bde15,5396,763
d6f204c1-ea79-4ad0-bac3-862faad14130,54768,765
eb1ebbe0-8f26-4a05-b535-8eb12ea711f7,72434,5652
ac5112f7-df94-4cf8-b76c-f3eb36f1845a,117187,4032
1515c76e-333d-43c1-bade-deebcc2028ef,32363,1771
dee1a19a-1145-4a47-b009-4bef3c1f445d,155910,8642
f7431a56-ef33-4d93-9676-4492f9fb18cb,30546,935
96b9f840-2129-4a04-8a83-91f62d8ecd5b,6178,248
145c4272-23d0-40e6-8a5e-eac5e043cba1,3449,175
1d9ecb7b-61ef-4e48-af99-a732367398aa,27309,451
b83531c2-58fe-40e6-9d2c-0d98be764073,70793,6237
04d25080-32e2-49a2-b638-c9ca4f3e12bd,852448,21581
3e46f4da-eee2-455f-bb72-9ca83887e9e4,104646,15301
30f94898-632c-49de-98b4-30019d684afd,48406,1943
3582d1af-9b69-4889-9637-47e18e7c834f,2092,446
ef9e180f-1011-49cd-b59e-fd2f0c4853de,4590,732
30c52f93-4dd0-4e43-adee-7c985d2534e4,837,92
26630ac0-3e22-4701-8ff1-2d9c3b3b56d5,13168,1228
564a2a29-1143-4bf2-bab8-4b0ad87d6a98,9108,1258
38923a6b-1c6d-4e81-9a41-0323b6ce4339,78579,3352
e2e98f64-4b5b-497f-8534-7da6622361be,7874,366
be4520fa-4b49-4e0f-b54e-d70f68f51263,1696,170
b789f619-d9c5-4314-a064-8cc3d72f80ed,14683,341
40010ea4-1a36-4568-afe7-b44dc049572b,157,46
99513c45-6c2d-4a6b-a089-074360591f01,312108,12138
2caf1462-9be7-4603-8090-3c511e846fa5,151970,7519
2b5d72ca-6b59-439f-a752-418f106f337e,66386,5692
ca470d02-5eba-4050-a7f7-f3ab3474656c,666446,23214
fddf4c3e-fecc-4fe4-83d7-eb830dcfee2b,367177,11946
c3477250-bc5f-44e9-aa0a-144dd2d7a935,2325021,61351
30af2286-6617-4029-b623-345eae2fc801,6978,297
64baacc9-13bb-4722-bf2e-10f2b4073fa0,10068,455
29c7887e-8d12-48a9-8cbb-19ae64f9857b,5267,322
142b484a-599e-4009-a17d-f6107ab9b860,6337,278
833b6c29-ec00-4c17-af43-1a3b7d127551,1459,158
7f998ad7-4cb1-4f5d-a366-98b23ecf2ace,413110,19882
2847fad5-1352-4abc-86fa-72ac0d79cb1f,423314,11691
c5d581b7-3b8b-414b-92ae-8f8ed6198901,501790,12654
0bfe360b-4abf-4750-962c-981cc5bfc4cf,231366,12643
f5868fbb-f2a6-43ce-be63-fd0232385a31,17587,415
97841710-38e2-491a-9510-95a61e1de3ae,3422,100
215060da-a4de-43ff-99a3-4fcd1b6c5bf0,1228,188
cc34cc80-9039-4ebd-bbbb-0aa934c7bda7,53268,3968
b58165ba-ac55-49a1-8855-caf16c68f5f2,776318,23122
85002755-85e7-484e-a831-dc47c27af2b3,32839,2382
32b5f63b-7d77-42ab-b79a-4380b003ff1a,5307,1023
44a5da9c-6ab4-42a3-9209-aeadd05e1d6c,15768,1510
e095407c-4103-4c66-b616-0dab1db05106,58264,2383
6e43c84f-5a23-4be5-abee-bc58f6478e40,8161,816
d113caa5-7840-4d28-bae1-869beac8faf1,2456,111
52315221-8b06-4fb1-bfd3-16057aa4f9e1,20077,643
4aa1d914-1a37-4076-8311-50484464da71,118703,4486
9aceb13e-98d1-463c-96de-8eaaa40c7325,7304,445
eba64970-5426-4b73-94ff-5e7452471e9c,46647,1858
51a77a0b-69be-41c4-88f4-22f25a9a63e5,202752,11170
5d908002-b164-4dce-9930-f740b165b7fe,52224,3612
4d0f52e6-bda3-4da5-8329-a78e2db6f832,9594,233
eb4a0136-d577-4c62-acd3-33e933a91f8d,55896,2688
3c3f2d7e-95aa-4e3f-b431-0d9c3fb572cb,59605,2946
5afb3999-be1c-4ec3-8a80-7b2d3bba0a37,9109,1527
5230f750-e29f-40c4-b240-30f7ce15be4f,9886,742
bc393d7f-9e3f-4b86-85f6-7c6c440b0277,7805,374
129249d7-4521-4b1e-b48d-88e21b8eeca5,244913,10449
c1800613-ce18-4d86-a318-02b986459435,4626,247
f557f007-99a4-45c4-b7a8-1b7b2b2a5b0b,16151,1702
8ae5648d-d9b7-4083-b538-17f71672990f,362356,13609
84f6391b-32be-4e06-bfa4-ad9d9cb9ce29,190130,12702
2393a9df-4742-4083-b191-31b292a1c5bc,27617,871
ee937b61-edb6-4982-8033-bb2d54e5d7b6,2566,548
4ac52104-f31c-4d22-a4d7-2cb99775533e,273,124
a1bcf3fd-dcf9-4437-b4f4-d8a6ab837396,235307,23919
b1d50c58-21c1-42f9-a24c-d89b721081a6,18276,1337
28dd4e98-4b84-4497-ab08-02a54740ccc1,2433,186
87206131-e85a-46ea-85a8-7ce199e8fe56,6565,368
b40f0299-fa59-41fb-80bb-cbc091c5452f,153154,9373
8b289152-df47-4870-b204-5b0c94a88f32,6208,251
be6e2736-4a22-465a-86ce-ca4a8619c324,3724,124
9a9f6faf-22cf-432a-9453-6dc5b72d982a,13673,425
c5998351-be49-49d8-8593-3e96f129c1fc,686834,20566
b73e9e46-e71e-4815-8aca-54d286815489,4608,772
3572e7e4-e292-4af7-99f9-863ebbecec53,15134,1415
cef825a8-c831-4f25-adec-7229a3fcd28f,16019,2999
14bd08f4-9b4b-4535-b7b3-9da685455d6d,11491,777
a755ec20-dd25-494e-8812-77d8f2d9f389,3367,647
80724746-d6bc-468d-b8b8-907da154e74f,36,13
b0dfa8b9-cd40-43eb-9472-c02cb1db3297,4387,260
1d919a5e-1515-4e5f-b327-415398083098,80799,8425
785498ee-99f4-4699-8caf-2c742e996559,22937,491
8c75b0dc-7c8a-4ea4-a678-0f46c62edace,34630,1537
9e524f89-110f-4dba-803d-e6fab0ceaf45,11736,700
80130dbf-87cf-4a04-b024-75f6b6805ec4,18381,1740
076caf66-1bb1-4486-8f46-910c83441eab,1138148,23560
2dbbd971-0a81-49ce-82b5-677eec9137a7,25350,1222
276a554b-5be6-43b3-b05d-d1e6c3dadb64,230780,7895
71ff695e-896a-4043-aea4-93eadde08d09,173049,2145
665bb176-a352-44cf-8c88-f134804b0fe0,543,195
21b2299c-98f9-44e1-af62-8bb55692d98b,3187,177
b714ce00-fa11-4b1f-84ab-912ce9960c97,454,89
beb0d47d-d6a9-4140-bc5c-a67ee2070acb,5810,183
c6b786b4-0695-4fdc-954d-09612e74d9aa,22445,603
c571ac69-4a56-431b-965b-ea52dad641b5,16659,1522
09f03eb2-9c27-43ae-b5d1-43b9fbf9413b,21406,687
c43bb0d6-94d7-410f-80fb-e5a243b18d23,177977,6082
c332d8d7-9f93-40eb-891b-05d060850d65,18151,2650
130e7bd0-6d34-48a9-822f-03eff7ea95d4,2234039,43436
e52815f0-0db9-49b2-acb7-1af6b2dfa936,130778,8167
3c8b9791-3ec7-454d-9f81-73231c3a83d1,133884,6253
93942b87-215a-4626-b5ec-bf129d9fa2f6,330369,13455
d1c94fa6-90b5-403f-97cc-c51a507fe682,16926,947
069566af-218f-488a-a36d-c4bb5d150121,1627,169
1864c725-159c-4d06-b29a-8782c1c1a12b,704,71
7aa4a16e-9d5a-41d3-968e-fae1a2c84d05,526454,16771
895f519e-0163-42e2-bd0e-77d3b6f2f362,2357,107
5cd668b6-0d20-4d1f-a84b-8bbb0fc51148,110916,6957
228768d6-db68-4b0a-9c05-a2d83b859911,584,45
da447efe-b2d7-4c62-8743-1d969a108200,30112,2781
507ccf29-0d49-4219-a1a2-1b98f8e91ad0,8036,787
923b5d99-4020-40d8-9db5-1390986bb4cf,23518,1447
465cc0d9-9429-471d-bc35-c3def57a9320,6546,680
8532f924-55ba-4875-a09a-af1e90a22246,839,81
1ae5d8fd-583d-462a-a1ba-780597140ab0,2344,163
ee281c14-5420-478c-899e-52beed04ae8a,12428,346
cad87704-dea0-4332-8d2e-eeb9fc91574e,2187,174
bfc041af-595d-4a0d-9026-8bce9aab3e53,25664,1609
4b290fcf-8080-48dd-906a-1754840ad280,124234,3324
47f1d0f3-9633-4e04-8b82-1fc7de31f6ab,124147,9640
6c3ea02a-6ad2-4e94-9c55-bc8fae2db647,13323,1841
e361dda9-7562-4217-a6fd-d6ff401b109e,2455,92
0b3819e6-3fa1-4a50-a84c-f2a62643185d,346412,12014
1f4e254d-9588-48e5-9851-ca5bc3bb4982,10625,302
1e796e64-4cb4-4b61-b8fd-a6880f689b10,18517,2098
c6f09ec1-7173-42e2-8f29-30cbcbff8878,8337,1252
6dd68408-f0a5-4c45-9216-0964ab772cc4,1724,224
5e78692c-8e75-45ec-9624-701f835b4950,1748,196
f0c58dc1-8262-410e-a38b-e4f92e14759a,683173,21969
cc02cf2c-4d1b-419f-ae12-92e559a62518,21660,2281
50682007-54e2-4352-812d-a05ec7ab0365,25735,1467
3bc1d04c-7e12-4112-8a95-f302aca54648,169164,5276
cc30e630-8c75-4d78-b205-8e2edc6bdaa7,789785,84479
d606b860-cc03-4959-a3fd-3a24bccf2560,485164,10307
f90e8b26-9e52-4669-a5c9-e28529c47894,6476982,231166
5f6ab597-f57a-40da-be9e-adad48708203,5336346,171090
b1fff892-2d4d-4819-b577-c68091802e85,10674,1527
405528df-2632-4730-80fc-83e775a97651,1675213,133408
1ee18fb3-18a6-4c7f-8ba0-bc41cdd0462e,8715638,247711
afdb7919-059d-43c1-b668-ba1d265e7e42,6496288,220558
1d11e2a1-4531-4d61-a8c7-7b5c6a608fd2,3172316,105044
382f1005-e9ab-4684-afd4-0bdae4ee37f2,8543407,162027
a94a7155-c79d-4409-9fcf-220cb0e4dc3a,11466511,201975
fd1a2d9d-9bb6-44de-83a3-41560658aba9,2670853,147477
d8df96ae-8fcf-4997-b3e6-e5d1aaf0f69e,2186138,136054
481bf5f9-2e7c-4c44-b08a-05b32bc7c00d,4418700,148060
6797c795-08b4-4da2-a4d8-95a554c2a91c,75837,812
20ff3303-4fe2-4a47-a1b6-291e26aa3438,4538289,193301
859c5776-1117-40e9-a566-4a0ba79f3554,9122,379
8dc9bc1a-de6c-4035-bd23-1246b8a6f468,4784,497
0e6cc5e5-4f03-4993-a481-d70d0e354d9f,1396636,80577
b5fdcadd-ec88-492e-9d85-f55eeb16bc2d,7698,443
b2dbfc09-b332-408b-a235-1850e41971c5,7565119,188114
070d193a-845c-479f-980e-bef15710653e,9877247,208434
b4840292-2cca-436c-bc09-4b78ec94764d,10172,376
b3fdb0b6-05d6-44d0-9d4d-60105bf7b1f2,492,68
2f24ec8f-0331-4e04-9669-02a1f3eeba3b,5852,408
158999bb-f161-42a5-bebb-4f8bd9b2e018,4137,228
233ea5e9-bd1c-4e1e-9be4-c2c93e0b1cac,241043,3603
c3009d7a-51ac-4c9c-888a-04f5c3c4be0c,462506,33808
d76f3c11-26e6-4d98-b0ec-258384bed192,10016,1004
e89006ae-059d-4e30-839b-0026ff586e71,1030,255
9b12649a-8051-4051-8c56-131f7f4562a2,3379,308
4dca4bb2-23ba-4103-97e6-5810311db33a,2249928,105957
8a515308-0b8f-4b90-b0d5-2c873d96570e,6,3
cf71e106-1003-4390-8477-cf268229df66,48183,1790
ec09ccd3-a20f-4033-846b-5c42fc6d4dc9,83790,2126
b12a62fd-ca97-4461-9f96-2e6a50f47aab,338,48
f7a5bbd9-a4d0-450b-b4ab-325aa8061a07,5951,200
c6db5c68-da57-41f9-8472-3da2e42977c4,90789.0,21001.0
19f1392d-7ea5-4417-b38a-15e82c8ee055,1235.0,330.0
2b1e7c27-2663-43df-9c23-8601e173e6ef,91028.0,1103.0
aa3e587e-36e0-4e25-8dce-e04631cc7f00,14770.0,624.0
2f0c072b-8fb0-403a-9fd8-03c1c9771312,2038.0,218.0
f43dd62f-4fc7-4216-9220-be555f16d131,320914.0,22186.0
0b80bdc8-3b0a-478e-8691-e0fa531491fa,4993.0,392.0
af6e345e-70b8-4fd9-81d3-ad40b2f6f7e2,6028.0,1265.0
377015fb-c02f-4b05-960b-e0df6a7ea99e,343846.0,46660.0
138f1987-bbb8-48b9-8d77-bf02576b0905,85491.0,10222.0
ac4232ea-8881-4d84-9f32-ca1f8c15b4fb,15646.0,441.0
75a2a620-51a3-4bf5-853e-44759dde1415,25353.0,293.0
fc6214b3-6d82-4803-be74-01ece1723e42,744956.0,72360.0
55907dac-e84d-4484-85fd-880f72918311,9380.0,869.0
3f6ae36d-ffdb-40cf-98e6-8023cb1c41c9,642293.0,46958.0
a7a40415-6b6c-49eb-8b66-18ee1c53673c,5.0,2.0
f1d7f1fd-8883-47e9-ad2b-e9ec9ff61aac,668127.0,64347.0
7587c0a4-98ef-4ecf-8d9d-81807b97942d,58490.0,928.0
dc58fe77-4bae-45de-9f1a-9b97815f61a2,,
7eed2339-2e68-4ab6-abf7-aa96b94bd6e0,6640.0,473.0
a8863d65-6f1e-43b0-b480-7dd85fd8339e,275992.0,35442.0
5b1315cd-5c91-4ed8-a823-18888c281f07,987.0,141.0
4a1deabc-1003-4715-94dd-dfc921f9bf30,1538.0,74.0
d11f9c07-0eac-4a1f-a443-19cd0f63d5f0,323789.0,36214.0
ada7a83c-e3e1-40f1-93f9-3e73dbc9298a,69541659.0,348313.0
5e9adbe9-5721-4d66-88e4-0e3ff7129f1c,189228.0,6404.0
2123417c-f562-4461-9873-8910ffece5d6,45117.0,3700.0
e9113fb7-350c-4975-9b16-af633f23cf66,95632.0,5374.0
f3d31deb-7a15-4f1f-b025-8eedd01d6004,19440.0,2039.0
6e7467c7-c503-4677-b5d6-dbf77d24d8da,13222.0,1503.0
b747dabe-b66c-48f6-bae6-b5e16d86b9ab,244336.0,7383.0
7abcc817-ab8a-4095-9295-83aa5c11c3a1,78469.0,4657.0
453fe294-008b-4c77-b894-c03a2757ed63,23617.0,2117.0
a9218292-50cd-4ee9-9787-e0fbf466f92d,39880.0,2363.0
8d8de78f-8097-4e10-9d37-bf9b4aef614f,46958.0,3392.0
4c557e83-d72f-4a93-92c1-645db5031a96,1090327.0,20736.0
ccb9d51f-62a8-44c7-a433-8e961c86080b,39254.0,2844.0
7a306d1a-b837-499a-8d83-7996b2ec0c7b,14186.0,1373.0
e185420c-b3be-44e7-8518-b64a33419461,22209.0,1833.0
e8dc0742-7038-4d88-83c3-9b7003dcbd14,22436.0,2069.0
389a2355-fdf6-4bcf-a193-16a64127d962,20789.0,2386.0
17958f7b-a755-42a7-ab72-4a7b601ed115,50351.0,3161.0
82e7680c-ec32-473a-a7fa-d862f986f615,12714.0,1423.0
f4ad883e-9a92-45ed-a540-a49c2d1c36dd,8538584.0,183628.0
e0e2e020-18c6-46a4-87be-c15a74cd3799,35832.0,3068.0
487bfd74-71bf-46dd-b89c-80b7a0f06f2f,10127513.0,207990.0
1bdb0944-de76-4554-bc15-b090e0afea79,5336.0,466.0
912fcb75-fa16-49e6-9e19-becf0f7dea4d,205947.0,25078.0
2ace98e6-69b6-445e-b66d-a70a05f4ece0,38497.0,2544.0
0dc80325-33bf-4120-9cc6-ca6caae39571,16555.0,1608.0
e109031f-998a-4340-a80d-016b1dc86675,15789.0,1473.0
4a51d885-9445-4e6a-a171-36e2d51dcfa0,462419.0,15630.0
e0a5aba4-c66a-4744-84b7-c16257ed68a9,27496.0,4038.0
535f8d5c-e04f-46a8-a68c-bd2cfb927f35,11869.0,1253.0
f81bf9b1-3ed4-478c-9b90-3f1071bffc87,9967.0,1264.0
55d648e3-60d0-4fce-851d-cf6fb1c4e398,154852.0,17090.0
171306a5-cfbf-4a93-a8ac-6145198b2489,5903.0,943.0
69b39eab-6577-46a4-a9f5-817839092033,22052880.0,253489.0
0891a6be-10b8-4bc2-aa66-584ba1c6a33b,3188.0,363.0
40c857d5-6ab0-41f4-aa1d-7614a79a0686,32235.0,2299.0
aafe3816-2d68-4528-adda-d68514c940d4,65885.0,2750.0
c3acebe1-5b3d-4d77-bc30-c59ef2b04d98,11419.0,1442.0
4383cd0c-0c83-435b-8e26-007332f74f5b,8651.0,1328.0
324405e8-c264-4077-b3cc-26a5fa1ed713,22479.0,2106.0
a13c01e2-7739-4b25-af65-38e2fcb560e2,419663.0,49234.0
ab722b70-b4a8-4918-b13d-2a449f23df16,39868.0,3207.0
20e264d7-b4d5-4e49-8931-a9c67ff07f04,6650890.0,134713.0
86c407d6-10ea-4062-9193-233a1bdf1f57,106428.0,17790.0
d8a1bce4-2126-4758-9f70-bd992f2460fe,40501.0,2909.0
712035f7-ba4d-469d-89af-ded7f3fa4dd7,1820.0,134.0
8c058282-ba69-4fab-9aad-2c609da200eb,5637.0,823.0
46db9a30-6100-40de-8933-2c265849948b,16.0,13.0
ef15c574-cf5f-4cc8-823f-f4a9e82833f3,34228.0,1512.0
92dc699f-fcbc-4278-afbe-40b5ad060a55,6081229.0,113660.0
61dd30be-8e7b-4c85-9aa4-be66702c4644,641601.0,19934.0
b4806361-a71f-4bf3-981b-e65412b5e536,71528.0,9730.0
f276a4e8-a9f4-45f1-9753-292f676c913b,6327.0,379.0
832e597a-2e4f-4e86-88d8-3b3b2444df2a,10780.0,764.0
f8880039-ebd9-4562-8624-f40140a14b38,8537.0,1000.0
eac18b2a-2ce8-4598-9bd4-0d1cf0a8e214,16543.0,1935.0
c7caf86a-cf4d-41d3-b68a-eaeab80da4b8,31675.0,3324.0
01d243c3-ff03-4470-ae10-a232981ee5b5,12156.0,1469.0
3bd9ca5b-b37c-432a-8d16-91ef2130e3b0,1434.0,195.0
31a13c67-3c65-49f1-a619-f4a603bf0495,652.0,140.0
7848810b-289b-403a-b909-7d26387cb229,925.0,128.0
959a5396-1d2e-48d6-ae01-df3ee28d41d0,6150.0,433.0
16346cf4-4d2b-40ec-8393-0fc7296d92fe,1297813.0,60025.0
d505ed6d-dfef-4eeb-b0f9-e9e3f561189b,5883.0,315.0
a82e4bb2-2bf5-4dda-86e5-82cc5831330e,704.0,60.0
f6f3a309-9d14-4b7c-895a-166333c25f9c,152293.0,17796.0
14f67a67-2d22-4411-b092-858bd471b6de,40220.0,2098.0
c96a6114-9955-4954-a47f-bbfd08ca3adc,12170.0,493.0
5af0b821-434a-4aaa-a86e-6e3ece713204,25489.0,6152.0
4866af3e-7586-403e-bea4-f27bcbcadbb6,344328.0,10045.0
14298eeb-ddb7-4303-9274-92497bc9691a,4037.0,480.0
3ab3f4d5-0282-460d-85b6-cf68a471af09,55334.0,4018.0
1edd13da-435b-4fb1-a0df-cf0d14eefc0c,26603.0,2112.0
3ac730c9-9496-4b39-a080-f43023dd8ef6,2545.0,719.0
1707e0e7-da3e-49bc-867d-5a782d7d21ff,12048.0,651.0
d29aeded-5f79-49a6-8c8f-30766a9faaf5,201.0,73.0
46efbaa6-1bf3-44b5-8838-67f77d77aa96,25121,1775
f6c37c3a-ca23-4110-9bbe-d4e4593cc3a3,720835,39383
b7c655d4-0822-4f14-96dd-4f3160d11b3c,9921,1241
ba4aabe4-4f02-493c-8593-aa38c370d905,11662,473
07c7e786-9ab7-4371-bd11-78a129f379f0,5928,858
2c65f024-b9c9-4ca0-8dd0-84cc1657c6ec,10292,814
3c580721-5380-45e8-965f-5c471e984438,300080,13297
6338a3a4-1676-4a99-b2fb-a3f0072f6b42,1990626,42775
25fb87b8-3b6f-481a-97eb-c4c8f6fd4fa9,12387,428
e43d0728-df9e-4c26-ac3b-a98a91e2f314,7417,1031
cc684d5a-853e-485f-b310-a7660f0c33a6,67696,10038
a8e3ea84-bb72-4d1e-a447-b092bfb2adf4,3036,443
faa26318-de1e-4daa-bf45-cdde3c7d39c4,496,82
445b1c99-aa09-452d-90fb-05f56799d2f8,4580,732
faa718bc-dac3-4f55-99c5-2db829f73a3d,594042,4915
2c629b8c-d751-4131-b785-5690bb5e0fd7,12055424,177907
f031f1a9-f112-4f52-b0e2-4c3b307b43d0,177,48
f1ee5588-3b80-45a7-b33b-3337af8cdf6e,275101,8804
c826bda4-4f4f-4746-81ba-5f66ac9c95e5,316401,20371
70aa3a43-8064-4147-91d4-ea9e7e287cd1,4582,491
05cf8758-6eb5-4a47-96f0-d4c95c1d8f0a,7078,1026
f58654bf-c6e3-45b6-9fcc-62cf8f0021b2,250498,44715
9f6916c2-9e8f-43f3-bad8-faf6b401a690,5224,458
edc2d08b-6232-4d93-a127-3dacdc293738,244877,9014
4e045c96-538b-46ed-8ea8-7cae20b56574,4067530,133353
251cdaf8-3844-471f-9607-a50f3c847cc0,56578,3598
82b304c0-7da4-45d3-896a-0767c7ae1141,11384416,158284
d56a527a-7afb-4807-9238-f7ce95813dee,131565,4282
5850170f-df0c-4706-9df2-703b46ace61b,5542,426
cfbc95aa-4910-40ce-a762-cbb668fa99b6,8869,483
36a8177a-05bc-41a8-afb9-14923b7a64fb,18714,1839
100ae730-e9c3-472a-a36e-bc06a5772a93,1606,176
6d0155d7-bb0b-4811-b345-7ec29bda8994,6258,311
a26a06f4-1ebe-4453-a177-75322f910230,9278,610
45994334-1e7e-4fc2-a814-e069f28f59b3,522133,15632
86f57d24-1dbf-411d-b7ff-a3f8abd27e1b,230,58
cbb5f92c-b4a3-4804-b57d-e14d2c0f95f5,407811,27041
6bf3bc03-d139-4eca-ac0e-64e5f045daf1,10743,1188
4bdbc365-a6ed-4c92-835a-615355b04432,54239,2191
bb47c3a3-eb2c-431f-8d29-8c3e4ee86e15,28683,3508
db6f631d-898f-47a8-a119-a18d6ec636ea,25287,1888
11d94660-1963-4020-8762-4c5907e2ea48,171979,4784
bf181f1e-a5a5-42ab-b6a3-ffa633a77a8a,3887,1283
63da5f27-3290-4d4a-a2d8-d8cd98dff5b3,355,43
6240c77b-82be-42d9-8199-9e4dba700c00,30195,1819
2ddac23f-58b9-4cad-9549-9c6be4d0bf17,18188,1724
25785e18-50f4-4a59-a14e-d62bd40dc7db,61018,3944
2cc288cb-225b-4d72-b7e3-dc57e2cd4e83,6197,297
ed505255-4123-44e6-8982-8619f794b789,19023,1120
ccf21509-41c5-418c-9832-351f0824fb39,29010,5293
bd73ca29-25bc-485c-bb37-311963c6b49e,20042,1580
913e6848-6865-4717-ac5e-3bd9c22826be,751535,34204
e7b8e90e-86d6-47e1-a11b-a6ff5b4ee31f,273,62
ce6c47f7-03db-468b-b38f-d59beecc4c1b,1056,216
c9c45837-c492-40ca-9581-6f76ce41343c,44325,4172
2cce5e90-577c-4a12-a903-cc5c2bc301c4,5084,414
4f2bd8b4-263a-4865-b6b7-4fcb02de3426,111120,6746
e940d7a3-01d0-468c-86ea-5dc4d89dcf80,3533500,124079
ea854cc1-13fc-4fd0-86a5-d2c7dba06764,9362120,120773
366a6b5c-def5-4ba7-bc3f-5745af547b49,6134,1971
7d76c645-84a5-484d-a9ef-6f26085feedd,16831,1958
5099bd61-e1bf-4474-be57-0cdd5c3de96b,2682,590
2cac95ca-5b4d-4864-89a4-fba2e673a843,23049,1896
783e7ef5-9322-47a1-b89e-8010f1aefa5a,4549,778
76ca029a-ff94-4ec9-aa75-5aae8d20a8e0,3148,321
a3ee7da1-d892-4cf3-a5ba-4c07806edbca,39627,2749
e22c103d-1ae8-438d-987b-c564a87392d4,7018,513
a9efd7bd-7d9a-4e21-94a1-02f3854fab1b,1741,124
2e0d8e0b-7031-41fd-86f9-b4a47eac0993,148450,6094
b3966591-83f5-4d2d-977f-a707cf68468f,16516,1688
dd021aab-74b9-4621-839b-9d5680717ddb,2920,171
f22a6369-8942-471b-8b9f-522dec4479e0,395884,10691
5ccfbbf2-62da-4e38-b1ba-b4f798ada177,213591,9521
38acc2fa-ccb9-46e9-b1b6-7c133ce4d3ff,62237,3027
95569b37-c324-4d93-a0b7-f3c224125a42,9706,815
d1ff896e-81b2-44dd-b96c-b2fa8e575572,4008,334
907a0625-bcf0-4917-af2c-4e1242b942fb,1604,249
b4ff0d86-06cb-44a7-affc-384e9a7da576,14575,631
b897c806-0cc8-462a-83d7-94a09d7cd700,4332,255
9eb8c6ae-2b63-4021-a3fe-5c66387bd3db,4354,411
d1972b8f-f364-44aa-b4cb-9955689b6384,4676,321
85d53d76-8191-42b8-8512-88267cffa694,7535,637
10969dc2-c517-4d0d-adc4-45a8a73623a9,5132,550
491775f0-d167-4f86-9010-ad070c7617ad,237991,8184
c3552e38-d7a7-4dd8-a0a2-c5cdb63a1e8f,15122,1374
eae4431e-0880-4df6-82b1-ec446f413b02,251204,8958
e9243b8e-84ed-4a8f-82d1-ea084a2f0c4a,18006,1639
00505f51-68a8-45fc-b6d6-51be64751378,84013,4344
68b0ec0a-f7a9-4678-a08e-e107967f4055,33766,2199
4f416ed7-dda2-45de-a6f1-b986e861cf4b,11519824,149549
6f607087-9c46-4bb2-a884-e4efc764554c,7162578,145919
492de470-fc5c-4081-8e94-67ab9f3788de,322,78
3ed638a7-5188-4be6-918c-9bbd68890b58,16886,1167
ce74cdc0-447a-4581-a70b-cf1a1d1c1994,325817,12440
2877c745-fc25-4981-9d98-2378635a81fc,2411,305
c6c16e18-0e9a-4be9-99cb-4d0e53ba4e84,260516,10857
cf20a6c7-822b-4c54-9600-c75bee6a296c,19906,2538
d38a7c52-3192-4d8b-b1b1-d7804bd49367,6711,508
31b575d4-11ce-472a-a892-4cc847f8f5f0,3157,302
3793e809-5868-48f6-b372-9b2957a6612d,64483,8235
86871dd7-f50c-40bb-a298-a144775b64ae,530979,16088
7aecfa69-bed2-4c18-b888-1221abd65134,11872,910
06181fca-00bf-4f50-9d8a-39fd0efb879e,24446,2092
0f911912-78d4-4915-8a74-9b8789bcb99a,929,165
ad79609d-dba9-443d-98d3-a60585399f48,10275,746
d27f65a7-c4ab-4170-aa32-4c896cb7de37,223,46
532d589c-2ca9-48ec-ab5f-ec66744a84a7,2632,252
531f2c87-9442-4c89-843c-56313dc58ed7,90709,4681
f23700de-1fce-45fd-bdfd-75779cc2e1f3,55811,3041
49814f71-8fef-41ec-9af8-b6995c0bd601,2551045,76592
0d374918-3a9d-4d94-aa76-7c83752ea70d,3711,651
d6c22fc7-f693-480e-b72b-8ad3a1373196,49847,3037
43ca08d8-646c-4745-880f-44807656c105,121362,6000
cfce96da-15b1-449b-874f-6abc3720a8d7,4291,445
73065dd9-0e67-445a-b2e6-b5eed5f50243,351961,5841
6089bcad-bf45-4f34-939c-ba708c0aaf97,17770,1024
2ce1b4bf-4bff-4954-b741-2ca70cb35c7f,12609,637
1d2dcc85-837a-4aa3-8b28-da0019f4fc61,43727,4555
6b77fc81-cc4f-4c31-bb4a-dc97cbd284f7,67281,11122
1f190f39-89cc-426f-ac40-56c31ebf306f,507808,47056
5882e375-503f-4bd2-89b1-967e0bfcb199,165871,7310
07a873cd-377d-48af-808e-3ee2e0415fd6,1168,111
654110af-43e1-4fe2-afd1-2d6906cd45cc,1101,91
0c4941a0-a0a1-4192-8e9b-954a52027b43,10794,1101
a6fef3f3-60d2-4454-99ca-e9f87840251e,10996,608
84deecdf-8325-4ee3-9839-3a2bc6302e9d,41842,3913
0f1e84e4-2417-4f9e-a3f4-6db2cf11a46d,358975,21088
559d5dc3-3f9c-48bc-9f3e-63ee52237f73,1800,126
1641141b-3c9c-4772-a5cc-7e23fdf17382,2560793,103590
825ba704-5035-4cb7-97e9-8764376ae89f,2816,406
037de8e9-8069-4efd-8768-7d5da1db3190,2502,179
5e7e38eb-6f83-46bf-982d-bd3c3038844f,2792,210
733e0e95-0be8-4285-ab69-475b81d63980,4009,1206
11141715-d5e3-4abd-8c25-dea8155843a2,2766,376
c77dae7c-6cd9-4242-87e9-ea01e11215eb,6181,338
f15227ba-75e0-490c-a817-63bf8f54fee7,79299,7044
c7a4d766-6bc7-4766-b86e-35e8d8e3fa43,114081,3416
d0acf0a0-d4fe-458f-be0c-efa88198ed7a,23856,2811
5ac49440-9a2f-4c58-926d-5a0c8cf54f5c,616,126
9efaf639-6332-44b8-94ae-c25896320ca7,171160,3603
49f0acdc-2c1b-4723-bcc3-0ae57f3194b8,2201,229
25d9ce8e-72f7-4250-b992-f1fb8f29917f,571662,10030
f58247dc-0557-4bba-aab6-8f9fb5169bb8,41465,1784
194272cc-dcc8-4640-a4a6-66da7d250d5c,1902979,50029
ca651bf3-7d62-49d5-bfeb-401df8df999b,4711,786
caae4789-c38c-4803-8808-2886b37ca8f9,841095,29538
348077e0-0c89-4714-9df8-6ed80727eade,2901,446
0892e729-9af9-4746-8534-73cd0586347a,29809,2173
a6d2f400-dc5c-48d4-b402-55f71bcb17b2,5979,458
dcf21593-7ca2-4cf7-82d4-141805ce36be,1273,108
ec4ed3f8-f36b-4042-bc74-04e31f6e150e,196903,2792
4b64c8e3-5ced-496b-ab49-0edfd58cb759,22195,1143
6afac4cd-5ac3-461b-be39-855602eb1c6b,92295,2846
11375302-8f1d-421c-ad0d-172c9d815631,74319,6207
3dabc8b5-7a32-442f-9b2a-d9a373e27eaf,1979,282
df37f4e9-badc-4b8d-8277-ec3d4d4ea4d5,125774,8114
611db85b-f31e-4af7-8f16-95282d7b25da,132192,8057
5603bead-818c-40a6-a68c-bd5ed9f2f226,6037,781
a0aaa9aa-4816-45ae-9767-5f6ebc09da93,11385,1278
be1bee2a-9304-4416-8e1f-9fc655b8c9fb,10198,591
338af50c-4ceb-43ad-8ae6-477c46b22742,11651,1975
5cb31f9a-0092-425d-8623-b07d20a96d8f,2210,193
6d25994a-c078-4017-a72e-e25c26b75051,19344,1086
5acae8da-a174-4748-b706-5effaf19526d,20640,974
614ae988-c23c-4cf9-bb60-d6d756793005,33280,2797
c83691bd-ed58-4d97-9edb-3043ace33856,207328,29791
69bfa502-bd53-44ba-a434-e1eed107c0f1,188756,7776
cc846715-ccc7-4391-868b-0876d135daa0,36298,1499
1d7da097-91e9-4bf2-bb54-c6e4bd43b95d,120152,8121
d24dab4e-9c13-4205-8199-ccdd2ca9b79f,298299,7810
b476bc5e-19ca-4e5a-82c8-1a068d601a7d,2040064,60309
ffa167fb-530d-4a46-8874-8511e39a9f57,98964,12969
bb719e7a-42c2-4c8f-949f-badb6a1187a5,301,74
d7f86455-3cb9-4142-950b-9a44f694c62a,7955,990
fd959f28-1d83-4366-9784-39dff4b0990c,64717,3440
1964494f-9f1a-41c1-b054-80ef3b95025c,1357146,60502
e6de1f3b-6484-491c-88dd-6d619f142abc,16904092,186161
c3cceeed-3332-4cf0-8c4c-bbde425147b6,13760784,190869
049049a3-267e-47b3-98b8-54d76120a600,27064,3010
b2ea6506-645e-4935-8d82-84c3a95fe7f0,1623839,21787
dea28aa9-1086-4ffa-8739-0ccc759de1ce,576648,61969
22a096ef-c70d-4d70-ae19-4fc2412d4986,6009540,92865
6d230d98-fb8d-4421-a6e8-daca4e55d53e,308993,12213
98913495-8867-43b3-aa8d-db88ee4d4cdc,1492974,57522
f089f636-6b85-4e0e-a192-0d30ed2b44d1,3508802,60522
0be78a6f-8c59-46d3-b531-bffd8cf69b81,626,118
07742730-41c7-4af9-96ef-9539e1341d26,12262,745
0168ca0c-2da7-4f1f-a57a-a5e99edd04c4,436217,7466
3bd08e76-bf53-4b16-82ee-63f95ca5cdae,238564,32881
15316b5d-232c-4288-a74e-14f9912a5b1d,30583,2536
80c38d4f-7419-4ae9-8d4c-cf899df0d5cc,933857,57662
3f864baf-4faf-44ed-859b-81718b170f9b,29113,1635
3aa6a585-75ab-4234-8acb-84d03b2e9428,5038,312
81674266-30ec-4751-a5cb-2181beb049be,4084,434
5ea48d60-26c9-406c-aed3-a450bb5d8e86,48010,3631
6255d25c-8231-4ff5-9b49-e26d760d6466,209641,24188
04af2581-6692-4f14-a7fe-151a36f20368,4060640,114786
cb2b9e04-260f-4c64-8456-d73f28258e55,1449290,44912
cd95d6d3-f25b-48cd-88f9-7c5603ba444b,10183,382
9293fc79-e77c-4ee6-a092-61df10ca47ea,609690,30196
2e433b57-1e40-4a8f-b38d-7675fda5698a,140162,7921
7e7f5ba1-d739-4c34-a3d3-9f43adce03a9,787,147
f13e48d7-b644-4340-aecc-9652793a773d,87409,6829
c57e8a50-5630-419b-9080-7a54d037313d,8660,688
3323f0ca-dd99-45a8-9696-971c4c27806a,184826,17074
89135b31-b312-4be5-9d8c-e0c28a3a4659,253790,9959
06eceb73-b79e-4f93-9709-d72782a4a916,344687,3753
13c9c494-09aa-4518-8572-9f41dbdff461,3662795,20751
3c7a048a-2cda-4f31-ace0-9ce4700b3985,16378,358
2505c7b8-4a2e-4177-b30d-0a56115d6dcb,23111,2290
f2fb0ff0-5679-42ec-a55c-15109ce6e320,7831745,46719
fbffac93-a52b-47a8-8f4f-7884157f2670,297605,9468
6da018b5-94fe-4f9b-8cd7-96a19bf2b03e,63759,2769
8cb1685e-967d-4b32-8ba7-df94419aa004,2952,342
c3fa8aad-6157-43ff-8974-5f828be520f2,3339,477
ad15b039-a553-46ed-a1c0-4be9fa50194f,7259,554
ae0d1794-c9d3-4436-94fc-ceff6130da2c,290315,13607
e571554b-0194-4bfd-9c5c-72dc5690002f,1130,196
82491938-b6b8-4896-b9cb-eb0086b54b44,42349,453
52b08164-7002-4eb8-a68f-bd7f42d73346,57456,1109
c5d0474a-2dbd-4d15-96a9-144ec2a7c5dc,22571,465
403739f0-b501-475c-8e74-cc93e3c4de80,114016,5200
35581de7-591f-424f-9c64-7b22fd45605e,1920515,33838
34d42823-6b56-4861-a675-1565bf40d557,1392292,27247
077b166b-8d49-4661-a628-940cbc910e02,4575,469
d2ea3b81-487d-4cf0-bb44-c67db97a277b,6749,898
b79a3909-7611-4b89-ab5a-5609c4aaacae,399894,44990
9e176ff0-fd9c-4ae2-9f76-464b4bc8b316,1914,283
863ccc59-0081-47dd-8918-c14197ff87cf,3037,94
59416694-3795-49ec-aaad-2cb0980603da,10627,512
b3a70929-32bc-4ace-994f-434b26ce96fe,2799977,12119
4f20dff6-58ce-430d-9b52-c9a0c8290dd2,5498,373
12dc0ce1-af2d-45e8-bc10-9b32eb32f392,2417,252
0aa230de-2c4b-44fc-9d4a-423f0c517bdb,11685,317
c3bc80a6-1f4a-4e17-8cf0-6b1efe8302f1,7172025,52244
456eabce-d1dd-4481-a206-36ab4f2eaeb8,867822,25352
9a593aff-62c9-40bd-9631-1697798adb63,1271809,27867
ebf76ca6-a2c5-4d3a-8e84-7fa3be9e22ab,575851,5036
bc6be178-3933-44ad-88a7-fde1a160bc29,227984,25685
ce09226e-3480-423b-8fae-a6855128124f,6186,372
ea4311f5-1565-4f8b-84b7-99f33f17c1fb,5092,144
6d29907f-d28c-42e4-94a0-660ecf9182f9,1410652,6112
5b489c65-20c7-4a40-b769-a2c0ff6212ce,6968,248
d68a210f-7a76-49fd-9774-d29addb136f6,38882,2041
25692db1-f105-456e-9494-2e81955de85a,12440,392
a1c94722-f59d-4770-8207-c1471d36e37d,13929,508
67720f93-ea98-4336-9dc2-88dc29ff6d73,1285,146
dd0f9ae6-80e8-49c9-b557-6e91ac171b9a,884,112
bfc8aad9-982b-4fa4-a9f4-8a2ae7158a59,59222,788
b5d1349f-534d-43d6-9690-4b6cab7dc6fe,7674,260
6b25f301-8144-4e5b-80b9-0b23ce6dbab7,70965,1540
9a0c45f7-3ee5-4074-8cad-8f140631da73,26694,809
8f4b34c0-0d2f-427e-8c45-91a078dbab7c,1245934,12268
3058822f-8e58-4427-820a-8f7a279887c1,134693,6247
e0ab57c6-7ba1-4dca-b36e-fae4c0c269e1,800511,18945
80e8e55c-6e9b-470f-844b-48e618fb6e56,109969,1632
06246cf2-2c0f-48bb-af81-17fd6e8af55d,1173,201
a14735a6-c15e-4443-95e7-bbb9c8c70ee4,10797,423
196d1496-c29d-445f-8133-35653c0d56f3,365,36
11795fa0-0dd2-4db8-97ce-878739ff8cd0,293373,5651
c3d15c8f-be44-4f1d-b3f3-e8c4f153caa3,1302,188
a9b88ebb-83aa-4ef7-b674-fabeb572c14e,5233236,55848
9276ffac-6d40-406c-a85d-bb3142b8b800,1214948,9572
c954d136-c7fd-4fd9-8bb0-fb0491fc6a02,815266,85061
4600b3b7-57ad-410d-b65d-ca0df36822dd,46584,1652
41e55ccc-c01d-4e3e-9ea0-daced36c9cf3,70297,1161
c5297503-fa61-4fe0-8dbb-49af0ef08004,16731,1236
b6a9b56e-59cd-4634-8a76-e396a54f4e36,4933,440
45f18705-66f1-4bbe-884f-e9cb294a48f0,14796,674
7a806d3b-2cb4-43a9-836c-73063493bc4e,14617,671
ecfc32cb-b26e-41a0-8b41-7100c6a3fcc4,1370266,19886
66711d0a-cfcb-406c-9fb4-694384f417a3,73798,954
58cc01f7-673c-4960-b913-4bc68118642a,869788,22139
a0fe06e3-deb7-4ea2-a7de-cc93740fd163,374260,8702
80abef74-04bc-40d6-a0b3-518cd4d13b54,210766,4415
18fd16ff-1807-4951-bfcf-700018019edb,108489,2283
42fb2091-daeb-41fd-8dfa-152a00c5d0e4,29012,507
c25ab84c-b7f4-42c6-9787-0ee05aee0ad6,104,18
f6b82d16-6877-42ff-b032-5295eb076af8,31292,666
a99074a9-64b3-4393-bb45-285df5ced66a,13417,471
1013b445-41c1-4c01-b7ed-eab16b2b3cac,29059,3472
5de80871-f721-4c7c-b0c5-4ad0d350c232,2449768,37804
3531715d-fee3-4c5b-82ff-5d85865b598b,356361,8940
789e5890-35df-421d-8c37-c42665722743,3881,287
8cadbec0-2742-4989-aba9-62aaee9c3bcc,29020,575
30496a7d-4449-4ad1-ac1f-b9c7e182433f,626,126
ccbe344f-1c05-4761-870d-ee4d2d8863ae,9445,2175
6dcb275a-0f1f-4f87-8abd-25be36a02604,41728,1036
d82999b0-818e-4b72-b08c-769a3975fb88,20899,1161
1e5a6f44-0839-48aa-877e-cbf7783dbaf2,1846,216
9d84b91f-3eab-41e6-918d-46cd86557fae,3648,298
1bdc1bd5-17d0-4574-87cf-79078b381a5f,1095,154
4f87bbd6-ce60-40f4-9c57-92d43e0f6c5b,17474,1318
a0f67c86-a6fc-4117-964b-4f1d528c48ce,9919,831
54f0c979-2840-47f6-93a7-a0d31725cb71,2502,461
fad99dca-3865-4699-b634-3299ed85028d,1204756,20407
94d586ae-8177-4057-9d74-3d21b5eb1598,375489,7892
cd23732d-ffd2-444e-8884-53475d7ac7d9,594282,65740
40c1bbd0-45d1-485a-8f4c-3943fa97208a,34008,822
c80f2b9c-82cd-4a89-b047-06ef4186e040,7584,361
780fcd1f-9808-4da6-aad8-2858884dd7df,335455,11962
cd2bed35-7b77-4100-84ec-5d2d89ff1e35,12073,531
6aeea8d5-2bb5-4694-8743-a16a339362b1,911,101
cab7f105-dcb4-4e41-ad6d-3eadc21887ff,172502,1847
ee7fe8ca-b7e2-44c2-aba1-e72e4550c3f3,9225,506
ccd92650-4cc6-4731-ac3d-666de42f4ed9,3371,168
662646b5-8298-43a7-848c-9f160fc99ae9,212991,20804
501656e9-022d-41db-977a-051645e8e101,14579,963
0710a0a3-bce1-4a93-a31e-9854cbab5e33,407,55
e74d1be6-ed61-480f-bcbc-7f33530494fb,228463,15234
acbed657-4df6-4aae-a5ae-33d48f034b02,1177,125
e64f6569-f723-4737-b2c3-9c72a1101842,664425,9642
ba8fe46e-af81-4fcd-8581-59d6920d5d55,990945,18057
d6fce139-7e18-4cd7-a56f-ac394fba5bf4,12771,562
79d4c52d-a904-4bc7-9e4d-17aa99da35d6,326546,2053
40985bd2-6d44-4c86-bd16-35cad449cce3,1499395,18688
82091270-4f04-49f2-bb02-1aa9a32aa46f,4592,719
90f58e99-00c7-46f7-8bb1-491219d384f2,52,8
0c504eaa-1ffc-44ab-8621-87c105123136,73504,1370
418816a9-82da-4c5a-acb0-0e2768761b34,869,42
269d990b-2434-4034-b62d-9df81eafd6a9,975,16
ed5e3d94-67e6-40dc-9b19-9b295cf39ca6,3490,592
f570efbe-5789-4e9b-ae09-9c5b53a9be92,3586,139
fc07bc49-5ff2-47f9-9c46-4cf5fd5bb8e6,139,8
eb4d6442-6b4d-4f67-9a97-f60913a0f3df,13748,540
f5a51a50-6951-4125-bd50-7a5b757ef70e,15130,451
c40bc025-9a0e-4d2c-8f0c-aa5125512e66,893,83
4686683c-90dc-44be-8883-d7529b634b3b,1,1
b0c62464-1940-4fa1-bb7c-53d8719c58dd,1399,100
82da3446-d0a6-41d3-903d-acc307681810,740,90
09918ce3-2236-4d1e-8584-cd905edbc71b,2992,159
6588a931-2b0d-4134-9fdc-29d08991aef2,101222,711
f80aa1d4-751d-4b35-82b1-f2cb8be6dfad,357,17
546f9e07-c1d9-456a-a4b1-f0355946216a,353,35
a000d778-d082-4529-acfb-cec8fa43745c,702,80
dca275ff-0a95-462b-baa7-c88b324d6c4f,7261,204
1ba189f4-45c5-4297-b43d-42ffdca904c2,26,5
5ecc6ba1-e1d3-4bae-8199-45d381484252,215,30
fb34888d-fdf3-4fb0-a1a9-2d210d3e4ae4,4145,110
e1f3b135-9d31-4e33-bfa4-19e5000aebd8,820,58
cda1c636-55a8-425f-96da-df6b52daecf4,3219,130
4ecb07e2-17db-4647-af1d-37351960f535,6462,377
4bf03ff6-9259-4e36-b59a-2c58d61ee68e,8064,785
234b797e-d237-4bd4-b37d-bc5e992154cb,4500,152
57fcaa58-e6a7-4e05-b04c-58cd5cae5bfe,55,5
be5959d8-7f46-44cd-811d-80b09abb5504,1559,112
c3c26d4b-7092-44cf-990a-8141a13db716,178,20
38df0e06-0d9f-48fa-9e76-afbeaf11614e,14860,258
479b3d39-a56d-40ac-9a4c-1164364baa52,4004,192
45c05cb0-6753-4766-bc02-1aff71102fa1,54,18
90f45c1b-9bbe-409b-a1d4-832571a6bbab,3229,286
dfef9e5f-5539-4f68-bce2-95715d254bd5,412,114
85ac9017-9aee-4abb-855b-057652426a52,61061,656
410947b4-6278-4415-a49f-65ed4a05bb58,10058,269
cbd6b820-acb0-4650-96b5-f381a08b4409,306,43
381dfe11-c77f-4120-86f5-9e2205eae000,8197,267
eace2373-31c8-4aba-9a5c-7bce22dd140a,19562437,131662
6ee8668b-b4e1-48cf-ba25-a6f7c8bf864d,4036946,35811
6bbb9ed3-bb91-452f-b801-5c9a511de165,94492,3064
8d07f60f-b9f4-46c0-9c27-31de0fb9b671,1784751,45506
eb380962-99bb-46c0-af40-1c7790a7822a,1761529,21348
00a9f935-ba93-4fc8-a33a-993abe9c936b,36053945,167596
73178460-54fa-48b2-94b3-e6e75c389d07,366018,6598
e671e05a-dd3d-4f24-8c00-e84b96890cf3,649996,18103
901fa1f1-32bc-4139-97a5-26cd15978dae,1447,126
c961ac2b-81cf-41ca-8730-7b5a95bb85de,5471,122
4cc51547-88ae-49a2-bf7e-0ef65ee7a94c,15948091,150076
3bcc8af0-4335-4bb0-83ba-d0ce67ae6114,242044,10446
e60e1f0b-1e8c-45e7-9d4a-222db9cb34f7,1554625,29507
b1f97ddf-7543-4987-b586-2fa1ded07318,723,148
525669cc-1604-41af-b8e5-502e18734071,106139,6669
7a440c95-d485-42fa-8288-bb3b6dfb9d4c,3342,305
aed8f765-65f1-4440-ba96-118c30571e3a,3093,91
9efe4aa0-c5e6-420b-b507-a9564f411cff,29678,1545
53c2d2dc-bd1e-4c4b-9668-9e79add56b49,2270,216
f16eb1ff-6c72-4852-93fe-edad5a196370,55428,714
4d08fe36-5f92-4771-be2d-4f984f32dc04,1175246,22911
5744e5e0-b019-4c72-b9ed-58437e37937b,28397,1033
0ef1dab1-4419-418e-90e7-14ce7a56bec7,20112,1289
c5970615-27bc-49a6-a814-dda11ff950b7,41,3
8f5497c8-d860-41c9-a40d-f41db8e27947,945,191
594b3d95-2548-4319-bb50-9bba9088be5c,388613,6352
f74054d0-8315-4cfa-a9aa-d1019730fb2d,14855,810
4aeb34df-8fd5-48fa-b95f-cabf542d84a5,6968,467
004e5eed-e267-46ea-b504-54526f1f377d,6285912,58057
c6757ed6-9001-4cdc-8e6c-aeaffcd0487c,184127,9887
abf5f674-dbad-4219-b3ad-dbd6fb163c8e,7377267,73440
a2c6847d-16de-4f26-b57f-5abc4441d20e,107027,3281
4e97db6a-89d6-426a-bec0-e7f97ce3f2d2,187278,2374
e27e789b-bd86-49dd-baa7-7d7ee51e16df,175258,7614
acf74d6a-f4bf-4571-91f0-15679d541fdb,813,67
c8a9ae11-63bf-409b-8bf3-a96b3712a2ff,5659833,163843
bfce9c6d-eff7-4965-b20e-cb21397470f5,474995,9178
e8ffbe20-6b6d-4d05-b1c7-58477996bdcb,542,89
f7f32d93-0801-45cb-9f5a-e68f640649f4,1164740,42392
fdf4f979-06e8-4722-92d0-6d9f4ba77f44,3943,227
0ce77f4e-0205-4d6a-89a3-65179def389f,55665,2346
7644184e-f253-4edf-a020-7f7ced2b65dc,63,9
c7bee23e-f9bb-4dee-b1e3-5d49f81cde11,1195298,26004
77d21c13-846f-4f48-9546-873949eff6ae,1795121,65066
d1110534-a56d-41d2-9531-e101c0f16282,1034,92
36a5ee70-6183-4dc6-a946-2034bfc57d66,42356,1264
ba1384a7-8b0e-4ea6-bf0c-f1ec17a06d14,4291576,51514
ffafc8e1-1190-4b9e-a406-203f70e2ec11,741610,19371
7744078d-7de8-41bf-a42e-9cebb82307d2,15595,988
26d6b6c7-a0b7-4cc1-a5d7-a7b2ddfe6113,29403,902
96c1edac-1011-4cb8-882c-27248de35071,2541338,70323
a7c18d09-2197-4bff-98f2-cd87923be240,109331,2970
dbe4fa52-27c9-46af-b3b4-1b7d2612fad9,1972,41
61ed9c9c-79eb-4e8f-8015-bd599ac0ab49,17879377,84927
0688add2-c282-4ee2-ba61-223ffdb3c201,4492886,89397
6fea1339-260c-40fe-bb7a-ace5c8438955,11513954,108301
067dfe5e-2b6b-443d-b92f-0c9af3ebc8d1,12066,1162
c5786d17-3c44-4ff8-92d4-197cada78f6c,868,81
bf710b71-48e5-4e15-9bd6-96debb2e4e98,16588917,202297
a262543f-6ab4-4ac7-86f3-4fc09ff56f3b,1591200,27434
66c82752-3488-472e-8bc1-89b853da56df,283809,9063
62cfcc64-a7d2-4ec2-ab4b-2a6b62e53940,1796919,24667
20aa23e3-3532-42ca-acf6-e8c2e9df2688,16103801,90890
c33bad43-1d00-48ad-850f-5585e3f583cd,27649,4164
20b9add0-f004-4720-8f46-585525203a8b,2850380,38627
2ec5e0d1-7aba-4322-b988-fb3fef321e63,417,117
36f406d9-9538-4856-9a7b-0b7be42bfab1,203276,13304
5fcd6db8-979c-42e3-99a6-fd8302f82a9d,3786526,45127
8cf95123-5023-4257-933e-4d7ebbc5d8a2,253864,4872
6af9f966-73fc-4a63-bcf1-e2065d994888,159766,7145
e1f83b22-d40e-400a-8ebb-4e59b5b53d31,310562,18947
f5aca88c-e3c1-4bc2-af33-68a9a9f7b56a,2764788,71946
de2d7b94-acfd-4923-aa4a-475abf71059c,259291,5529
cef9233d-78ef-41d5-9bac-f2ca21aa4a40,1667565,20291
ee525fed-20c5-475b-8ce2-50cdf384d81f,60336,3297
d85e95a3-07c7-4c04-a411-234290615113,878180,31451
9e3958fe-e028-48f6-8679-f14d968be594,53650,5470
0878bc67-b4fd-4166-8546-888e0427ab34,11463,765
ed0a1731-7f6b-4896-a8a7-0cd11b8f5142,30838,1075
a806b588-20bd-479e-8ea4-0fe07cf3b13c,38113,3641
b78346af-e3ce-4b36-a0d5-032414de8a27,989090,33423
0d58956e-719d-470e-bac6-55c2f99e5d5c,207287,5975
d72c9ab4-0b73-44e3-8601-c4da02a43b25,237157,14952
7cf2f0b7-9de3-4a70-9484-71941f106a16,35143,3719
44cc8cf6-0363-43ff-b686-47c7ff22652b,244549,6289
3b0e8f01-3fd9-4104-9532-1e4b526ce562,3467655,29615
21985b14-1b0d-44fe-b357-310b29bba510,8109604,64861
337e30b6-3dbe-44f2-a3fd-84a80abdb5a1,2999041,26472
1c90eb11-0531-402c-87dc-d578e36ec23c,4067921,43080
2a09f8e7-1138-4030-96a3-fddfdf82127b,1018598,28437
1fd8c24b-eaf3-4ee2-9931-b8130099d789,3877228,46896
12f94fc6-315b-412f-b533-3c9fc38d0a40,209,40
5284a755-bb0a-4780-9e4e-e6bf3bed3c61,1433,138
36e912e4-b1ce-48d6-977a-6ce2d928c0a7,15676,565
2449300a-6ca7-45da-8102-22789d256475,9260794,59176
3c911700-4bd0-4aba-8b38-adeff24130dc,138145,8015
cd8e2987-765d-4cd0-afc6-82a093443f47,190500,6460
48b149f0-d51b-4a8a-8327-68ceaebe898b,87,27
f01d515a-869a-472d-8e03-b876d8131b3d,148669,4456
98aa0066-0afb-4afc-b6c7-947e9145ea9a,185090,5208
940fa295-80f9-4526-a03a-a72d53bae1c1,71951,3736
81c8e5e2-7038-41fe-a2b6-c6cde8c6f4aa,16086,761
9aa7cba4-156c-4911-a594-7abc81b41bc9,110869,3067
925f9d7b-94c6-4d96-8458-3bb5299060de,2800,382
81d9765c-21ef-4f77-b290-356f08d53f49,7701,1150
e710be02-bdb3-49b5-b6d9-7edc5c9889bb,14662,434
656a0800-3a2b-47ed-a3ff-1e2908fdd2ff,3036532,35395
e7733b5b-3197-4004-b5b2-906a6b4cacb9,60,19
1fc54353-dcd0-47b1-bb59-7bd2974df829,1801541,32368
27de2d8d-8fe3-4e4f-96a4-fa8214183796,13184,993
ad6f1484-1da9-49c5-b9ab-fa136a7ebea1,1465007,23344
6080fe70-84e9-43ae-98b7-94b4c4d6b5c3,287279,12725
540109d2-15f4-43c8-9306-f0c60e775ef8,2813,740
49502932-3b53-419d-86ef-59997a7b53f5,4890,325
c754a539-5b7d-4b8f-885c-394ed5e4077c,5445,508
3ee1304c-1790-4b43-8e1f-4f32dbf150bd,201502,10216
3580a118-49e3-4aa1-972a-f5f0ff750dd2,606123,23511
6b966946-5274-4e3d-aabb-7563814d805f,3500031,40525
6fd077ad-3430-4940-a584-9dabf66698c1,1116481,35282
381178df-339f-447a-a68b-e4ef306b3da1,915756,17567
1b6ce503-df5f-45d5-86cf-54740c30042f,3732545,48162
8cb3aa4a-3b4c-48b8-be0a-e57010fc1430,664507,33546
49a86aa1-5e7d-4a81-8a93-ecd04387b647,46671,2270
a64b82b0-5a36-4f2e-8d90-2e004895542f,148,69
ffb0c195-4aeb-4d33-8936-8aaf78e171ad,415478,9702
24ac23ce-93a2-4605-adb3-c59f1147a245,1027856,20760
e4fa2811-6185-4b4f-8692-834d1c7122c9,4285,654
17388fdd-6a26-4df2-936e-3514670e5e28,24770,1461
21549870-7b2d-4c5b-ad59-f00ba9df7ca7,361152,14405
a4a68762-ad95-4e81-ab01-1ff70c27f41a,316875,11323
bdb88d5a-b5cd-4669-a748-dd85aec26f6c,35958,2049
b1453649-6ff6-44bf-a71c-9e6062298c7e,1207891,15272
84e4c923-0b83-49d3-9a89-a71a3339edcb,146785,7392
f52d9622-2527-4b73-9e40-810f4d05f09b,29496,1428
f033e544-8cad-4bee-abdd-619f8489e409,1796745,21419
005bb5b3-a33b-426c-8972-95f03b29e7dc,404419,7569
6e2fa3fb-cbe6-4023-898e-8522706cccee,24307,2610
236a3822-4d64-47a0-9c19-e9f7a0d4875c,63869,3125
3c2fd8b8-2438-482a-b895-73c256e9601a,3643,317
3baa49c9-b6ef-4371-ad95-3e3706360e20,18057,346
3b0addc1-bd1d-409d-9abb-f541c231f8d9,312817,8455
7e72743c-931a-483e-a9c4-d8a30eed9ede,27831,1908
6fdcb2f9-61b1-47fe-90b2-f5cfa0164b3e,14514,811
8b5d7dae-6430-473c-8cf6-f448a2e0d3f9,1134611,39860
8b4d7237-5ec8-4201-a702-4b95819d3890,114410,4564
9e1379bd-8ecd-47f6-bde2-d745c476bf1a,521922,8830
d8c220a3-d9e9-4d8b-96c9-e0f58aa93310,845840,18338
3d8d3d22-5a0e-4b23-ae56-78abcc2c3f8f,1601614,24294
8017153d-b710-43e6-9f6a-7d157cafaaf2,1406794,20386
63a9fdae-2115-4221-9c9b-5c70eddf7a56,15341,654
f1019a9e-2937-42ea-b2be-291eb1003573,721480,17606
07f59ab8-32ff-48ad-a9ff-866078e1a2d5,758896,15729
5e88b386-cf20-4aee-86b3-5a22cb8c2fda,1574024,59713
10554ea6-dbeb-4e25-b636-f1a8ef3f6d71,2777,233
8688124b-dcff-4a39-9f30-4825d445014f,1071630,24868
39d032fd-5830-41ec-8309-e54d264cd896,224543,4508
f4d04491-7677-4235-a9e3-6f1ac981a00c,201402,4914
0b11c1c7-d4f4-4be8-a8cc-34722f496128,6409,251
8395a224-869c-4a54-af53-5b6ef427d942,42881,1649
fecd5da2-d4b1-4458-8626-dd0eb1f5cdf1,583513,8720
b59a4797-4292-49a4-a21c-8f43c61f6bb8,210816,5188
340fed05-4f81-425a-88b8-d06bb44418df,8101,287
dc6f3546-ac60-438f-a13f-63b2e2fe6081,6571,168
638c86ec-c55b-45ce-bca2-00f2e7eb77dd,219331,5204
22fe314d-f914-4745-9f79-eeeb9fb2c370,161333,4237
d5480c73-1990-4cc5-9b06-a3bc0482e9de,542486,10684
99947bfd-f58c-4c9a-b633-1db590684163,3007,160
b5134026-003f-4162-bd1a-b33440fa5d09,1079,51
f2ddd6e8-ef48-4d65-8940-a755491a5fde,235945,6915
db38d04d-d13f-49b5-995f-566541cc6b9a,380936,6738
53287e93-116a-41c1-bdd4-1f6ee4bcf196,286015,5418
02f9ca6c-d468-44c4-a28b-d70943e2830e,6673,200
c1dfd323-153c-45ba-998a-2ed3182ce884,30245,1190
16120fde-22ae-4651-8f96-b9b5fc4eef34,9118,239
10031131-b9a0-4f2a-83bb-a7f26375efd7,244033,8776
4ef06a0d-b8d1-42b4-aff8-06f223306cdb,72276,1614
e185aae2-ffd6-44dd-ac1d-2671f58605bb,565,50
86547248-6f52-421f-a1bf-a58afde87399,854591,10671
0bfb489b-7da8-4b28-b144-eee7599ed1e9,881549,16054
4a61e4d3-962c-4310-880f-0872674d7a4f,28609,523
7f414fc0-a754-4d81-961d-d209738654c4,2895,108
4a2e0104-e6ea-42ec-9399-1f670418c134,333356,5721
9e8ba99c-feab-485c-a3f2-ace544216aa2,2552,148
54211bbc-e1ae-4a7c-b73b-d6235afb0091,79325,2023
d5ae79c1-6206-41a1-b28e-166e7056cdd8,454392,7033
38db0807-5199-4df5-b103-7e1c24167b8e,261052,5777
9313f934-a9d8-4ff8-b1f5-8756c8ccdba0,1439,48
5c0d3974-33d5-4f7a-bebc-8f50c057927e,2464697,28273
c673c46a-a19d-46c7-8eaf-f692255a1c6b,56701,1701
1d097d38-d5ca-4cd4-9200-7f08eedd0875,1179886,18375
62aef01b-e0f3-4545-a0b4-29cb3670de0f,1018427,18053
8cde362e-2c23-41d3-834f-5015aa3b334f,1142887,24116
af2373bf-4b18-4e06-954c-ab83946992c9,226522,5912
b24b6ae8-333e-4351-b3b7-6be843195a16,333075,9517
d1981d41-caf3-4ccb-a1c7-462d74e22f07,332009,7017
876f6f9b-cfc1-4a96-a535-6d2cc7e58338,30332,1774
6a757154-73e1-4981-9185-c180827fa527,346287,5065
c871326e-d941-47ea-8194-13194a98701d,6555,642
bc6a599b-3b69-4aa6-807c-f24a6f7399e5,190841,3156
6c236c44-c6f4-4e01-add5-252d2448bd55,2639,64
92db3c25-9127-4e3f-9f42-2c9282ee784b,654934,11970
157fa1d2-3399-4523-9481-edd2e2f57400,454392,11679
e31c2511-17ce-4956-a109-8731f7bfd031,179397,5004
709af0d0-dcb6-4858-b76d-05a13fc9a0a6,452913,12087
e79731e0-4af1-4104-825e-e070b9592bf0,684217,9677
5b09fcda-66e5-42e1-b2c6-8c4fb854287c,234785,8595
c5bfbfe7-10f1-4c72-b2a2-3d825401162d,2009,169
132eac0e-f8e2-4b13-853e-fefeda78dc66,42488,2106
eb230e0b-a0c9-4c56-8563-ddd2cbcf7249,757643,7858
241ace29-b047-4689-9329-6d489747346a,392953,4991
7cd29567-b431-4989-9870-a81bc5596dd2,617072,14800
f198125e-56e2-4fdd-8319-e2437e912e3a,79137,2115
4b52ef0a-78c3-4b52-b4ee-658ac47ff889,2663431,20071
e70f13fd-dd10-4eb9-aadb-3d9d301d70da,422907,7542
f75658a6-8db8-4e71-b1b6-889604cbbeee,3817,121
3718f5fe-d238-48a3-8bca-464fd0888fbc,187938,3122
16c6db56-bdfe-49d3-afd0-e48e098ee43e,135815,3082
759f01e1-1f8d-4357-b87b-bf870c0a55d0,86389,2762
a633e229-ed1a-4cb5-b1b2-7fafb6b74d4f,683755,7909
46413182-38b2-47d0-8647-0de6cf9eeaef,886,92
906fee21-c318-44f7-b4aa-b45d118b43c9,4004,43
9c16142e-6c68-49ad-87f7-274c05309bab,41136,884
134f8956-1faa-4bdd-80a6-fa63674e7a4b,23553,939
5e13f1c0-6648-430d-92e8-6435119b0036,1623586,21636
2da746b9-af12-435b-a088-f6b1717e6f7a,45650,3235
42d79b6b-2cfe-43f4-b5d9-239503074153,1095005,21104
e4bb438c-321d-4130-8f36-5ea4f31a323c,890757,18124
84aa9032-37da-406e-ac06-6d18c354ecc9,227386,6029
acc71360-3448-4df1-8a93-f247dfe089fd,220816,6084
06bc1933-9cf8-4f08-b256-a2a027af6e35,200189,4534
0bd6ba12-1568-4b05-97e2-ec4aab47af0a,195413,5508
3d18acfc-597e-47ca-9d1c-7063366c5afb,61003,3488
ee6a7d48-f5ab-4453-8b61-d6db76bffb3e,133717,4437
4443b199-7d4f-46cc-9d47-1ddc95b03564,37984,1050
26b65fe8-4493-4c66-9ce5-e1d28d80ca5e,103776,3467
e38af37a-681c-42a8-9f4f-2033ca9045d7,76286,2344
ebca9c30-3967-421a-8e97-30b7c9c9c509,603,75
5172d4dc-70eb-40dd-8cfa-0db7b0ec5dfa,15503,1252
93d17a1a-c2a3-4607-b8d1-ae383d4c61d5,161184,3028
fe160167-cd3d-4fbf-ac5e-a688a1b0fbc5,325740,4132
a7265412-f90e-4ae3-a7ae-baed789291f7,3080,230
49aad9f6-c86e-4bc4-b6f1-8a7191440294,205438,6320
4d2949b4-eb5f-4296-b71a-04603c6a9802,1541372,16680
9f458cc2-414f-4c96-9f58-ec74feee2ac5,236481,6960
dd6c7c2f-f39e-48d0-a0c4-b72c7b5ecc2b,558080,9167
c6d53938-5593-44bc-aeea-ea696ae4657f,74341,1665
f9b57146-c5ce-41ad-adfb-ee904a4f7b19,1186213,17663
30314ad4-9c71-46c7-981c-30ae9426769f,220733,4549
54906b1d-9942-4cee-9ec9-e9c7a24bdf16,43365,1500
31f91503-b010-4162-af5c-b2dece9d4c42,428206,7044
d2b56b32-0ff9-4025-bf80-d0418982b842,491538,5265
f7214e52-06c1-4532-88ac-aaad880bc3f5,2675,320
38473763-6d15-4492-95ba-67c21bcd3355,249113,8771
143fd9a0-28a4-42fb-911e-e5c00baf06f9,605180,7720
c064d097-4a1e-4e81-bd6f-22ba86ee2904,951670,16635
024d960f-4170-4885-8a98-a2cca4d69566,92107,2600
c5185e76-0ba3-4d04-98f1-f6f8b6cccf75,84223,2975
ed907db5-6a4a-4e98-800a-71c5904eb02f,287006,6144
bc6849f3-68aa-4bda-90c8-c051bbefc8ef,49595,774
076274aa-2510-4a7b-ad01-db7c98cc9e69,275594,4763
44860733-00aa-4119-9758-550c82573634,320867,5724
a78895e0-59eb-4be2-b214-b15e96aca16f,463,36
414203a4-2bc6-4780-a9c5-154a480b8dc5,59209,2771
be0eb91c-cbec-4a2d-b564-a93d2386f4ff,1668,46
2c037568-e91d-47c7-86e1-495107d5252a,783150,11375
252a7971-0f59-448e-b764-3852ceb64201,311777,7148
6671ac22-bdfa-4ce1-8dd8-6dfc01cdf83f,157916,4119
3bf8ec31-0f38-4a7e-ac84-42732704f903,942,36
1c67f06d-f175-4e28-a6ef-b9c4be7fea5b,109480,4716
4ddc0620-38e2-40ec-8915-009967520168,783793,18014
684cdd49-4239-4936-aa22-6537c0cb7891,113547,6667
70655023-dd2c-46d0-a6aa-6d0aa345c63b,106128,2781
16ed3609-4830-4373-9f01-0edb1fd33f77,105913,2846
faaad7f6-4ded-4f6f-ba96-2bba92f7f143,56868,1422
f4b713cf-1c0c-402a-a95b-cc41cc4bac22,219621,5163
0f189278-93b6-4380-a3ce-6f2de745652b,14180,1585
7e8571b1-7c5a-4739-bc51-73d422ee9d74,7151299,74824
c17f08f4-2542-46fb-97f3-3202d60c225a,8000848,89271
d76777dd-e303-4747-ab66-fec35ee9e146,4297,426
3a4b3409-280e-4b31-bddc-32c741824451,1990,174
832a43c7-aa7d-439b-a6b4-4f1afa671c24,5974120,76962
dd7d173a-3edd-40af-abfb-7a60d8066ae5,953,14
f1c8da15-b408-4149-b863-f1cbe9971f19,6128378,97300
a8e935c6-3fcc-414c-900c-77e8170e7e7c,7446452,77058
b27c15ef-b146-41f4-b1ac-c8ac50713e8e,616452,22413
8ae87648-898a-4a75-97a9-3c4ef7bfe0aa,1613,224
4c01333f-e8e8-43bd-9923-8de83ef6f63d,4057885,43454
2f0d1e8f-318f-4651-91ee-f849b2891dbc,3763,399
d2977a3e-fd79-4323-b8d8-4980d9cadea9,11280,1170
781167d7-b9e5-48ea-9f66-67c4a6739562,4837887,51773
c622e2eb-dd68-44d7-b01e-bde489c16713,1865230,40246
d3a937d4-fc69-459b-921b-0c9dce53d31f,13035,1923
d624df22-b03d-4746-ac28-a4bd72aeec26,4551075,60440
325bed1c-fb43-41c4-8402-2f900445f86d,25,5
fdd1f131-4bae-456b-8bb1-c132d2af8e6c,651102,23506
6f007e8d-cb04-4b1e-b259-f122a929687e,24070,4348
be5fe2ab-007c-4610-8d53-d81675d06a09,1409647,33723
3ee0702e-e8ad-4a9c-bbc6-ae283ec830a5,87,28
66fe70e3-295b-47f0-81a8-9d06bd77cd44,475159,14673
54fa967f-c1c4-48ba-ac3f-f1a692e9820f,1602,76
6e755d2d-0b47-449d-b03f-fcacec33aab2,2055290,43025
680d9f43-3287-4f16-a9ab-b5904746f745,928885,27720
874e428a-61fe-4cbd-be97-af04d33e763d,2481,558
f32e763e-be49-44e2-bde0-27c8e5686992,16713,1246
df7048be-7df0-4e71-bcf8-ced7cdf08c1b,3840,871
2c337bba-445c-404c-a682-9775b5003eea,2943,544
366b86a0-74b2-4fcb-ba79-637258299dbb,701035,26692
ace678cd-7e04-4844-9971-8e71bb3fc5e3,43057,1623
02231c18-5cfe-4618-96fb-5bbb0d9dd92c,2647,611
a4803154-c60b-41f8-8df5-5f04cb71a8ae,178,35
0f6e80ef-1972-4dee-8896-dc9955f1beeb,1852872,41643
fca94d64-9ada-4264-9373-4158e2f7c7e7,355110,42356
2e74be01-b521-4db6-87ce-a2e78beee7a7,6539,1745
7b185c70-0170-4683-ad2e-7f448833e06a,1759701,19999
48e72971-1b42-4432-80d5-722d49d752c7,39,3
b437f6b2-b18f-4ca3-bb5e-a6e6efd0cedd,6759,1086
32c9d11e-a63f-483f-8bed-b51fee2a81c5,6007,990
11157cd2-8ab0-4bdc-9468-db1ee371ee63,11903,1988
94d4fb6e-5034-4790-bf10-cb19e6cd75f7,1043,264
7d093650-89be-4108-842b-ba7f5367504b,3962054,41325
60a6cae9-9fd2-4ec8-b890-2751f991c54b,85166,14020
e43b7e0e-0927-4a66-8cd4-8a6bfb162bd8,41455,1882
f491ebd7-5e18-4961-aaaf-e6210f387f1f,26546,3432
49214489-3dbf-4ed1-b02c-9d464904c7ea,419,141
d8354b38-e942-4c89-ba93-29323432abc3,22883807,220226
056bb0bc-6af7-4c25-bbfe-f96c6e6d9feb,592174,14365
21e3292e-dac8-4609-b57d-402f926aa41f,5405352,94075
4ca783b7-5bf7-4348-b494-46680660050f,11996746,140125
183e636e-d41c-43fe-a428-8a034eb20c7b,3891514,74915
8ac6cc32-8ddf-43b1-9ac4-4b04f9053176,3303019,137983
5f8dfb7a-3cf6-47a1-a361-eb3b187f09f6,841778,52183
6e54ac59-8b9c-4c96-a1ca-3a759a2280d8,41003,2671
75af9d25-cf32-49c0-9192-60bd8e9784e6,5773909,127278
ff460a70-fdf4-4aa2-b021-8a04da76d88e,3749849,115080
aa266ac7-d919-4132-982e-76cbd95591a7,2770835,101803
0b76f632-25fa-4681-9862-86499c28afd3,3090806,93083
8876c0be-ccff-4d46-aa91-7f935a3b3b6b,3590806,76367
0ff93a82-dc2f-4a6f-93c3-e260868b6566,4679964,55114
6f81a7dc-be31-4498-ae95-6d994ffec614,2575654,55370
1c3c7d51-4679-476c-8cb0-580a35da018b,873639,33614
ea0f2a37-7007-4217-a812-396227f5013a,7102277,82235
8af381c5-0322-48e3-bc75-00cc66c4440d,12795,1277
6ae51665-8261-4ae5-883f-1899651ad31b,2520617,93020
e9571c17-817f-4d34-ae3f-0c7a96f822c1,1518432,69037
79d60c41-8fe0-448c-9bec-3f43c10f860a,2712179,61185
3a528006-1429-47f4-ae9b-2ea95343e16a,3985586,108042
6ae6a016-91d7-46cc-be7d-5e8e5d320c54,854557,20431
10c8a5ad-4329-475a-a550-ff3c9cf19599,817047,34145
2339bc21-aa92-4850-86f0-4bb9433910c8,1919912,84010
78661da3-894c-4947-a34b-fb7edf585d9b,3141331,68681
1e79565e-60d5-498d-aa73-fa24d9065df1,114206,3092
e2dd8fde-edea-4782-8635-056914451252,618764,19709
cba83330-32d6-4804-8058-fcf2794afb79,233567,5293
8fa20e20-ed27-4600-8f6a-05ff856fb58c,151998,6419
b10db9ad-b4c3-47f3-a7a4-37864b134f65,1047581,79892
e76b3a0a-e658-4478-b31e-5a5a24eb65d7,923533,19240
8e3ce660-79ed-4072-bd3d-e8db7a409946,310521,12788
1c42b705-d3fc-452e-93ee-d0030bdd70f3,1141993,64288
d949a93e-19a4-410a-8dae-7359d39a0ad6,82119,3076
b18bc9c4-6f22-4f1b-a918-e9c86a39fe7a,2468385,47899
8456e9f7-debf-4579-a86c-33a325a35d2d,7272231,99862
b0799818-22cb-4564-8e68-3c410d0722ee,5673546,117218
8e9516ba-f417-47dd-a8a5-8998b94553f8,1031371,45104
6ae8c8fe-143b-4386-882e-eb23a331f318,1223558,34594
6d8e9063-1249-4467-9c88-b77ea4d6fcdb,32342,1861
c571d0d0-c47f-4e51-8a13-a3ec81a6e296,1308301,44345
ebd2ac91-6249-4e4b-bde1-353a424138c9,1851233,71089
28f93e8a-43fa-4cfb-aea5-11252ff937ab,583689,47475
066e598e-baa0-4e34-b511-c70bcec6f783,772670,35667
8ac5a921-50d5-48b5-a784-eddd422070df,97695,5377
7986c185-d91d-4204-8ee2-eac5d503fe39,1315370,63335
1801bd47-46ae-49ff-bfcd-6e01b562d880,2130053,39268
97e3f316-ec68-47f2-b870-bb4bd0a61f08,1026665,31063
d6a3eeec-cde0-4c10-89b2-93e0bd5f34e6,3804444,76710
b6cca708-1083-4bbb-8ba1-237d832088e4,1714071,30237
e9e9109e-5914-48c8-a7e6-a95dd94bd345,3818654,67654
0d20c42d-133c-429d-8f76-3c2458aee3e8,1084162,16921
64cdc08f-ba6f-41fe-94be-452dc6d5108e,1132970,79087
d9a2f1e6-6429-41ce-9d32-9a66188fb39c,3360898,59922
baaf92f5-f2b2-4f51-9723-abed41a257f8,868791,34489
f2fa6692-9d3a-43bc-8c4c-7d87b2c45de2,312650,11418
38a9ceff-6908-4f47-a1e5-d8aa498c002a,20554,1458
f0d0affd-62cb-4158-a750-afe61ab4794c,50573,3122
822e92ef-72ea-42e0-9af1-b987816b487a,1807460,59780
d9acda67-5b88-4146-866d-8876cef027be,4017,420
a705475c-70b3-43a1-a412-b3f71eb5a2de,2,2
c26bf578-dfa9-4005-b8f5-26ba9ad0e0dd,33356,2038
86261636-5028-47f2-a040-85d020c5c327,63514,4366
3474a13f-899f-40ec-9d5c-e44e41a02900,375018,14657
d6cd2165-7877-4ca7-ace9-34dacadaf393,997162,44567
0856d0a5-626e-48dd-941c-de70c8f682cd,94841,6392
bfd085b8-0bbf-46b3-8ab9-193bca5c85e7,1499866,47771
57111f1f-9829-45ea-bb4e-a5aba37cd1d1,1207768,52242
82aa1374-7c47-43e8-857d-11d723fe4c1a,205413,7922
7b7d3e68-d2a6-44c5-8d30-fc8824d4cd9c,71303,3601
3c9f8bef-a658-4204-9ee8-7e95d2535b32,533223,15831
f0ed9f50-70b9-4406-9374-7d76ae21a04a,788912,21043
b3349cf9-5cbb-4be2-9d6e-f1208a5608a6,278399,9802
8bef9925-4e8c-4242-9228-9c4851746999,3036,54
77c167d2-4965-4421-830a-9815e4956475,7638791,139475
30228d9e-83f5-4369-840f-0b84d86e1ccb,134283,10128
bc5e6e42-73ba-44fa-a41e-3379402f0429,1801727,62458
86e8e21a-d29f-47d2-bbf0-e079f7044e71,970527,44465
a5585acd-9b65-49a7-a63b-3cc4ee18846e,818640,32959
d148a0ee-8cb8-4392-9465-e0078f211fe7,59242,3319
29762c82-bb92-4acd-b1fb-09cc4da250d2,6345062,82437
5e7ccd92-6277-451a-aab9-1efd587c50f3,2427425,58364
70b2bb3e-873e-4e32-bbc7-a401b4c88d48,16960,1189
5484384a-143a-46c4-bf70-b6e570e4223b,20,13
1dea977c-a5cf-4efc-9eb2-e5d557bcdf69,2967,325
8fa5d80d-37e8-4133-9d5c-6bad446c63f0,429384,22556
161ff9a7-b629-4dc5-8bd6-57e0c1af32bb,3811,430
862f0175-61fb-44ac-aa73-f18ecb055472,542,59
ca5a8bfa-aece-4819-91f3-a08a85d57d0b,48,4
6e5490ff-714c-4e8c-9e7c-89a9f37bf9df,501880,17920
7cddb1af-8c7b-4aca-a4f1-099761431cbe,1024,54
ea5763e4-b5ff-4784-95e8-fce8d552d0ff,383,107
a21318db-f228-4a4d-8bce-6947a62985a5,744199,26610
ba617653-44e4-404f-91cd-f74adce5687d,456677,24779
a85b66d2-34df-4d5a-8c0d-d585b8a14ce1,431021,35363
cbfd7f01-87c3-44bf-a3a2-fe4dbff20ad2,759956,33321
ea6615f7-324e-4c0d-bd12-c6b58f8c3238,62,17
5c788483-3128-414f-9d53-78daa7c3e340,20269,2056
663f8232-8c46-4851-803f-a91d31593b14,987029,48866
286ec4c2-b5ca-4f85-b331-280a6d73dd14,1918129,62096
bd9f96c7-813f-4515-ae3a-a9ec906dffea,15472,1592
7a3a3896-4a91-4c0c-98c9-e4c2529ed47d,8542,1562
765a9869-4f37-48a8-ae89-3729f8c704ac,27176,1761
28ca63cf-74d8-4d9d-8012-a381411925c5,519,65
404d01c9-28b5-48e5-bf9a-b25f4a1b3846,4136,476
0c2a4dd8-cbc7-4d5d-b48b-1fcb03fd5692,21501,5019
5c44b1b8-07ad-4aca-ac5d-ebdad8e62e12,250202,16598
a155809f-b74a-466e-aad5-afa74065dba6,665,198
7c557252-cf19-4055-a973-8d6f3c55deb1,23641,2436
30baa5b8-d299-4a0c-918e-9b713785a0e3,2791,503
7bc8dd01-35ea-4b18-a64d-3a364dc76a52,422670,29439
f72012c6-2303-4921-94d3-1e11227779e1,6859,376
c98c1486-95e9-47b4-bab7-fabbe717817f,92,18
2f43e416-f1bf-4f04-8853-a0019aa12441,498554,26511
eee13110-312e-460d-a996-74ba3a11e64d,2408,585
7f9de231-204b-44d0-8c45-3d3e244a7588,1012,162
de10dd9c-be31-4c05-a6bd-9ef39b7fb89c,2062,353
fc43556b-9657-4680-8809-e50295380f98,136989,10219
84510771-2a25-436b-8614-fff462644fd6,1157,78
c116b504-ce24-4264-96dc-d10a7458236f,62730.0,3902.0
278e5176-b4f2-4a77-8ab3-5da847765b9e,113006.0,4167.0
77420471-e68c-43b9-b8ed-b240dcccdd61,414.0,53.0
f9034111-9464-4d9e-94ca-68fe3f876bba,,
61bc83e2-99e7-4e1b-9cb0-7e93ebd6c17c,1615.0,478.0
38e6bee3-59d2-48cc-97e6-a18d2e0045b8,830.0,59.0
f51010e6-6fe2-46bf-97f0-f9f168710c95,112666.0,8206.0
276d7693-781c-4f79-ba8d-8e0f022b888c,1011.0,192.0
8b8b7c42-8210-4267-bb93-4c2df5b2c438,153603.0,11776.0
41593d04-41d2-4183-bc7e-7a33e38a2c26,882.0,193.0
096c85ee-d7dc-4978-ad0c-ec6d66b3c11d,407.0,63.0
457a3e37-cbf5-41f5-8c0a-b6f20a2ed905,16005.0,1132.0
684f86ee-72f6-4097-b85f-335dd9df2b69,792.0,172.0
565e02b5-dd93-42d8-9278-d82b5e10fbc4,2157.0,362.0
650bf385-6f6d-4992-a3b9-779d144920a4,2463882.0,73657.0
83970769-d8ea-434b-8734-88899213c922,11054.0,1998.0
3af48f71-8993-4448-a873-1b52556b4d53,151.0,37.0
6598c5e5-bfe5-48e7-b341-66cc6db310ea,3970.0,402.0
c23280a8-abc8-4435-ab44-43762ce0c89c,48513.0,8324.0
7daac7f9-8fcc-485f-a14f-f8091d98cf25,1632526.0,48250.0
8e7a7cba-f615-4207-b3bf-1280cc861580,26602.0,1421.0
e2c65367-2521-447a-ac4e-fbcdb7e31734,5275.0,843.0
d7613e57-4383-454a-8b26-b1e7c28cb740,101767.0,7943.0
f926459e-1bd2-42a6-a174-8994ad950591,269495.0,25264.0
2c0d7f98-ffec-4eca-bbd5-56a001f000f7,4364.0,888.0
3d8f1f9e-1b40-4491-ab45-c67214150fbe,2684.0,311.0
56d0562e-7358-437a-96ff-8fdf5a9f0dc9,1806.0,247.0
2276bb6c-4a7a-46f3-b3d8-df32c22058c1,1601.0,368.0
0fb447c3-f46f-4c57-97d3-f7461f1a9729,276.0,90.0
32af575e-0445-49f4-803c-8460bfbb1113,180.0,37.0
453321a7-3a77-47b0-8125-7bd385f3a730,1155005.0,17442.0
9d99c378-247c-47a3-94ea-753efa330023,330236.0,34472.0
a55e289c-934b-42a8-95e2-dec81a557135,75.0,14.0
3a50707b-c8b2-4490-8195-8e70f633eeda,11150.0,2465.0
6672e2b9-40a4-409b-8bb6-98b29d0e65d7,2389.0,161.0
48d17333-98b8-4055-905c-77f1e51d68ae,318.0,77.0
8feb1ed2-7226-4544-a657-d0d40cd101bc,365.0,76.0
8b1153c9-3b6f-4ca5-90a8-2d8d984dedb6,1353.0,142.0
33a524aa-72a8-4722-9236-1e718a7cac7f,6047.0,440.0
3852fe50-9ec8-4bbd-a731-4432fac6c712,387.0,133.0
09c0f334-f9de-4970-b9ee-ef799cd093be,952542.0,31249.0
9da1a3dd-d136-4877-a3ce-f66ed627e13c,2029.0,332.0
789da990-1859-4ed0-b444-66135122ea40,4970.0,437.0
2b317135-6e91-47ea-95e0-a91ee4568ea3,835.0,206.0
2c960ed5-a832-4ad3-a8c5-10190e5e19d1,20042.0,3911.0
40476880-65b5-4bf3-a8f7-16f168e5815c,213616.0,16485.0
647e1e0e-7826-4c14-9522-07f379f66d02,87301.0,4053.0
4ef45f20-0e7d-43a8-864e-4db162f142e1,51527.0,1486.0
31ca8a85-abfb-4af6-bbb7-66d4cb355176,360.0,42.0
f4227d6f-b589-4dff-8f5a-538c9418397e,11986.0,1196.0
a08c67bf-e254-4917-8154-1fc0ebf8637e,743.0,71.0
cdb1cf13-1787-4107-96a1-1c512178e23c,156551.0,7276.0
604623b6-7998-45c2-8af0-d5cca414444b,102.0,41.0
6dc489d6-32fe-469f-b365-26a268f2fdbb,6430.0,1972.0
518aaf8c-fd2d-42e2-aaa8-f1bbb46820a1,11007.0,806.0
fde4460b-868a-493e-8c53-221e418c8959,10490.0,2566.0
f2c23719-9fc6-43c5-8ff4-d2460381d5cc,122866.0,8345.0
81345215-6ac2-4ed6-9a21-a560bd97db3f,339721.0,6650.0
94bd816b-af21-44f8-aed7-99d49f8de3e9,350262.0,13609.0
9c9cdf41-7a54-4674-95dc-a2a07bebd9b8,93668.0,6389.0
c2f1c49a-1469-4d42-b0d5-f61bba9415ca,87856.0,4345.0
96b836fe-557d-4a19-9cf2-4aa21e5de0bf,102447.0,5066.0
408a603b-5497-476d-8e73-8b756a7b961c,13557.0,1692.0
13bb3c72-7fed-4d5b-8a01-804a16f38792,5638.0,798.0
79f6a7e2-8c72-40b6-8b8f-8979196f6f2f,10848.0,1211.0
83639534-95e6-4094-9e6c-81b01f17bc79,132676.0,9988.0
10140df4-59e7-4ac7-840e-022fb0e0aa7f,990.0,143.0
4c8ebdae-d9f5-4998-bb87-8bf394ab9f05,169.0,40.0
d5ee4dc0-b286-44d8-85d7-a796a7d35674,226144.0,7253.0
ce019954-4e3d-4dd2-adc7-3c9308589d2b,96754.0,5681.0
b7639749-d40b-44a5-b04a-cb15599a5956,189505.0,15572.0
969292d5-1609-4f2c-b48a-b3955ffe636d,43365.0,2184.0
bf4143da-9b14-4ae8-8787-2a1dfe610a76,69329.0,3492.0
7eab488f-4e4c-4588-b7b5-441a82f13c8c,1433.0,152.0
c5c46af5-f93c-4286-8665-e1bc81068fde,148868.0,4469.0
811c0bf7-1bde-4017-b04d-b35e926c6e97,18614.0,1757.0
0eebf908-b215-4e68-8509-7b966aa23bc3,28551.0,3738.0
5dc47602-da19-4515-8173-1e05d57b3a9e,73958.0,7331.0
026c4d7c-8dfe-46e8-ab14-cf9304d6863d,167541.0,11404.0
ba474cdb-fd06-4a49-988d-819a6bbd2077,129519.0,7892.0
6c11d222-c84b-43c7-8646-b88d35c09268,148511.0,5986.0
d0659609-1453-478e-98e2-ad88d1018391,2315.0,675.0
4578eca4-9ec5-42a4-a4f1-ed9d668e573c,98074.0,4734.0
96249c72-6d29-4fb6-87c2-80d17149ee25,17005.0,2274.0
c7b0dab2-b7db-49d7-a8eb-20590c9a98ed,73050.0,4494.0
9c6a8a2d-918a-47b6-aa20-3e8b4c2aad2b,8387.0,800.0
869dca8e-721c-485e-9c58-fef5e410a476,12336.0,1996.0
e497aa76-e7de-4845-a4b7-e27bb9fc9967,374780.0,20974.0
7e4e0369-5deb-475d-9f0a-a55b867a5633,18930.0,1440.0
f97ec17a-2f10-4ddb-b339-4c5f1d64559f,11848.0,2106.0
135c3615-e3be-43c5-b128-96471db351b3,28200.0,1722.0
13070de5-208b-427f-9b0a-c11cce25f06a,45184.0,3422.0
164aa41a-70e2-4e6f-85f6-efd9c2e71c86,3404.0,866.0
a381dcbb-f611-4cda-b006-6f0506dd9177,15450.0,1526.0
c46d3fa5-83a7-4a07-b2c4-428946bf84d9,86253.0,8598.0
dd04f663-d179-409f-9d2c-b8dc74b2285b,3579.0,925.0
64206034-8b65-4c7e-8f22-9449375d9791,6778.0,842.0
e7142e40-c90d-4395-9765-5a8a6c63173a,3990.0,1014.0
d0d73263-61ad-4b10-b45b-6fe9f52ac3c3,3878.0,910.0
d676ee2b-57dc-4f99-a949-5523620b0252,56390.0,4589.0
dae93723-8362-4cdb-8906-d468807a2a2e,123688,4744
ef943908-5368-4e2c-8a3f-a0987308241e,73207,5003
4be6562b-d379-49e7-a15a-8473246a0fff,47617,3027
0f1361ed-a778-4b86-bbdf-9d43cf87966f,20662,2545
d85d367a-c686-465b-91ce-4852cc6d11c8,9976,2152
b4b7d1f8-0124-4208-8a92-cff8c7c6ad44,8488,1694
599123c4-4286-40a9-8846-66565fbac303,44550,2492
b5dc46fe-1d6e-41da-bc10-9ee63390512f,146842,5154
de23221d-6093-4cb4-912e-92d89abf94b8,5256,1004
ddd27262-b3ea-4491-9bbc-8d7b338f3351,15478,1988
480652fe-5288-4205-b74a-dfe0bb193e15,25948,3213
29c943aa-e209-419f-a9ad-a4a436b6a210,6711,1359
e56e4ea8-3a67-4f3a-b874-acacc34699e1,7749,1304
df821d45-b203-429d-bafc-4675d19d5edd,10157,1823
8a7456ef-ee90-4ec2-b0af-7d56cafce0ad,4463,1037
c278475b-150a-4776-a636-a7b7a6c6e2ba,29029,2447
c9600081-2943-4df6-b6a9-c22c9f9a5d92,1675,457
afe076ee-9d64-48d4-9fa8-09a4a4e7d77c,93229,3390
294c9453-dee9-4864-b1f8-c1235dd5ebf9,49594,3436
499b8636-7381-4b42-886a-e84cdada1a1e,68844,2909
02deac8f-3ee5-4eaf-aa89-5d4cea1525dc,136,51
f0fed498-9c9d-4f82-8e99-bab2e91a231f,46475,2953
df24a060-71cf-4f4d-8e88-5208925f51d0,7502,842
21723872-61f6-40fb-8b00-5c8f5f76b535,9387,1909
bd1ac127-34b0-406e-b40b-dabbc5594437,6993,2005
3924c25e-7d05-4122-b305-ebc6dcd9291f,8623,1403
b02d2350-d530-4e9c-a523-f129c36cb8e5,40306,2235
59120d38-4afc-4734-afdd-caa6fcee0eab,5704,1286
70169fc7-b004-49b1-aa8b-991793e86ff7,56571,12079
c1a5c22e-0f85-4b96-94cf-166c86bfff1d,41640,7237
a886eb75-d014-4417-9635-c6e20d5852f3,16670,1230
81d554c7-51c0-4827-b236-b7571f0aac83,71599,3805
ccb77c78-ffc3-4790-9006-61f2277e9c91,205206,8328
c04c5664-622d-4ea9-8656-4783e6d07b43,2529,772
1caaafed-6995-4395-9621-63bf63162c56,11324,1360
8b165256-c588-4fc7-a642-93747f7acd50,25893,2609
1378a44a-ed26-4a34-a037-c664cba7b5fe,19291,2905
2d2d9bf1-7121-4631-8781-caea360c750f,4788,986
adbbb817-f1e1-4a77-85bf-53a23c4c4a77,38613,1911
a65d61e3-b5b7-4d18-b821-b991275838e6,2466,571
c9ae93c4-d8cb-4304-ac1e-f498987a903f,6342,1070
f84c6074-dd3e-4d60-b67b-bd72e93b36a5,125054,5061
bc0875f7-016f-425d-a558-c19054a810dc,77354,4091
4c77a506-00b7-455b-80d3-1a19047391a9,7301,1509
6b04e946-0564-4353-9912-de2ab182d9d9,22153,2083
57e74c71-0c92-45b0-900e-1a53b25572fc,879,234
e94eb411-e95c-48cf-9150-fac5432c9a7c,1554,541
25b2b75e-c531-45ec-bc4c-0127ec2e9041,48772,2480
44ac3cea-7590-4fb2-a9e3-45ecd763704c,7090,1822
ee977d9d-29ea-43dd-8277-afeaf3c9c0a9,7126,1263
cb86f6e4-85a5-44c3-8ef8-40db287b91b0,13614,1255
9d2c1376-8a02-4f90-8fd9-8546ddb8f635,27348,3268
03608dd3-7a3a-43b4-9b11-593d081b25e2,3884,409
e020ed6d-743e-4e43-a9c9-b6fbf05bc5f1,13550,1952
8a4150af-22b0-4bd4-863f-3dc72edb45b7,2506,655
73b90c12-c049-489b-addd-f33eeacd86cd,41785,2940
2bcf2e02-5bc3-4c76-bf76-41126cb11444,2478559,36347
eeb1195b-f213-4ce1-b28c-8565211f8e43,22681901,306318
3d2b98e5-556f-4451-a3ff-c50ea18d57cb,16125723,281284
65f4f0c5-ef9e-490c-aee3-909e7ae6b2ab,74371201,337832
66c662b6-6e2f-4930-8610-912e24c63ed1,36563987,294143
e1f1e33e-2e4c-4d43-b91b-7064068d3283,11903136,191740
ccfe7a3c-1a45-4984-a8d0-644549cefe61,3188827,135442
abd506e1-6f2b-4d6f-b937-92c267f6f88b,6125107,184738
160629ab-ec18-4931-8c95-02cb92d06186,3011173,137517
47c8f88b-987a-4b64-9175-2b1b57809727,3865699,166262
bdbd48f5-abf3-4a4f-9a21-4551dbc3fde9,2598126,123868
534ee493-bfac-4575-a44a-0ae41e2c3fe4,14549163,152710
092b603f-eb4c-4958-b10e-02420de5885b,2595587,116639
936addc3-91aa-49de-8ec0-0dc186de151f,14601583,130614
ee58c59f-8e7f-4430-b8ca-236c4d3745ae,6125431,132793
4d7928cd-7ed2-4282-8c29-c0c9f966f1bd,2877866,121033
c6122fee-089f-41c4-a34f-e5f7e5607b05,2160149,100495
69689acf-d9cd-4d20-a972-47db4ed51b1a,3202533,139645
8aa5b65a-5b3c-4029-92bf-47a544356934,13289418,208657
6da0515e-a27d-449d-84cc-00713c38a140,3760739,83953
835a6d9c-fea0-4a71-ae52-9c4da946433a,2046259,95436
9f870653-72b0-4c6d-8c59-439a95963e09,1881514,110957
26f07661-e115-471d-a930-206f5c89d17c,5535420,115525
3ca0ef91-3297-4ef8-a99a-1c1a54dc8ac7,616934,28021
bdc70372-7e8a-4cb9-8d33-f036b3b7cdc1,1292164,79754
3792dcb3-036e-45d6-8ee2-ff8d12c6c6c9,405485,39077
6356a6dd-8fa4-4477-8306-a43540d6dfe2,587417,6373
7249b899-8db8-43e7-9e6e-22f1e736024e,5853320,115257
ca891d65-d9b0-4258-89f7-e6ba29d83767,47822221,232967
6b335658-22c8-485d-93de-0bc29a1d0349,16591889,156340
81df2271-03a1-46a3-bb30-cce187235312,3225746,127018
c55193fb-f5d2-4839-a263-4c044fca1456,6482588,107742
55ef024a-6cc0-49ed-8ce2-2e12193c0f46,1532674,128141
4fe426de-9c86-46d5-bbab-239f5e7344bf,627658,32419
57961a97-3796-4bf7-9f02-a985a8979ae9,12722542,183549
00eeed6b-5897-4359-8347-b8cd28375331,7897486,81272
95f51e48-0d99-4d9a-b5b0-c83ce1a3f7af,47003,1488
677a8ff7-69cc-4a38-a80f-220b45a1966d,617,96
8f695099-c714-4ad0-8888-36eca37fee84,1312456,61362
91bcf2c8-b847-4620-85a2-83108de217b0,288236,13498
8925a01a-8608-411d-a90b-f3a52d061208,4158682,83782
5ace9b0c-cc21-4d8f-8e08-a70234439f2a,536519,44527
a41788e2-0d14-4132-8701-f85baf8f6d4b,20236,714
c03b2a7e-1938-4a8a-83af-206c2f22df4c,467334,8091
91f32a6b-fc11-45b6-a243-4dd90eaee781,823622,53849
90b88492-37c1-42e0-8de4-049b7a260f0a,277753,23550
5365f55c-b1e1-48f9-b09f-078f7a14cb1f,3043847,58044
cdd2e0f0-703d-454d-b5c7-cc3bb6dd5552,947110,28539
5cc03b39-9b7d-43d6-a1d9-321c2e3aec50,1698071,9067
09ade3bd-b110-4277-b923-7dc32e6a3f92,973536,29236
fffed9ff-98c6-458a-8379-47e7fb4ba6ec,65440,723
b665b768-0d83-4363-950c-31ed39317c15,9558399,194313
42a17022-91a7-415d-b11d-d75f118af515,156099,2911
959f2aab-c54e-4add-afa9-948e0a5e7596,19382,629
bd31a477-5e42-49de-9af6-c40a04c954e6,6107,211
678d88b2-87b0-403b-b63d-5da7465aecc3,48450182,338485
bd1180c4-4252-461f-94dc-543906c02522,2351865,70531
873790e6-5440-4c3c-8be0-0a1ca9058707,150141,1275
fca2e3b9-d29c-4b41-bde9-0ea5fd279843,1318019,26397
4a252ce3-5352-4e7d-bdf5-b75a67908a08,1554952,21541
f2be3d59-c508-492b-a553-056fc8a7e7b0,413821,54629
40b7efb7-1268-4a80-b354-600afdcbe9e2,6350636,68425
28830d2c-95d7-492c-82d3-7d1240bb1c6b,793132,23736
124c2da0-9dea-4c1b-a2d3-fda3a42b6f03,21218,642
5c6acb91-4b9b-4245-b92f-e817295c4ed0,949267,64291
4d4965c5-1717-468c-a99b-932eac623eba,104842,6689
0d925a9c-0fab-4dbd-89d3-c7c46cc31454,3591,226
29121037-43e5-496f-a58b-18b1036d97f1,30168,1071
d24bd06d-4a7e-44aa-9c45-c4a5692dc50e,3348,178
66ae8131-9741-4811-b2ba-d1c27a652944,94552,2083
a0955511-1324-4e9b-834f-e1e140502850,3273265,71047
c2d6a6fb-7999-4bb3-b2df-7d752fdf4e95,1261872,94985
51508c1f-8d07-4a00-9cf1-26c570fe7b78,7914253,169804
50f10489-c87e-4df3-800f-be1f8d6bda4b,456327,19876
8b07bb3d-aff5-4ce5-9f41-2872bc79320f,1447793,45899
5568fc8d-e03c-4b30-95c9-35c21f3167c9,6151,131
a736bef0-9ff1-40cc-8937-5637213c2190,203283,5169
9aa0d535-3efe-468c-afda-43bd17d44641,952434,53048
8846e4ff-0c19-4af2-872b-7a8dc7497f68,2596403,88217
50698127-f6f4-4c0c-8010-db98c21100e1,3156739,46421
0657c842-e21e-492b-a9fc-28c93a6fb75b,5523,398
103b58fb-26ef-4c66-9b48-6eda02763fc8,56787,3885
acc96161-067d-4d66-95d7-8cf6aa7fd91e,94385,5112
643d3144-3df4-4bf0-8379-ea54044a5569,50566,1265
d5a677a7-000e-47c6-afc7-61d146bd4706,1109,277
5c585e27-c9f2-4441-8f6c-60e3edeacd0b,246150,18885
e225bec6-7c83-459a-b7e0-ecb9bc9a6a3e,459482,9036
c79c43d4-cbed-4373-89ce-6560f62eb7d8,2093474,85718
0e990816-cb3e-4930-a2eb-77909e42cd66,479621,42439
73a5049a-7e19-4446-9f10-a2822759967b,326820,2911
34ed5c5f-24ca-4034-b9f7-1fa8e476d9be,128926,3965
4b1660f6-37d9-480f-92b1-4d44beab6b67,28967,881
765774a0-2060-469b-8b7d-612eea48579b,10553188,86813
5182c1d9-c7d2-4dad-afa0-ccfeada921a8,26049376,279570
357ff05d-848a-44cf-b608-cb34b5701ae5,233394,13817
cb9b28ec-799f-44d8-a0b2-2eee3e8eb5b1,1088731,10458
6fe2ffc3-0349-4b92-acac-27097b6fd437,3950,153
2017acdf-899e-4db3-a237-06696d8af58b,130548,3927
4208193c-83fb-4744-a4ac-3b157ce18318,5161,227
702eff62-d677-4325-b399-7a5719187b78,289664,3354
f3bf61f8-97d4-4e52-a73d-2ddbbe8196c8,2438743,99692
6d655373-a9c7-49c6-8b92-f2f5acd654e8,7111,411
10a9ff92-9637-4498-afea-7044b2ab0dc0,2380463,136257
3a54bffa-2314-44a2-927b-60144119c780,2032098,101823
76716b81-e361-427e-a931-19373388387d,399715,54725
d5d97b2b-b83b-4976-814a-056d9076c8c3,5701403,146387
1f1f6737-b930-46fc-8d25-110bb99f7490,1633317,100387
0febdcf7-4e1f-4661-9493-b40427de2c13,609530,32493
606bf117-494f-4864-891f-09d63ff6aa4b,37647222,210906
8262d8e4-9137-4bb3-a787-3caabbbc13e9,13006066,142876
3a212655-d7d5-4570-9d31-4b7b1ef02629,613367,36000
cfbc0924-0035-4d6c-8197-f024653af823,10219568,185607
e263a1d8-8228-4ede-9e17-7acf8470165a,95564,11763
995d7339-ff57-498e-9c8e-faf955eba696,143478,22508
d75d1f08-bbb8-4eae-9877-399ca9121197,1994514,70561
3391c453-9ff3-4b80-b756-f4cb2f2edbb8,405124,19833
2ed45dd0-6a96-4459-af32-bc74e7a7f387,531206,39860
5ecc3f72-20a6-47a0-8dc5-fb0b3dadeea0,1484904,107408
a4dd0e77-83b8-4e92-89b7-effb0e47fd8c,1169350,85895
c3b4e25b-977f-4cb6-96d7-f68afbac732f,127810,17619
2792b097-0b1d-4c50-97f6-f7f097f86438,567315,46217
85d7666c-d3ce-4e2c-8b1b-f20db7cdae4f,894786,67683
7b61cf8f-c042-4bd4-b64a-25cb40f3dd50,874057,43531
7ec04edc-59ce-4fc4-8c0a-f519f38be4fd,132133,23411
c0f98b1d-1133-46d6-ab05-723a95cb5453,704906,60463
1ed19a60-6ee9-4384-9bc2-def1bda55bd7,77271,1186
5cf3bae7-166f-44c2-b48f-63ddea9d4fb2,322489,10827
bb3cbea2-5ad4-4917-bc84-8a1975d40315,2144421,87621
76e9341b-ce5e-4eb7-8734-4cede9c7a993,95599,11447
194eeda1-e662-43bc-b9be-32fc1afecc8b,2813630,61722
d833b812-02c3-45e7-997f-5058dca1801b,345754,20954
fc4568b6-cbe3-4a3d-8409-28510c19e3e2,262110,35455
caeb2680-8d6c-4b7e-b70e-809b2c12e0bd,108134,13497
3bb24e11-821a-4e4e-bd89-e0a2452474cf,502978,14467
ecbe0f51-b540-498e-907d-bfaf2fdb75b0,81535,12304
925228de-bbe5-4c7b-b76f-78e382ec9148,1122012,71345
fc0fa262-6197-4c29-8e22-22f0e369856a,746368,33035
a0e64a50-4480-495b-b98e-2e766b12ea8c,494179,9695
a31a5e0c-d37a-41a8-90d5-9e256a47d83b,184251,25149
bea235a0-db63-44b1-881e-264d25791f5a,544847,36518
94dbfe2e-ca48-4e08-a5a8-e1e74136c63d,1862229,92079
9fec46d3-3ec1-4ac1-a9c7-edc5690fa73b,14999,562
8a6ccf62-b8fa-46d7-87df-f2dd14e6280d,562903,33765
d67e2f50-a3c9-4ee7-b41d-2b90ebb31196,80427,10877
703f9c8c-32c8-482a-900d-a12fd8f20360,87589,11256
8ae873c8-7d01-441d-ab91-303a15457330,52603,653
9689aa5a-4471-4fb4-9721-07cecda0fa9f,8653228,144429
a818c24f-d7c0-4420-afe9-09971652b87e,303902,32821
d7134426-a937-43bf-bc54-f10ad8102ed9,2051792,72817
8a75ce0d-1df3-47cc-b076-ce2f4e8250f0,261732,28274
ca94290f-d456-4091-9fc4-fa83512f544f,229200,9098
70378383-e5ff-4e08-8770-820e5c602b6e,762125,15748
48b48175-5ffd-49a2-88e2-ca84118544ca,363708,48390
0220a594-56a1-47ca-8288-001ead3a3546,2240250,39782
a11aacf5-fcbe-47f9-b065-75f4466c00ae,7124078,83564
956f5b24-6734-4d4d-94f2-411113485736,196602,3804
f1c0d18c-6101-4aa2-ae47-8df5b7280fde,1474508,45076
3bdcd49d-212e-4f4f-877a-eac1e4a2bddc,589970,53757
66ca7462-753c-48d0-9fe7-80d4b0897d18,1525611,38387
e5b8c0f3-0752-4a76-987a-96098ce9d490,1227420,19089
d7bd0fad-2f06-4936-89ad-60c5b6ada3c1,3032489,50578
f54fc7c3-3a40-4f26-83cf-328d9b097e93,1254243,40567
550cb78b-4995-4873-baea-76ef265531f5,1419711,55427
a78ca453-3a53-4b19-8b2d-61b10dd45558,601457,38324
83048ffe-00f8-4b1b-b554-8ecfbdf2dd66,4241,156
83386ded-e7d6-41f1-91cb-4d46feb6bf24,45,7
ecbb7e70-b157-40ec-96ab-70331c960c67,2556,181
0a5425ad-6529-4b8b-9639-20fc824502ab,103152,1321
fac552dc-55e5-498c-818a-c278f1e02a75,132123,17311
8e75d270-4d53-4a4a-bc14-e3ace37ebd4e,475521,42917
2d2948f6-570b-4709-896b-f90011fc89c6,1395107,33715
e9e2a634-984f-4c10-bf7b-7970179e1ef1,2563686,64981
4a40140f-0e68-4ab0-9d6e-6e097957d85e,1417573,20155
4fa39dc8-c695-4e0e-ba04-92c63d99c9f9,644370,37894
a65980eb-3592-40ac-ae08-dc1fde8e3364,25226,1923
e2c3c508-f0ab-49af-92c9-a81d66d67405,5422339,89293
7ede9e54-7d63-44c4-922b-c3b4fe10c6c1,28860,793
c4fe8982-97e0-4056-ab01-8e1c80fd4c8e,187510,3041
6318e724-7e6b-4e41-a35b-080065077c80,5220141,49944
bc1c8f3f-6f36-4086-a470-87ed813dd429,11940241,90785
5c210861-2ce2-4be3-9307-bbcfc361cc01,5202633,85100
d17dbc4c-7cd4-4a81-83cc-f49f786455f9,872751,23098
04c14908-da8e-4085-be8c-8c9f50635ca7,308453,3155
b1404aa3-c0b2-48a2-b95f-2bc54cd6c7fc,1685,239
9ef8042a-2528-4f5c-b7c1-5e72b1efe170,3907543,96269
a2496a3c-8f42-4b98-b780-6f8d64f56441,7851039,73162
568f6b2c-c418-4006-8eb8-a2f0517fef8a,1470,98
9e839dc3-55f3-4492-ad0e-a1a2e84275e2,1782092,115331
eba4c290-2ce6-42c9-affd-5b1ffab84a8f,1187695,24400
ba561cc7-2050-47d3-8bc2-c645a1393d90,1938760,31398
d7aac6a6-e438-4fe4-a801-6cd37b1bbbf8,499937,3312
c87f1177-4212-4daa-9203-3a4d2e27cf0e,36427,2358
4e368fcf-94c7-4b98-bc02-a579883f98b9,2205584,14172
61aaaf38-2bfe-4cf2-b471-907c6d5a14e3,201871,5068
721cb9f9-9a4e-48c4-be33-0a3b5884349a,284121,8432
f326dc27-17a8-4bcc-8992-fc07faf90474,145542,2434
39ba9424-6c00-4cd4-bc5f-0dced1d89627,159547,5631
d6ff259a-bbb6-4454-8503-80151da5f2db,873962,23853
396848d6-a219-4bd7-a480-0a438fbed3a3,3889,219
0a61f71a-92e8-4d3e-adc0-e44469aba069,594678,9314
c8eaef90-750a-4aee-ae37-d57181072393,4955,226
86048067-211d-4b94-8af4-20494abbdedf,143974,2616
9dede173-ce95-4f05-8bc6-6fe318c5cdd4,803,130
6531928e-692e-45f8-a7c5-8050e4d0573f,246779,7832
11053bc1-7760-401f-b6a2-1481d1e29769,131903,1985
8c1291a0-387f-424f-9f1b-b579eb682d37,3446,259
312c14d9-7897-4608-944a-c5b1c76ae682,47413,2880
7b432688-5e87-4ecb-9e8c-1acf592fc739,34,5
b187dcb0-d57e-41ba-897b-341f670fad30,1117,104
db258c58-8216-40df-8051-5bcf21e35282,17178,759
3bde3f82-565c-49fe-8854-0b0599d6c754,5799,256
429d5f26-329c-41cc-bdff-17c29dbf1fb8,3211657,56946
bf479f8a-dc2d-4549-8025-cee854805b4f,40461,1845
6d138947-ffb5-4da2-874b-9d97577f8b6c,71153,1971
47b8b42a-96e8-46fa-9ea6-70c5136ae971,5358825,71516
894f3ef9-dbc7-4fbf-bf16-e669681ffddc,2296,153
f17028ad-c091-4a48-a3a2-db5324cddfab,1220,47
9def2ea7-8d58-43db-93f5-123768ae62e8,23242,995
593f8594-83ad-4df4-a9b8-e4d225f55440,5788162,65130
8b70d4d9-b3d3-4a99-8a95-96ee59f12140,157603,19622
7fbbe243-a53e-4c80-8ad5-2a736d95c502,590851,5854
8d9debce-c0f4-4853-bb4b-658282345ff5,223759,6192
13e78eec-9ee4-47f2-a50e-2a9f519cb6e2,81448,2616
1437af68-1c1d-4cd6-a8f8-284ed7269bfb,110,26
a13e51cc-e031-45aa-92e4-1c92520faa0a,31813,1115
a0c82dc1-950a-464d-bd97-5a01296b1c8d,700328,19102
42c4b58d-2e28-41d4-bfe5-4edee68386cf,622324,26614
45ec91f2-289f-41f0-903f-868b61775500,15036,233
80b3cf5e-18fe-4c59-98c7-e5bb87210710,7032005,159354
a2b51cf6-2430-4edc-a3ce-3d234c514566,176634,8775
7d0b6027-8132-4417-8c4c-ef0bbf9161c0,657090,40320
8c1d935b-2ceb-4721-b0fd-1698693e7d4c,2020,142
ea89deb6-10f0-4c85-bf32-cc1102dc8d58,74629,2115
f66d378e-d9f0-4c5d-a4b9-0ee1b9fb2e09,19931,845
ce7861af-688f-4b39-b40a-c65e9e58490d,224979,4866
c43c7134-5d6f-4bfa-8275-b4012ae97c46,999881,32786
251ba523-9a3e-4943-8443-f1d1051c8f3b,989798,16432
3fc51e2b-bb90-47fa-b2ed-75bbdec23e67,1196,102
c7df5ec5-380a-40f9-856f-28fb4a33d946,542817,6394
812d3015-2f4c-4fa7-bd7d-30ec4beb2c82,201913,32079
d89de379-665d-425c-b2e9-41b95d1edb36,6951841,79640
6b22de04-fb48-44aa-bd02-c1427f635477,4049698,52633
eaf440f3-0fc2-4059-92a6-8792723a20c1,6416,195
d64c4067-2f17-4402-9b00-45b1b0a8decb,72,7
adf5ac61-4d7b-4cbc-95ce-ee2dc486f884,1081189,19182
e204ed91-3684-4561-b29b-d0b53f8459a7,2754386,42179
14eb556f-3398-4810-bf82-a168254fa35b,2019760,11132
cc546218-cc08-4ae9-9592-ac1596c1470d,2455596,38065
a29cc48a-fff5-423b-b5e6-dca4c8d879fe,4342,247
92e1f515-fc89-4577-9f77-addacdaf7559,1671165,37914
ff15d707-86aa-4aae-9af9-4cc88b95eb3b,256606,1626
5a143aa6-228a-4c4e-99c8-385721add59e,10101,572
455e832f-6391-4ff5-a05a-097f853c448b,2062,215
eeee01ef-15b6-4741-9f42-9477c9ee0804,428703,6548
cc9592bd-cdc6-4646-b087-440fd7fe749a,2819,89
94ddb26b-1e9b-4972-bf1d-79af11f8a27c,2778,212
244afcb7-fa9a-49b1-9aa6-0149512d1c52,11696973,108473
ab4725b8-7a2f-429a-a55a-3dde07c9acea,1372705,27612
657ec972-3ab1-48a8-b472-1f1c210aaf17,2323692,23556
b9fb5447-7f95-4a6a-a157-afed2d7b9f4c,1232727,22053
233fc3f3-6de2-465c-985e-e721dbabbace,7074318,98940
0e1c3cfc-d3e3-4a73-b5fb-ca3634b9c304,1681,129
56620f84-f5e3-453c-8a21-a38644603ab6,2148,236
e0fe935d-db17-4183-ba01-b10d050c0004,403,42
cf422fdb-4971-4009-9068-49f619d7b49d,11820,400
331fd209-53f6-44ab-87bd-3762d56b2f27,17942,1598
82712183-3ea4-4cd1-aa08-6439a32becf7,3042,264
8b35342d-9501-41a2-bd95-948831e53f1f,303665,20472
d0c5ac8f-fcc1-483b-9012-4b7ae3860a0f,1650,104
85d2e30c-92fd-4c7f-a2dc-f988a70e234d,238985,8956
2ea5d465-fc1b-4517-b4d7-c58a0bdacc7c,115767,3695
be0aa5b2-98b9-4997-9342-d40b585e2c23,403304,18540
01383a07-d2f3-4659-9fa7-e4afda34dfff,652,92
fe98c743-b67b-43b8-a434-ee7c8a667eec,363586,12109
a9022d6f-f016-46cc-837c-ff7f8891d2ca,9345,496
c37b4754-45fd-4fc1-992c-5afd3977ed0d,3208,265
8834ccf9-509d-4a93-8dce-6fc10c655831,2209,509
11c6b106-1c1f-429d-8407-b1ee155d7f72,3915386,94695
c055c47b-ff6f-41ce-ad7c-234426bf91a1,258076,6859
63c1138b-ed0e-4024-9483-eb6f10d04185,10627,426
bfa33dfc-16ba-49d6-84ba-5cd8e986e46d,108038,3225
a5be6906-b6ad-43af-ae65-ec4f9aa6c40b,2742330,57702
e4a135d0-1948-4620-bc07-b0217d09ccc1,1565846,29720
b902565b-e05a-4ffa-8570-b73fa5e8ac68,33730,1725
91d8e441-73a6-48a6-aed1-2bef4da87799,868288,12247
4e954b02-fae2-4bd7-9547-e055a6ac0527,2142068,72953
7bd7a6aa-9aea-463d-989e-3fb24c3b0c2a,26471,2741
8e30fa83-2624-413f-a2fc-570187ae1104,1928,174
d151e227-c42f-4c61-be80-28faf2d02f34,144422,6100
c5300096-cfb0-4801-b146-166e2d02f08a,792874,12506
1649c891-eea0-45b2-8caf-c85d985ff3bd,161009,5354
1f3c1122-dda2-44d9-adf3-f37802e500bd,3372,247
47f7ac87-470a-4453-aa7d-73d66466324f,1328,94
43f16544-4f2b-41a2-8390-03437fe64ee6,8649,253
d7532075-6ce5-4009-ac07-e670f9e7418f,220190,3741
c4153c51-b4ac-4183-beb3-c5dbfce39176,4581108,77921
1173d16e-f410-4e12-b718-74b4e3040a2d,8468,368
4cb159df-bd09-4f42-bfec-09b6a248a52f,2405214,44924
54d908c8-26a0-4c27-9c80-6924aa0bf398,458,37
542f4f08-4d8f-48db-a414-d3a33a62929f,489475,26201
6ffb7be4-0a53-4014-853d-83790cd5e091,168924,3258
3921d19e-15c4-4e98-b2b5-261e11234b07,4345,337
970d3966-e996-43af-8018-e2ff5c5a1bd0,1531,150
befd0942-ad72-4191-9594-2ecd7eef827a,1081,148
52f7e7ff-2e09-47e0-87f3-edcd69b327ae,12130,647
07ef6bdd-20c8-4f2b-ac87-463f65b90768,1840811,19201
94c44a31-3f7b-4c5d-aa54-2bf47eeac5d5,1077940,11139
8a3be197-2afd-4e80-b795-17f9df3aefac,1266615,32655
429f9fbf-0a0b-4a9e-a88c-94d48aa466ed,2607725,46840
d7235f31-229a-4c04-abca-14e0fbcba26e,182943,4672
a8c7ff7a-ebc0-42c7-8828-475decf0ccdd,1059565,13534
03f28a34-2f47-421b-a655-2bca19090fc8,7232,465
fe404dd9-09b2-4ac8-a0e5-8da1c4027061,1239764,45658
d5a66bb2-c0ef-48cc-abfd-6debde3b0088,8361,594
8a7fb306-8c6b-49a1-bad1-3a0e6520ac15,6149,704
4ce7c52b-f532-41c4-86ec-34f18b2a37c0,297159,7475
bfc381d1-1f75-4b58-8a76-a7e515a07ebe,330562,17703
77f30941-342c-44e1-928f-2a496cb753ff,192967,5388
c5f65f18-ea9d-433b-ba80-cbcd2842dd8c,12740,829
c81f7820-ee5b-46ef-9b78-027d38b9a1aa,25293,1809
ed3abd58-95f8-4189-8147-6a743ab7f39d,659,41
c7788fba-e635-4d8b-a937-01a68ab154e3,3660231,57839
2df823c6-a100-489b-b670-59ebbfb4e0e3,30664,1541
97501ef9-b868-4d05-89d8-6161ccdf8d3f,1125432,8132
aa901f16-b91a-476f-ad41-ad09348c2244,45651,2767
858b3a91-2f3c-40ee-a60b-a7f5b2162220,15853,842
4cdd32b8-9889-46cd-8b86-6cf9311965b9,19468,961
b1141d0f-8e55-4b3d-a2b2-958b8d3d96ae,108052,5803
939f461e-2777-4293-9317-5bd408956950,25478,1825
9a0488fa-bba6-409d-a0d3-4919c77ce573,79,42
39a2b35d-7fff-4607-8441-d452e1d2bef0,1226,299
5347c7dc-a8bd-4a05-8ae1-a17fb1e6a388,37487,886
96f352c8-ae0b-4af5-9299-6a4d883ac24f,8317,471
0a6c0250-1d91-4533-b6c5-9d84c3611c66,3067,228
a9a01b0e-4336-417b-bc9e-e16c20b26650,31252,1944
498fa10e-8b19-4170-8ae3-6da8a53073f5,18849,1345
372d5c17-2037-4c8d-8454-da8636138271,16758,1271
72d65c02-1b1f-4458-9ab8-6544eea4bdf0,31306,1082
3b26916c-aa31-4fd9-ac83-ff7fc90e9ff4,8,6
ef9e239e-b957-4321-b709-db232ca4ab30,18896,1350
db24ddc6-fce2-41d9-a4bb-dac3c6f6d649,57045,3137
5663c716-c38f-4454-99ce-5afb3c5af567,490733,20775
68a2c082-aa5a-4138-a445-506ed0790176,134962,6098
c81fd471-e2bd-4c7e-9b0a-fd893e74e523,207621,7019
556dce36-211e-45ac-a6f3-6c5a49323be7,12785,463
97f4ce72-ef3e-4669-9faf-dbbae5bfee8d,3345,319
a4c4ba39-14e7-44a3-a121-e86244c13f95,55905,1601
79dbc936-adf2-4a29-8e01-c1fbe5613b0a,449600,13899
35b387fa-1c72-40d4-bf04-cffcc7d00f74,132,42
0fc3ed5c-eeb7-45b4-b222-132dae4834ef,26772,1468
edc27f93-cad5-4fa0-b5af-98b4102d0781,593,60
979367fe-7ec0-4b5e-b8ad-dac1acd45c89,146,65
6c4335db-e676-418f-98e2-f8037ac88576,269599,8386
703ac2a1-dec6-4373-8fa8-39d77e96e04f,3977,335
1127158d-787a-4dbe-8180-b9e695c02504,80369,2956
6f95ac0e-728c-4b4c-b08e-e8519d2e6ab6,236261,9311
56d022da-0ce9-4ca8-8d77-24ea523e027e,13238,1428
a6ab113e-cc04-4cb7-8ddb-458b0023267f,1853,259
fdde173b-99b1-4ef2-8b69-1f323e2e4413,1721,185
2db7f5b2-b3f8-4784-b9e7-3506be2061d3,94602,6608
45185e20-c78e-428d-b73c-17b5d7d52bcc,6373,1375
183b3df1-9ded-4277-ab11-a6fcb9a7cf44,12638,782
c3b2f34e-1583-4209-915a-da0867c9d678,3751,383
9dbb7013-fe35-4d7e-80ff-e7663fe5e8d2,9251,1307
b884028c-015e-4f49-a33a-d183ca31e20c,7025,365
e70439d2-0406-4378-8d96-4b1a1965cbf1,4227,436
55865642-88cd-4667-a72e-97fd66ed68ba,6333,692
415fd900-607c-477f-b6ae-d4a713cff083,31285,1818
d03e70dc-3d7a-4bf6-b552-54adeac4f331,6,2
87ac3999-9b43-4188-9abf-44e41f0e0751,2352,208
e0255228-30ff-4e2f-be50-23419f22dd7a,45910,2903
0fa94adc-ecaf-4a49-b738-d61d5bf8fa9a,40211,3464
75fb5d71-5a0e-4024-997f-e2303c303c43,18727,1877
a8102c2a-7b28-4409-b77f-36ea3747ef89,429,101
43fca023-da2f-4cc8-baaa-648cac5323bd,171830,7651
9997c206-394a-4a66-afa3-c2b9d58a016e,38325,2784
80b2631a-e557-411a-a88d-b6660f24e4e3,2988,269
33370efb-bb46-48a4-a939-28d409be8236,25145,1018
cc39b1a2-349b-4c99-8822-579df96f9fab,6970,326
793b8a4d-8f89-445e-a6da-f0ba42e20c8d,43029,2555
9f47df53-6a4e-483f-9cd4-e6eb0f3f68df,6301,930
c572ded0-6fce-4716-9f2a-ca5a72e7b0c3,10975,907
4d24ceaf-19e7-49de-9c9f-2727fae287de,51854,3581
f3de4447-1e03-498d-a1ce-68a75b3cd101,5205,971
966c92f4-8b68-4b91-93ed-0eda86c9a158,12677,1255
d4dee63b-645d-41cc-b9a5-ee8814d22ec4,11669,1080
0611003f-6cbf-4435-87d7-b6777d9844ce,188,35
50b19a32-a385-4d50-b7b5-567c41a2f2ca,967,90
d5104da1-3d67-4f6d-9f86-388beb945e49,3362,466
68ea9e1f-c4e4-4460-8565-493b813883fd,20427,2182
97b9ef09-1902-433a-a5c8-7439eb5fc3a3,16200,2133
b11c54d9-d698-4e51-a9fe-49424eff81b8,1854,448
ff73b026-61f2-47b8-83df-78d34a4c171c,7185,441
91f1468d-ee66-4925-aa13-a7d830b5e6da,27979,882
43d3ae26-c609-4f15-a705-6fa470c1c042,43008,3570
9541eb69-9239-41bc-9693-7ac1d1a66671,15743,673
302036c3-98d3-46fd-a274-e0f2453c1d35,14230,1223
a36ae312-ac4e-4c3e-b660-759ea2b74708,55792,4624
495b431d-c77d-462a-8018-e546106e4ac5,137389,8998
28f0ecf1-b1fb-4421-ac64-ec5b26cbd490,5769,438
1224cb5a-7153-4c26-ac90-d5b76f73f350,1823,171
f409ada9-f088-4d35-aba3-55ece19f2597,86810,5168
8b343217-d211-4dd2-b0cf-e0027d2e27e3,12592,1480
da562618-b571-4d4a-8247-bb7ec296d8f7,17430,1979
c3b514bf-7f2b-44da-82c1-9e93c1c10a16,1392,103
075a1b78-d372-441f-be21-f6cbd2aa695f,40865,2096
b782a007-c94c-4f79-aac3-60d488f784a1,457,74
5f9d0682-3b2a-491b-aa30-37714ed45c2c,206,49
789b8cf1-61b2-4fbe-94ab-3bb935aef8af,3284,195
27fdb917-a773-4c35-afae-a375572155bc,33348,1784
6363960e-b642-476d-b2c8-1164d0da41f4,12886,1517
1c299c34-4daf-452c-980a-5cb2761a250a,853,180
89167986-6e92-4d67-bd62-21612ef3437c,10,8
c2e082fa-ff4f-4dd8-860e-d7b6fc455dcd,354,52
ee9e5422-ac16-41bf-95a7-c0174e84e89e,23512,1474
8ec5439a-ff50-4b0f-9e75-fc3e517e75ff,115805,7671
0fb633da-d3ad-41a5-ab45-959f8b1d932f,90167,4267
f64e16ff-6d21-4490-9997-34ec1aa5f210,16880,705
b9106c0c-0c4e-40b6-be13-ac9c5b02257c,26965,2482
f12d8a0f-681c-465c-bab2-30f09aa59e38,4084,315
fbb4bbcf-eb6c-4526-86f8-8c5c061c2162,400,85
5a4676db-8036-47ec-9d4b-7f0fba2fb646,3895,305
b5af2126-1e18-4a23-be36-6b4c1b51d098,11367,1480
2c8eadb9-1f53-4692-abc6-d8dcc3627736,3014,189
8b113603-0067-426f-bc34-4dd60293ba74,1070,170
bf5bbced-ecf4-4fe2-afc3-91b894ee09a9,10581,1346
51394cac-ea19-4d3e-a26e-4f25c1009365,1868,216
ca9a78aa-1fdf-4c3a-b915-a41173984677,2197,201
1ce7ee4f-4453-4d1e-9f4f-b5be3682608f,1718,164
2d963077-707a-47e8-a434-66be64c5a0a6,10848,1478
60b2f8bd-71c2-4ac3-999c-45a882743e74,3163,284
535b7e8d-46c8-4741-b4f8-f07b6600e3e3,419,67
bf85681e-0a42-43bb-aa40-44cde2782b76,1246,137
0cfaa96e-d670-4c95-8b0f-53b337432659,8295,934
bf793437-a714-4766-9862-c2c3cbda4d60,21739,2458
656e4eb0-610c-4c28-bc2d-c838da1c3676,123,35
b32cab25-4c6a-4f3b-a50f-5be611162f0b,43000,4276
30673534-761a-465f-b687-be0ef1bc992d,479,88
e009b988-4647-420c-b324-e8a8dc5de3a4,49138,3988
6ebaee7c-4e9b-410a-bba1-7a2d79ffce51,12401,612
74c654d6-2373-4594-a583-0ed6cc664a0c,554,57
4a3be768-db59-417f-a0ef-0cf7a4fd68ed,1504,252
6b1a964b-b343-4592-87eb-fcab9f253bea,43,21
cb09fbf6-52e6-4c20-8179-a1542bcf4a86,1345,138
5ba4f71c-496a-4ce7-a778-778e7271c920,1673,153
ffbc1fb3-5afa-4993-b721-8c9885644311,16141,1863
4d64f994-b0a9-46f8-9c23-354a30e69996,8240,999
b5b959d0-2815-45b3-b3c5-389b5ab2f6e3,483,133
212b6eaa-0849-426e-ab42-6aeb50e413f0,5249,405
efd50036-700d-4e2b-baa2-3b6e82144d14,2787,243
908ab01c-dc13-47c0-ab62-2e0caf163e9f,6228,900
3f61b7be-347b-40fd-a76d-531b1284ac64,4310,681
615843cb-e4a5-4e97-a6fd-9539f4dae247,17461,2147
965fecee-bead-44d9-acd9-3dcfaef5e2c1,9560,443
fd38f7c4-0a52-470d-84f9-9101fc20a859,13204,1049
10154cd1-3622-41c3-8f1b-d2d7dad2855b,708,112
a31c42d5-ca7d-4ecf-a324-d04ad09ea0d2,39616,2938
09724e65-ed00-477d-b23e-ec3ccb3074e6,20211,2035
aea6199f-0468-4a1d-85a0-4fb8a01f32db,465,68
c100a0db-6652-4052-97b9-41d67edb5e3b,6588,1120
2f0917c2-855b-4bba-b270-28998035ec34,29843,2629
f07c6b7a-9b6d-481d-9958-d95b537c711b,25211,710
98a2250a-793d-4b43-9e89-4b80606030b4,1052,46
ca7ebcca-3e7e-4747-b9e6-6602651909b9,1785,142
ccff9688-b735-4e84-bd1c-ff02d8b9bfbc,19281,307
c7e3d0fe-a1e7-490f-8d8d-7580e67e6d52,280786,8821
ec743445-434e-4a7d-9dec-b948f5f64e1f,147986,1494
f74c7996-4c0b-4ebd-b1e7-219e21c41286,3718075,16864
91d9bd33-65cf-4ff8-9e2b-3bf61887c0fe,34638,1472
49c2ed4b-e315-48df-94f8-58f9d4cb278c,8493,490
d311829b-e406-4071-bc5a-73258e7e79a3,206831,2165
aefc4609-a5c3-49c9-980d-aea9b594d747,83428,1156
63a5c4a7-4e6b-43ba-8613-9d0bbb69f2d5,34510,420
a99f0f9b-a347-490e-bce9-c2bb7c95fb97,20652,346
e4549ab4-48e1-4e0d-8c36-cb077f680b67,95507,2436
a7166455-1cd2-4208-ad1a-28cfac6580f7,22434,1018
bba23ba3-5f01-4b19-b57b-8ce3230573de,201365,3306
41f4d85a-0bd7-4602-a3e3-8c47f36efb0a,3949434,63887
44f49e8d-125c-47d4-bab1-37a8a46c5eb9,2290849,15304
4963996b-4cf1-47ae-8cdb-24c0885ed6dc,29619,579
3efb0a5a-de06-4cc2-aae7-48f3a6eac040,20479,595
f3e5d65a-0510-4dd2-8bfb-0d06e86b6035,1244347,23958
7f1e7517-44e1-4a8f-84df-5d81b237f66f,13300,494
abdfb419-5891-412c-a541-fdda90d36782,246,52
fc5a82a3-a32e-487e-b670-228e0df546a4,119417,2820
3d486965-ffbc-4002-9cef-534bfe78f5f4,5702,284
b23dd50c-ec19-4617-939d-716fea1d31a2,345,16
86bd10b7-2c69-48ea-81c0-f28f4153e98f,7923,407
76f95aaa-9be1-47a1-8db8-731cb77cf938,507354,9493
82cc05e8-e67a-4564-ac02-da7682b91951,822,117
8adfd109-6f59-4979-aab8-d54b9471b450,107109,2922
04f4a6e7-6c83-4d6d-8246-26b2a318832e,116806,2029
f553b080-bb94-4036-81d2-47e1be5c8e7c,80460,5287
ba2a3bb1-23a4-4c1b-a6fb-8c93dabaf96e,550434,8845
60cf7075-80c4-45a5-98b2-cbd156d760dd,1646,159
ab7620ba-835b-423d-8386-38a0f624a218,30085,416
63e166d4-b490-48d1-84f7-c19b45c503de,2012109,12762
3f2e771c-6559-4603-8c4a-90c89bc94aa1,3426777,29175
d0cb5651-e1f2-4ffb-8ae1-b4b263af75fa,315958,6220
da7d83a5-540b-4d35-a578-8cba89b0d15c,5365,239
765e3da3-0bc2-445f-973a-079672cfe874,64189,1161
2c2e49b2-63d4-42a9-8a30-b470429d78db,69,13
b5b4ba6e-6e34-4669-a33b-0d813b4c3d83,3409388,60132
1a966a0e-69e3-4f03-99c1-e89508dde3fd,106308,3669
3fef3bbc-53eb-46f8-8679-980d0c943c34,983239,21020
8097243f-7a3d-435a-a11e-0c5f886528e0,1659978,26016
a5e97d96-65a3-4269-8286-5895bb55bf45,2210,95
866269d0-7dbc-42ed-8174-51b9de47ba5c,248635,7561
765a1bdf-b727-4e88-843e-8a7dd3e6f905,162,16
876f5365-f9a8-4e86-9986-192b75e05aca,449588,9121
510125e3-0575-40ea-bcfd-fbab44b7e3df,6346,123
3834f417-b1f2-4152-8f8e-4b6945a4f951,2744,128
3e7562d6-2aa1-4f78-b00c-95b160345792,5486,222
aa2497f9-d4b3-4d03-9a1c-bb7d76acc1b7,124745,4233
38468237-8dc0-4838-9b92-32f0fff26fb9,127896,1183
284ff839-cb25-4367-ac7e-3aa9c8349bbd,18648,600
d73fdcaf-bbe1-4a2c-b2ed-7a54606b7c16,30746,759
7f1561bb-0d12-4350-b659-f496ae01acc2,83,4
7244f99c-e056-412c-836d-b3933bb51229,38761,3248
513b6df2-f44c-4484-b99d-97f79266cb4a,397180,8159
96a8352d-23d3-4ce7-82c0-10fb022038dc,212930,4856
087a1b1b-dcc7-44d4-9833-a9abeafdb8bc,1052,88
a3bd5d95-221c-49f8-b4a4-b6afe9431b3d,300,28
d724e786-2385-4244-80a5-b71724b714e7,9931,368
3138b90c-c288-40c0-a3ec-f53fe44e872c,3308,566
ed29f721-0d40-4a90-9f25-a91c2ccccd5e,46422,1204
ef2686fe-0bdf-4e0c-b902-cc6609acc95d,37132,839
bda9891c-f6a4-442b-8f1c-65429c3347d8,17869,934
a1856d3b-bc50-4272-a5d6-eaacb98e6ac7,517,81
3d05a07b-2747-430d-a55d-d44e7420341f,3444,312
878391e2-c5e7-4b51-bbc1-236326fa810c,8533,381
119a6864-622b-4e6c-8aab-a422080530c6,22823,800
9f6ffecc-ee01-45ef-b6bd-31f3b37d254e,5636,498
4a779683-5404-4b90-a0d7-242495158265,59216,1291
13a4546c-9e20-4519-bf12-84483f64ed41,5345,328
cf76861a-c1f5-456d-8d17-5994d05eecf8,71069,1315
0b30341b-b59d-4979-8130-b66c0e475321,661627,14879
0dc9c4bc-8bcc-42f1-9033-bec41160377f,38209,1495
187fbe15-8245-48fe-b410-49418dc7cb78,34251,3417
ea4c3e59-f2bc-4880-942e-fbeaa64d8573,42390,1696
a4a6a48a-42a5-493a-9fa1-aaf6a82217e2,16154,1022
ef596f09-c9f5-41e4-ab90-d951f4f18dc7,132,15
76bd48e2-e0d9-46e8-a702-ff411b4efea7,4680,242
c5d8019c-fe79-4968-9329-f7af6cdc26f3,26774,3229
75939c77-b808-4e79-89ec-71d5cb0d453a,18079,1008
266e2f22-47cf-4201-bbfc-ecd73e5f1cd8,2699,249
9537e089-79dd-43d7-9cf3-f6d51f6864fc,1056,77
9c4dad17-d19c-4797-919f-fb462018300e,1694,311
620009e5-d6fc-4104-b543-5c2af18d8889,6119,382
d6a0e8c9-9154-4776-a6eb-4f8443d9b92f,1789,147
d42a5768-ada1-4fb6-85fd-f61aba6264e0,463794,10935
45dc5f07-6609-4760-a933-8c9e0f858d05,271561,16806
e0815fbf-99d0-4d56-8c60-a5f880dc0e84,4455,274
037507b0-df63-48a0-af8d-61bd134f4d26,4868,510
b95ce3ff-3d05-4e87-9e01-c97b66af13d4,30213640,316471
2f522f5c-111c-4ce8-8bd0-d82e97c227ad,968590,51087
48262e82-db9f-4a92-b650-dfef979b73ec,1747692,34744
93e6118e-7fa8-49f6-9e02-699a1ebce105,28491,832
14147c93-551d-4814-b4d2-308848abdce6,56480,4985
9fff2f8a-21e6-47de-a2b8-7f449929d43f,9653184,150779
86ba68eb-ea24-4e78-a009-b35e99cb6193,19024,535
e3fce957-14b8-40d3-9d4c-efc10a3813ef,47234,2577
3fa8d859-f205-4fef-b57f-99dfe0ebb1e2,343,72
90b5e47b-e432-47ab-99c1-97f85c88dc9a,103828,12225
cd67b8c8-8b2f-4d56-b564-fbd837490256,40445,1574
738fb17f-8d8c-49c0-9011-25a6b4110380,2584,185
d7c2312a-c9db-4de5-8600-4a7b0743b001,4558,296
fba8e9f8-5b63-4f15-8bd4-ddeb36642498,1229,141
1fbd2208-f908-47d2-8605-8adc1c10ef14,8947,655
571caa1f-0191-4dc6-bfd8-23636c2900a1,3756,309
3aad92c6-1b7a-4e8f-bde4-b3b102d1c63f,1012,181
100b8734-f4f0-4536-9960-47f7c59d1b4c,555043,11231
800760de-bdf8-43a2-8fe0-44a2401a5515,989320,17440
8fb5370b-9568-4b61-9da5-2aa12c9928db,298786,10843
5b34c3f3-2b9d-40bf-9032-2c89fff1cb2a,3823,314
888ded93-32b5-4a93-ba3f-ab9f6bdcdac3,4452,374
d5812475-f8e6-4b5c-951f-7e82720ef041,40446,3640
a0e8a1b1-5f8f-475a-a253-17415c17d0ff,4761674,77403
e0e1db18-f7ba-4dee-95ff-7ae8cf545460,12612045,212307
134cb0bc-06fa-42f7-8078-b0c858349975,2985266,12415
d08952b7-d426-4930-a242-c15b1cf68fb2,1686,274
20b034b2-35a1-40be-908f-22d1b5681572,167877,5832
875203e1-8e58-4b86-8dcb-7190faf411c5,4516147,62767
e4a51f17-a57b-47b1-b37b-f552d0f8e9e6,2155353,20843
5e7f4f11-b6fe-4dae-80b2-e9e95bae17c1,3779,130
14bdaae1-2484-404f-a010-b09befd85773,5861,828
381086ea-f511-4aba-bdf9-71c753dc5077,7597369,113561
80609a00-b394-4a49-975b-2db6b543fa97,515913,11057
092552b9-ea6d-4ead-b424-cf8b07da5877,5118,226
2baf3276-ed6a-4349-8d2e-f4601e7b2167,1650258,14414
7bd66c18-cb33-49aa-9279-140acedbdb49,671742,20088
87ae83df-6173-40cc-a0f2-bad543faa6aa,293273,10096
3eca58c1-7927-4f79-ac0c-01844e04899c,8484,310
5ec1ecc6-4535-4911-a27a-e26343f4a189,330026,10442
b46ce29c-6c93-4619-8f08-0c23a8bacf0d,20682,1718
17b27877-af50-46a6-a4af-fe078f9029a9,2525,111
1989dd59-7f11-4c90-9450-4d728ed07fb0,208012,4924
8e68819d-71be-4e7d-b41d-f1df81b01d3f,5362906,170741
1d7bb9b1-91df-4814-9dca-cb9882cbac8c,13236,1225
8adfa90f-cce5-4887-9618-9f2a0edfb2de,3393,413
6143403a-df6c-429e-8ee6-ef869896b0da,362219,13018
db7fb490-d527-447f-9d40-ed91c479d5ee,26093,1820
f6af669a-56ea-448a-a044-de76181ada33,440993,15088
dde3d9b1-0e44-48bc-b0c9-d739b3570000,2007780,40337
1a2f82f4-3533-4e28-8b1b-6a0e729b2c27,1025,132
72da533e-cb78-414e-8968-9d7dac0e80df,5484,505
5660a8c7-d0d9-4181-89b4-8e125328e31e,633948,8773
9e8a4ca6-ca23-4ebc-b591-4701502292fe,374,55
07982282-a288-4ce3-b064-8611361006be,724,71
942a9807-9c1a-4a0e-a285-1fde2c5be9d1,1558617,66120
afbdfac9-2955-4404-ae22-c08bf1c1b51e,960296,58833
610d38e7-f5b5-4ec8-b10d-17387ee11bdd,1560,180
8971fa37-c402-474a-b897-e2bbc145b59d,77852,4294
f2903be0-79a7-4334-8cc5-e45309482a97,563006,36353
906bddec-bc73-49f8-ac1e-eaee691c6cf9,1817913,71720
e97de6e4-e67c-4518-a3c6-7d1ab2239a8a,5289,356
e8d4359b-c507-41f7-98df-d55ea8a4fda5,7886,724
f9bef3fa-4ca3-4e7b-bffd-439839baabfe,5305,1173
cbd197c2-1c29-4f46-acc6-0565a916d143,66807,7637
5799b78e-a103-427b-8a1d-0bfeaddbb0c0,90497,9392
bc1c9fba-bb4a-4f4a-91d2-ecf891376434,118266,9275
329a24c4-7e4f-436b-bd6a-3829985e89b0,4332,762
0f8e96b0-1c2b-4f0d-8614-a92fce67ddb2,1631,407
3d46b579-66d6-4a09-a307-2fc9707b8f73,12978,1574
c91823bc-3074-48f7-b6fe-ccda9310d2f5,110112,10536
5a0acc2c-ce75-451d-be4b-de57b5448d3d,2779,758
21ebab35-e102-49a6-bf4c-15c47a7595d2,4875,1460
bc933822-d278-4388-ac7a-af8244e9f2b9,37621,4913
a7921b29-671a-4378-8a61-539cf73d7588,78809,10403
eefcb39d-afa5-4db0-916c-e6dbe1892e8e,93439,9135
b182700d-c0e2-4e3a-8373-e57a76333227,11015,2505
2c89b70f-6ccc-4f9d-8229-d8c404a042f0,30196,3706
dde0c16b-4697-4109-b58c-d8eb2c657f5d,6474,1388
a04ed9ab-79eb-43ef-ae8a-84e3c4667b4a,794,192
03fd931a-3f3a-40c4-893a-474701a1cc62,499,92
9750816a-a7d9-4559-8db6-f0895e0416dc,832,193
344fa214-0adb-4b3c-83c6-03e20299148f,6966,1649
5c331361-e061-4df5-ad43-67a69e54555a,225,23
d71e56a8-5231-43ee-9583-b03eeda3866a,2459,969
0d0c113a-b4c4-4dac-bfa3-002e4f68f24d,2066,584
88b737e0-9338-45f5-9b18-8a48b21c5862,1,1
e3d0da79-2006-472c-8338-2ea2e259058b,2252,705
27716501-03b5-4f65-af42-104b510f83e2,162,40
9668ebd6-c3ab-43cf-b2eb-3b4eb7f3688c,8888,1000
ba0c2f97-5cba-4817-aec4-9ba96a3b3802,11339,2165
b7a38616-cf5c-46ce-b0f9-4d8951e522f5,10988,2336
42adc92b-bb14-49a1-ba2d-a9c29f1a54ca,653,192
9f7612e6-c99c-47a5-9f6b-f307bff0b48b,1339,177
4ca0f538-15dd-487b-ac93-e26cc9a41200,309,67
56e471e9-e6ca-497a-9d5c-a1de9aef617e,1183,364
03eacebb-a3ab-4a45-bf64-abc63960346e,2693,363
59376d42-9926-45c0-a1fd-bb9a837c788b,21384,2801
0f16ba6c-1874-42b9-b7a6-e060c2be454e,123870,6723
3987e049-8666-470a-a6f7-3ed6ffd110ba,29440,3451
c214045a-98fd-4a2b-b42c-47efa4b4472b,50149,4219
e5143ed6-41d7-4b10-9835-1d6a7fb31c56,1233,209
257891db-1f69-4660-894d-075e355431a8,866382,56661
3a60a284-256b-4481-9c33-84d12ea481cd,107485,7113
ae65c507-d9a0-4d42-9a6c-2b1f82158b9f,945102,46198
886dc0c9-3351-4d2d-b762-060cf1e66929,66588,4998
25835693-a126-478a-944e-1303ae7a2551,96609,6409
89ccd7c3-b4f8-45a6-a53f-e903eaaf96be,226492,11523
ab2528d9-719f-4261-8098-21849222a0f2,1550925,73162
dd9e0762-adb1-41de-ad5d-5890832847d1,50201,3543
a125cd83-a379-4935-a7ec-beaa778bad70,78321,6192
1ccf2c12-ca75-444b-9cac-067149c65e05,82,46
be1f10dc-3b88-48e6-baa7-95aea6abf2f6,60626,5307
99efca32-eea1-45fb-92cb-8798976a9769,1593087,57240
4388976f-9e02-42d9-b66f-1b9e124e3ca6,102196,7189
eb0fbe2c-6eb7-40bc-900b-3e056c158125,231376,14517
02da8816-ceb8-445b-85a6-f619327d2c7f,19366,2360
5d4bc1ae-f0fb-4d0c-9082-65199c918d6f,1371,134
85a3072a-08eb-43a4-a57d-f7084503ee4c,435690,42589
6e193861-a201-45f0-9386-be7e647fb59e,45039,3342
5ed8f4ac-3ae8-4a83-9ff9-565510c7f6e5,21643,3085
420d3cf2-81f7-4c51-a737-7aefe777b49a,2511,280
9bb64b8f-d7a4-4fc0-954f-9c9e9d7b3bc3,65054,6379
d77c04a9-3318-4a92-afd9-8ccc14c673e5,7147,1047
f38a3179-00e1-48b4-9ca6-e14047c3b867,32680,2078
f47738ed-5aba-441f-bae0-8f6c02312286,44993,4294
40c2c6a2-4d59-4d95-8a9e-ff42ce3ba06b,29335,2542
9bc2888c-f4c8-4cfa-a2c6-7384f331fa01,106409,8022
f3aa074a-5a28-44be-9510-9d6491ba4dd2,2436,166
0178ac0f-6d31-44fb-bf09-ac3ebf33266c,161241,3608
6b77d8ef-c405-4846-9d5f-2b93e6533101,448309,12345
8c40eedf-e858-4208-bcc7-05e45bc76646,744301,25319
cf5f7a9f-316a-4946-abfe-c17695ce7b03,7535,493
7e54d133-2525-4bc0-ae94-65584145a386,2679596,58086
2236ecea-444e-43fb-bccf-49c20bf5a660,7253,490
606a8e0f-dd5a-4f8f-8f5b-2b017d79b568,5041,350
792a9005-0053-4a2b-aa5d-72ee147a3cc2,17208,990
a1276bd3-6458-4d3e-b296-058dc8cf0442,138821,9460
ccb4d9b6-1a24-4dd2-8016-1c0773ef470c,290466,15334
ca57dfc5-8338-48f7-9938-3fdbcfeada9b,124481,11168
173e7721-95c5-4dd8-9a26-289c45e239f6,72915,4351
314ff7f3-96d1-4b94-86dc-ba05c64dcd73,209181,11264
7b05d6fe-91e8-4cb9-a401-2a13b1578716,1030286,34467
f0a96ade-9353-4d89-84a7-0b90b0f21049,798825,25573
ded1afc0-f847-4a1f-b041-b37c4cb37667,254050,9528
ebf6efb1-8d28-4990-8e21-c36fcca09574,16924,1799
2af27490-8b3d-4dad-bce5-9321bd542d4d,12195,1314
fdbc2dcc-e6b9-4603-9566-be6245014395,50563,2729
bdafd399-f2ab-4553-b037-16c03e5806b4,866343,33211
f226bcd7-114e-418f-8fa5-e24a47a89cf5,357205,13488
33b14bb3-6eba-48f9-a6cd-de9292755917,83187,3795
721b028f-aa1f-4aad-ab4d-4e6efed277ca,514488,19451
4d4f5d92-0589-42fa-bc0e-1bd73e17a2ce,1117391,37384
bda64da8-c7b2-40dc-a107-fc3528b5ab8c,452823,15452
453f1594-112e-4d3c-921a-8d14e9c97b2e,2691292,65256
24858dad-0b88-452b-9773-8874a4d2737f,42388,1380
d5f9bd2e-56c8-4cc3-b043-9a1df390cdaa,57494,1845
f47e4a14-b2b8-439c-948a-a2022ed1ea03,176236,9166
eab60a33-d8d1-426b-8584-777cc3d3ce2a,141614,8298
929f28af-524a-4327-97a5-a219a0c7a193,16253,1223
3088b672-fba9-4b4b-8ae0-dce13babfbb4,102803,5846
54f6b03d-f11d-4f25-9d2b-cb559828f23c,1460,287
bfc7f8f2-ed8d-4944-bde4-59165b24fda4,296902,12802
bb102647-e4f6-4ca8-932d-f276b07ff1d7,109282,6873
037bb92d-efd5-48d9-b197-3ce699067e3c,593744,24515
83def1ca-9d9d-436c-ba72-3e800256d7de,286742,9400
acd7e57a-6454-4e28-a2b6-ed59fa75a5ac,264269,22501
1245270b-3c9c-4c60-ae90-954a771c6bd4,658937,22267
48ec4bb6-47a6-4e2c-8287-7617464eb193,639928,20617
08380cc5-3580-4788-8336-1b8aa9c3b4e0,370962,11468
b005c297-6a72-431a-81f5-f20344155002,63107,4832
e3b208cf-b18f-450e-a661-79f4eabe8090,446343,23602
a78d2a35-c083-4179-a5d8-49f84e5ec863,842554,27443
463a8d11-d625-4766-b0e1-735e719c251d,53090,3910
e6d0179f-b899-4563-b6c6-88715aaae0b8,569349,33544
24ee4021-50ac-4285-b76e-860082d0d731,1070460,43089
3d316fef-9526-4951-83ed-a01a5dfcb0f1,13983,1957
3e011f5d-a3cb-4371-ad44-b0b6b414c1bb,69496,5078
410c9baf-5469-44f6-9852-826524b80c61,6412578,84629
edc88ebf-4790-4cb8-8a40-13efda4a00fa,231036,16792
0b59a279-54ef-4723-854e-a12b61e9581a,885573,38311
bb38ad89-459e-48df-b9c8-a6b9c86aa2d3,172321,8390
da8b7ac4-8df7-4001-8a92-5e38fcc6d9d0,143086,5714
0202dbd6-a1b1-409c-af42-a88cde806ed8,95924,5018
81fc71ab-cd44-4c5b-8eb8-fd65e045ef61,51582,6892
fa187203-5d60-4e3d-9042-cac7de849649,161312,11045
723f45cf-11e1-400f-916b-6def72b9c196,11571,704
3fc812b0-07ef-443d-ac97-77a71c0f1aee,162176,8563
073e03c4-871b-43c8-b038-05bcd7a9f812,153935,14557
270ff0d9-7243-4411-bce5-eeafbefb1b65,334563,13498
4159ac30-ecce-43a6-b200-b48801968e30,795320.0,20361.0
9bd9cf2b-7613-416b-97ef-814f0300e5ee,36238.0,2821.0
86d048a0-1fd1-4b0f-91b3-f5fe14b6b57a,2360.0,188.0
5520bc6e-c94f-49c0-9129-a7ace216b3c2,74003.0,4461.0
270ab891-a8f7-4887-b5b2-7d8e95172a59,746961.0,30275.0
513e941e-a0be-45ea-8cd6-6e5bae9a3cb3,10187.0,597.0
133c77d4-f8a8-4d26-92e2-6729a9264750,41690.0,2124.0
2fa478b1-dee0-428c-8e18-8b0b6608b2dd,531935.0,25299.0
1186105b-723e-4ce3-8442-5d79696c4e4e,14685.0,257.0
576e9f32-1a45-4458-9b90-b7ae038fd729,525387.0,16238.0
5983952f-deb5-4bbc-8dec-ad0319e1ffec,57608.0,5122.0
d7dc00fd-0018-47ef-a9e7-3538a652be58,558025.0,11830.0
1d61d38e-d97a-4743-9181-9df06e1a9d0e,36460.0,3195.0
cedf92fe-eba1-45e2-ba16-b1b6af5169b8,836215.0,30264.0
8ffcd7d7-6293-4fbf-b0f6-46aef9ce9f69,517427.0,27806.0
6dc9b85d-beec-43d2-adab-8af2dc6632b9,88110.0,5992.0
2256228e-8253-45ad-974e-39ae914c5586,157758.0,10801.0
0e148e62-4562-4f8a-8dc9-8538db986bfa,308536.0,10322.0
819526f9-59fc-4d8e-906f-8d5a344c66fd,32058.0,3663.0
95bca34e-6b06-4d14-94cb-bb75f83f964d,40997.0,2833.0
47057f48-eafd-4a54-8f2a-5536fc483af9,1176.0,179.0
f080dffe-4e1b-4971-bbc9-b6681438e732,6049.0,621.0
8b972bbf-df84-4d70-a0cb-1e7debd6386c,25352.0,1691.0
071cb80d-a198-4f88-b41e-f4dd9a65ec80,1361907.0,30654.0
58ac8cea-3daa-481e-a2fa-69f6d600e31a,107782.0,5295.0
cd27216d-bb4e-40a8-a561-5018f162ba0d,144476.0,8205.0
9cb3bbc5-2c19-43a3-a312-087700013115,37849.0,2669.0
efba70ba-fadf-4f62-ac6b-7ae73f6dfdfd,114440.0,4796.0
656c6856-4196-4f8f-a388-e6d1627190eb,249442.0,9708.0
c0b226a5-bffa-4cd8-b075-17cd28611bbf,29892.0,3162.0
ce30feb8-6664-4262-8bf3-4e30f4730fc9,259937.0,11106.0
6639b3dd-53df-47af-ac73-6310333ebd60,8877.0,1250.0
a520c6bd-c996-4c6d-b80b-ddc9af212fd0,19225.0,1506.0
dd000921-fed7-45de-8372-23f15557dd7e,59745.0,6773.0
e2227c99-e98c-4ffb-aa2a-aea8ec448018,53536.0,4231.0
054171e2-d157-48ce-9e04-d6b1f075ed5b,161566.0,10652.0
43c8a22c-72f8-4d24-af40-f6b42aa813e6,136204.0,10931.0
bcad740b-e7f3-4b6d-bfbc-c14018b3be01,86834.0,6198.0
98c65a03-f9a7-4d69-aa46-1637135ca6c3,194695.0,9961.0
339e444b-f0f3-472d-a62a-8f9aa602bae6,617231.0,9086.0
d4743123-b692-44ee-b330-81f043051b84,182278.0,13813.0
f2262d1b-8624-414a-9141-eeeda30ee9a0,14018.0,2654.0
5ec4be83-e99a-4c54-8753-05ec461deb4e,110840.0,7062.0
094e26a7-0c28-4346-a90b-166b70b7d9ae,10489.0,1383.0
bce1c28e-7f90-4451-b1ee-7658704fb57c,87043.0,8134.0
6c815914-d001-4a4b-8a48-c26690f07ff5,56307.0,2897.0
b497a9a7-291b-45bc-ae1e-3629d582757c,129492.0,7246.0
7563e8db-ab8e-4a11-8586-94e91956cd13,23769.0,1877.0
b168fe74-e143-45b0-a345-a29d4b16d868,18568.0,2021.0
f0709133-1bb7-4e08-bfc1-39f4cdf9926e,37876.0,3748.0
f9ccd25f-886f-481a-85e9-0ae388672795,55736.0,1714.0
a2eddbfc-1fbf-4329-9baf-07076600d7a0,25602.0,2703.0
addca31a-40ae-4152-afb8-a477da5191f0,38922.0,1148.0
c5ecc3b1-c473-45c9-bdf2-6fc2ec8c920b,4390.0,310.0
07df80b9-c154-4e9e-ad4a-72eed63b322d,4225.0,262.0
6118ae97-0d86-45da-b4e8-4ead6fb9573d,18780.0,1006.0
b1491faa-ec98-4082-a363-8c3e5bca6edd,3719.0,334.0
52db98c1-0cc9-4aab-9f2d-ea8d359234f3,42511.0,2406.0
3f00c882-1aac-44ce-8adc-6a384117f5bd,1.0,1.0
0ab9c70f-d6d5-4fac-9901-9a9f91f8781b,1313.0,166.0
639c95cd-7115-4068-b34a-1bd80181d430,2912.0,233.0
de0fdcbf-5bd8-4642-8e8b-7dd6612a6e16,603.0,99.0
b00b23c5-4350-443d-b420-8038ce88768e,335.0,170.0
1f971045-f365-472b-a928-8ad84ac0c155,624.0,126.0
d8fd8292-4888-408b-b3d6-8cd2988ab719,781.0,86.0
caf3ccac-35c7-4ca4-8043-e84b7924ea6d,8072.0,394.0
8799c94a-1019-4894-940e-4fd49804885c,180.0,44.0
dba1cebc-93cc-4660-bcfe-ea8425b2d32a,3475.0,319.0
c33f914f-2ca5-4d20-99f5-ccef42cce91d,8859.0,491.0
abdca42f-7f4e-4a12-af88-c0d556dcf684,1635.0,150.0
41ad9090-2c8c-4cb0-b49e-5f6d3db07711,383.0,66.0
2dedc1de-9187-4bce-94fc-c9f328c6669b,2184.0,301.0
7b4cb6b0-48a2-4a38-bc33-9072ab52ee7d,337.0,62.0
d598882d-bb4b-49ea-849e-301d6174bbab,3914.0,376.0
0aa557ce-5092-4960-b5b1-07c8aee4beed,1723.0,131.0
f5a454ec-9c6c-4a98-8676-6378c6996926,3744.0,340.0
58f1f095-0347-4eb0-a2cc-d757148271ae,2753.0,147.0
9cf32448-a0d0-47ba-8ef7-e8ab9bebc4a3,2447.0,258.0
2e9a1479-9643-4e71-af5d-0562b05b469b,1936.0,167.0
628a11bc-06dd-4a3c-a519-bcd702f5303f,251.0,82.0
8f1511f6-69b2-4cab-a905-30b491bbf992,940.0,112.0
22cfae8e-358d-4761-9264-0c3df6c1a5d1,628.0,56.0
c672283f-79d2-49f3-9360-149f4ef57a64,350.0,56.0
09f25527-cc8f-4c02-954e-8b933d98dcf7,65.0,14.0
4c73b58a-fb2f-49e3-aaa6-3fcb4a2797f3,4373.0,525.0
44183f42-a853-4e50-98e1-7ee271c8a57c,4637.0,346.0
9b7bb734-691a-4ddd-a232-01598e04edf5,1155.0,52.0
422f39aa-498d-4daf-85b6-22f642282954,2444.0,259.0
5d85fc56-25bb-45c3-9b39-170b7d5ecfa0,407.0,61.0
6a70a8e2-3917-43f8-9aca-7d833d1d1c81,,
ed85b838-1f94-45bb-8919-93c020d3605f,1558.0,93.0
3c7449af-b7c9-4fd8-9304-e05df6172e03,138.0,9.0
0fda0791-a4e0-48bc-8b5b-bc82c5366aba,1797.0,103.0
1812d19f-64a7-4b5c-adec-1796d8e47aac,1.0,1.0
3e3b3886-497e-4e33-9921-d252d50bef26,1176.0,122.0
8e0e09ef-c464-45b8-9d3d-474a63797eb6,229.0,32.0
485f576c-6ade-4c0f-9406-34720f15fb02,46352.0,639.0
217b309b-e9e4-4605-b7d4-a3616f5cbbd4,10807.0,402.0
f29e031f-c6b6-4d52-8edd-dc8e14378e74,171691.0,8192.0
20395131-fbde-43ce-b141-b700cfdae99c,783661.0,16064.0
dc99e6fd-c710-4f79-b74b-127b4d0b7849,773313.0,52186.0
9ba6d6c4-12fd-4500-a5d7-7d85fe4ee2b9,121959.0,6094.0
3862342a-43c4-4cdb-8250-bfdbfb5e1419,400162.0,11582.0
d786f59b-1836-4ddb-8393-ab753edbe984,779059.0,13972.0
89ea85c2-c90a-46ea-93db-9bed95d5c8f8,126328.0,8040.0
d5cc67b8-1cc4-453b-96e8-44487acdebea,18062359.0,204547.0
07d0e0b3-dea4-4892-bee7-eaad19d093ec,123892.0,6607.0
db48610c-6d8f-4d10-90ca-c4d14bb1a8b1,385117.0,14110.0
53317371-09a4-4bf4-a832-22a9c6704be2,102363.0,6499.0
c0583ff5-73cd-444b-9870-fe781c9eef17,48356.0,3778.0
e9cda0a2-285c-4a15-9697-c295c216a94f,61614.0,4630.0
4ae429fe-735c-4968-8253-a591421b1bd0,384492.0,10174.0
83dea770-0013-4607-8057-ac989320e4bd,42881.0,3382.0
ad279295-653f-42e1-9aaa-b731df2e78ba,13085315.0,186094.0
5d07540d-b17a-4b17-a160-1ea22730a392,26960.0,2037.0
bdb2e504-7372-4f5b-a6c7-d578021c53b5,174158.0,6139.0
c1f1cf38-1fee-4106-871d-ac392a28b91a,106572.0,4138.0
9ce0515d-cc88-4df6-8a2e-d231c13cb2c2,151443.0,10766.0
7999a8a1-6cbd-4453-8dd4-ebd03a10e44f,448394.0,7778.0
5db6354e-6669-4510-ae61-66fe35340449,29539.0,2614.0
8389ff77-a7a4-4ba4-bf1b-17ded47d41a1,91798.0,5741.0
7df45a14-19d1-4273-b073-c7292790a6a6,83648.0,5158.0
7cf0ea9d-86b9-4dad-ba9e-2355a64899ea,11684065.0,250785.0
4fcafd9b-9580-4a03-9cf0-209c24c00b52,7474.0,399.0
f7441bc7-d7de-4813-a2fc-31a4033d396d,293348.0,7792.0
86c6a040-f9a7-4b8a-ab7d-21557fca49b1,27101.0,2415.0
caf479c2-9f6b-49ec-ba4e-22adfbdab7ab,881.0,37.0
4ccfc097-7034-4aa7-97c3-b5d4ed52865a,41791.0,3190.0
8b8cacfb-60a6-4a37-b17e-53d73fad89cb,4650.0,449.0
9fae44ec-b95c-4b0f-a0a6-f0008613eabf,277784.0,8485.0
7a3970c9-ecd8-4eee-a267-4d8c77d97ff3,403012.0,10660.0
1efc93cf-3d3d-4b2c-8900-6970f39fbae3,15845.0,2118.0
4c671d5a-7027-4398-8055-03e61d1a3967,3582851.0,121263.0
18de31c0-5c6e-4fa5-89e7-456012fbf7e9,88373.0,3683.0
db3de4ac-af35-49b1-92c1-10a932c7ef59,77856.0,5597.0
ec1587c6-d620-44f2-9e4d-aae186fbd02e,,
8c4f8563-507b-4ecb-a7dd-9818306b5eea,509.0,41.0
0a7920d5-135b-4bca-885c-ebd79f0d5d9f,153665.0,6245.0
ccbced49-2689-46f8-9101-1c265d6f7b8f,166799.0,6072.0
fa58cf24-0e44-421d-8519-8bf461dcfaa5,1378604.0,15165.0
2dc905d6-e297-4e6a-bcdf-09d2c2ec119c,23751.0,1636.0
38f0c7ac-46eb-49ca-b3ab-c785ccd05a60,676468.0,20748.0
2c875570-a60b-40af-a456-28c79763ba5f,19106.0,1641.0
0b7c8ad9-f324-481e-b0b7-9524ec043e0a,3279.0,663.0
bfa6929d-8375-488d-b027-8a0691c73643,187093.0,6411.0
c5c2ea1c-4bde-4f4d-bd0b-47b200bf99d6,36528392.0,295531.0
cb0fd794-e563-46d5-988d-683350f8bee7,1264.0,369.0
8d97d135-4f78-4d3e-b5f5-b8f6fc096f94,32127.0,2251.0
b7c4e773-9c24-448e-996c-e6fc8cc9fc03,40496.0,2468.0
dde26295-8cd4-474c-8740-3edb801b2776,172555.0,6904.0
b0979956-e40d-4a35-89b1-124af2288354,25787.0,2043.0
14be55fa-72b8-4fad-906f-0589614d2ce8,145772.0,5678.0
c2f6c57f-27ba-4c0d-b2fd-3348961e79a1,150618.0,4078.0
0039c7ae-e1a7-4a7d-9b49-0cbc716821a6,47826921.0,306617.0
25ab7547-a4d2-480b-b028-c7f3497bc858,693314.0,10570.0
da357978-095d-4621-a7ee-2c0f336c5e8a,123576.0,6021.0
88d17133-abbc-42db-9526-4e2c1db60336,510473.0,12493.0
247ecb81-2869-43d8-b8e2-267fd1f80f49,157.0,11.0
3866e778-163b-4953-af59-96880cbe54fe,13822.0,1204.0
9f9683e5-6a7a-4d89-b998-8432d90b0765,33954.0,2350.0
9f2862c0-22a9-4fd2-9f1c-07e17f356137,6781.0,589.0
62ecd859-e63b-46f0-95d8-69e860151adb,18660.0,599.0
ebf47d35-530b-4224-a5c3-32c8d6862491,851.0,30.0
3ed8ee52-b58f-4332-8452-b6608bc90328,90368.0,1691.0
6c271707-9c98-4024-b6a0-818569ce9028,86725.0,4427.0
b4b5b5a7-feff-47d0-9458-83d0d135a692,1308518.0,70840.0
6d16480b-4313-4ab0-88d2-f34aa1701cef,8751.0,737.0
77ec6c49-66f9-46ff-9179-a63511e345d8,67760.0,3268.0
287cb25a-9b05-474c-9ad1-38046a46c37f,78750.0,4744.0
9f93c34a-2dc2-400e-ada5-937c3efc3437,71263.0,4222.0
158778fe-55c1-4dd5-8a3a-9d1b968a5e52,143273.0,6345.0
7cb21862-2ee0-453a-93d7-be92e1c08357,7514.0,690.0
96855c21-b832-4366-ba12-0d2330c36a86,718314.0,12765.0
e04f63b1-997c-4759-af02-2d3324741479,123657.0,3202.0
9251ea3b-e680-4445-99d6-c717af9a61cd,12948.0,1219.0
e4b3a8b3-a476-4f61-a59e-2d8a9c71a4d7,23112.0,2727.0
7b46472b-adda-4a9e-a6e7-824dedff9200,92655.0,4222.0
3fd78e94-efeb-43a1-bc19-ad2dd1afbd5a,360362.0,4832.0
9b0a0863-5a03-44e8-b311-2d407d971630,1016.0,54.0
767ed4e4-3846-4777-9a62-c9e4f13adbef,14889.0,1578.0
66acfbaf-a28e-49c1-aeff-ef92e4358d90,24434.0,2324.0
a7472b5e-9b6e-48a6-b910-37c940487086,91445.0,4485.0
ca1dcba2-792c-4550-abf2-7b45396e81ca,975864.0,18859.0
9f6686f2-7a23-4bf3-9d01-860e4ae9390f,34144.0,1502.0
48fd666d-cf31-4a0b-91b0-59d11d445317,31745.0,2007.0
6c2cd859-b792-4258-8ede-402c5dcf8b90,111353.0,4460.0
085bbb68-d9c5-4183-8a2a-f9f7dd53d9f3,86563.0,9548.0
84f246f7-663b-40cf-a66f-336e8b314836,105192.0,5228.0
af37c51c-0790-4a29-b995-456f98a6b8c9,21170064.0,271871.0
7f6f5368-fcc9-4e4a-9105-d17547364340,46099.0,3051.0
3abc7470-3d67-4272-a24c-439f411b42eb,193521.0,6588.0
3542b10a-945e-4316-be59-cdccf598f47a,23791.0,2608.0
4778e075-c59b-4455-be96-5c84fc458904,291017.0,10838.0
7abd9931-ad9f-4e2b-8916-de63a00b89d8,13843.0,1523.0
877f68fc-347f-42fc-93e6-176970085e27,34513.0,1849.0
21986cd4-f611-4f54-b9eb-daab9ffa7a08,733.0,35.0
ca0cc3c4-924f-4755-a7d4-a7b260ce34da,103768.0,2863.0
40fa3a53-cfef-4294-8aa7-b03f06e8277f,386356.0,11708.0
46a811a4-a58b-4514-8db6-b6ecf63431fd,33949.0,2301.0
91f7a868-d82e-4cfb-9cd9-a2ffd7faac25,2296009.0,45133.0
8acbb188-0f8a-47fc-a284-d00bee93e482,75257,2683
8094a83b-86ce-4a13-b25f-90af829c9ed6,77566,3786
dbc26631-5e61-4ba2-84ff-e1423a1c288a,127233,7586
faa28a33-5470-4b90-90c3-e71955d93a44,392204,10392
c0dea069-4f46-4f44-8f44-76831e6abb07,42939,3024
fb4d3639-dac0-478e-8776-4417096d8381,102592,2947
680a0350-cee3-49d4-a85d-7c9f4657fb97,111561,5526
d8a7dbb2-e9ca-4171-a5f0-2ed85e220f0b,12039,1010
4b0e51ee-a024-4540-a6f4-abf4b5488647,114222,4283
b47ba772-ae4a-41ed-a72f-b3703f8d854e,1710,88
10b106c6-4bed-4f03-bde7-b312ffade36b,14270,1750
03ad1736-b7c9-412a-b442-82536d63a5c4,28762110,208545
915f195c-6e50-4570-b4ba-25abb1f320b2,9321,658
7804430e-25a9-4221-af4f-d0a45dc938bc,22967,2144
b5d9d6e4-7105-44dc-98bc-b751c3b0f5f4,69625,6085
4b8b04c6-9bac-4122-bf01-5e3bb174d2ec,60252,3211
6362fb1a-5b49-4227-936a-68918d147a1f,25141,2092
20749ae2-4e7b-4b12-bf58-4436afe33385,168081,4900
71798d26-6118-4e60-8b30-e2c67a986d31,62085,3382
e49dd402-2297-4192-a359-48b233d39cd4,131137,4885
58e235fc-f6ea-4614-9ed4-9855a5665ae1,279216,8767
3c3a1ea4-922a-4a90-b1aa-b7763d6dbf20,84065,3871
b44e2752-deb5-4f10-b8e9-6671484acb34,70736,4590
46b9c1ea-a7d1-49fc-a3b9-3a95a33f3a19,95368,4391
5b6bac92-9b60-4e96-ac13-935bb6941b96,130494,4954
6c8c1e10-18e4-465f-8d90-fea0c67c35c6,20073,2415
c984f772-a70d-44b6-ad12-47ec8d3fdd35,7355,533
61cdb045-7f89-4eb1-b3ed-35db94d9ab99,66619,5508
37177491-dc86-4536-8ac2-51887ccfa0bb,70170,5413
7f359346-c820-4ae7-9bea-9f25801789d1,18228,2612
a298565e-d43e-46c4-b35c-bfe131258815,53813,5073
e0e1a584-dd0a-4bd1-88d1-c4c62895039d,11848307,237626
3478e6f2-0a70-4fcb-a567-14c48ee60ffc,18691,1021
ad10c69c-0cae-4c27-934d-a02e4ecc9985,73090,4785
dfe78af2-779e-4137-826a-3073a16e3278,3324410,101920
6011a648-f3a2-4bb3-82da-1668f73c854e,206,36
82cf84b0-4caa-4dfb-b027-6d274e95c82d,137280,6207
a2226d66-7b81-4b6d-9d11-7c6b70e82487,140,17
12d0b276-b102-4779-ac35-6939c584d9da,28490,2294
3478a5d1-bd96-4584-aa54-4d6e0a329658,145245,5987
f82f3a3e-29c2-42ca-b589-bc5dc210fa9e,27375631,263995
9f4c3bca-4d80-428f-9ed2-0de052d92ecc,325644,7203
69681b02-05b8-4685-80cb-e98983b7a96f,1801287,39585
1fb732c4-3a43-4a6c-914c-4b2354270f00,17543,362
8a179406-ff69-438c-9708-2d3ff7f3b2c6,41882,2851
e105c272-b5d7-4135-82ef-d60bded54345,7492668,156261
6a65d878-fcd0-42cf-aff9-ca1d636a8bcc,15798544,195222
7192aa79-f634-4cf6-b065-fca2d41c27c2,33950,3211
fad8967c-a327-4af5-a64a-d4de66ece652,5632395,62522
974ad4e5-08f1-43cd-a194-178f833416c1,153530,8930
f9133036-ab3d-4e97-bd11-7a2c98ad148a,3557880,56059
c42e60f4-4520-4954-b6e4-82bbdf532c11,1453370,9660
0b5aab47-3b3b-45f4-8488-2fc98e035166,1707510,27011
91e2e08f-abd7-44d6-9a84-b8a4afa8a265,2700037,62502
f10177e4-b7f7-4e63-92b6-c805c6cc54d6,1785624,42459
05fe8f73-f094-4c8f-a7ad-889f0c6c5a9a,790298,15929
4ed35152-5207-4101-8904-6cb5d159b545,2870049,67594
36e371e9-e76b-4b66-b813-e1d1af6d7128,2628022,49808
699f9a3f-03fc-492a-b973-7d291734ceda,234149,13468
93336372-424a-4c88-8e79-890053f63337,1323268,34021
84d5a9df-dd85-43e9-92f3-ed87bcd59b58,5192970,57041
44f42386-a733-4b51-8298-fe5c807d03aa,10034159,87496
8385f26a-f374-4a04-9aad-4442ce24db2b,5117909,46627
0a41f86c-ced1-44e0-95a2-5c8b2368ab1d,2144807,62989
e74d6546-7d69-43aa-9580-51a80cd9ae54,515749,19916
05851234-4e8f-4cc8-b682-a55c23277d9c,1947774,48832
f4d306f3-e82b-4186-9cca-4e8806db21f8,1412754,18096
355facf3-c72c-45b1-9727-8d9cc6a5ed39,1789565,34527
ebf2f8fb-bec6-46f8-9da0-c964a5f45205,336982,6255
52b9e109-44a0-45eb-a197-226c4abab232,3556524,62164
b847e9d2-c931-4daf-900c-42c7b2c42e16,2633196,35041
64bdfb5e-cbf4-4b4d-b939-1086fb4673f2,21894,1776
2a63d0e8-dbce-4ae9-898a-3e6da6c5d2fc,828276,30587
100846a7-06f6-4129-97ce-4409b9a9a311,2060243,24610
c48ff56b-0a0e-453c-be56-741d47c33056,4880837,69493
74db50ec-df62-4a62-9f9e-9a515e8e6ee8,299975,11330
45074d7c-5307-44a8-854f-ae072e1622ae,4588791,55370
13df2a46-f72f-40e7-aa63-26fcf62c7048,4384497,99261
8fb6c00f-61d8-4f27-98f9-53e1ba481626,1644743,34978
38e4df82-6079-42f8-91fa-904e0fecf78f,1437741,21945
96cd8ef6-2873-485f-843f-f3ced9839791,491958,9452
83d8a06a-4145-444a-b4ae-49e1e986206f,6131733,48876
55eabedf-ad70-490d-a5b8-354325b1bf0f,6255,717
11137c88-a9a2-4ffa-a97d-fb058c6d6ce2,363969,14302
44a2b61e-5264-4c4b-a765-8f520a46a02e,212841,17497
2707845a-776e-476d-92af-350622b817a6,340982,4365
e2b0db3d-7b89-4d52-b901-37fc70e98b5d,73536,960
abda62ca-e383-423b-a939-b14e1d0e38b0,376174,10171
0541c64f-17dd-424f-9483-391599d14cb6,1661114,19458
ce4fe6bb-8b95-4806-955c-faee29dffa96,8159,744
39a1b293-8e17-4a1c-b50b-034c40e24461,3204433,53111
6e4277d8-7b64-44a3-b823-13bd15114e22,3586256,63229
19516266-e5d9-4774-b749-812bb76a6559,625081,13226
8044daa4-77d3-4971-a04f-b2eecc4e5f7c,552754,10077
ba48b0a4-29f5-4228-8168-c614e72e2c43,33735,1720
6b367276-e4dc-4a0e-b10e-2eb933d16ff0,871899,12857
f94bf2b7-6f66-447a-9929-ac9f3c5452fc,889413,23815
24295618-32d7-4a6c-a142-98b19d69b89f,841957,26473
a502ca37-2285-4e4d-9380-83b21e0530fa,372613,8056
ff7bfec7-3c7a-442b-a45b-d6fea3acacf2,40673,1565
80c1b7c9-a4de-4a47-9fdb-e85e48d35061,165352,6591
6b6c0379-2204-4964-b918-0a3bc565682f,310956,16696
ffb89363-2a3c-4b70-bf85-18782dba5b11,844709,24175
9b39533c-4432-4055-811b-6773e0c6c3a5,116241,3069
20fec239-6d5a-463e-9478-f802c6506126,213413,8117
582fee78-d934-4603-9f5c-1729e0ca36b7,1715524,61267
945ab058-0207-49bb-a33c-80efba82179d,525449,9139
2865730a-5757-4005-875e-84d6274cb1c0,459094,18737
3285dc48-9505-469d-ad8a-bdf2d3dba632,4878802,75528
4ad57f5c-b90e-44f6-8a9a-e7a366cba346,500170,8080
c37412cd-f0cc-4507-8825-48f95aef3624,1867581,24122
8cfaf3df-e098-4722-b840-dbc84d7aee20,1248097,19936
7eb99a58-5ea9-4082-b176-bd990d406358,1432751,20054
07934e8f-f079-4645-a984-4a529504d79c,518617,24136
98ed42ad-aafa-46a8-899b-150fa237133a,2820967,41951
9b4f5b14-6a84-4340-b290-194212716380,64309,1913
83766a73-9c8a-481e-82ca-11853015cd2d,2315214,37925
d7a2ea77-0850-4480-8964-246c0a3d6efe,328154,7938
7677be48-16e9-4c84-9365-a69dd6f2df55,1858444,43067
d47c5ac6-f45c-4982-ae23-0d72fe35a503,1273887,19596
dcb2955e-ff59-4ff2-a608-cbb90ee3ac38,853577,48444
3d3fceda-d274-41f0-bac9-7516f6c872ba,960990,16825
eb5a1cc9-fe82-4a39-84c3-c52ffb7a1b20,126321,4930
b16fd684-831e-4128-8120-6626e76f88c6,1940566,18940
6f29020d-49c1-4e26-869a-0603d14b7ca7,1331481,44284
d82ba5f4-da09-479a-ab18-4b1a122c4345,6142925,55008
c29f4522-f710-4bb5-a06b-d436fcc3b2fd,4047310,40946
e4d05411-9a3d-452e-8b0e-a55b86b7cf85,8998919,82064
3a219a74-7b99-4620-a6d1-228a54de8c3f,222712,9780
fe3a41fe-56ea-452c-a98c-0e6f12e7ded2,542555,19083
f16d25c6-556f-42f9-b648-5f48a8f96ec2,2191057,43360
eb8e220f-7cae-4ea7-ac98-595dbddf2d8a,159703,5592
5a24bc1a-c093-4a82-84ed-8d7f2da0570d,4128543,52018
73393c0d-a956-453c-8803-14ba4704511d,174600,9322
2bfe4c84-c223-4671-a67b-a7d40fef20a3,900614,9527
b62f2a5d-ee82-482f-a10d-536c929edfff,564900,14319
2d25118d-d49a-4b21-8431-00f6771d768f,997291,14304
c7821f54-fc73-40a3-8000-0c414c25be6b,6186,609
56f9bcbf-94bc-46c0-b7c7-60e52a5eaaf2,25350,970
1945e27b-5b00-4dc7-bd0a-7c653cb68f45,750575,20419
adfa9d07-123c-4dc8-b1bb-99282b166b60,617777,65221
22f7d404-3d61-4b39-a7ce-1a123d0ea934,276670,12993
f3430779-bbec-437b-944d-1fbf45d2e786,1699467,49088
ede553ac-e7ee-443a-9d63-765e7e31e424,420949,17399
fdefb292-50fc-4794-b36b-14be4c1d46fe,93733,3352
339e32d0-f306-4c4e-b790-088b06db440a,442650,10905
411f606c-ed67-4af4-a765-1de06938f45b,217870,11358
797bcf41-0e02-431d-ab99-020e1cb3d0fd,821010,13660
1268cf43-fa5d-48fd-a0b7-2fb5bcb8ee72,68372,2233
d29fc72c-0148-49ef-906b-1f4a58ecde25,355231,12267
050bd499-feba-4321-93d7-27b96a60d504,553977,16947
393ce5ee-4550-48e2-97f9-50a47a74bdc1,454502,23922
14ca858e-39ac-403b-bbe0-78e16623879e,633377,14614
3bbd6bf7-949b-42d0-989e-3f60142f6445,46734,1935
756cf672-d4ae-4470-a3af-a43d776a211d,1857454,51379
5fb22384-0dbc-4ad3-914e-96f3acc715b8,43938,1770
d7762352-8894-4fb2-9165-5fa7a2fbac42,1192293,18768
4e334c96-ca6a-42fd-92d9-c3da00f78783,34096,1178
9714bcae-da69-4189-84a3-6e226802eddb,61231,5914
1626de1a-509a-413f-82de-a362a2fd14a3,1942553,23922
209277e6-bce4-412b-a3b5-6ab0ac25346f,2159,215
28c0c945-dea4-4090-9257-c039c464b89d,956129,15983
bf307de0-a1c5-4cd9-b7e5-aa6d8aede3fb,820160,16787
eb34176f-adbc-4ff8-b96f-5040e941ca91,423672,26269
9d4e0a6c-7b56-4c51-99e2-5bb03995c5b1,908199,22239
f04cc80e-0f59-45b8-aaf4-ac81035644e9,2462733,30655
74fa83e3-525d-4539-bd51-5e5ac254379c,24383,1586
ff3a293a-76d1-49a7-a5c5-fede02e7e648,284476,20140
358278f1-e0c5-4f8d-99de-9815bff2d15b,66669,2451
b8964f14-e88f-4070-8ed1-fa18ac44e034,382024,12043
e4e79264-c1ec-490c-b823-b2918204cd4f,3184835,30900
576978ee-657e-418a-a17c-31eac4032352,87322,4688
84ca8fa4-7cca-4948-a90a-cb44db29853d,317669,5140
3c3ccc14-cb1a-48a6-a3f9-767df06599b5,20828,1375
212faddb-cd09-4fbc-9336-3ed7cadfba68,415389,10567
c354fa44-b8ec-4896-b367-7952b4b18873,135475,7772
a8ab3c9e-6ef4-4aef-90f4-34349a4d9538,128102,7971
6fe25812-9155-43a1-b5af-8371f90a4f59,1501234,13755
8b80c647-cb42-4d92-b45b-296f656a6596,2036,144
5a189716-da5c-4fb6-b208-cb1a8a78fb08,24066,554
0f1b44e9-8ec0-4fd3-b75c-7431c6fc0f86,8754,742
60c41f88-0fa6-4871-81f0-2e9c97b384d1,1024,207
09a4b34d-23a8-45c8-ae1e-149803be3294,4216,573
fb64e259-1b8c-4abf-aaa1-1ebb51991bb7,1906,193
a9195b6b-04d0-4da8-be11-69dfcb331349,4173,397
dc867255-d282-4782-8636-655987aec8a8,4861,251
34702c25-9cbc-410d-bd41-dfc99db91161,3344,180
d7e28064-edc3-4ff7-813d-9128854cef4d,290,39
c2abce55-b487-4cf6-996b-fae6bcb15030,43,9
0e91d30b-606d-46c5-a46b-9f5e484dc9d7,546,78
3ffeabe7-aa03-4c10-9c69-00cdcd64bd73,2712,254
82d50660-d6f9-40fc-9f20-2339ff2136d1,143,13
900b89f1-a434-4f8d-bff0-769aba25454d,117,14
03c4c6c5-ee93-4dbc-936c-9fcdfad7826c,1075,58
22476d61-ed55-4a80-af10-dfa8f1ef8d77,206,43
866533ba-3cf2-463e-b5af-3747d1666a62,359,25
28ebce34-6fe1-4200-9542-b3165c6dde21,43,15
176d28f2-2161-4349-bb52-4a69f12bf22a,1267,128
d8ea9c77-303e-4712-aeb7-d2cd8391b3ea,101,6
3116b008-9d92-4699-9311-2d0ca93c6a20,23236,901
d785257e-2177-4c61-b6db-8e7dc11fbfdd,,
8ad45a29-b1a8-4f01-a8a0-880d08f88b5f,23.0,9.0
44843d3b-91d6-4886-b835-6018305e3467,9.0,5.0
11d8885a-6850-4235-8c76-51f8325fcbc1,1142.0,223.0
6c8bdb06-aec1-42d9-a8d0-4708dce72c9f,121.0,14.0
0eb5d2e3-c684-4984-bc0a-fd941a04c64f,199.0,10.0
c891dbf7-c5db-4845-ace6-e03f748edf78,132.0,10.0
88b13e74-71dc-42c5-b10a-9b1163d46808,21.0,6.0
54f1f17a-9668-43be-aef4-073eff33af01,2943.0,398.0
95745e71-22ea-44eb-9f3e-9b42b1a1da91,5.0,4.0
d3349ff8-f3a4-4779-97c6-43f1dc80943c,7.0,3.0
fb2e25fd-ff52-45d4-9c8b-6418b730d320,33.0,10.0
d0c3da25-579f-4ff7-b2ea-294d332959ce,478.0,95.0
a1185786-c008-4159-8e51-fed5ae132353,86.0,7.0
207dcc20-da70-4188-a6d3-c0d21cfd320a,38.0,8.0
f04d39e6-04de-49b8-a255-e730551c48b0,1.0,1.0
27b50f6c-3be2-41e7-930b-427879b116c9,643.0,80.0
62e1d69d-3864-456a-a177-245402af48b9,,
003c7b8e-ace0-4e83-9a0d-2c467fa6d6da,147.0,31.0
1e0be8db-9511-413c-9b4d-f72c2003c1dd,,
e4324f83-3e04-4fb0-bebc-df3f25d893c8,363.0,109.0
2f7943a5-1978-409a-a769-5c31292b239d,196.0,15.0
316df204-9397-46ce-a6b9-e3540371ade7,1044.0,123.0
11e6f7da-ba03-4fb1-b412-bc2cf910ec11,265.0,25.0
95338971-e5a6-451b-946d-8e6ecb71449d,156.0,35.0
2b445d10-14c3-410c-82d8-564b2551ddac,6.0,2.0
2b524ddd-076b-4571-98c8-85f6da32c60d,64.0,31.0
1dc5f2f4-d6a6-4301-83f1-5e7ea3613bbd,31.0,17.0
f84f1cb4-6ed9-403d-bf63-04a291b4e550,24.0,14.0
9a24f2d3-1999-4aba-82b3-4c7b601c88de,52.0,9.0
4776a3fd-2668-48d4-9e57-f90da2c000d0,240.0,49.0
eb8a9b5e-0e1c-4642-bb90-80671f185371,31.0,12.0
3c328924-fa98-4cc2-a682-fce9a826138f,21.0,11.0
9579605c-4e74-420a-9d6e-b7d23dea89e5,,
8d0c3e14-78d2-4d05-a46c-fc5c3c6d2948,242.0,35.0
d78dc98f-a192-419c-b7ee-7b751976b97c,,
e3492ea0-5997-4241-a7bf-2fd7fb1bfad1,162387.0,9015.0
a37c0d59-cce3-4141-8df4-f9285a226468,14914.0,506.0
04497b09-757c-4e24-ab55-b1110a5aedb3,47761.0,682.0
d72d000b-b860-44f4-9ac1-5d82e3fff9a9,478165.0,59351.0
42a72386-77bb-4247-9bef-ddaf6e1b55ae,9090.0,737.0
fc7376fe-1a6f-4414-b4a7-83f50ed59c92,9879267.0,130818.0
63c662d7-cfa5-493b-9ad4-6f428438f2fd,92317.0,3165.0
4f892df6-35a6-4d60-b6e4-cbd33194414c,454.0,56.0
ce5fee1e-b420-4af7-a44c-ec3a5e1c404c,3762.0,673.0
cc1f4763-a306-4ae7-8ba7-331872199f9e,228133.0,37220.0
c742006e-c1f4-4d06-9a2d-511d29be21b1,889.0,166.0
4cd4509f-e146-40c7-91e8-465dd56d59f1,5859.0,1226.0
84404d41-6430-4359-8e94-5539485cf75e,214.0,34.0
8b5d238f-783b-4266-a621-5dac8a7bd301,51287.0,2434.0
5f0b2f98-6ad7-488e-bab5-b8c752cc759d,2914.0,142.0
910d6081-2661-425e-a4a1-cce324cb109d,2278.0,113.0
925ad811-574c-4267-95a5-29306093683b,199.0,50.0
1b5187bd-e1ba-4c83-a37d-b8933104d9bf,91.0,24.0
cd5f7bd9-ee6f-4a99-8dd9-dc3afd9da736,288548.0,27266.0
4accf76b-1525-4b40-b952-5641876c1c72,2399.0,603.0
a0749b8c-aaf1-4a01-b2b6-476e07d61385,418.0,73.0
38f953ac-af97-40b1-b95c-ab35cc0d7a81,2558193.0,106759.0
957f9d6d-2e8a-42f2-8b5c-3446f76e34fb,1197.0,136.0
e2377e66-d3fc-462b-b5ed-b45933296f16,921.0,188.0
3c393391-2b05-471c-b015-d6cec18d604d,343.0,26.0
42a3afe4-b6d6-4807-a298-87432090d693,6654.0,1657.0
97657a5d-537a-431d-acd6-523cba7c0c8a,8324.0,1938.0
31c5ffdc-9fc6-41e0-9774-25032f7b8a03,587.0,90.0
51ae4b16-0e46-4ee1-aac7-e4736035f550,44268.0,8479.0
422c19f3-ee78-4d9b-b07f-eeccb192907b,5145.0,604.0
9558ac09-ec08-4c29-b35a-5bf0b1a88e6a,4840.0,1106.0
3e218a87-ccd0-4d03-a5e2-b08880164f0d,5087.0,459.0
cf2d332e-b327-4bed-97ac-17a4471bc0ca,262.0,99.0
42c7542e-71d1-488a-ba2f-9a368c9147f2,239869.0,28641.0
bcec418b-a1bf-4795-af47-42f480f47df1,5070.0,910.0
d1125ef2-9126-4b3b-88ac-2c9502e4be14,3829.0,681.0
63e2a7b3-3167-460f-9f72-24af5670b7bc,150064.0,16312.0
bfcdd881-8dc8-4b24-b4fd-e101d1d4883e,219.0,32.0
83f14149-fb9e-4b4c-925a-0d0c6dcf0cb4,61.0,12.0
3b122aac-8c86-4494-9df8-ac13774da7bb,11.0,9.0
a0ca8fb6-fa68-4cba-96e0-52ed3d0e3eae,6775.0,1371.0
feb6c624-a107-476a-a2a3-0ca8592a7e86,20869.0,3648.0
72d8a570-eb99-43b9-afa8-0e79c39a6522,5983.0,1166.0
beebcf48-bb69-4e6e-9de2-a90e149ed1b1,196.0,70.0
2adb429d-e39c-467b-b175-3f40440ff630,1162513.0,49211.0
d96e03a8-cc52-4183-b8ca-d1f2ca943807,326.0,137.0
22e5bbd2-b70d-4479-a74f-e3ff5c6cdf99,557.0,159.0
add4aafb-24ff-4138-9dcc-16501bd96313,15.0,6.0
26b79b22-faf9-4a7c-8ff7-f8e823a36fa3,4273.0,309.0
3dcc7d1b-f1dd-4cdc-8b40-92844a35df0d,1119.0,334.0
ef36b1de-c1fa-4e5a-8c51-9e84d2ed1d34,4138.0,485.0
02bdc7ec-d102-4698-85e2-789a42d40b9c,210285.0,6320.0
03fde226-b4d5-460c-98c7-d8c28c0e2b3c,7159.0,420.0
27e2997f-f7a1-4353-bcc4-57b9274fa9a4,1105849.0,11927.0
2281c623-f9fe-4df4-b549-5cc8c39654fc,65561.0,2197.0
486067ad-56d6-48b5-957b-d6cfe3e1af73,4948443.0,25303.0
3ac16c89-4757-4b3d-bacc-145c702a51d9,723.0,54.0
28abfefb-cceb-4605-8330-a53b6d161403,12648.0,380.0
e3e715b3-2e88-4902-869c-131f4e9a5c01,95546.0,1418.0
a1290931-a758-4c1a-a5d3-38920aa61901,4573.0,131.0
51dca3ab-7618-4816-9353-ac417462bb51,360659.0,2529.0
ce2703e5-34f4-4389-883f-00f8ca2662c2,46583.0,1409.0
be547bca-8718-4762-bf1b-34a3bdb4938f,1780708.0,12330.0
d671b443-79d5-4995-885d-e7d7410d2d62,160832.0,4299.0
8d5da321-0bf1-4da5-91f6-2fa2612e9939,109006,2114
ed8bb1d2-3a58-446c-8faa-456cf3002243,221806,2424
4d49e67b-1746-48ac-9eac-9ebabc595486,39959,747
03215924-4c6d-4ac8-b41e-9e0866bed680,67178,975
7256b800-b76a-4eac-b0c5-662cd8d38c27,53346,1002
132dfdbb-ea37-4e3c-8cc1-607cbefc4ed3,11095,225
c3ee689e-6fa5-432b-9e82-bbc8a67d0a14,811,104
185e96ae-6b47-4e76-a9ea-ea1fd7cfb6d9,30345,901
216d2e42-ac1c-43eb-a027-d160df86508e,10517,473
bc420968-32bf-4d01-adae-9de2080729a9,6208,93
65784683-d180-44da-b385-050acf8ec4bb,31494,726
761faa68-ce9d-424f-a257-f16b8f1386df,12144,411
fc56209f-a588-49cb-bebc-09e0678e5850,2766,231
1f3c051f-d798-49ac-b84e-d9c9656b5cc4,15405,201
fadc04a8-aac8-4c6b-8ee3-ceff46f7b08b,4884,128
acc29531-732f-456d-b696-2e43c289a785,585,85
e77bb6b7-ea83-4ce9-9a6d-f3e03ad21779,3015,100
c75e731f-13e0-4d8a-ac08-d3bce60b6b03,4015,209
c1d4a924-93e5-4364-9b46-5e44b4513195,1900,105
2b875bcd-6f09-4b70-87fc-17d3f17e6097,150046,1178
42a3864a-e92f-4880-8270-1476def981b5,20058,666
c0158de0-94e7-41e7-9dd1-b8e2f5238b99,23502,790
e481084a-edde-47a5-8013-0479ba43654f,22910,508
f05e2006-8b52-4f7a-a7d4-c14060386fb1,44136,879
8a15fc00-cfa3-4810-bc9d-239d21c4f13e,11450,368
297afa27-9161-49e1-8c89-11a2f1b84157,3470,146
803824ee-a322-4c5e-bfbf-b95bcc16365a,30569,824
971280a6-c66d-40bc-9f77-c2fe726a41d7,250174,7276
e770b40e-009e-4e67-a305-475aff1efeb6,27064,305
9da56727-8a9e-4ed7-893b-6a937983c4e0,102523,1635
4d893534-40c0-4212-8735-e7ddb45c5064,10816,495
4819106d-173b-4218-8d96-99c1aef3af28,11858,367
3a055c0c-2407-4b32-929b-136fcb3a25d9,934,63
df6c619f-4334-43e2-8b6a-4a32af1e4f85,596196,8156
611700cf-27f0-4dc9-ae80-c513a767853e,9260749,172986
694f8a8b-c772-44aa-9893-2663eb5716c0,37794,1633
e134b52f-2e9e-4734-9bc3-bea9648d1fa1,555979,5861
985c709c-7771-4de3-9024-7bda29ebe3f9,16341913,231445
a3becc83-9dab-48c6-9513-e269e1e4c49a,82877,2619
114b26ff-a1fe-41f3-9df8-5c093afe9c56,125318,3856
6f0d9ace-971c-47df-9e81-cf8ef0655079,22639,979
0f718079-e5ea-4cfb-b512-b2d04da66901,1751242,14904
7d120305-ad04-41e9-b482-dc669d89cf0a,198914,7606
dfc6a151-3792-4695-8fda-f64723eaa788,456058,4536
67d2cb7a-9ddb-4a7f-82bf-5a2d1a038e98,4044244,103300
338f5d97-3133-4bf8-a58e-068ff9b5405d,115934,3952
e5e045da-59a3-4b65-8bb4-3c7f3ac9a529,169328,5409
7c39d914-43f8-4136-895a-1cc649568758,771322,7953
80d1d7e0-fdab-4009-8375-54bd63d74c0e,4601897,30936
112c9045-67fa-4a5e-a183-1af05ead65fc,132113,5392
f1d9bc16-a8a2-4733-9b9d-2e101e010ea0,12310,691
7ac1e33f-0cdf-4e81-b914-41830700d746,184978,12231
7f260b9c-bea7-469b-9ba8-0daec7d2c85c,2479643,78824
cad9e169-893d-4432-a23f-3aa16beb9f0e,84251,2640
2fc5c58a-711b-4a11-9b7a-7b5ba1f58e04,25790,807
fee8e811-a2dc-4c09-8484-3c2aca38c3f9,735708,17580
b10806de-2198-4313-af6a-13df4acb912f,4956109,112532
d138302b-4f57-4d1d-83e3-47f95cb51774,304245,10968
598aa444-bef4-4942-8731-d755451864a2,32387,1578
d5e5c482-06cd-4b5f-be7e-8b44d7add38f,9609,664
272981dd-20c8-424a-b86a-0d0ebb95f692,6083,581
6ca3b4f8-4004-41b7-956e-e31d7c8a6ff0,4207,665
24d9e513-c215-4901-87ee-b66aa769ab9d,483402,5351
051b8830-8aae-4b4e-a48c-ee8d6a2dec50,755085,9663
bc83173f-c86f-4343-b3e7-aad839a47a54,42780,2888
fc3e8983-1f51-4c80-b2b5-146bf2162dc2,191710,7615
b7f7ae7f-f8a4-4748-a5b5-43eeeb9248ac,13848,804
906c39c0-e839-43db-a644-ea1a0101e8f8,110590,2831
27f0af0e-4d1f-4808-a58b-090e400dcc43,1862494,11559
0c435405-a5d2-4d7f-b3d4-eaf9118f3baa,3376,236
d9403f69-2718-483e-a21a-210ae1714b82,449545,7835
50212d97-29c6-44e5-99f1-345001587723,5894,228
3db5dfb1-1b91-4038-8268-ae04d15b6a3e,703174,65081
2b0ec114-6774-47cf-8650-e8ba9648321e,14356,536
e015c3d2-d67e-4b48-abab-595dc3856dea,13673,766
057ca3b7-bbb1-43e2-84b4-888a03ea553b,4026,299
db2cade7-8153-4270-ab3e-c3997f540033,51413,3259
de403a89-57de-477e-b630-8bf2882d0676,96820,2398
0fe8cccd-6da9-4916-a4b1-19bb2898492f,68709,2838
1830d86d-7565-403e-8640-4e1695097664,20366,728
fbadd503-55c1-4e61-81f0-bbee769f1da0,4720,372
e4042709-8b47-40af-ba30-391d9c81008f,162706,2320
2cbd56d8-afe3-483e-bd9e-348b7880738b,17820,1109
3b3d66b1-3e1a-4d7f-a391-8d09fb5f99c3,24242,847
9d3255d5-ea08-4aad-b488-81c39ca786c0,36996,2284
fae2cd4c-f847-4cb3-b311-60c8906cdb0b,280709,20290
55ee34d0-4bbf-4d6d-ad26-457bde44adac,66957,4394
df01d1dd-85be-43f0-88fe-236d8aabe0df,9544,727
2563398a-e68a-4ddc-af02-235473c16a9b,52921,1995
6df3b2b5-e1a5-497f-833f-d653dd5da6a7,50622,1255
9c492c6c-ef67-48e7-b347-a410993b3274,512154,6547
20172e89-b8a5-4675-bd79-792d50d846a9,769330,8831
0ba820db-bb50-4650-a515-d9ba80bf6d34,82100,319
1ca30529-e9b1-4478-8455-c885974cb1d7,343778,5417
bd836da4-4c3a-4bbd-8176-18f7e019782a,7885,414
466e197e-1d82-441e-82c4-380b97fd1839,21824,805
24d1ffe8-0780-4517-9403-a62a516d9949,319,58
ffa7ebbe-cf85-4f4c-8fd3-4a15602013e1,61668,2152
a91fbcd5-a74b-436e-ae0d-d2f6bb817820,986508,21239
5f1510dc-c317-48ac-aa7c-6b06aa3a2321,4489,297
6ae56e30-d394-4d18-8118-6a0a2b77eaaf,17734,2355
05b5488d-7141-4b21-819b-d4713abf2a98,1148497,56504
47ba70a2-d040-4265-bf52-86b9ef28c2c9,111950,1562
ed8a316a-d862-4697-87c8-d1436b66daf2,8536,707
4e6ed573-dfcd-4b62-9335-5d1152acd0bf,209117,3061
4dba3527-4b8d-4767-aed0-79a8dcc3ccf0,168182,2307
0b74e86d-d328-4287-ad3c-c3772840dcf1,75763,1761
8986a775-7c7b-4b1c-b9df-316fe339e3cd,4439,359
631e095c-fee9-4a96-ade5-3b831321e4c9,46080,3382
61c836d9-5e9e-4db1-94d9-35100a0537e9,16469,1135
d74f0a95-81a9-4bad-b092-42b37a87f064,16338,856
3b34eba4-5540-4d89-bb40-8c601ec07b11,2240,137
68cdc146-c16b-4b2d-992d-4d65613ac425,10294,394
aab5d7a7-3909-4442-ae18-2f0741184429,28193,1668
db66d463-28f7-45e9-a113-4da99c397eb8,37414,1777
c5186c8d-00c1-4d8d-a87f-d78d94908175,4038,382
0f3df36a-35f3-43d6-8941-773de37013c6,1205,174
09a10614-69ed-44ad-8200-013bd3beae4f,6727,454
bfb104c6-e882-4c4a-a165-8b66c53f5a91,114404,8519
bff39a38-4a9f-44d4-92a4-813f8392492e,4590,528
18bb91f6-1728-4a32-ac8b-2842e0e63a1b,2961,282
e0842d77-0db8-47f0-8307-6e0183fc733a,17101,780
f35bfbe2-d30e-402c-9ac1-fa5f90b72ec2,130175,2379
d735e7be-49c7-407d-b95b-06e55560bfb8,1243,180
050d8767-afca-4d49-bd23-c0cbee4c1608,13451,849
8dc588b6-33aa-4fea-9b74-0005ba5b4967,12064,1822
34422a9c-93ad-47f0-843a-bac74dbec5c2,17935,883
6013b342-e935-4742-9ac5-ae3b0da2d556,143,29
244186bf-0cc8-40d9-a671-c39df90b9efd,95620,2665
2ccae6cf-cab0-4546-9fbf-75052927a7c2,103936,2049
5565ae4b-bb20-48a4-a8b0-dfdeb53b555a,558687,54811
b4ec0834-e5e4-4dab-b909-10cb21ebf3b2,33142,1314
c8524763-e7d7-4225-8a9a-e7b64db5a1e2,397911,9631
6ea62ebc-6372-4850-bb37-e21f0e7e7f14,95442,3122
1de28854-cd30-4118-838b-f1fd624bea7b,39357,1602
45c16c09-a476-484d-bd91-05dcf2e301b9,1599,157
7a305f29-539a-456e-93b7-61b0e2ba3ef2,270219,27817
003db9dd-163b-45e4-b880-6aa759340bd8,84614,5430
18ad2004-8425-4411-a894-c14fb3feb82c,7970,471
abadbb34-2ceb-42b7-a803-2cb13f09f2aa,457,133
88d30842-0021-4691-b7ae-a3e8f19ff5fd,6177,349
888994e5-6f53-4f53-bced-b20482aea42a,3384076,20035
6348af47-dbd0-4935-b1ae-9fe23c88daef,535196,6175
3f65ee76-2c7d-4726-8a8c-71c68aca40d8,1513,105
081d201a-1240-4364-b7d1-21e0e45b81c2,99820,2461
3a0373c0-f9c1-4eb3-9c10-53cc18193b07,96993,5898
efa722ee-096d-4206-9eee-bd4693217ec2,7034,473
0bdaf0a6-3f65-4ea0-ab0d-86c08ff35b94,33832,4038
ef85439b-b983-4a4a-b0df-0933893c5309,7681,645
eec37ec3-79f5-4158-bed8-370ccb4aa295,535341,40142
ff81994b-bc0b-4952-b0ac-8fd9ad03e899,5626,680
0182474b-8a1d-46d0-9d0f-e6df353335ea,697280,73653
092c62fe-6850-4c53-bf7c-9a48f150f3cf,13778,1080
8b55db74-4717-44e1-b799-35f6e1b8fa10,595196,6567
2c65d65e-24ee-4e73-9a90-b8a04e0d823a,1008,98
e32a844e-590a-4328-8277-4fdfca8a9123,1352,127
8d17b65b-8ccf-495c-8b79-1f53d6226448,65957,1954
d978adb0-7e66-489f-a1b8-60d53fd4654e,20478,984
d7da9970-ac90-4d99-8328-b299a63fd24c,9608,665
daeea3e4-d2de-4ef4-a5c0-a90bf227c705,399465,30914
c45f4716-448b-42ef-8e56-1d711672077b,1007408,13046
b6c31e9e-e87f-4ee6-a7ca-17c9c483c161,9099,836
fa01f9ab-6cf8-4168-bb21-1c98c5c75912,146,34
f984ebbf-8534-4163-9cb8-295c91535446,351276,7339
f5a1d283-376e-4e41-b194-cf8f7076d0c0,7310,270
ca264abf-3eb6-4d53-827b-6ab16988a4a3,940671,15749
957fb741-42e5-4055-852e-3d58383ec098,124229,7172
da2956b4-748e-4329-abb6-8d1687059fdd,80464,2026
c7c9fa4d-262b-45c1-9477-237849654948,107011,7825
5ac5a455-ea7c-4afc-bc04-b6533a72559a,128708,20482
6cf06dba-4026-457c-9918-e91fcbb5f411,176967,4444
354e2d0f-15f7-4bbe-85db-15b3be73395e,674663,11781
02b99ce4-adae-474b-bd30-37a00e0af272,66867,1945
21d177ba-3d51-461e-9b3f-ad9a80b419dc,2191167,68295
560c4706-0868-4c89-be8b-b26fb7754aba,965731,34534
810a4617-6e30-4c65-94c3-a4e8f0b852a9,2632,354
6b67a6ba-ca9a-41bc-ae3e-af08cc717cbc,4313,363
04ea0489-0643-4b49-a7c7-aec63680646d,83700,3295
e20747e7-55a4-452e-8766-7b985585082d,9893554,115499
a38222d9-cc8e-4c93-8832-908290666215,19905,1176
3f6c0aa1-a7a9-4ff2-9c50-e84d4b0de178,136976,4195
6fa6cab0-1197-4d00-b451-275fc6b4caf5,28048,1819
706f551c-b7c1-4132-92ca-74ba60eab74c,65920,2029
6b563fa6-d22e-4204-8182-22ccd7761168,19851,738
856fd456-a940-4e12-970a-66bffaf0ffbd,58427,2470
3a4e14c0-148c-458a-bbfd-4b77e2029eb1,12192,422
d8f99482-1a3b-45aa-b920-1c7317138f1b,28740,920
8fc03fdd-6b12-4c52-b4af-2b8a6a49051e,69352,1930
76693ade-bd4a-4338-b2b7-3a494b1fb5fe,56320,3266
b70da36e-9d45-41b6-829d-16077decdc9b,60731,1410
9351da6d-1c17-452c-99f2-c4d7edf9c433,8655,812
43f2bf30-437b-437b-9df4-126fadf06ba1,28799,933
1f223eed-aa38-49da-9e76-62ab3adc2e04,991750,81409
9a156579-3b0c-4cc6-82b5-b199d43410fc,20428,898
9ccddbcc-b6e5-4dc9-951e-9ef69fef5741,18736,1521
9f009159-6608-4fab-84e5-bb59e540f044,9734,718
9ff976e3-5ba3-45e9-b55b-9006b09ab084,3131,271
5cf454bc-3be0-47ba-9d0b-1e53da631a4e,6974,565
b7bfe4ef-139a-4259-b90c-3aefdb6ea546,5646,405
f1d7836f-6adc-4b34-8ba2-6669be032aaa,5755,577
5f581290-e1d0-4440-9e52-a4217e25e100,8824,768
e000f4d8-b722-4120-9b5d-0a13d6f39be3,282758,5442
6353f0a3-0a1a-48fa-907f-5a4a893efbda,41389,974
b38225b8-8e5f-42aa-bcdc-7bae5b5bdab3,7211951,97523
08251929-f605-4a1e-bb51-aa2c10052398,53131,1841
a2030c8d-cad0-4327-9534-47761f8ef0f0,38731,2570
76c63dd7-96d1-42d9-a596-4d576a464008,5740,587
0f774f0e-052e-48ae-8237-79359b9fd259,11271,709
fda2967c-cfbe-43f9-8e16-0a78ad5cea83,225611,3820
457fd02b-b9cc-401f-92b4-2e6ff3bc5d14,94,13
003c6719-4f2e-4b89-8427-3068460e8367,190714,3827
7de98c94-059b-477f-ab5c-1fd91e55a7a5,45113,1834
0c97b403-1aae-4315-93ab-af54fe2169d6,54685,2760
b58ac34f-e412-4316-8ad3-a721ce598ac3,453727,5868
b9b1c334-4ed1-46e3-ab19-fa9f224edc95,628,112
39c2021c-2df3-49e6-811a-58064ae043fe,503675,11227
2367827d-3590-4d64-9cad-3470172b254a,478832,7985
44632683-c340-44de-a65d-328212559f91,581024,37200
b0021c1e-e539-4687-95ef-5252d056bda8,12586,841
07e748f1-075e-428d-85dc-ce3be434e906,10414084,142375
39766095-d642-40e5-805e-57495f551e58,136624,2443
01b003c2-8b18-409a-b831-870498699e23,3174,588
dad73929-34e8-4419-a612-8b0b8f36f1cc,984,93
3a389027-814a-4f99-8f12-44e5276595cf,135215,8830
c97441d5-46e4-4c7a-8609-97e2dcb7233e,12745,505
01b405ae-8ca2-4dbe-8a30-0587b597f598,147459,13953
a7a03f48-1448-4cc1-8f76-b9345ff2742a,2126,667
4375b404-2259-4bee-9c54-022f0e2da6c4,5149,392
94b7a39b-f3cc-4796-90dd-b1786a62877e,3447595,45681
5561990a-0601-4a71-b766-3268ea687ab3,16713,993
cff59016-bf4e-48b1-9201-903f60bb83ee,11626,471
18a15d8d-b7bf-4921-9976-aa6388b99a9a,97523,1412
d190febf-62c2-49aa-8543-e145409ba8fe,124,16
e9c70585-52cb-4ebb-8984-493f3df83e80,802,96
9745b7b3-40be-4510-8841-0e63635c4ad2,5935,357
24b34636-8444-4ccc-bd0b-f817bb04ce4c,134265,2977
74df478a-1ad0-49d3-9d39-fbe3cfb0c9de,71008,1775
5a2e9cd3-010a-4aae-9f83-629253284202,1857300,66622
57fb3a95-f283-4b6c-b1ca-7d4db54eb210,196749,3767
d18816e6-da3f-4089-bbfc-62670f2bbcbd,7885,563
b3b24a1d-78b4-40c9-98ef-19fb812b067a,813335,9354
50544382-6078-446c-bf67-b5151f554cb8,96750,2573
f7abb874-76eb-4551-a3e7-a5bb636db304,19048,1405
f795c501-1c41-4be2-bc2a-875eba75aa31,1454561,36182
56a90980-3941-4651-964f-ea6695d80abc,2468,354
eea8a864-fcda-4602-9569-38ab446decd6,6410974,221493
fbe054ec-a143-4101-9e9e-64abc5ff5ac9,3289207,156056
5e6c760b-42e0-4df4-a221-0269355da00a,2835827,138376
c60e178f-36f1-4169-9c03-84addbdbf104,345315,39625
1ba1d493-7114-45e2-b163-a36d49a0c065,3599812,98470
eb45032c-80da-469c-be20-1d09f08ef37f,597470,53681
c47267ed-7482-40bb-a4ea-e1399cc8ce04,2170118,66615
8be0594f-8c13-46bb-ab06-f93ffba5c776,1313797,96483
8247a3f2-3a8e-4256-b322-6c57b03a4e36,2157480,60583
00569ebc-ee86-4bca-915f-79f75f8ff8d4,57549,5920
834adf83-b041-45ec-bcae-14a0d2524a94,73133,5013
8f2422ab-0ec6-4c92-80c4-afe9622fab32,2302004,96364
5a2463af-eef0-4a22-bc8f-5865fbe9c78e,1275816,100029
e9150dfc-8a4c-4f55-9b77-1fd66aae9fcc,56791,9383
13dca95a-e692-4112-b8cc-56bb2e8236c1,73647,9155
8586b4ce-49e8-42a5-80b6-0d4429f99850,23913,2838
e7ee5f13-baf5-4a87-b58b-f871c137d4f5,1315210,76509
e808e596-9d38-4fc7-9b52-678a0ad2d0a2,45772,8623
b9b2e2a7-cbcf-4bbc-8ef2-e3e531e358c3,59094,11236
744b52c8-509b-4451-abfd-a17d18d4bd1d,562186,45426
351d8bdf-33a1-45e2-8c04-c85fad20da55,1459584,85571
ed801bdd-f057-41c0-94fb-76cb5676cd59,1047695,49827
e6b3fe16-d0c5-4825-b33e-a83d8fb5de94,108724,15319
3e39f8e6-cf92-4e8f-a4ad-f13ef164a536,19491,1485
ee40fc76-9cbf-4862-bd00-e5f45e8d25d7,113986,14838
72eabb1a-4d2c-4de6-90f2-671b2cada42b,2134586,51283
4cd556a5-db82-43f6-8d55-99598b42da8f,996043,45286
7bf711e9-4e69-4e08-b6e8-c0cb5805f1e7,1514273,76078
ef05197e-aacb-4dbf-9cc4-2a9abee82f03,50311,5404
c39a1eeb-e646-43e9-b984-4ffdc92b0241,72834,9359
7dfd4a6f-5a28-4926-a8e3-4f532f813a7b,88901,12114
5afdac6b-8683-4c61-955f-731283987fea,1503,133
6d3e8d4d-c0c9-4208-87d8-900ab1134b1b,604571,34850
de0222a6-e1c4-403d-8b01-3f66d505061b,1377737,73589
f597eafc-4dc5-4bc4-a019-a5035a3c8502,336121,39371
cd4043bf-e1d6-4003-8ad8-d586ed50ab95,3867,966
f0cb69b8-07ee-469a-9db8-0a4ab1b3a922,5108,1028
b625448e-bf4a-41c3-a421-72ad46cdb831,5664681,148432
02349767-d5ac-4528-892d-17b6d40107a1,498479,27251
1ada14a7-866a-4df4-be94-a7782e92cade,15359,3194
7739b88f-8d40-4af5-b4d4-5e5e53755fd5,253119,32454
c6499812-6829-450a-888c-acbe6f6f3ba2,55023,8774
21e8f8ef-00d2-4748-be00-451f1f5dfcaa,32019,3147
51396f4c-a959-43a0-b6af-5b29664795c3,2677,70
53c46b67-18a9-4708-b868-6e874010aa99,12946,3256
1bb2fd3c-3ed3-49d2-afb5-5266dcdbafa8,82124,10641
b09ae88f-4156-4caa-b129-1cacb5e1632e,1017986,60698
7a95a553-ba0d-4da4-a034-0c23eac9cf8f,49543,3866
faa8f041-1449-4244-83f2-caad87386221,7704,441
4439c2fd-a754-4f6a-b3a6-791b47726156,489773,56316
4bb39356-0c2d-4318-a20b-12323f05eeaa,233994,10604
fde9e730-f73c-45da-89be-feaf475c13a6,4719,831
704371d3-c46f-484c-bbcc-5bc9ddd22c8d,100443,1447
b22b957a-47a9-4c09-86f5-e3c63afcd786,585801,30770
77239c02-a111-4a83-b50f-848429f0c019,1809,431
d0630a08-3b40-4cb4-9f48-7d525262c1f6,962305.0,37108.0
32cfe56b-64e9-4af3-93ea-a44208bf41c4,15824.0,2408.0
75d98827-d476-4112-84b4-44b5495581c6,446641.0,22330.0
e95f2827-c48c-4b73-bf17-ac5eaf66f8bf,44178.0,7232.0
e670db87-f910-4286-bfc6-d7ddd0b0bfbd,296724.0,20002.0
02b4a39e-04c0-4eb7-a0eb-c919f3d14154,425942.0,56753.0
b9348d59-b91b-423f-847b-8db155a0653b,514371.0,51395.0
8554cf23-a0d1-4458-9c72-be2417d44b94,65554.0,7286.0
30aeb57f-bb16-47fa-86ca-79fc57b4d12c,159688.0,5602.0
779351de-0da5-4943-928b-495a3c40e8c0,828361.0,8729.0
b9603612-5ddf-44d7-a0ab-84bf484fd6a0,16861.0,1004.0
0d79fe8e-ba27-4859-bb8c-2f255f346853,71857750.0,14973.0
48646387-1664-4c9a-9139-9bfd091b823c,945717.0,11023.0
94439fdd-273b-4255-9608-04cb1969fcfa,17501.0,584.0
b2f2216a-d7a9-4ce0-8b8f-f494d9a8c196,456236.0,4025.0
8da127cc-c432-418f-b356-ef36210d82ac,1768557.0,8821.0
b3785a55-2cf6-497d-b8e3-cfa21a36f997,504432.0,4768.0
1ee37742-1e3d-4e61-84d2-bc85f4c1459a,1900322.0,6953.0
ff7d390f-03be-40e4-9210-3e0f660966df,40605.0,1968.0
e04d239e-9fa8-49b3-b9b7-9e439c3cb1d1,268814.0,3020.0
7f233cda-eacb-4235-b681-5f7be343a1a2,233766.0,8617.0
04b67fdc-8fdb-47e0-8307-d260abbc93f8,37095.0,1845.0
09720eec-3871-49d5-932d-eb7542768cd3,17135689.0,3413.0
5b3f4bc6-eec4-40b2-bcac-98efbfb38089,5594.0,437.0
142b343d-bf5a-428c-a64f-6d1a7566bbe9,629492.0,5786.0
b3977da4-f899-4328-921b-ecc599a5618a,17717933.0,5249.0
bce172fc-51bb-43f7-9a25-b406a0a581d5,616283.0,3849.0
9d027d72-790e-40ec-bbb7-61aa613457de,776321.0,3894.0
cb1a49d5-7879-4ea3-aabc-98be1f173120,2188.0,153.0
f99b7d67-4e63-4678-aa66-4c6ac0f7d24a,286726.0,26067.0
4f0cb3b7-6c06-4317-ae35-ddf3106a17ee,1109626.0,5468.0
33b7e6a0-cc91-44fd-9b81-a092070690b5,18268.0,1703.0
0068ae6c-7156-40f9-a81f-39294af6a549,454203.0,6330.0
b59ebbbe-8e97-4681-b055-1923a83cc619,7863.0,753.0
073ad467-4891-40a0-bf61-d55c41a38aec,58005.0,1973.0
52cf0679-e1cf-42ca-b9b5-86e018b36d91,71160.0,6480.0
2b786fb3-a116-4163-9b65-cf56f03c8a7f,328961.0,3337.0
2d623e82-73e2-4179-9c44-e963980f2d58,451562.0,2948.0
30f9b3e7-690b-4199-8441-916c37176532,61775.0,1304.0
1594a7c1-710a-4621-9b0a-69a797404f85,1629.0,66.0
a80c7cc2-1697-4c71-8a40-38f160acb5df,18693.0,1299.0
b6b21b0c-a706-4b46-a929-bd4d21b06cad,229407.0,2623.0
ff415d62-f29d-4949-8b36-1dfde54e3737,72395.0,1583.0
9d4916df-1f64-4469-824c-926817c32bc2,13263.0,1032.0
8d4e6a86-fa1c-4a1b-b8c4-3b58a46dde9f,68499.0,1928.0
187da628-d21a-4e0f-a93c-456c97a2c032,117227.0,1537.0
b51c672b-85e0-48fe-8648-470a2422229f,922130.0,5804.0
acb2191f-0f55-4ec6-b7ff-ce73dea50f3e,49525.0,1212.0
34394522-a0f0-4675-aad2-30ac3cb3d7d3,8648.0,659.0
72e54f6a-baab-46e4-9b74-8b481724ac99,363039.0,9891.0
b7442f18-d9be-4185-8b51-482510046156,4109926.0,26970.0
60c05c03-e33e-44a7-bef8-6fb245aaea51,130641.0,3618.0
35f3e736-e27b-4a26-892c-c00179d163d5,186940.0,5006.0
ec2bcb77-b9a1-49e2-bfe7-419586bbef48,817105.0,13885.0
fb588f59-af1a-493a-9508-ed487caa2a11,227069.0,2968.0
cf0dbc16-4e24-4957-b5b4-955c8978f690,309546.0,2945.0
b9545342-1e6d-4dae-84ac-013374ad8d7c,1033148.0,9390.0
c38b8886-4ba3-4ede-8519-ec50dc2200ac,1298.0,126.0
bd04c7b4-530c-4802-ae16-962d004a5093,176697.0,2694.0
a97f393a-13a7-4645-8bba-f10bd22d7228,431616.0,2589.0
de4feabc-cd21-4568-a09c-2086bfebe2f4,154632.0,2093.0
cecc42fb-9657-4b54-ad2f-7b73eefaef12,188248.0,4453.0
3dda8202-ce15-4031-862a-77bc6759d15e,219663.0,6655.0
e75c476c-d03b-4b3b-82cb-ac09b8bfa5fa,77340.0,1523.0
2650741e-908c-4cae-ba98-0717da3c3ce0,30356.0,1100.0
dfa98803-0f8e-4aac-a3d2-a2614db30074,102938.0,1761.0
549c659d-bd39-4acd-b664-d0691036e71a,210532.0,10446.0
c010eb84-2de1-40b2-b267-40de6002daab,52405.0,980.0
dc7c8277-d4b6-4bca-bdfe-50eee42536ac,179518.0,2119.0
38684a66-f624-4d33-9a05-3e6a8af1ea9f,3245.0,371.0
0120a497-1779-4a8b-9a05-f08f88ecf3a7,9525.0,721.0
06bb5fcc-f2b3-428d-b8e7-079060311b6d,250880.0,2339.0
ece1a668-010c-4d2e-ad35-9985c950c320,14941.0,1038.0
eee862ac-0d4d-441c-94fe-9e2c681d7a48,163301.0,1882.0
62cc95e0-86de-46e0-925a-353e330cf4e4,146463.0,2700.0
58dccd50-1dcf-4674-8ba6-31058695d24d,115407.0,1698.0
f2404114-b76d-4f2b-8a3d-83c007248701,3423.0,392.0
7676fa5c-ee90-429e-b5d3-c7882fa8de59,11662.0,676.0
bdf3cec0-a9ae-4610-90cb-4ee2bc0234bc,26995.0,1273.0
ea72f4e5-270f-4f55-bfd2-4cf24b46fe64,20989.0,1330.0
6afff86d-fc4a-4446-a41e-f88e1322a5be,72721.0,1687.0
21c93d2d-dc10-4f8f-ae91-7285eff37c2f,142285.0,3250.0
8ad07a28-442d-4f2b-a353-f0928ce17a81,259358.0,2261.0
088e85ba-619f-4763-ad5f-246ab0614fe6,47564.0,1545.0
f2215143-d7db-4cf0-9cd4-b0040eb63cbd,91062.0,2789.0
79cb67d4-1953-4f03-a85f-15fc58c89310,1969.0,666.0
56e347d3-0306-4a32-a015-f9d19ebf56fb,42042.0,7230.0
f8e44954-e317-400e-8be8-673cac115654,2402.0,426.0
b9f0a52f-7e90-442b-844e-6d8d8ad0a882,1789.0,206.0
2d367bdf-e9ed-477c-be1a-b054acd7f9c9,229.0,90.0
3143da2b-6361-4a38-9ff8-9d77233d0f69,420.0,106.0
2691623b-31fe-42fb-8a49-7fd106a3ddd4,,
92502c34-8427-45b2-9efd-11df48499084,843.0,174.0
de220add-0418-4d1c-a8e7-9b3a3f89ef94,1.0,1.0
54fcc9b1-df8e-4c6a-9387-364fc4daa584,409.0,117.0
73ce4424-b46f-42d1-b51d-8c22f2915b5f,119.0,5.0
277f01e0-c499-41ff-bd95-e7a47302d75c,37.0,18.0
c26b28ff-aa00-4328-92ee-bbbc944088ae,48.0,24.0
65dd6443-d880-45d2-97c9-c93e9de79401,2.0,2.0
04ace22a-93ee-4d88-a338-6a3d30829513,564.0,34.0
1ba904d6-de7b-400d-bac1-e73762f46849,1,1
79782d76-5b65-472c-b959-eb29429b2a97,477,134
4cd036a2-9682-437f-a456-a2ba48b36468,116,46
89aa5ecb-59ad-46f5-b3eb-2d424e941f19,1063758,15885
d68fda90-ab8d-4799-be56-317ba4ae700f,371081,18898
eaee97f6-f2e4-414a-966c-f31a1fb4696a,137378,3983
5bdeb32d-56a5-4b6d-a768-264101fa0a0a,407137,13551
664f5669-a550-49fc-a38c-951594ddc9a4,53005,1510
2b67658e-429f-425a-adf5-345b13112fc1,108610,4532
d2b3524f-67e8-45ef-bfc1-693cac525135,145452,8251
30a57b7b-47c9-4234-86fd-9b8ff660e7cb,59066,3497
95bad1d4-ba1f-4060-940b-d415d66e934e,55287,3516
ddb0b09f-284f-45dd-b394-05f58b0eeb76,33403,2550
a24f2bd3-0d1b-4c03-8d91-6297ab5a2811,57163,1820
772a8360-e81e-4647-92e2-195c19efddad,377176,11604
c458e9dc-e0d5-45ea-9e83-f9d0395f030d,97461,7177
3ad91c4e-ef5a-4d7c-99e7-21a8b0c9379d,35612,2152
7cc8802d-0c05-4f78-ad35-421fea79dd0c,17390,1366
64b85e52-08db-4995-a6e3-d2a6acc5a058,345901,8914
25607613-aceb-445a-8519-83a2ee0f8402,854256,61557
9bacf78f-9132-43da-8873-8a9eb49da0e9,919552,29690
13655113-cd16-4b43-9dca-cadbbf26ee05,10228730,233429
8b0f05ce-354e-4121-9e0b-8b4732ea844f,1669866,78583
1659a41f-27d3-4823-8a15-bf7cd295cf59,453334,16354
006631f4-5214-49ff-a386-a064853d1a1e,112735,5885
feb0a14b-63c9-43f9-958b-148488c79f23,10049,542
e8979f75-9110-4df8-ac70-898898d080d1,230465,7176
35f866dc-c061-48ba-8157-cf2e0eac4857,4238905,126700
f0ddc47e-aa96-4af9-ad46-6031a45f77bc,15914,725
95c8b6b7-1e24-4987-804c-024f6b05cd91,244941,11322
0653c86d-903d-4fad-bc3c-a9db1f945809,40412,3756
a7c38944-b3fa-4a3d-a4bd-d3b3b06f0cbf,1772325,22587
f5b33d1b-e8bc-444e-bc5c-490473aa0f50,201031,6847
bf24ca37-25f4-4e34-9aec-460b94364cfc,12295203,201621
472b9953-1f10-4aed-b1ec-d0c23ffb2cf1,3579871,30341
03746227-c9f9-4b3b-b2c6-9b31f79564f7,447910,17478
ebe02d36-410d-4a85-a67e-36e2462e3e44,13959,1547
8cc00e45-94c9-40e0-882b-0e76dd5b472b,122870,6491
9aab3aaf-d99c-4a4c-8dca-e4bf2e8c0404,12664,1206
63a94fb2-e193-40a9-b738-1a6b0dfe851a,5663,547
4863c533-61cd-4287-93a1-3157732ecfd5,56753,3391
75965083-1fce-4e76-b6c0-ed13322d6a04,71832,1201
5bae9c05-fabd-420f-b806-c5b8ba88bd7e,1680632,15437
ae33ce8d-f41a-4f6b-b9c6-7859acbd04ef,829527,18375
f07d2a0a-955f-4adc-b70a-7aba348f343d,582676,4286
4ff4c1ff-aba7-4105-b7ab-34d989916f2d,4829,311
b2aa6322-3617-4a0f-a2f0-778be6f78e95,8414,947
c56f7a49-0e17-4fd8-a830-d334fe773434,23215,1064
5938c629-1d06-480b-9780-859b153af11e,646319,20933
cf34ed84-a52f-46a1-b45a-096b1ba5e3a2,13507,1561
f2651b63-a44d-4d1d-ba64-d981d971ecd1,183823,7551
b90c0404-7eea-48a8-b926-078d10e7cc17,8385,1112
826191e2-3740-4890-9a5a-c199f0cb26a2,117,37
9cb2e99f-d0ba-4aa5-a371-0006b0d34090,68965,2008
bc9b7500-0afc-41ba-a056-b0bc81669702,168632,7190
3447a35e-c56f-47ba-8537-219b29246c07,10502,1057
bd3c37bf-1c9f-4d68-b429-cd15d02063a0,97440,5087
f69d655c-ffd6-4bee-8c2a-3086b2be2fc6,182282,9871
faaf1297-2dd0-447d-b562-006876a5f803,7205,852
40b032dc-8035-4f2a-b478-eb15ddcf6674,136613,4001
25be91ac-7d7c-441f-a7d2-98e35d642e4c,51527,4203
218dae96-90ed-41cc-abbd-0a86aae3f3c0,7005,685
262d255a-6374-41c5-9ce8-2a4586dd3051,12782,1121
fef1c408-438f-460d-bd20-97ee40006faf,8527,1185
39153756-5ffa-42a1-9b97-0468839021c3,825099,18200
e194045c-6fa4-4508-b9a9-dc928665308f,50039,2431
20dac54f-07a0-4418-b545-49d09813951c,133875,3292
40bad6e2-77f9-47b7-b0da-ffe035a10f67,62807,3588
09c85751-d9fa-4dc3-bc7d-6ab15ac809de,314005,9308
86845ceb-170e-4bc2-9006-cb360867d04b,85704,4519
70ea63ea-70dc-4b63-951a-2c249d2b3b0a,1055705,66873
64f9c914-74a0-4f6b-8589-6261851b0ab9,353060,46617
64111af8-d6bc-4746-a228-be89e97e4ad4,5715,379
f9b24c46-e8e7-416d-b7d1-f6ff2b056522,1491,146
ee74192c-d21f-4de7-83e5-eed93e07ac07,696930,14302
96938fe0-ae23-4a71-b3dd-fb54b1971eee,163862,9039
f043a667-d0cc-41ec-b242-22068c5cd736,7517,943
6fe116e4-1fa1-4bd5-b175-c405598a1bae,80733,3391
197b70c7-8910-4030-ad03-632d82aa40e3,203949,6549
e9adfa88-6767-4cb6-b07f-d4df5452d3b7,5973,542
c1a3132a-c23e-4283-8f9a-4080dc52a177,83406,1535
12233494-e5d7-427f-8cea-0fc6893fc1d1,2701,451
d2945137-b01d-4195-9f82-64d20f8ba657,108433,4339
ab1d4693-41dd-44ed-9e9c-da2ff76f1a3a,3081,330
f49933c8-da21-4c1e-af19-61b782ec50d5,3899,595
8c139256-e60d-4142-9a8b-90916c6428c2,3520,601
dc3b6f94-9321-46cf-ad32-03b980818be3,85549,2516
709f5e96-51cd-49b4-a8e4-0ca0bf808de3,48357,2687
c4f04d8d-35a6-40bb-8299-fa1e7a4cc44f,45,13
8248c905-689d-4e36-9def-7c515c5ef5eb,7975,908
b67c151f-a490-42d4-8a9e-dbba0b285247,2276,86
df47f2b3-da26-4f96-a902-f3f60fa52df2,74,27
42f29fb0-80d6-45f8-9f70-f86b4e0faea0,14131,736
8cd3f716-7103-40ca-9131-f64f43e8b3db,928,92
7e92584c-ca97-48bf-8a12-0327db0f6ac8,135888,5840
21042d7e-4622-45f0-b1a0-a6dfa458a2e3,627668,26685
87a75fc3-59e7-4598-925c-8e230bce5db9,120188,5388
38dd0b3a-f445-47d7-b702-2be07785aa17,8455,727
b1628976-240c-4a28-8663-d258dfd03ed2,168,8
6cab2891-be30-4957-a0b3-243e2fca27c4,8353,306
15852e22-69f2-42fc-8886-4ffabcf86271,10475,1316
2deb0058-8571-4f57-8470-1e63cdc9ef98,32804,2752
46aaed31-3d1b-44c2-a6d7-22949e6c2e4e,5525,735
bbf0ea5d-b229-4882-9b3d-c0da0af116d6,5910,350
4e57ce22-bfe9-4653-b781-2fb8c261fac2,6174,1003
7238dfb1-d3ff-4753-bc62-bf42dfbb7178,16818,1964
60a7cabd-764f-4185-9b28-d095f116a81f,156162,6558
289b0796-7b37-438e-bec8-c0590961c4cc,7005,859
8dbe6c52-3877-4648-8e5a-a485b7ecae3d,737,38
82be29c4-5d62-4d22-b348-b4dd33ad6959,2972,201
673efe4a-cfda-4014-9b8c-a3fafff7ff21,2281,520
a737c713-19f7-41fd-8eb3-9f46ebed73b7,7294,198
4572b9b3-3657-489d-851a-902a99495c64,1429,137
dc5cce40-2e1f-4941-b7be-14ab7ca6512f,880,72
21a03279-c54b-4b02-a209-6af643c5595c,260,35
d8e3d141-ef10-40cf-b606-116c2ff4ce09,1278,123
8653044e-f5e2-4639-91dc-e9880abc1284,956,41
46cceade-fec1-4a76-af09-29f9d7b6940a,344,45
87890329-e533-4bb3-8386-2cda37cd5278,178,36
b9ecd82a-3c15-4cb8-9287-1e4c2af7763f,165,43
62ce32cc-daa4-4a0a-b1d5-7e014fdf3ed6,6900,543
4de74b17-0780-49c3-ae51-59511230150a,264,41
4d73c089-da06-4d58-849b-1589019994d5,140,18
f9dd8c31-f3f7-4379-9a28-7fca32111946,383,39
974d6ab7-2706-4539-ab97-9b7d8b910d56,663,128
4f5c25c1-dc2f-414c-910a-3155f8cf3a65,34202,3675
5c74496e-2c6c-452f-9585-444e82273111,209,37
2050fdde-6d03-4309-852e-796220315192,304,40
c58c7817-420d-4268-bccf-f3d90565e2e6,338968,24196
524e4639-988c-45e1-8562-8ae380bb2216,221,40
a9c9f7ff-17c7-4057-899c-ab5f1e521aa3,322,60
b48307e8-1097-43fa-b57b-fdd7e06da76b,6549,311
11ea6f41-29ed-4eb1-921e-611cbd7358b2,13,5
16014271-2fed-44b6-8a76-d4802bb8c9b7,2472,131
85559f3b-b13d-4cf5-9383-94fa64953204,24,7
d9e0aa41-9671-4149-8e2d-707db74593f0,13,2
95cd2c23-f306-40d2-8d2b-e9775cf2175a,137,25
455bf326-6037-4abd-bcb0-00b2f95eb27f,18037,438
d198ef39-f958-4703-a36c-350ddc03f3d4,21810,1249
6bdcf1b5-04f8-46b7-8d69-9df8137ec504,29,20
31faa790-cbbd-457e-9b50-f9aad9a056b2,9449,262
e5d8c705-8ea4-4820-b11d-fbf580d85ce4,402434,5039
9607d222-f506-4106-8131-87a344d732ca,15195,740
53be8ba6-8be8-4e3b-8b20-f83c08ecf124,3642,343
143472cb-de19-4da3-b8ac-8a7d01b6638d,3199,212
7c5e567c-0f96-4623-a981-fbe67aeaa0c9,138098,2797
657df195-94c6-4921-9877-66a1fc3b2f3d,1930,255
6985a488-8a39-44ab-93f1-1525c7490831,198258,1930
6aa74244-000b-4932-b003-b0636281931e,19540,1088
a8251b7f-2ea9-4661-89c1-0950b5867034,252205,3951
e73ed332-bbde-4d69-87a9-250627ae0e29,357683,2894
ba6b5808-3be3-42af-8296-8f4e826b2b64,17750,585
21686a1f-65ff-45b9-b5e2-9bc891791b33,10684,1006
7b3059d0-d19b-41be-83a6-87ed5539c3e7,13188,678
1059208e-b08d-40b9-943a-353f94f532d4,47382,1241
d2480604-9a9f-4fb0-825c-0e7709bbf7c7,1985,193
bbf19cef-0352-48a1-b37c-8627a5a4bd44,426426,4904
c11949cd-9ddb-4565-942e-4012681be07e,1259,147
dadb8aab-8560-40b9-b777-ca1bdc02c76d,511,94
53cf5fb3-f9e1-4fc0-aaff-cfd0bc2b1146,3997,308
1f0af537-27b0-4c21-9d5a-8cfa60a0742b,7820,291
4b7fed70-fad2-474d-a900-05f12297aa26,1118,114
8dc8f954-e614-4843-98e6-5b8fa2ee3581,21756,772
61e73f69-9f3d-4caf-a07e-aa5081f4ce4a,4580,317
a223958d-5c56-4b2c-a30a-87e357bc121b,1146740,7255
b31c0017-caf1-49c1-8f8c-b888519612b2,702,84
2ff46531-bd22-45b2-8edb-c6d37f6df888,766,167
0efd51ac-9864-4f4c-bcd7-4c80e20edf5e,5337,305
2896f37d-3f21-41d8-926e-e8c605e6b13c,17658,841
5fc6e00e-9ca4-4bb8-aeb9-2d620e0585f0,116,36
398270df-4baf-46a0-8102-44c00b809171,8233,557
0f068014-b183-47bf-8955-4fd7f07dba9f,1289,95
e3001e9f-8bc0-4f7f-b395-422a961090be,3340,273
d2dc3378-ae2c-4be0-99a1-7ed16425bcea,2272,271
1bbce3ee-6a17-454f-831a-2eb746329953,2070,199
dcee612e-0808-44ca-ba32-5694e91f6494,747,65
236cd27d-b703-4c53-8628-8928362afdc6,725,116
28749a4a-c43b-4f8f-b774-2109e350cf64,499,111
eef05392-e374-4bf7-aa8a-76111a6bd53a,409,51
5052d097-3f3c-483b-9299-e7e2e6004c4a,16882,1262
f3fd7e43-aca4-4e25-9f2d-a5c992a575fc,76357,3619
f36977c6-1c24-4e67-abba-3aff9f62bc80,23752,825
66f60eeb-5ba0-4924-9a4f-423a27b27e89,730,168
5fd9a888-0de3-4da3-889f-40a0d5378699,32007,732
6109bc84-838a-462f-8dd6-0aa42914501b,5048,507
44196fa0-6cad-41ed-9cfd-f05056b0019f,320,32
28d9be57-8201-426b-9f70-31d477baeb87,653,101
a7779ea3-b8f6-4e58-9c33-45cb839bc7ee,3761,271
31c3fc33-703d-4f7a-98b6-666e709f2d97,2543,232
deb7efaa-fe38-4ac5-be32-46c7341f340d,16196,617
819a2ee4-b659-4c2f-b88f-1a381ba3e3c3,7888,1164
e6b4faa3-2a04-4441-984a-40fd2444269d,513,50
cd9a4ede-ff79-4a16-bead-f5b772913e64,181197,3494
318a260c-f11c-435e-97b7-7eb05032e903,818,106
54a44e6e-bb55-485f-b964-df24bc52e343,15,11
52d7718d-fb8e-4bb9-adce-41e7151f847e,3084,197
da19c647-b113-4179-8803-3d2f1398c927,179,45
3e600db0-d5d0-4373-a000-18ab2bc5d3ba,7780,576
c2424994-5dbc-4070-9a95-0d6df1c5bb10,166,56
7f381e24-31b2-4321-a82f-012245a2c620,179924,4324
82c314c4-0498-466a-9093-79cef38875a0,10939,710
75148fdb-43d4-4366-b7b0-a163e9276ee3,3615,393
074e3847-f67f-49f9-81f1-8c8cea147e8e,15026047,99511
5dcdb5eb-cb72-4e6e-9e63-b7bace604965,15560617,244910
c2e7d4ac-5e30-4b55-99b7-e49d99fd7c63,428438,8600
e56ab1ae-1cfa-4d0e-b33b-af31bff677c7,1545203,25143
653f3412-63c8-4bd8-bce1-a33aaf93a837,153326,3653
43c0958c-27ef-46c4-b4cc-83cfca54170d,7541257,59862
4a14a02e-19e6-46bd-90d7-ddd2e0f8bfe0,643,100
1921c28c-ec61-4725-8e35-38dd656f7923,289893,6600
ef4437f1-f078-40e0-adcb-33f7deac4f6d,235982,8158
1c5b9bd6-76e8-4fe7-a6df-3bc0b5a452cc,1131026,21007
ea56366a-e49c-428d-b737-92e9e50a148e,138825,1466
d61e4ce4-fa80-42a0-a5e6-18497329d6e9,134,48
b9ca7096-68de-455f-8a36-1f1ebb2abf2a,6904624,71139
05dffdbe-dc6e-4c8d-a075-50a09c4cb45c,6144860,49624
9011971a-df29-4b57-8889-2e5e9a645cbe,8113928,108480
5ec79d60-04dc-4e3e-84d4-67357759049e,108779,3392
d6cc88c5-5d20-4997-ab0c-3e455c6e3c24,352617,10627
3a51b862-0144-40f6-aa17-6aaeefea29d9,2814529,40019
8601a656-4830-457c-a3f1-f25b105d1629,90657,4435
9dd5668f-4bba-4b48-a35e-e8b13de80a8c,73797,2418
c341d757-5389-4536-8028-8992ff213e72,226103,3152
c1b2907c-acaf-4995-a3cc-b158b7104f96,37771,642
a97846c9-fb01-42d3-9289-a88bab83a8cf,418,30
679530cc-a02b-4e08-b0d5-68abdf258ffd,1133657,9819
788ad31c-bf0c-4a31-83f8-b8b130d79c76,14173547,162833
8295ee00-0096-461d-95c7-c2263d2a4c6d,13718586,119950
012e3432-71d3-4317-9ce5-b60cb6cdc38f,5623813,104504
321fdfbb-426b-43f7-8295-fa9aca6348d9,7763710,73184
8c2e4f17-540c-42d9-abba-bc1e6c9d9e6d,84971,2214
7f625f35-7e53-4f08-9201-16643979484b,177261,3581
fe1cb0ed-ee4e-42f6-b13b-52276b58f1b9,60610,962
aafa70a4-2f06-4975-935e-b283fc87de7e,4866101,47231
70ba6055-83b3-42e1-abe5-9c110664a646,2707,129
b5179744-f217-4455-9d8b-17b8d4fdeb93,6294299,62635
4e478f4f-a1e5-4ac9-84a3-f58f5c6454ab,70003,3031
d2b7fc8c-033c-462e-aef2-7e116571d67c,324765,5791
39a31de6-763d-48b6-a45c-f7cfad58ffd8,10290916,55250
c717e8d3-6351-4b72-991e-634b508261dd,6559,233
b267ca80-034e-4dc1-9ed4-ec45f1fed41d,11064111,176235
fe8b8d22-a1ea-457e-8727-7e143df084b1,182488,7994
30380944-90db-45b2-ad5c-988427e47a4d,285,48
9d2fde91-4633-430d-87f0-2b9bbb7fa451,7014262,48864
24a60384-83b0-4cfb-abba-d97075e83e52,360258,7545
3d05724d-3162-4ff9-852c-6d5919fa2e3c,114217,2034
2d508438-c366-4779-aace-5026a81c9703,28370,970
bf600e2b-dc2d-4839-a1be-6ebef4087cd0,5200763,107631
e1fed417-1350-4c74-a05b-6f2a58bb68fa,18640,1126
1ea9bc33-cb0d-4fc2-9a7e-96c88a2db68f,7386,379
5466b02a-4465-4e87-b372-584cd5f97bff,1037450,20908
eecada09-acfc-472d-ae55-e9e5a43f12d8,496941,7326
4979676b-d142-4de6-b502-2489305f3356,109715,3908
5578d1ad-02db-4b17-ada1-32d1aa4efd49,4447599,48332
db008806-16f6-48fc-8521-3d953709689d,21818124,105969
93dc11f4-ffc4-4039-a5c2-1c2c035b6eb8,80333,2429
dc0da7d1-231c-4058-8e6e-1c0801848602,3108183,41040
fb01635c-51fc-4cad-b71f-62e18bb3433b,622505,10824
1f5ff245-2837-4d4a-a609-e93e544478c3,12391955,101442
a0cef17a-4574-44f4-9f97-fd068615dac6,2742429,27426
f4e44995-1890-42a0-a6c1-9185b71655fa,232038,3364
d9a9b6aa-c5c5-40dc-95ec-0bff029245c0,140044,3224
56eb02c4-1f16-4613-8bb3-b4a752283fc3,171869,4091
4f8b7186-b2a2-40db-97ae-6e1cd46d57b1,8265464,77947
9c935736-7530-41e4-b776-1dbcf534c061,402812,6761
ba147ea0-60c4-4a40-9da6-0d5c2b2e7b03,13010047,90983
0bfb9d2b-e732-4f28-b2fe-e1d3db9665f1,1757952,17429
546a0722-6dd3-44f2-a736-e365f3a2c224,33,11
78115682-aa57-48b0-99e4-0848059117b7,763558,9273
a436dd02-0549-4c91-b608-df451217fdeb,10697756,62841
85d4112d-6296-41c0-b0be-26f347234286,22396,1150
72b357ac-defe-4d96-9455-a8a07ff87dcb,24861,647
98a1e0ab-35fa-40dd-b62c-9fda46fdb061,233461,4593
807f2e35-1fe8-480a-a70e-b1cc7ed92785,12717,980
cf075492-d880-4afc-b87b-d6b03e33dacc,573966,12239
681b5ab2-b7dd-4dff-85e9-1e84503ad36a,2106307,27740
b9c47f94-a0ee-4385-9aea-64ad343f63e1,512943,8677
73fe4a37-6860-4bb5-b3ec-0d0c367900ea,2478273,32848
ba9af8e5-c8b3-4038-93a0-ee1e935ebce4,990649,17797
ef5aee66-e088-4703-aa4f-0774195cd53d,18401,1272
9d397404-907d-4355-b5d6-299bae93f6d9,609948,10634
e2cd69b3-ef80-4d53-aa86-a97d6f44573a,1715043,32871
93e4442d-fe69-42f7-90cd-b2e945c8eacc,54702,2254
0fca6805-24d1-424d-88ab-505e11fd4963,5750,525
977673cb-c160-4a8c-81e0-b2dad6b0192f,27062,1016
82b6784e-8161-42a0-9b5c-b9d31e63fd85,3116020,31793
95c4e9ef-291b-4f94-8bc9-2b00e76eacb0,1171516,15131
8e9ed070-ed81-4c04-9d47-68cf571507cb,93048,2415
d164d8e4-f505-4ed8-9345-c0bd1fa67ccc,11319,847
e35d3678-25e6-48e3-a40d-3059b9831bf3,42427,1896
3aa8a610-3b3c-4b5c-8b55-2b8f10e3659d,5322,457
6eaab7b4-f2cb-4c80-9b36-7e7d5c2fa8c5,225425,5465
ef90f210-f136-4386-ab37-8c00d04eeace,4770497,54664
1d0be398-09d9-49ae-b854-119477048bc7,907154,12452
5f4ad442-76d1-4cd3-8677-3cff7be4c8d4,297657,7195
d16f9fc8-fbba-4276-9b30-86b8f5ef5938,56019,1429
24e58672-0956-4e3b-87a4-aaf3d52094aa,636977,14274
5275425d-3cdb-4a9a-b9eb-3e246ec69881,1957311,36379
5c14e10e-735e-4108-a8a5-74d8771672da,338987,5988
90cda7b7-9112-4ec7-9d6f-3f4675ef5130,2363691,47148
7f36c2ba-a338-402f-861f-390229bfae04,3067542,63179
a75b9a04-8ea9-4096-a5ca-5da3d8842d7a,6856,590
1ee5ecdf-00b4-4ad5-8a5e-493000d670a6,23556,1261
af3fd27c-c59f-4eb7-9303-042ee3eef006,95932,1821
16456fed-c9f2-4adf-b6ea-97b648c474d2,4263037,35027
c6bf185b-3a3b-408e-a8b9-f51e5ed7371b,78529,2723
9f3732d2-034b-4471-ada8-287a4379cf47,89001,4485
674a7e8c-9682-419a-8e05-2358e28b5359,8304016,85209
6a366a9c-6e64-4a0f-939a-7118a699fd6e,25264,1400
65b30763-de03-46a3-be92-633d7bc9cf47,340315,7985
08b5a32a-6428-4779-810d-43f99483d06d,55117,1667
b755836a-0cb6-4577-a678-55a5a6402d70,4092597,58664
3bab2208-dcba-4811-8829-2374a617752c,7359,433
d5518610-eedb-4291-bf95-cc125e9ca324,45720,1769
368f19e5-51c0-45d7-80c5-963be6971ac7,120157,2305
5d87bfe0-0562-483d-83a8-8a10c36b5cff,610613,13492
2bbc7a00-ead2-42cb-85ae-1d666893e7ab,28389,1272
3e8d513b-c7ef-4a66-930b-83b50cccea04,16471,1075
6bb86e57-5e85-4669-9d64-210a755a8900,15953,956
89254fcc-91d8-46f9-a861-f0e91333ec70,36958,1459
33464f19-aa8b-4bbf-982d-05f5e78643c8,3153970,37188
4ba1bd10-44fb-4335-a295-37f26c8a5f37,49055,1925
db5a2b13-4a16-4394-b538-6a9992bbf0a2,36564,1403
52db2014-77b9-4bb9-8b3f-ac875c7ca73c,6992,683
4b0dd5e7-c795-42bd-8311-bc9f71fabd0a,558885,9480
00b952be-6c97-4880-84f9-06de584b491b,1728283,31985
a342964d-ca53-4e54-96dc-e8501851e77f,2267175,34328
196c671b-b305-4504-8e9e-975f1c3e8a7e,21161,1401
2ffdc2cd-d25c-44e3-9b85-65a26c0d9bb0,1285247,20682
29b1253a-3bf5-47ed-b8cf-dc47f3a198dc,15449,911
1079b087-a5b3-4a07-abbc-88043ceda334,4899039,48233
431ed486-4606-485a-b11d-f05feb860257,104259,2577
1f986b71-4e0c-4adb-85d6-151aff57a0ab,267016,8345
134a8b0d-9d1a-49c1-9921-b0ac849a1c0d,23554,946
50ade67c-111a-4295-8577-d07953f64454,12892,861
03210c24-e652-40e3-bdec-16888faf2b9d,26366,848
cf0a5e3f-381e-484b-984a-7a5844077adc,762,94
6b6da5b9-5620-4127-b90e-465be8d9b82a,42574,2422
66bf8de7-0bb2-4cfe-8059-4ec0da132702,10031,437
6f0777a9-50f2-4577-966d-de0943b0b766,513468,12050
714471e4-7c82-42c1-9e62-523d65e24f84,759,89
9481db30-6467-460c-8fc4-1b6428e9265a,611766,13060
a9269758-179e-4c67-bf75-4904e057f663,6435,214
ace06a49-c395-40f6-acaf-3964a8e06431,39658,6611
6e708170-2f68-4c9b-a344-4d6c8d7fb255,5558,829
3bbdd45f-5654-47f3-b6c0-d806752b9fcf,121881,16257
3d2d0086-c32c-4d75-a1ab-9a5cd5f6b341,830669,34550
df3f8407-f82b-4cf6-9145-6e09f9e79b85,219759,16586
67db280d-c3e4-49d9-978e-4050f4e209ef,20339,1973
5a0d9997-601f-4f5a-9b63-ff0de4e7b477,143319,18266
69c075c0-3c49-4143-8aa8-fdfbacac3b08,135826,12736
ef5084da-d69b-4a20-876a-e0299822a7bc,280480,18445
68205877-7c7b-45c7-adb6-2edb9b380e2f,634534,22557
3252542b-98a7-48ba-9861-7a612b16c227,141526,8534
cda72260-9583-4fc5-95a2-ce5de94d7c99,127183,4070
81f494b2-bd4b-486c-aae5-8c789165d14c,14270,1757
f97dd825-409c-4501-a86d-0238932164a0,1243,282
e2cf5b7b-63fa-4975-8b2d-bcefcd698ceb,52449,6499
c687271c-e05e-4edc-87c9-ad14a8c01111,5852,818
0d6daf47-0be9-44ee-a9e8-fb5a7b718538,74063,8874
fe69b211-d470-48e7-a7a0-64cecb5bc991,15027,1418
2ac9c835-e573-47a0-b495-876fd0cc7ecc,145585,12839
58e5332d-383e-414c-9917-776d7b1493a2,1407603,80212
26368771-1c00-476e-867d-da7dad8d6a48,41395,6361
a73f107a-ce4d-4e3e-ac5a-e723ba1e6a49,2835,568
cca5fd04-e583-4a84-b8a6-607d485dc187,79469,8589
a03affe5-47af-48c4-9b8e-67654fa318ec,85297,10756
bd8a9519-217c-4317-9b98-266b1076c3d3,95717,11425
ca89a1e5-8e3e-4de4-a946-0331dcbac12a,254741,18667
1ef2bd54-9610-40ba-87dd-c195828411a9,751604,27556
ec477866-bfaa-48e0-affd-1c151ef61b7b,489744,35870
e4f6fdb4-8b31-4947-848e-5b6586ad4b60,85449,9729
c32c4e72-ee6f-4a12-b8ec-2d8506387ae2,611897,34302
e04887f6-78ce-4164-859b-7de28ae6f7c0,7110,1464
18bc6cf9-db1d-477d-abe1-4e5108eb137b,103100,12415
a951f565-f3d0-4324-a3f9-3ab24617075b,93067,8940
2d68f237-4e00-424a-a03e-d16993d1da15,226077,13902
f141d043-6435-4213-8e3a-28ee32b2def7,2716,552
8e4ed082-188b-4f23-8b77-d65591c407f8,38068,5306
dcdde0fc-04f9-4f1d-a3c8-759e3738784a,54709,5389
432a7d01-b55a-49de-b909-4b93d48a556f,129695,13762
daa683bc-1a8d-48da-be35-864526c444a6,49660,6692
7db4af7c-99bd-4d86-9315-5daa053ca0a5,52149,6853
5b0ffc70-5573-478a-9b68-342da5089ec9,17732,3596
32f22723-6f88-4c4e-b6f7-9e7d217ebbd9,3249,775
738f5d0d-3704-44db-823f-8ddad2dc1508,238366,15909
6259a169-891b-4276-8337-954aa835690c,10729,1259
ac4840b8-dd65-48d1-9d4a-8db33b94c54a,15458,3586
e425b041-c28a-4ae8-9d5c-997890433cd4,178522,24572
898a73a5-580a-4ce6-8e71-ea0e6a1209fb,12041,1754
54152285-386d-4681-8054-fb9c02cecbad,92395,6329
2cd73921-f705-4367-b2b0-5340147342c6,7425,1299
456375db-a43f-49e0-82c6-fc7075cb1a20,80851,9759
c0c0e16b-91f5-4e6a-bc34-3e80c23c0faf,200127,17961
95e9aba6-f85c-48a0-9ec9-395d4f0e3875,3897408,92242
5fdbe54d-7a81-410b-b734-85de65dba41b,35704,5683
c5439b13-b62b-4377-a2fb-1888ae85d498,236968,26984
d17801d0-4353-4725-8bf5-d0bbedc403a6,173591,19494
afda8333-027f-4b7c-94d3-fe904d993f2a,25676,4755
b5659d49-bd8d-409f-9577-03cd63d4e4ef,3151,730
25fdd039-edad-466e-b150-d7405c4da995,68250,10440
6b33ac7f-eb39-41d4-8be6-204bbc5555e3,179734,14854
bf002b6a-ea40-45fa-baa0-6218846292b6,19242,2856
fb2fce00-ab43-4017-8d03-d1da2533ab85,87849,12275
e6fea316-3ef4-49b8-97bf-483b69c0d354,110735,15630
52718ad6-dbf9-422e-889e-e251589ffa26,29033,3964
8f0d3885-04d9-4a13-aed7-96a25f9f9842,573931,27519
063b5cf0-b006-4ba4-b367-e393c68e0f2c,592,136
8843506e-5cdb-4daa-856b-3613762e31bd,86665,12337
446a6b51-84c1-4318-83d8-2e7fcd492b0f,29564,5624
8355538f-34f1-4347-a090-5f1bd259c41a,32587,5464
859216c4-5d01-479b-b6c3-e20cc591a86a,227124,18779
39c704de-b6c7-43d8-85d1-8dabd0a4e9a7,96853,10093
e81d4f9d-fcf4-4b89-81ec-861a9bfc1af2,15882,3693
fefc8328-4ec3-4616-9303-862e8d4de4c4,24378,2373
b33ad139-56b1-4f16-b778-1386030c061e,485381,14709
a8704ddb-1ffe-4049-ae53-2d91fec2c143,405844,19812
af583eb9-9871-4217-98c3-9c8e34feab1b,103138,12967
556ee13f-1ef3-4cf0-a11e-1c71aff962d4,69350,6774
3bd20798-a59e-4424-ad42-fabcf46ba584,7140,1223
57343d6b-80e0-4c50-a50b-51cf750a2d80,16170,2395
adf5fc4f-dbb7-4385-805f-5c1e56b1aa4d,25816,3579
f9a4de7f-d3c6-4de8-8892-7aca52610edd,22245,1446
d0760855-a245-4515-a910-d63602da9bef,6286,794
0c84c8eb-7bc7-46a1-888c-daf00b42e63d,233391,20771
996a7ed9-d3ae-4a09-819d-c864e7056b47,114731,20790
69fe07b3-920c-4b72-af6a-a13dddc0b63a,27795,4145
06bcbffc-e20a-4078-b297-8de149e287ae,25194,3542
f1ea7840-95a4-4798-945f-140b8af5b208,8348,2230
b55f7b2e-3310-4eaf-94e1-9b21ba5ee1e1,137302,21468
955718ae-8a26-4b98-8a34-02c44ab4bfdf,171402,17585
3ab595b7-9a75-4d2c-a3a5-73615aa14d04,389,116
cc6d62db-32cc-43a4-83be-e6187e35f34d,169580,18505
4e1bdec1-eaf4-495b-93ba-efaed66a86f2,48529,5712
2ca5e483-ad70-4032-b60f-f55805804f29,216066,10341
0bf220da-eb15-4bf2-9460-f640aaeda272,285887,16709
f0a42840-02a4-4a20-aa0a-c682ca388bd1,4601,944
40bd56ef-fdbd-4ebe-a8cb-37127c09bcfe,129429,16703
0d9a2bfe-abb8-4ceb-a947-c4fbef03973b,192508,8357
3d191c12-be64-4f90-94d8-ac324b2b3544,1676261,69059
49c5cce4-aaa6-4600-a9a2-2b045fb6a87b,153477,12874
849db3f8-0c48-4a30-bba6-07bdc693c551,84655,14048
86bb09f3-7ace-45dc-b26a-6833b18ecb85,238948,18281
c8a88760-22d1-4ffd-b355-8412feeac91d,21428,2135
cf30f965-cebb-45df-9397-a6707a1470f3,12683,2295
daf952d5-b5fa-4d58-91a3-3ca23956ee58,4707,1220
9a2da736-57bd-4b0a-9d61-28712bbb7968,806286,33599
afaf5974-6d88-438a-be09-d3a42bdb207e,4117,700
ff2347dc-ea83-439f-a2c0-c46bb4c98b5f,5069,953
ac18992d-d90c-41d0-b56b-66fe1d51608e,2121946,57751
c1b39cbb-0605-4a6f-bfc7-03b646f45ec2,175682,15792
94fe7c3b-0bb0-47a9-b0cd-6b46a8b1c7b2,22566,4786
6d7238a1-f0bc-4408-93fc-8ec64c06f7af,86335,8567
d9431329-0c56-463c-bfe3-c973fbefe7bf,23150,5086
1292906d-cd67-4158-a3d6-19c7c9df3e8f,112968,13682
9d88eaab-f90a-4fbe-b84f-20da5518cd26,102117,4080
f5ffbc14-5fdc-4a99-8224-69bf8388314f,5058,987
48973472-aad2-4fd4-b421-3a9328d92886,7195,1936
ab0dfe9b-2609-4c2b-9593-58985a070491,124680,13393
2ff63f00-0954-4b14-9007-e19b822fc8b2,2856574,65238
db9ee7c8-d0b7-4004-972b-62d99dcd2d15,492254,13174
20a3f336-f78c-40c4-bc37-ef53cce4ae53,83248,7546
751e517d-9663-4692-8c20-942e16d484c5,642687,22081
f3e83286-b99e-4852-b3fd-fdc49ba701d2,38680,2742
f18b8a7d-93b6-40ea-a9ef-122c6f3b787a,14658,639
9eb42a57-60f8-4093-a45d-1d882bdc7b8c,131063,6434
7169b325-505c-4daf-aa90-d3a84c112bc7,94796,5673
6e71462e-0e62-49a8-a2d0-ec7179f58f66,201944,6919
2793c2d2-2eb3-49ff-87ba-ed8d8b7bb0c6,38377,1676
2b51dd3c-6ad0-4f44-bfca-fbd890ff362c,25745,1798
19499124-36d4-4ccc-b28d-04dde3d2076f,1433747,38289
3a5d1cc7-627e-48ea-aba3-fdd20d782c33,4643545,39354
2159f10c-cf78-4f04-bbc3-aa04d49828a6,2966,423
d3d08827-5446-48c3-b795-a897ae6fe77f,104160,5103
30c47264-546d-488f-a7c5-370a9c5068ff,14221,329
2f5d7fe7-4e28-473d-936e-6d7b99007846,4006,347
7a08d4fb-e5c1-4c39-a99b-1908ca2e83b4,253136,8428
32c3479f-da76-4771-9bc7-841d9645454d,7686,649
54e6b4e4-e3b8-4409-b2c0-c2f82b7ebd7a,475546,5315
fe4e7dc9-adf8-4436-a1b0-79f6465928d8,64138,2502
14aea021-97ec-48f0-b69b-8a177c7c72ad,69970,4213
2813598d-22cb-4f95-bd4d-34a4f79f8a2d,35762,4782
a619471e-ee2f-430f-b57b-262f94457559,174861,15894
758df6ae-5774-4c20-9abc-1a63ffd3a232,11512,575
27aadd58-a2a2-4df4-8167-d806be0f9146,44024,2475
6da1b206-9470-43f4-acde-6da9f5ef22f1,116150,3409
f36c9f8c-5029-4180-b7e7-5b3e74c0c8b4,2222,179
32a2989f-d5cb-48bc-9907-15eee26d00c8,18285,573
f3580347-b84a-47d8-b86e-cad642322a47,1134915,31725
f81f19b9-c76e-43ac-8656-bb56071785fb,2050847,31849
68862d2c-b642-4575-8c6e-71309f7402a1,8737,790
1bfa27e3-0376-4206-a772-4586e25a64f5,814505,34575
ee413219-50d7-4668-abca-748263f5b8c3,11007,1079
a28f4af7-6008-407f-8d5e-70bbaea94906,1434,227
788f8b9e-7c77-4287-8093-c290c55aa7a9,2144,239
a27207ee-a79e-4887-aa65-e644d2702f5e,449821,19554
b3998c06-04e6-4b1d-bd2a-d5b83572ae7b,806727,23622
b0af7d21-5fd9-4ecd-9d47-92d228637335,17475,935
d51c2d7f-921e-4f24-9fe7-92efc5189708,343821,6883
49b6e333-f56f-4da9-944c-15a6deee8ada,127577,6864
e22d891f-dda7-479b-affc-c836d520aaca,64844,7257
67e97898-3bb5-412a-a51e-95a7b59a1bef,386994,13758
3c12ecf2-91da-4d4a-8462-e4d5d9e273e7,939449,17935
59560dee-2b3f-4ece-8a07-309e47b08409,39618,2933
bd9533fa-8628-4ac2-a5e4-61ba567c31f5,47187,3827
6b1504de-3572-464e-b62d-36b094542981,2722,422
e43f8c07-2d2e-47fd-8279-dc0e9880882c,543982,13327
98d6065f-f23c-411d-a3c4-48c46f4734e7,975,110
56ecb02b-0cbf-40a6-abb9-77152f197712,13336,481
388db986-7095-4822-a08b-7c311e7805fe,91674,7516
4125b6d6-d421-4c05-ae57-49f7f59dab03,12802,838
170f8e52-73ce-44a4-b032-11c706cadb85,20963,2600
2dd3f1d4-33da-4bca-b20a-eec0f9ffabdb,33028,2312
f07dbc2f-317b-470f-bad4-5f1b0eb6faf1,3264243,60990
fc63a914-272d-4b95-9221-61adcce6f793,1183892,39230
da61fb5d-9543-4e36-9fa7-dad3111f7e8e,694017,15552
a36e4f1f-aaba-427d-bab0-0b9535c8fb7f,154299,6744
51f8de5b-2e13-48ef-b6b9-0c5a1cf07262,11840,566
087fc778-c1ed-4f32-bff7-19f8eeba9e57,329998,12243
6cd705a1-4cff-4db9-9ee2-a3dd7a89d61a,6878,356
fd655963-c774-4ef2-b683-5fb73235ef40,69492,4839
b3ad0480-5fa1-466f-b222-b7560aa791f6,30324,1406
9158dfd7-7d67-4461-ba0a-346dec4355a5,283360,9146
e538ba99-5bab-434b-ac8d-dadb24a44faa,18494,1014
38e2bd6c-c8f0-4e63-ae1e-ccbd2e085772,136520,4598
cf6b70f6-2616-481c-912c-0263cabfc974,1065661,42075
23751694-aad0-45f7-b3bf-bdade42466f6,64732,4677
2ec73913-df20-484f-b638-cd63a5122b9f,128935,11374
bbd0c071-d9c4-465f-bb6c-0be9d7844d5d,147170,4796
afc99b75-f453-4123-8bd7-3aeea65cb521,245215,8894
bd4d397a-849a-48bf-be24-52eec87feeee,1238250,21532
6840dcbe-3aca-4057-8d16-4799c3730e3a,432970,11530
e61a882e-cee2-4aa9-8d73-bee3c85a44c0,74996,3141
fe83acee-f465-4cd5-a6b0-9b1f946a335d,944919,8507
6733a849-0e99-4a82-85ec-dc99b21f5474,44066,686
07e85f3b-e6b3-452d-bb93-0343074c4d6e,468,96
f48fd888-4411-448a-8934-46ff154c10e6,8962,448
8ca2eb30-779e-4c96-8238-749725fba4b1,6690,346
7bb3b720-0317-4a7a-bf29-ee74046f99d4,11991,479
e0df5083-1c3e-4d59-a774-6b8d0a82f301,153439,3383
b9116814-068d-4d7b-8f9f-eda125acb84d,275816,7865
145a7738-d7fb-4041-9da6-1c26790f899d,83053,4853
330a3af9-8c20-4215-94fd-f95df1bbcf1c,6172,497
c73d651d-87c9-4c5e-8abb-4ec9c4077241,1820389,65678
f5357120-cd8e-40b0-bdf3-b3cea040a2e7,347258,9611
5b3102e1-57e4-49b1-a912-3123630536b4,3047,210
bcd9c5ef-3601-4eb8-bdb3-2a4069825e4f,2601,325
40bee6cd-8f0c-407e-8e90-d5bdb9231a2d,127555,7541
ed6e5405-2990-4502-86d6-0b49ba744c50,963,106
2088797b-1887-4a1c-8656-007214efd90a,64,23
88a13d24-7915-4b51-8d95-c8de00ab79ea,84537,6874
6c8806e3-9f74-4dd1-9fcb-63352d1ba2a0,31933,925
8ce8de96-7118-46fe-a5e2-afa403870bca,35817,2394
b7e71551-4c49-4e3a-a71f-7b03f5070f25,16377,1765
1ccd14d3-c66e-4949-9308-655b8df1a523,500847,8998
6348666a-b266-49d7-836c-b9d4741ba646,40146,2588
859c5e75-3260-4421-a9fe-fd20f104b11f,3231,208
e76d46ee-d426-49b8-9210-92aeda11a978,531217,11999
883cbd06-7ed2-4c5f-a5c0-8ea7792b4655,552446,9748
7146341f-8d24-4acc-b90f-f8f5f73f1d1e,11374,408
f34f0700-1ae5-4b80-b506-252aeff31c71,955011,16451
8e6d22bd-e84e-4a87-97fd-6844c1d15d8d,4981,427
b3cf1138-7300-4c6a-9f5d-79457848499b,180254,6970
390ff98c-0614-4927-8b94-db7b40a92bbe,228195,16880
ec5f71fb-97bf-41de-aafe-2ed867bea1c3,42713,3889
026128bb-a1c3-49cd-bdb0-3526057d3f32,172775,7095
190871f8-a2f1-4c12-8a58-295438340f0a,741,114
a4520f14-b3ed-4a1b-911c-c75f187941b7,17127,498
e003b833-f0e1-46fb-8a05-4bf8d0a330ac,997193,14535
b647483f-90cb-4ba2-9a0d-d205ff60348e,62766,3684
1dd9be0a-d663-4513-9f2d-95123121ccf1,2678,230
7b543eba-995a-4c30-a37e-f8cac424f167,1001435,19731
1fe4421e-850f-46e2-a8be-b760c57cb9c7,173387,8702
02809fda-8319-4628-b165-a51213bf30ac,89632,7412
f8cd5917-157e-4402-9d42-8cce215d815f,151419,2678
1a22f467-0d23-4e99-aa6c-993fb388ceee,1384,168
260bff77-1d4f-49b6-9e8c-1e2797ce0528,232742,5065
73d297e2-3d99-4c9b-8dd6-3dccd0da0d08,21125,604
d553e89c-3c2a-4f10-9ce1-9eaa74de0129,553788,18912
73261708-c1b4-4799-a828-217bbcc50935,3912,210
cda5d022-15b4-4a3a-8ca7-24248c08dc31,2055,224
bec2162c-6a15-4bfd-a69c-3e35c4fb1f19,112552,8449
bb2931a2-a9f9-4a40-abfd-19dd76f6edce,4443,240
a48ac017-e1dc-4ba6-8ffe-7f438d24b98e,21367,1147
0eb0cbde-6fab-4bbe-9b15-5d831b0d17cb,25268,1486
6baa862e-65dc-418d-a994-80cb89775c07,23420,1236
f1d1df24-91af-4d27-83a4-9b4ad29b37eb,7717142,106714
881c5eec-ab10-4523-98cc-0abf43900065,2368010,55872
bf35e4fb-d6d9-42aa-a60e-822960444c6e,808482,25033
e573ad8c-d829-4c68-a9be-0d4460cca073,525651,20133
9a2afb1e-504c-443e-acff-6c40ce75b1a1,1140304,31332
a1684a49-feaa-4150-b758-d9412fc59f12,5326041,104335
50a45c3d-b54b-4fd5-bb83-5046e4ff6813,771863,26163
2913055b-380d-4a1f-8709-6dff60405acf,297866,14143
a6b93c3c-88bc-431c-a46c-155dee9371aa,919914,25775
734f6784-413d-4779-a81b-1a10f5e2a1a3,1292146,40920
cac5fc1f-7851-42f4-8d76-45e485cdd2fd,14700,2047
fc167b19-da1f-48c3-8a44-f43fdad9ab3f,91623,5726
8b6ab6bc-7c7b-49e4-908f-fb399ff437dc,357383,13313
4ac60dc3-8e50-4c70-be0e-4a4a1298f7ba,2053501,46768
51823891-6035-4d6c-a007-b70a86747023,602067,34486
b45ecac2-4e1e-48e4-8131-20b66bf3ae5e,204119,9654
bc51445c-de61-4873-aa3b-86ed1459ef15,64226,2844
cd56c6f8-e1c7-4db0-87ca-ff2a39781df2,19396,1573
8b91414e-6f3f-416e-8f2b-138c74b92635,246714,5768
f1673fb4-ef28-47f1-8b08-6adf3abe7b94,10309,1089
d45641da-371c-430e-8907-6086590ab282,1579071,46665
18a0d72d-0be0-4196-a340-035163bfae1c,1684002,33555
14e703ac-8364-41d5-b609-af2fd90343e9,237739,13494
8cddf5ca-c7c9-4e38-9adf-c60632b31e35,103475,6791
71581c6c-988d-415f-a390-221531793dd3,149466,8691
be68ac77-052a-4c0a-aa12-73a56f075f8a,1713,60
50854497-c31d-4327-bc91-fd2e80ff9a9b,3307,242
fe80e351-f1d8-476c-b130-99d2171a2443,8387,814
dbdbf10f-44dd-4d35-8803-f79cee2adf33,15881,1044
7bee0ff4-2513-4f25-9099-5b3c59281c05,129993,7836
d685176b-7327-4615-9f68-285d14732783,443230,12208
4fe9dffd-7eac-4fd4-8ae0-f4d1a7570be6,5978,243
5c16ff23-118d-45bd-af79-3713afbee08a,28474,1962
f4c2800c-bd0f-42e0-bdc2-81a701df33f5,146095,7529
fe1b141b-b71b-4967-90a4-16bddad28865,188333,8448
c4e7031f-a5f0-476a-b1f0-1f3e8c573f4b,480628,15712
57fca0e2-f9ad-4ae6-af9d-6a6f50cbcd5f,4692682,106473
4a30a21f-268b-4c2f-a4d8-a2f453032457,698067,26621
67153f3e-ada3-4d31-a941-70c42a42fcd8,5340,394
79ddcfab-f507-4f44-9d2f-1b296ad06f23,132756,5288
4992fc3c-2801-43e6-9e8e-803663008946,181823,10470
9fe5a66c-6847-4b9a-b31d-93a36e2ff29e,25013,2799
fdd978e6-6ced-4985-81c7-84db3ac7ce0b,69025,5417
c71ef2f7-da87-4f6c-a670-6b0221b04ff1,105750,8475
b747162c-1e7c-4faf-9c5c-e5bbed197ce4,104,37
6438bd71-ddc1-4619-a383-20d28ee55b43,496920,18160
2c64e849-7de7-43f0-8eaa-8cc0287198f9,12166,1693
3c695565-5af7-4355-be35-de9f6a0db095,33401,3002
5155c952-8353-4e75-a56e-12e67aefdcb3,11762,794
2b47310c-8ec1-4577-8356-b9bf655ac82a,115671,4933
be07f590-62b1-4bfa-9802-44bb53de0b97,6563,776
5b5673b5-63d1-4c46-b73b-15ba94fc0f08,284372,11653
e5955fc6-131f-4fb1-956b-96502833a91a,368018,13698
c15d2de0-0421-48a8-a804-cf787c33bdd2,357397,13370
2e3877a7-543b-4100-887d-9840921138d4,70869,3225
83dd005a-4955-438c-a37e-5fabe03ce400,847,127
d5c1310e-5526-47c9-8530-9cc0af291631,419599,13157
9ace62fe-7329-450f-b4a9-0dd7edd9b7b8,250158,15362
d22a9ad4-8a40-4afe-9b3f-58d9f197a8fe,30960,1867
17aafa74-f911-48a6-920a-3e8db2ebc314,1270,341
31321410-37c0-442c-aec0-0611ca43ba15,404124,15747
a1982d61-8237-43b4-b24b-9c2024e1c841,206715,9518
b36a0b09-b899-459c-8f1d-e22b2027c318,325,65
8e8e6d37-be22-4fef-af9b-6f6d1467f6e2,552,104
6416a02b-eda2-4c43-bca8-396ee30b5c74,377142,17656
cfc765a6-d826-49ae-8e58-db6fbc9b3faa,3879,478
23e7abef-a2dc-4e15-8068-8ee951ac2b67,66464,3617
bf04ba36-394d-41cf-a94b-7cc9ffc02445,23503,2475
585a9c75-dcca-4019-97df-899921f841f9,108759,5776
4bf8054b-cf14-4f06-85f7-c0fdd03031fe,87921,5198
b6159385-1f19-4084-aa50-331b922028a5,65176,4223
67468e38-0c90-4318-b2d2-0c18b7b1e144,1516309,46931
cd706565-fa68-4eab-8d17-f1d58bf3b299,221553,12454
c70334e1-cfa0-4b36-abc1-304930ed1738,915,144
cbdc4209-2dd4-4275-b58d-3510d8de149f,71619,4266
7acf54ab-11d6-4e3f-99bf-77ccf7ea9166,33268,3697
bbd06781-aeb9-42bf-a5b2-74a5db262e05,13120,1854
9784f86f-4ed6-49a6-a69a-6f115edb3d5d,13905,1811
65e81187-96bc-497f-b2e4-f7a9d37113ea,84306,5103
d6149155-959d-4f57-9264-9568da90caa9,133947,6711
803ead8d-cdc8-4080-85bb-9ac4311edf07,97155,7261
98261682-3a40-47d8-8b2e-12866ace3120,205529,11731
c290c018-02c4-445f-bfca-cac9186c79d0,174019,8173
d83529bf-6d3a-4c85-9c5f-e7c991c19956,40323,3652
d14ab1ae-0400-4345-9f5b-6083110a5c7a,231231,45548
91d35928-5983-4653-b552-5cafb314b465,188526,11618
0e49cfc8-6c12-426d-8985-5005f9256e18,232575,9447
b407bbe3-5fb9-4ed7-8c11-f94d779482c4,26742,1771
1934ed07-3aea-4a54-b76b-85460995b1d0,17199,1120
dec569cf-b210-4a2c-9888-2fcc6cbbbea3,109075,5325
7a0c9637-3757-4661-b3d0-d3caa4f9c871,9787,1130
bd115c4b-3eb3-4c1a-b7a6-5c7b58260739,3577,364
29242e43-d26c-473d-b4d7-50b7b5167564,12048,1275
4c6a0c7e-a269-4f7d-9fa1-45c2e8ab30aa,23747,1476
d6e83953-8cfa-4e89-89bc-69c638f32289,7880,765
ec945b9a-2576-488a-a91b-7f03b071112f,66543,4748
98775867-3fef-4d2c-aea7-115c7e58326a,242725,12412
32870dd7-5d9c-4e05-beba-cf1e13d1ea9b,25236,2925
61b4c7ac-91c2-4fe0-81e7-f0774b7901bd,42333,1062
7e3ad640-6043-487b-b21b-59f85853fdd9,807,91
2c948044-de63-401a-8671-1600ed0f69bd,36926,2607
9948e846-8743-442f-9ff0-fb01401bbfe0,214049,9471
70d6bf09-fde6-47d1-ad1e-e7a169bada3b,18776,1780
403da950-e175-4656-865b-d3a39bb6810a,32943,3603
72460a3b-e969-482d-b733-f9dabde88294,33871,3932
f4ada9bd-3056-4aa4-a165-eb1be4dd9180,478,67
49e8bfdc-d27f-47c6-b08f-e2915e6b3434,99587,5685
ebe01a53-7cd4-4223-a3cf-e7be5a83c6af,82403,2511
c5d338df-8ee6-4fbe-a4c8-64e8372b2c5d,19679,651
480e9088-5edc-40fc-850d-975e06109e3f,43539,2212
4bf9b00d-5f32-4b6f-badb-ad7bda086cb9,219366,11939
03ef9bd5-698c-4366-8a03-1c49d778b79c,332409,13005
12be5b16-915f-44bc-978a-8ddfab235b79,1627163,46301
1582904d-c174-4b36-8608-861360e9325d,3124,266
72042004-c95a-4fa0-93b2-46951ad19534,75722.0,3943.0
0bf8b6a0-8ae4-42f7-ba7a-d66d343c73da,53061.0,2498.0
4d483147-c871-48c4-8470-85e5a66381c5,1092843.0,30230.0
d5f5e522-8deb-4717-b430-8df8a196919e,31538.0,2204.0
09402904-94b8-467d-a894-4a7b40045eaf,132120.0,15406.0
03333a57-b696-44e2-9e19-588c268ebfc6,62290.0,7499.0
7716ddac-2f24-44fa-81b1-bfa920811445,62976.0,10493.0
0eaa4a38-6bc3-46aa-91be-563f1fa86e16,186620.0,14268.0
c39e39e0-47a6-4fbb-aa96-1e26fce19a41,20814.0,1839.0
a3fa9318-17c6-4905-a4ab-dff3359689db,19235.0,834.0
ece590a3-ae0e-4311-bcf3-ee07cfb7b4f0,3778.0,1036.0
bb8352e9-bf92-4638-8b36-f5847179a9e7,137405.0,9326.0
896f0194-8ab2-4278-81e0-c56a0444b569,2637541.0,70376.0
7a1daf7f-b972-4808-bc03-2e1e3a79dce0,770853.0,27672.0
bcfa2a05-90f6-469a-b25d-b485838f1401,86614.0,5113.0
eefd7c1e-abcf-4ccc-ba60-0fd435c9061f,87203.0,17919.0
9f176bd8-c032-4c39-aac8-fc663072a77e,128762.0,4312.0
e555f0c3-0a83-4c57-8a67-e657aac27ace,595323.0,30338.0
2ecbc483-dee4-442f-8ce7-f3ab31c73f87,6733173.0,49566.0
eefcf168-6b1b-46ec-9b75-f8a01161abb5,399788.0,22830.0
e30ba451-00f0-44a5-8518-85a08fbf290f,73551.0,4576.0
289f0af9-f4b9-4ece-a36a-632b4c1747b3,40899.0,2037.0
33a99e2c-0989-4d08-8a67-8028c5e1da43,42475.0,3761.0
1690f2fc-01b2-4815-aecd-3812fca01583,45.0,22.0
e02cf150-2936-4610-9979-041816abc5e0,202.0,45.0
0349e03f-bb71-4b0f-b727-47fa326bc690,35012.0,8068.0
81e8bca7-1827-4257-88e9-1ba8001f1396,1839.0,238.0
af723a8a-d3db-46c2-82a3-201dde8fa27f,2697704.0,38162.0
864f4d00-ce12-400d-8942-9af0ca4b1c94,375615.0,16415.0
224567d2-3085-4f0e-ad4b-5003dffee92e,43822.0,3828.0
09b8609a-ca39-4f34-a2f6-5b81afc2c32d,192818.0,14111.0
be8491e9-a443-4e57-a4e7-d2fc78ee6b7c,38148.0,3720.0
52b87299-e6c1-461e-b3b7-d887f5a35682,201636.0,21481.0
c6779ba5-db6b-458a-a21e-0b3d5861529c,1938.0,349.0
04f2946e-2f03-4b45-832d-ac04b054dacd,2230.0,360.0
e6449628-2079-4005-b222-7acff2755ffa,5315.0,596.0
da7e081a-9076-492e-ac44-57f0a80bb4be,96138.0,7069.0
3833f2ca-9a93-4bbc-9759-e402d3945dd5,396612.0,14568.0
09fa3805-2477-4944-9d30-e4e75fc92954,72856.0,13553.0
ef59e206-221b-4bfd-97ab-49280137c479,387295.0,31573.0
705076ef-a0c5-472f-bebd-3e72174fcaf4,553952.0,51838.0
6bfe2bcd-0d40-4dc9-b1c2-98c6b00d6762,3192.0,326.0
4ae98679-2c29-4293-9a25-1ac54d2372e3,17880.0,1456.0
b29a3b55-785c-4072-9daf-0153cac864b6,38915.0,7564.0
db39bfef-5a98-4771-856d-9142d92bcd17,48495.0,2495.0
aa2a86c4-e60e-4056-a7cc-419f1e297d14,119290.0,5518.0
d65bfd4c-e032-4498-a8b8-0e91cf97c78a,189.0,69.0
79817d41-9e0e-4cc0-8074-93075c9b2786,169432.0,18594.0
b806fe4e-7717-44fb-8432-ccfe60ac606c,3470.0,867.0
111fc571-075e-4b95-baed-dfa526fbca5d,49728.0,2982.0
6c9e329a-17ea-493e-838d-acf6c609b8a1,45359.0,3158.0
2070504f-bbb5-4210-93c6-d25d4ddc8b51,605.0,96.0
665bea9a-ab36-4f67-90cc-206ff510d97b,1263.0,367.0
4c48fc7f-da18-4b11-b2ee-4418c94efacf,121.0,31.0
57388889-b8db-4e40-9be3-7f8734c8b008,32002.0,6557.0
4b4dea0b-f5a1-4f55-a870-24ad4cdc0840,24226.0,4539.0
0459517d-082f-4983-b7eb-5680d3913cb4,15452.0,3627.0
e862cadb-b5fc-4074-b84d-59874ee03080,6893.0,758.0
40d0ce65-0412-49ba-81a5-2d660d4f1e58,55.0,22.0
e609d9f6-0148-4317-a827-4ffada144e16,21527.0,692.0
9af8d356-5bd6-4789-9934-fe5916067ab8,8584.0,663.0
8add33cd-582b-4b94-917f-784b945065e4,413.0,133.0
15f48f68-b87c-4824-8f16-db300b996b72,135042.0,3767.0
02889713-e8cf-4325-ba1e-1824fd3989ca,3687.0,465.0
f8c99355-d4b3-433d-bef5-b584f915f509,23307.0,1374.0
53437d50-b3de-4e16-a4e0-73f2c5c5ddc9,31486.0,1861.0
4677c3cf-cc38-4e88-9969-bd3d3bf9fda1,4971.0,423.0
a2676689-89b6-4d8c-ba30-f1b894f4ea93,10217.0,885.0
d4ceac5d-8156-4557-b6cd-df0668e84a4a,9823.0,507.0
eface19c-0669-4136-a6c9-dc261848849c,70954.0,2653.0
9c9d31ec-01ac-4d4e-a4b5-fce93b6b2618,32470.0,2171.0
4be23765-ef3e-4864-8397-b3120f991e23,13398.0,1137.0
9187651e-c4be-4c3a-84df-14c0f7d228f8,,
877a39d7-60dd-423e-9d6d-1d451f82189a,162.0,33.0
60b12fd5-f77d-463e-ad14-499642030d29,4962.0,411.0
6c3c8993-a887-4826-a04b-ff4353a08a53,125834.0,4451.0
6e9412c2-642b-404b-afa5-047ab0d6ce3f,32185.0,1729.0
b18bae15-4d6b-47f8-a57f-4da1713f51ce,1658.0,187.0
3b72c1fa-34cd-4b28-b9dc-bf4e15a303df,7647.0,834.0
a0e7903d-cde4-4433-8487-8b7b130d715f,18675.0,1698.0
704fb9ee-9262-4eb9-b562-c30fed197b35,8732.0,625.0
242c87c1-bd7f-4b5f-9a60-b18910946701,3138.0,220.0
476c7722-2642-4f2e-a17d-4eadda9ea18d,63735.0,1849.0
3e362cf8-9195-436a-9958-29d24f4fbc2f,202.0,36.0
1bc73091-5d48-45ba-a929-56b852dbd1ae,45172.0,2470.0
0b9d0a89-bb03-44ef-b6f8-ccd47f4f5962,287106.0,6356.0
25e9d889-b583-489f-8bf5-b880af8593e0,40407.0,2676.0
7d3d9d52-a44f-4ba1-a080-cf64698912c0,189157.0,9163.0
bf5c9974-373d-430d-945f-a75fd772fec7,528.0,98.0
db41d1dc-8ed5-42c5-bb52-598e9446c85a,2469.0,298.0
71dc2919-65de-49d6-9a9b-92fe40baf3fe,9911.0,698.0
698e1be6-3e17-44d3-b9ca-7f58cd1cd27d,2173.0,349.0
f0f63124-fbf9-4413-b537-4e1a0c9865be,2240.0,239.0
ff139832-b7c8-4246-b601-e4b0714a80cd,119503.0,4363.0
972c05ec-8365-4e80-8164-72ad8a350dcd,3139.0,357.0
68c8a7dc-e365-4c5b-8c96-a0d859a998ff,448.0,73.0
126d22ae-77a0-431c-976e-199501eb5e42,10784.0,1020.0
5314b0ba-e299-4e5a-abeb-4b867f61775c,2621.0,400.0
73cc75aa-2271-45b3-bff4-ac3c65d44701,37661.0,1960.0
04f71d27-a65f-4516-acc0-e078839b4db0,46278.0,2599.0
4158202e-7fa6-4056-bb83-67c66eafea03,59987,2865
ce26bfb5-946b-44db-bf0a-b1f43b07c704,2160,243
f2e79440-ec5a-41a9-bc22-14c4ade2790e,1905,275
0f004db6-79d6-43b5-a536-0d4305000eb2,8901,1625
6caa6105-e734-4017-95c8-16c93cb1b071,17998,1404
9547be1c-4a4c-42c3-9892-359161a0d931,471,99
84bde243-41d0-4a20-850b-3dc2763e817d,38458,2797
a0d68414-487f-4add-8d15-0cbf2283f392,611,97
271653b9-d518-43c4-9fe4-d0a88dd6e3c7,145,23
37855542-b680-4366-8b75-9803d0c6172b,430,114
bf7ff4ef-a405-42a5-b20b-74e0cb662f14,202,29
f42b35a4-9a43-461e-8802-931ebcb5fe3a,760,144
5d65c18c-a1c9-4553-923b-3fdb88d407e7,2271,496
ff222983-7204-4b53-be2b-0971333ad53a,113043,5280
8d6a4455-1ae8-4e51-a481-08a85cb0141a,117462,14034
2044a4b8-1980-47ee-a452-9511ff137444,4077,399
2854b420-eb79-457b-ba7a-baf30e33d0b4,7117,614
92653164-7cbd-468f-afa3-b0baa3e05986,55853,2889
91a78a7a-321c-48b0-a900-eaa83c5b1d5e,24325,2191
70d64890-4dc2-4226-9596-1e2e244204b0,602,115
1a64a68e-a8ca-4d45-bd88-145ae3cecb64,76447,7258
970c9da0-a83e-4d79-960c-b05b655b8044,40,24
89f79f34-c447-4a15-bb11-136d67476492,961,132
e020cdb6-e812-462f-a10e-b22583469a5a,353,109
6cffe22d-de82-425d-8af2-a8d4dc7094a8,75797,3107
bc084648-912b-4850-8b02-26220ef2ff81,2989,339
cf55320e-01cd-4982-bc51-b0fa7d9d9532,12159,512
d93879c8-c4c3-45ad-a6fb-7992c7d74078,1723,369
516b02b6-d6ba-47c4-a3bb-03686d5102d9,750,131
50ceff2e-e963-4fca-a835-60a7c9d99418,75103,5580
355721b0-6ae9-4cf7-9e79-378802f48efb,81792,3505
5b2cbc3c-9621-4d13-9e25-4f0def57f6df,12162,1085
7a0d47b5-85b4-4b03-9a91-8632f0c7156d,2780,327
9b75a469-c787-433c-9037-05b0433ea02f,86,32
797eb57d-6416-427c-95a5-38f319cfc3e9,4982,561
4a97b59d-853c-4ed2-a573-eb05680181ec,14362,2460
87dd5e55-becf-4b9d-88bd-0a5c61821d25,3666,418
5ca7f34d-ca16-4dab-98b5-f9365dbbfc94,24371,738
f3dda816-b036-4250-94d4-caaa78bbe373,45,20
57e3d0ad-b886-4190-9df1-52049e25a598,1157,170
dcfafb13-f1eb-414a-accc-91bdc4261bb7,319,85
9afc8392-6cbf-4d97-a536-f883b9088715,58,19
1e3f0ee6-3174-4c73-a1fa-3bbe81e62918,3337,514
39b9d3b0-5973-412f-b91e-46220730550b,76,32
bb58a511-f7ab-4497-af75-8e95aa874cd8,440,103
93988f6d-2627-496e-9de1-9abe8babedca,42257,3259
42578389-16e2-48fb-9213-871dca496ab8,2259,344
7ee0cc4a-c589-4653-b881-f46e91c0bbb3,42,25
208e80fa-da8e-497e-8996-030be6c0c6b3,11113,2033
89cebe6e-1164-4b70-a169-53736acf95de,2308,304
3b347b43-b285-4655-a7dd-c21a387b04e4,6721,266
a1cd9f33-de78-429c-86bd-12e802ce2149,680,97
b334d3d7-ff58-4877-a809-dadd4c498b68,23,5
3c167396-cf4d-40b7-967c-ce9e00524b6c,824,134
567c98c2-d2f6-4b7d-a6d7-af7c032ab2df,147299,7449
a2eb7d17-884c-40d2-9745-a87046f9e8cc,17743,1703
0205ab39-e713-4f14-a5d7-603c5b5f44b0,1,1
3a66a0a6-fec9-4590-8b23-6cad701c0ac7,1760,216
945247ae-6abb-4ca4-94d0-958144cc4138,88637,7679
a96e798d-9c7b-4e9c-94fc-99da5e6a4b13,2004,476
54af1c9a-511a-4189-8177-b2d01ba1cf2d,36289,3374
21c18c53-451a-40ea-9ead-8f029676dbc6,1559,206
e566f0e6-0c61-4f04-a14b-97247e49e76c,2801,559
32595cad-5dd1-41cc-9ba5-70cc595b776c,6198,1057
afd58429-e906-4455-add5-91a95fe18d44,7138,943
eada8bb2-416b-46b5-8c70-9c2ce0a8d5d9,2868,313
3be1c652-2e90-40e6-89ad-bcac62aab60f,47333,6975
4b8b8510-3977-4420-aac8-25ca0756ce79,443,112
5c5d236d-fe1a-4a51-9aab-9bf2d58626d6,2503,334
6f93203a-794e-413b-866d-d8a9639b0e07,2208,520
f20ae362-98e7-405a-8637-b606854c184c,39829,2053
ec41f1b8-6fcb-4ec0-abdf-45737e19e83a,4260,510
7e0901bb-4267-4fa6-8dfc-45bcfa3f33b4,105,20
59ea531a-fc98-4edd-8ce7-e49e344c0315,2121,354
09ebad76-e72a-4288-a9aa-fd2a4e997f44,3558,648
9f7c3a1d-d72b-4357-aedb-44bb144c5fd4,92,55
9b5984f7-381f-4fa3-858d-5bf582fc363e,162,49
4b0393bb-23bd-442c-a8c9-c8092a316ec1,119,13
15edc9f7-7254-42b9-a341-da3ce6345385,85,39
71ff8f11-d1fe-4947-9434-fd5ef0d9d809,13,4
e1d60bbc-8232-4cf2-a31a-f8a43fca547f,1,1
b547749a-0f56-4706-b95e-b310f711e738,114,22
e942234c-510e-4edc-839c-ad27b9cb75f6,76,29
2ec0aa3a-136d-483a-8866-c9582a7db0e2,40657,5606
2659016c-c63b-40aa-a5e8-5cdab30336ac,6,5
7b4a17e9-da38-4392-a218-a4fdbd0da5bf,20471,2515
56ecb734-9eb2-4952-85bc-01859b35cd3c,339,35
be4c7509-3db4-482e-ac5e-ac694b525ade,1956,454
f3b55eeb-1034-4605-ae4b-54abad226c79,3177,287
4b585938-f271-45e2-b19a-91c634b5e396,9656068,165048
c33c2065-b1c3-4406-b066-d33a9e2ea71a,10824683,199411
c7020c6d-cae9-4db3-92a7-e5c561cbad50,17674522,244772
2ddd167f-5b8a-4372-b350-6ad50493bac0,12383113,211837
bd01c9d7-89dd-4cb4-9baa-a43bfa292bed,1633646,107595
b83bc61f-8451-4a5d-8b8e-7e9ed295e822,10577568,274720
d2ff6b6b-fc30-48dc-8952-06f9d8fc64f8,4736970,134190
c1a61bb0-e4fe-4064-bc8d-954a2dafda79,2797262,115331
fd81663f-e29a-4665-aea0-2c2afa4e28dd,1264,461
dfce5b01-7d4c-4a53-bc70-5482509a5c53,949,306
4288dde5-6d7d-424e-9c70-5866320aff26,1905,458
39ccb116-aea9-4dd4-b6ea-f6100447604d,866,240
fbb375f9-48bb-4635-824e-4120273b3ba7,25036365,254274
d6804333-2dc6-4f02-b11f-e819d56288b3,659,210
c28217d4-2280-4caf-a1d6-d9372e8ea0ae,15796,2123
f8622435-b9b4-4cf6-a44b-d74651a298a0,382,146
b04587f2-2171-4e3b-a5b8-8c6983d4d66b,3963,245
46e5968b-2b47-4274-afb2-6956aa3b6346,706,245
e4ff7fad-6b6f-4a06-a3b1-88df176b2f24,691,247
7ac93f0d-591d-4c3a-978f-7e901d44e795,2802,741
37ccb56e-00e4-46ae-90bd-c830fa0e3bc1,1317,316
78e46ae5-9bfd-433b-be3f-19e993d67ecc,5734584,156481
d6b1d300-2f22-4f58-99c5-8519fc3013c5,482,151
c4caa34e-57b5-432b-ad9d-7e6543944d96,2839422,53695
49d51083-cd2e-466e-8bc1-098b2ca16d93,1179,336
6f8769d7-76dc-48f5-ba44-15b8bbfcc4b3,177,87
59fe0387-a5dc-4e94-9f6b-a75135647ffb,278,111
19ea4fc8-a29f-45ef-ace1-ab9fa0e3db7a,606,238
3dd6fd30-0ef6-4d02-bc80-cdad30d267e2,1548,426
b59ac58d-036e-4bba-8112-c32a34c4575b,1156379,84355
c0b2500e-0cef-4130-869d-732b23ed9df5,17855415,164679
ba6b93bd-c559-42bd-87eb-8947235929d2,1333,459
09a92198-f65c-417f-9baf-72fb1fc8a100,1175,363
081494a5-f7b9-4033-b45d-d1395613f075,1394,398
6ec79457-b06b-4e3b-83f9-9b26fc7a99bc,2959925,61659
c3e0baf6-3c73-49dd-92c3-05277502cfad,331,131
35411e1e-d40f-42c7-8073-3adc2484ff5d,415,188
f84639af-ec6d-40bb-b927-dbb17a958bf2,298,108
886a6c22-fdee-4f1b-9523-bd46b55467f5,1277,404
c860af48-e9c1-49cd-b441-8d18e9f522f2,1721285,61486
47c7d473-c273-448f-8a33-c0606aa5501b,1605,371
107c7983-0728-46ea-8550-77e698adf690,6500205,97914
60dc6689-ce75-43df-8da5-3b2c208d9590,1132,370
1761885d-de52-454e-be6c-418b9c06f33d,364,148
9c761282-95cd-43f1-bb15-e90417d431bb,389,150
84968e00-20df-497d-bce1-8a9a0160b881,544,192
cea9369f-9676-43bb-92fa-34cc510ead09,285,107
ef63f48f-afdf-41b7-8155-d0cd9244263a,362,154
c8f9a139-bd95-44fd-9047-14e4635e58e2,367,112
ac6e17bf-6039-45d4-abf6-6db75d667e76,556,217
60648524-813b-4511-bc14-75402f18236a,1425,373
f3ef483c-380b-47f3-ad50-b5fb534882cf,339,138
d6824880-e857-4faf-9db2-6b3e6b4f0d41,181,77
0cf93f39-fdc1-4534-8643-788b568335a7,1036,262
a6f90dfe-ebca-4a0f-8081-a1744ef73790,378,148
05bdb4f7-8012-4db8-861a-5eb200ec752b,453,136
81c9ae67-9eaf-4e47-836a-62b7bbc91664,10072,1296
aad6a872-ae88-4548-84f8-ad4046a54e05,396,124
574a5acd-3e0a-418b-9a8e-fb260be389bf,1348983,57861
d587e29c-ffa9-4bf9-b085-7a428062c56f,2352,591
8d7e0af8-1f24-4f1b-8069-db0e754d7d38,219,103
e60dbba7-6f55-429a-bd22-5e9c6a87ae70,238022,14953
4188ff21-649c-489f-85d1-ae694cb23298,320,166
5740151c-87f0-420b-abcb-3d13e2c046cf,613,229
c7931b21-1880-42a9-a4b2-8dd25c691644,486,198
f1123397-1980-45cb-9d36-c8d807e7aea4,486,207
1d8dc1fd-d345-4030-b62c-00046136eef4,8150,1667
526a6127-7f4e-4797-8ae9-927a6e29e2d0,206926,13362
fbd86487-ccb5-4a57-a860-cc3d360b5115,2979720,99909
75bd5186-9d89-4da9-95de-fce055c28895,301649,25439
36ecdd8b-ed83-4ccf-a930-52cf582d3c9d,591161,34083
8fecf163-ba02-4a36-a49b-57135b34ef66,2088,528
879e7af7-a20e-4510-9df6-322178ca3b55,270,134
977ea9f9-8439-4162-a15b-8d39c6c5a51d,329,146
40132962-df35-4c8a-b4a1-4e709e1e0db9,222,97
08a013b1-f521-457c-8b8a-149051cb52b5,77987,3738
a9ee533f-8871-4f62-a6bb-91eb264abc90,9624616,175527
c1dbdecf-4bd8-4782-b2b7-ef02b126886f,1805,492
20075ddd-6f90-44e4-923d-037056e4cdb0,590,231
31470a1b-6217-4bf8-9d47-03e855b6abcd,290,125
a0f571af-7ce7-40a7-8c92-6361e41191be,482,208
b379ab87-a289-4986-9a64-7d4262138338,396,166
6c546ab2-1d58-40f7-9ebc-e56bc10e34a4,304,116
cb8dc08d-6fdb-4460-990b-36bc6890c0a9,634,228
222d1eb5-dcf2-4e5a-b30d-6a169153ed93,2743,541
d8a718da-8218-4d30-9bc7-6a13fd8c717c,168,75
d16f4583-9c7c-4cbe-8e3c-1914718476a5,1439,341
70d46289-a7b8-4fc5-b232-a7b6442d1c09,1466,393
1135d791-35f2-441e-9a3b-b329acdf4fbd,543,204
848dc40f-5fb8-448f-957a-e89e2a1d706f,1179,338
6acb9423-37ad-4801-93d6-3868ff33fa17,356,153
0b3fa0b2-3afe-4a35-81c0-b7385a1946c6,147,61
ec5ba9e1-f3a4-4657-93c5-d1698a06dd66,515,181
674ef04f-5095-46c6-b97b-88a35050a773,92429,4220
50d7e3d7-693f-4230-969f-8f4a35134fd6,398,160
04e94d4a-4059-42f2-a07d-a631404b9338,108,55
5076e075-c1eb-45ed-9eb5-a925a032ea8c,209,80
bc2e8955-da2d-45c5-bd8b-9b42b9b210ac,856,258
fbf316cd-f23c-40f1-8bd6-e1b3b645cc05,3207,905
3a8f8148-4911-4a14-84f8-d34ec8b4aef7,1038,334
feae4991-9e7e-4ec8-bd48-cee446b490a0,431,198
21bb8d7d-fe6b-4395-98d6-934da467dc5d,211,78
9e335f69-bcb8-4ce6-92a5-4fa4d3c5717c,91331,5602
ce81c895-290a-4a48-b630-d242ee24a136,5082,337
68746245-6526-4d7f-8e98-66be3cb73e2a,248,131
23fda350-b519-4ef0-ac79-4c0088e98bbb,8485,1171
7809a654-4396-4700-8d4a-0ff79f454be2,1438,565
544dfd3b-29ca-499c-bad8-12086290e486,239,109
cea4a3b8-c26c-4b61-a243-cf72555e2c71,24023,2415
51b7f46f-6c0f-46f2-9496-08c9ec2624d4,6931778,124909
7a2e0485-08e1-41b1-a320-cd02219423ec,552,56
88527d26-7496-47c5-8358-ebdb1868a90f,1594938,75928
0b511a93-da19-4743-9149-c4e35c381003,18173,1756
a5c16588-9008-4b74-99fe-9308ab4cb3df,246,110
6111569d-2e18-4bc7-92bf-d87a94423a48,283,120
558bc898-ca33-4a83-bc99-1bf9a08b61c3,4665,867
9315ce73-12d2-4065-ab3e-8bdb8c1badbe,579,186
df26067d-6c9d-4bdd-be5a-a90fa381a43a,57,37
fd69d55e-e7f1-4fee-8682-5320f0d16b5c,270,131
7c4d6055-0cb1-4874-b561-40b8352769ff,100,45
9006dc24-d048-496b-8a82-e52c291db66c,126910,11886
abe2669a-a612-4bf6-9193-bb4f4b8a9088,3942082,100694
b922db96-a256-405b-8894-03be0247e98e,272,50
5258e5a7-7def-446c-bb97-607de56c81e3,607,207
d6114a6b-65d6-423e-b40c-da6bf474b1b0,256,115
fc61007e-4e8c-46e2-8637-f7fa89b330a3,50008,2771
685837cf-fd7d-447b-8f1c-0b71ec2c84ae,52,26
18bfbb7f-8673-43b5-87bf-49fb77548aa6,2964,670
171930be-46c2-4296-a7bc-7cd83249c6bd,215,108
43dcec48-1764-4055-91ac-afe8a4d25cd1,819763,30112
d9399921-2d82-437e-825e-16daff591a0c,117801,10466
ed8f6e37-f6b8-4096-a2cf-3f67eff61d1b,435,174
c2b257da-5439-4728-a475-654e86d9f5fc,13035,2663
2017e87a-60f7-46d7-b2bc-8c4ad5e14bfd,369773,12608
2b6b62ee-ff3e-41a4-90b5-3a29f17bfc84,1369661,27012
2b6514cd-d424-45fe-ab85-bd8719f4492d,6530705,87538
326ca34a-9973-4c32-bead-fc1e2b04a190,4302,330
e795e03d-b5d5-4a5f-834d-162cfb308a2c,18937384,207062
6eea322e-ab09-451f-818b-a1348ce14b91,3816662,60031
2b7a7c7f-8c18-4e0c-aaf2-8c6f4e93cdbb,3640055,48295
9974cbc1-6a00-4a97-8a36-e4a25bfe0293,405147,26797
b657dba3-906e-4324-a397-16ee0a297cb5,2708,596
fd092d99-377f-414e-a63e-3dc849ad2cc9,573292,32668
07f3dca1-3929-4976-a8dd-ef134d62c0ab,425980,9787
be3142ae-6538-45e0-8ed6-9df0751a0873,74034,8621
a5ed50d0-084e-4aba-840e-53d7c8172780,38,19
f7861eb7-a14c-41ec-813d-15a28a220a06,227151,12551
8e8c7417-c905-46b1-b42a-5260b4274ed4,2388268,84159
22fe7b6f-af38-458e-87bd-8971e7a2912e,427607,30751
4f2ea2cb-923d-487e-a517-a2a03089546b,8914,760
aea7a9d8-0d1f-4dee-bee3-708a37c1bc83,14430,1229
ed3f4831-e3e0-4dc0-9381-f5649e9df221,142502,3084
f931c961-b647-4861-be8c-f47d84a4de51,53199,1754
2c26fddb-3926-4004-ae27-22a3896a4f26,105301,3683
1424c238-6c25-4871-a40d-25205a5e44e0,22688,1314
d7426d9d-dade-4c73-b2ee-a4dfcc373704,15281,1105
1026d802-cb28-4ef9-86e9-80c277717704,2673,384
78830f6e-5832-443d-9e93-0e308238406e,39097,1496
172e980e-ba97-4adb-acb0-d59733c599b6,63958,2647
596f4f23-31ab-4003-b21a-889137bf7a7d,17984,1485
2df4ce6a-87d6-49e5-b140-4e71066f996c,28103,2070
dd8f223c-66a0-4a5d-b4ca-5a4e884ddb80,18833,1330
632a6f8a-46a8-4d00-a918-85e5aa00cc69,11820,972
8e94cd02-5047-4885-82fa-7f2b8bb2195f,13856,923
1dd28f27-4ab3-4a3f-8174-4ccd571a9dce,79210,3184
0dfe6733-0f0d-4b2a-b0a4-af3db09c6e52,6424,1325
014431e3-c5a3-4a57-b86b-fe8f2e3253ff,46581,3905
ecdd5aa9-b760-47d4-9541-3c3d04da433b,7687,388
93622908-0806-4173-94c1-9e42597af011,71894,4260
06de7d6b-72fc-43a6-88b4-dc4c495e5607,48257,3009
9ac67cb4-c838-48ad-b28d-1ff2ae58b758,24777,1307
e0bba708-bdd3-478d-84ea-c706413bedab,143375,7481
9c8479e2-0427-443a-90d2-bef310e7db5d,3946,383
d8d3e7de-793e-49fa-8bb8-6bc732d4c8aa,25527,2094
109fed51-50a9-48f7-bb27-ecbf2d49da85,3354,373
43a90725-7432-4f08-baa6-4c939d6f69a9,56157,3522
f33c0eb4-fae1-4662-a0f2-a469fd6fe52d,6178,634
83facc91-8051-4746-82b7-9f67dc35bf48,12836,894
b8ddd15a-4370-4b27-bc28-940c043aeb82,3910,422
a1e4720c-2d4d-42a6-8ee0-98dfa9a91ce7,3544,470
ebf0c4bd-4901-43ca-8c41-3df8c6ebd033,2819,247
f4e6c062-1a32-4d82-a0eb-c50ccb45deb9,3049,212
2566d0ad-07f9-4348-9f3d-345e6a0209f4,1799,356
a230f44f-7ca1-4b94-9be7-5042b40a3eab,26698,1235
a8740949-50a8-4e71-8133-17d31b7cf69c,136303,4220
643f0b8a-d835-4f45-bb79-84dd5ac96b4a,22929,1623
793b8f58-80ab-49b3-b5ae-d94034dab10c,122886,4652
bac89ecd-432a-4315-88f4-6559ac3bde7a,2043,208
462d0e4a-5551-499a-b804-e95b997b4877,1841,271
a9cff7fc-ac2b-4d15-95e9-c84ee3d37011,22548,1906
8c5415fd-5653-43b0-a375-9f8062883029,11286,869
934cc2a7-822e-4117-8e82-8e663d7d2daf,67432,3718
cd4131f3-c7c5-45ca-8f6c-e510a650bdff,25905,1777
e565c4ed-e25e-495b-974d-bd1dce53f5e1,5003,655
a6a6fea9-f3df-4347-aa31-971fcd7a7994,11300,1021
bdbafa57-cf3f-4b7e-b956-fb6e0071ecd4,61149,4157
1585d053-4953-4aac-bb34-bc30c2ddf6cf,16784,894
55031366-997c-494c-9906-6fd26fc8e559,15694,508
bc396309-3a20-4520-9431-1444142d1051,16345,871
7b6185e7-e2f8-4d63-9d89-6abdfdd3c215,233,30
f8332a32-60bc-45db-a9e4-0790cdd93655,15946,1760
28365249-f3fd-44db-8131-32cb170970c4,84674,7822
aeb71bd8-447d-4415-8ea1-2b7d664f67e1,117293,14320
0fc76d45-9176-4e20-9a5f-a29d06c4b42a,3440,303
eef3ac3f-fdae-4975-bff4-6c52eedcc1ce,4105,198
382b0bb8-99a2-48d3-a854-892d931a05f7,7052,439
70874a6a-7bab-4bc9-ae45-640f870a2bd6,4816,633
75c583e1-1689-4963-93d2-5e9897821233,6010,194
4586db61-284f-42dd-9b19-69111ea08149,42060,3439
18096377-327a-490e-a8d2-cee1c7979d61,8856,746
9c58542d-d049-4f3b-a6e1-ff75d87472eb,26006,1723
e5a99093-f4e9-43c9-b919-693d28ecaadc,1592,270
79c5547a-e098-495c-8dac-7e99546aa46b,77542,7836
f49fb33c-46c2-424b-aa11-eb0d7b862bc6,544,103
fce52000-0923-4602-85ce-9f5bc5097bdf,3373,463
e38aa4d0-d597-4efe-a81b-3e3e7cef70c0,3855,403
ec027ebc-c3fd-4fb5-aa29-f20bf36ee557,2830,239
c8b03190-306c-4120-bb0b-6f2ebfc06ea9,9306109,113836
1dd8b80b-f507-4958-9067-b971310f2bbf,16113,748
4d096beb-8752-4712-b548-55d6e66e3426,4650,473
de7efde3-b5db-456a-903a-df145c8b3fbd,113287,7591
1a425bbd-cca4-4b2c-aeb7-71cb176c828a,7111590,95076
fa44d136-fa40-4187-b522-8e262b41ac7a,69016,5683
e2f526c6-09ed-4ef3-aa05-452eb12ff192,9024,621
b8a7c51f-362c-4dcb-a259-bc6e0095f0a6,6938413,132004
a9c38fd2-04be-4bc6-a3bc-96508b226508,70620,6137
7eb1ce54-a355-41f9-8d68-e018b096d427,673633,16860
1c494195-f8b9-456f-8516-42695bfae57b,85691,6246
2b2bce6f-e3ce-472c-bcfb-93d9cc0d08f1,5298,516
eef6510e-c44a-4949-bb2c-55eef0b32faf,2273,333
e2c4d630-c991-4439-b38e-14446c94b694,2774,168
20244d07-534f-4eff-b4d4-930878889970,26571068,187779
8264722b-df00-467a-858e-5c97cda169c9,1428763,14912
0090ccac-cad8-482d-8260-c1aa8b908c48,19132,1181
e0140a67-e4d1-4f13-8a01-364355bee46e,5781815,121322
83fd7495-a02f-4254-9cfb-6753cb87c73e,3516,187
6113dac8-14b5-435a-b628-10cf8193a0b1,4695,403
985a6779-0e8a-4e52-9aca-597e2e65ab13,23022,979
b458fc3f-b9b5-4ff3-ba6a-748c9a1aac83,9532,539
b5f815db-a30c-48d2-9adf-5213028efa2d,655,139
cf9f2995-3a44-4bf3-b4e5-7847c68be644,3439,370
cc197bad-dc9c-440d-a5b5-d52ba2e14234,87038848,447534
9d7cac94-79ac-48e9-8be9-dcdcbb00e3df,12771,788
b283bb90-555e-4f48-bd27-91521645ca39,972,117
0ab49580-c84f-44d4-875f-d83760ea2cfe,21990345,285421
9b34cd6a-b874-4e75-bec8-1c174fe295d0,6827,222
c68b5992-5a74-4fbc-b839-b01d653d2444,12391,840
9cdee2d4-7bb6-472f-8e3f-319d05e8d939,642,101
33559088-9899-4889-a3ac-c57503e83eaa,1597,182
6925db17-f35e-42f3-a4eb-84ee6bf5d4b0,1041734,15803
526aab94-697f-44a9-b630-41d1c0505953,200457,9135
20faff08-d3b7-45ca-a8aa-a85f6bb9eb78,41372,3934
6eb5cc6b-8553-4049-abf5-1ace1b6d9e59,56505,4702
342b4347-2b89-45d7-9313-f4c034e91597,365,72
b49ff5f6-0cd9-4c7f-b80c-b2206ffba851,2795,114
5d77d4cf-febf-4e5c-b8e7-16ea5ffb0439,29363,1130
484a4e90-6899-4e4b-a948-a2255d365340,672313,14226
f9133869-f87c-459c-9aa7-2f176cda7e06,511218,11404
6153f863-aa32-446a-b31c-b9cefd39364c,17599,901
8739758b-91e1-4f60-bf45-967a735fc82a,4803,469
850a8b03-98a7-4fd3-afbd-5e5520b4ef5f,345712,8633
e9ebda08-3291-4133-ab98-ce2a1a88088c,699,57
8433785b-98aa-4bc3-8199-79ee467ff3d5,299,49
b7539c32-53e7-4908-bda3-81449c367da6,26616884,246130
494a1000-f84c-436f-b59c-14bd19611de4,468,103
11427e08-33b5-4955-a727-61960570a186,2527,313
62b914a7-d775-4bb4-bb5e-d46e7df115b5,157965,8610
ad322b8b-31b2-437d-8fd8-1af13c1d7b91,146680,7235
60bb7169-b83b-4603-a319-7bcbd1130cc9,6343,332
2ae4fa6f-2221-4461-aa9e-197b20a35575,3096,538
c8355d66-4fba-4e2b-8236-11eb8767126f,23011,2111
6bbfc71b-5f18-4e61-82fb-bee0c2a6b5f9,399690,21998
c7debf5a-d884-4a9b-842b-2e615e63699d,24787,1651
eb9f7f65-5cdc-4fe4-9dde-565fbc96839f,542,99
6dedb93d-225c-438d-a213-c5c26d5cf9b2,4719,501
7803ba53-9ed3-40e4-b6fe-5e76d27eb811,3376,305
56f62fe8-d3a0-46e0-b5df-a64a8b4b4274,372978,23018
54ef004c-f122-464d-84e5-b1d9799f4da2,4596,443
6d8d4da4-9e89-4c3a-a5eb-efb072fb267b,5862,445
4d2956d1-a3f7-44bb-9a41-67563e1a0c94,7192045,227002
10876f5a-9ac7-49c7-a2b6-46a3f1ac3523,111011,14290
5d400869-0471-42ee-afda-3addd73d0418,635747,55430
bbc8d6b5-a3e3-4d51-9f4e-565e9ef94967,2176539,88215
b9a2a9a6-7a40-48a6-bcb1-8eff5b89ad5b,6248411,137544
8a338e06-d182-46f2-bd16-30a09bc840ba,4379893,144045
435ccd03-20f6-42aa-97e3-275b82dc2f6f,525658,65636
e8160bb0-f4ba-4577-9e82-04d8f7ddcca4,40953,2958
149e72e2-d956-4a55-8723-1363db92837b,7611,438
552eb96a-7e91-439d-82d2-099804b75939,806780,11642
07f6d469-38f3-46da-9cfa-2f532422b84e,1126821,61396
0ffb6573-a98e-412e-aa01-0a580e9d8b06,2706358,93803
1a9a8ca0-ea8e-4e9e-96aa-288155bb2c5d,1296949,66671
f5e31fda-bbf5-4ab6-8194-bcc9209b53f8,325294,44390
435f1441-0f43-479d-92db-a506449a686b,865166,95685
d83540ac-97ea-408e-b9b2-5d3e6620948b,106058,2810
cfc33e02-9a17-4285-9cb8-b814a9430551,353902,34835
14194beb-e340-4a33-9500-7ef2eedd4d98,258642,8225
a3d5a6bf-c86d-44d3-969b-f345620009c6,752811,39845
ac5304f2-1787-4e87-8ed7-321f157cc89b,200630,16510
7d75def9-7b9e-45f4-9437-22601c5dc862,600307,19442
ebbd8491-967a-4a83-8bbc-496b89be029f,47570,3647
f121deb7-0668-4ace-b36e-4b3a9e804b4f,155910,6349
bbd12bb3-0021-4c3d-9b40-bf482a019290,51918,4124
f3850f5f-5a8f-4c34-a828-9d2dec960f1c,152021,4710
3446c6e8-b86c-4471-a18b-ed3e6653086f,852205,11267
43670151-f762-4c71-b560-d279d389eb44,99115,9235
6e1fb21c-1fc5-4d79-8d04-e3faabcee004,91788,4112
88943a8f-dfea-4ba3-9adf-4f8e895a417a,37040,2386
5a63c831-5bdb-444d-a9db-974501e3317d,1147505,29130
28fd67e8-573c-4cdd-a37d-8b74af74109c,871439,19655
b2905cf4-10cc-46e2-a2cb-8b40ade3138d,1018088,14935
61653550-fd9b-4401-8248-44f2d064d384,1546752,44491
da66103a-1307-400d-8261-89d856126867,395009,16663
18b2f43a-fc98-4aab-b69c-eaaba41fecbc,160060,12291
0509a681-a362-4800-9075-656041dccdbd,1082848,61588
d2a54937-fd0d-4586-85c3-235a405019cf,208334,12663
09338a01-ed74-4213-a0ea-e68a1e16020a,271475,5190
8dd216da-6db2-4130-9a7c-ece756d1394d,1042191,31360
6c85f4c3-026c-4c16-9a7c-f546f42ed0fb,6883977,91348
14892f45-a103-44f2-bb18-ee4a20d7876e,402552,4646
911ca6c8-6238-4aab-9ad3-60d964ffb453,58758,3709
560b9e8a-7387-49ff-8b15-e17e3ffd8502,140431,9877
b0635f14-7d93-4276-8943-6bc251aea033,26426,1866
d2d77ec3-ca16-4e29-8764-3cab9d945c54,62192,2159
fc6a16d9-5dfd-43b1-be98-ba49366d9f27,1031626,18412
e7edc301-cd55-41ce-b3d8-c3f83cd90a60,2229057,24778
762e1e6d-ba12-4946-b8ee-dfa0cf9a2655,707776,22375
e9b2f192-d21e-471b-8842-71373cb20080,48093,3146
58a53082-a629-4ff1-a44d-7492d6f6e8fb,1942509,73890
f7110fde-4fb1-49bf-ab2f-fd6640ae6b28,89210,11501
d46bbbe2-36df-4e58-a4fc-d919affae022,454206,8012
7a52d619-ebb3-4f95-838f-fbdd4aba646d,706335,12978
79c3a221-4cf6-4594-8181-eb1539d9860f,358845,10163
e3660b01-dd9f-48f3-90f4-5158f2b8917f,217192,8269
1d907a81-0757-4e6f-9b50-75016420fc53,39616,1992
9fc9f89f-a15c-4e32-b27e-9142e61fd210,9740,395
d1edcf89-93ea-4b8b-83f6-702fe27385ed,716868,9899
d7f5305a-15fc-4af4-a61b-f6f45510cc8f,617974,28466
9803d120-716d-45ba-9eb7-9a120813f908,363798,6356
f6deec58-8473-42b2-a0ed-f862f0fb778a,10447,632
2f64e1fd-44b3-44f1-a586-b9916966b39f,25166,1316
4e083f26-965f-436f-9227-c2c47ad18ffc,604422,42684
ecb5dec2-d9dd-428a-884d-74c9dd7c113a,388306,13152
24ed5b09-02b1-47fe-bd83-6fa5270039b0,1087323,39701
ff168ff4-cc8e-43c6-bda6-44a232f15da8,68531,4306
25302723-b24f-4d0d-ab5d-1b4ae0195ac6,42350,4034
25b75a66-ce83-4db3-b136-395a3c3784c4,8565109,132400
72186b6a-fe30-4e2a-9c31-852e23ff93af,361471,17889
b6967aa4-bc27-4000-a23c-c907a52ecbd9,70642,3518
08e7c9c0-90a4-4023-93e4-c2bd9d669cf7,22998,1270
c4e861e5-42d5-4d9c-ac84-4862ed12f585,58109,4911
3fbcd2d3-3d78-470f-9e47-8f4d66da2474,769334,42787
35290bf2-aa8e-412d-8f4e-0b3362044958,83361,5602
ce382524-3f9b-461a-9202-60041105741c,277608,14204
dadd10f1-9db4-4a35-b939-9469029deab5,78021,5968
eeacdd55-8e71-4cc1-aeb9-5a140d0fe153,56887,3131
12875f94-0678-49a4-9652-5e2458ad0f7f,2856,161
97c86b2c-2765-46a2-aef8-76a7e24c430f,2950320,81532
89d06e04-263a-4e12-9caf-7e8816e4e61a,100220,8914
e160f589-dbe6-4b8f-88b5-f528ff4443b4,88368,4085
e6f8912b-7df9-4aae-b551-2cd03dc29588,2591963,70302
5984e4ec-8a8e-4762-a5fb-e7d53436e0bd,978775,29295
653df9f9-83cd-457d-9226-3572a04fd469,29042,1943
3af2bc4c-b5b0-4fb5-91e3-d2290a1bc614,25659,1340
1b38a8f3-59c7-46de-9579-37a06b12d6b8,6368,460
23e1bf1c-735f-4f84-978d-76740e965a46,11710,605
c1a217e0-4b3e-46d7-9613-6a14c9e70895,417813,20286
466b0935-98c2-44db-bf2b-f8033735b485,104002,7554
e062ce8b-19cc-4308-b37b-f62b7adfb6c2,145036,15130
5c4c90a4-539f-4101-83cf-301bc6a94e06,1962714,56997
e0fc22ed-6fff-4161-8ff7-a568cdbe7850,373032,13169
7eb08313-010f-4f63-a2e1-09fe65eb966c,57082,4940
bf54cfc1-7e78-4287-b4ad-a4fab56b9b27,49492,2628
c60c930e-d081-486c-b0ca-2dcdd8ee2b96,325429,14993
de288aa4-b753-490d-af0e-62bbe63e8411,60776,5681
365e1b41-7d7c-402b-8d46-857f4f95d90b,93604,2649
98a35a4d-a845-4282-bc7c-5679f2bb9bd2,1568725,67854
0639533a-0402-40ba-b6e0-18b067198b73,244219,11786
bf103bec-70e3-45a5-9d1b-97715db04a96,267585,14405
b70bd859-5ae4-43d4-bb86-798867227d5d,1197,195
16008482-67b4-4470-8470-617db730e75c,37577,2815
df6b7ee6-9144-4d4a-9006-354b82e7fdde,7114,437
8577c385-d06a-4a64-b4e7-6ebf25f2cb20,174052,13066
f3e93b5f-33ae-4b30-8e22-0a0fb4c4847e,86230,4210
dc0d05ce-2f47-4962-b4fa-8631a0a51987,4029796,83608
595872a5-9f6d-4243-a6da-2e9162a87fc4,50842,4145
65e2a019-ebaa-44ad-9c84-353d764a5fb0,71893,2781
e7d1eafc-4934-48b4-8a09-2c5cc2938853,93868,3311
9f438a49-7051-42a5-a46a-795ce95413a4,57232,1832
3bc0dcc8-6e36-4b72-90e1-fadc1d4c9643,7287,539
32357e32-58d7-46e9-8a8d-875a6dbfaa99,128855,8556
b57193cd-c37d-4769-b9a3-7aae54f2a4b1,1313,43
0a362a52-39f1-42b2-bb17-1618c71d229f,89616,4539
50b56f55-4d07-44d4-818e-a0f1c28fad69,25405,1302
dbed52e0-3b05-45ed-8082-492263e02269,938,98
150e7047-5e2e-40a4-b2d3-cec95fc618d1,9853,989
1159e0d0-a782-471a-9dae-93ac046eac72,459760,21722
f9227504-4fa5-44ee-b205-5301a1f86936,132709,9585
fbbaa644-184e-4ce6-bc23-a4da1220425a,4140,525
a33b8982-e249-4fb1-8751-6b6863f59751,843,64
f7691e08-2824-4e40-b126-4e4a20675036,234692,19652
109e07ec-fd3f-4a04-8649-08e61954dca2,115086,7489
d70416d3-c006-4a8b-aebd-91a4f198591f,1669437,61280
f7b3c394-3654-4bde-baea-32804f87fe24,352756,5480
d3a4e499-19cf-4676-8aff-4a326b47cdb2,240616,15297
8d0c6147-90f0-4045-810f-97f5789f9bd3,107713,8689
6de1a269-50f2-4027-b6ad-b862955ef2f8,414033,10356
0ce11f25-d1fd-4841-bcbd-8752dfbfa8be,332,34
e4687e1b-cf22-4fe1-83b7-ae82d874e17c,39179,1705
74023430-99ac-4517-b7a6-f0cf0120a47d,37706,7056
70372543-ccc7-4997-a6ed-6ca099c1b4cb,51973,6100
f52f7a92-d495-4d32-89e7-8b1e5b8541c8,34831.0,1559.0
d558f844-4db0-4bc3-ba22-49ad2ca2722e,470920.0,31044.0
c883518b-5bc2-4fcb-bd86-4d52ab85bb0d,4525.0,984.0
dbf9177d-6b5f-4de8-b457-61fc73fbe543,291298.0,37721.0
170d6637-36e0-49dd-a225-c4fd5b77a285,333310.0,29007.0
b54f0842-5a48-4b6d-a8f5-8fa2cb23f9d2,56172.0,5351.0
333cf594-2b90-429f-88f4-a93e6c64cbeb,125688.0,5125.0
ea745294-9bcd-4d41-99ee-ae4ec9d0438e,162887.0,22847.0
3edf29e6-d659-443b-9449-4f8f8c7b70e8,2509.0,467.0
c5931849-7c9d-465e-b717-29e2af974c6b,137431.0,10826.0
4c861d23-fc53-49ff-a64f-245dce70c779,109096.0,13906.0
c6b207fa-c660-427f-bdb2-56d6726d962a,6876.0,827.0
5fba68b9-1b84-46f5-9fe0-5754b7c727fc,22938.0,3295.0
bd052b81-353a-4bce-8cd8-72ba9d4ce414,123407.0,4953.0
0b33f22d-b4b6-400e-90af-c593e0f395b6,49623.0,4547.0
c441b5cf-876e-4d41-b90c-04300e72691d,38294.0,4416.0
52491cf4-55df-4d0f-b4d4-c3652f7e122d,367016.0,21357.0
03f5712c-039a-46ab-aed5-7bff1416916d,5435.0,747.0
70d58a6b-c0b2-47de-8ff3-bc8ab817b5f9,36827.0,3050.0
350eaa17-ff34-49f1-b29b-07eb399c5c29,85603.0,7488.0
d6994020-93ee-4762-8e7c-ad6a25540eb3,7930.0,848.0
47347cb8-ac34-4916-84b6-d85d4e5e5384,1717945.0,59555.0
724ffc08-6987-40b0-b107-03bb95a82b80,99239.0,6396.0
29ed4a49-fb99-4a5c-8713-609cabe6f34a,2388259.0,103458.0
5b3cc848-942f-4363-8e89-b63a13c3fd0e,504195.0,42126.0
df42d20e-18b9-41a6-a0fb-264cb4aa257b,35854.0,5177.0
9421db03-dc72-48c3-a332-9f35bcaae9ff,8904.0,1304.0
0b05861d-84bf-40af-952f-f678af57e668,51339.0,3467.0
7ba6a7e4-5a13-45bc-9639-b8d4df407b23,37509.0,2667.0
e127363c-1cbb-41de-8e7d-627a2382dfce,428893.0,36848.0
73e17e61-3a7a-4653-a642-71a269e0ae84,31300.0,3558.0
a695f35d-099c-4841-a1af-3c2c06011c4f,28642.0,3238.0
9567a29f-cb0e-4880-8b23-beac15a2cf94,64602.0,5830.0
22340e93-9e02-4f9b-80c7-7ff8ca57f96c,11868.0,1255.0
10539fc9-7b6a-4a95-8b9b-cd8d6c7e8a87,63264.0,3447.0
a6ac2db9-abba-4940-9124-0a24f8847fc5,10760.0,1188.0
370bd5a3-4abf-4356-8576-3a8fc0c11d65,2316319.0,52671.0
e8680bfe-e216-491b-a8d4-44e6cbfa77a5,49785.0,4323.0
86e205b1-93d7-45a6-a626-e0e605574236,34632.0,3127.0
d2194c5e-c9a2-40ca-92f1-b3d6efe12ba0,28311.0,2247.0
cc91bb2e-7330-4f9e-ae04-4f78f49e3155,188091.0,7624.0
045bc733-e2f0-4f3b-8807-6a6d84505ea8,273327.0,13489.0
311360aa-d90c-44c0-b953-c0db4e02601e,96861.0,5902.0
cb99cdb6-55e0-47ed-ae60-6b4c2630a661,130795.0,9009.0
f79564d5-9d40-4089-a83e-2308828fb69b,40574.0,3235.0
73571b2f-1cc3-4b6b-b46c-6c48856e7c2f,44148.0,4678.0
8b3b7346-ee3b-4e03-b747-0952aab46e61,56708.0,5908.0
5cafb34e-c23f-4c50-b2bc-d2eeff0c14b0,3316.0,612.0
6fcc5601-7c5b-4d53-b982-fdaa0aa45314,125855.0,14961.0
8234024b-dbb6-4465-8d46-521f2e496387,28252.0,2110.0
ccfa0410-bd90-4fd1-ab85-8995a57e265b,895924.0,33110.0
f7ba60af-39d6-4d9e-ba25-a7c47c417143,69065.0,4965.0
4dbc82e5-9733-4a8d-9893-dd8f71d462a4,7654.0,1381.0
c604ae83-a72f-4170-a04d-60ed10d2c798,2990.0,432.0
4ec541fa-2573-4bbb-8a32-d51134990177,10174.0,2360.0
872daf79-9dca-4853-89f7-f1f1899153dc,22072.0,1520.0
b553be52-78f3-4b07-8b6b-ca802ced388b,22532.0,2232.0
4069600e-55c1-46dd-814f-4166d5b5dbba,410598.0,45301.0
4902b09a-8fd8-4413-941d-a5c9247aaa5b,32135.0,2724.0
2e9786c5-3c2b-4030-8858-08e86e2e0936,11099.0,1299.0
680ed990-df6e-4bab-97d4-538c16ef51e7,7254.0,1047.0
514c570c-e2ce-4369-8028-e0de985fea8f,4942.0,667.0
e00e0fe5-4328-47f1-bfb0-c0edf18cdecf,12110.0,2064.0
0b3dc639-6dcb-4ef0-93e6-3c66e95c5e9a,90530.0,7339.0
95cd6d30-a1cb-451d-a2ac-77922fa4d827,12447.0,1386.0
73549455-66cb-4570-b0bf-caf3d8d631fe,524368.0,22622.0
83d91898-7763-47d7-b03b-b92132375c47,76601554.0,362742.0
9efff43b-3b29-4082-824e-bc82f646f93d,35116477.0,325932.0
ebfc1398-8d96-47e3-82c3-f782abcdb13d,16457085.0,284560.0
46899869-22c3-42f2-af3b-6f91775c90cc,,
802247cc-77a2-4671-a02d-ad25bf90e23c,152470.0,4381.0
08a73246-55b2-43a3-8b2f-6bfd77f8df7f,2280.0,349.0
c6619f89-5454-4e2d-aa19-b5596ba3b4c6,671029.0,62003.0
3f0590c5-6abd-461a-b3b6-f0175e96f15b,12454.0,1124.0
9d1ebcfe-4c15-4d18-95d3-d919898638a1,7616489.0,257282.0
ecf63c96-653b-4db6-aa40-03e095dd3ee4,5233.0,612.0
33736d61-e2a2-4070-88dd-ad2e173d174c,259804.0,6801.0
abc08d4f-4e3c-4b5a-b1e8-d324cd6a2f92,897257.0,80530.0
d41c89f4-6aa8-4e92-bc53-89ac38dcbdb4,731.0,41.0
a3212186-5da5-4e84-a935-6952b3e14921,2358360.0,60124.0
69ac44f7-c80d-47b4-9bc8-fcc758d209e6,447308.0,21137.0
8b399704-17f4-4001-943b-1d2b848940aa,837243.0,46985.0
5e51e09d-0713-4595-b858-d7e887238825,62849.0,4682.0
cf042013-3edd-46c4-9b0e-a62faac98d0b,2073395.0,83940.0
dafcd725-9cb6-4347-be21-fd9a950e8064,94329.0,4827.0
a043cfa6-6e87-4975-ac27-5005bdfa7afb,1954302.0,31751.0
8c7a8406-f15a-408d-b0f6-23be813bdddc,724478.0,49836.0
65041e06-83d2-4987-ae52-c17a915fc82a,4336042.0,106856.0
34ec9a8d-c65b-48fd-bcdd-aad2f72fdb47,2047719.0,79592.0
1239455b-7744-4df2-8284-e77201f33a9a,1197.0,324.0
381e8434-109a-439c-8acc-5d328359f2e0,5055700.0,81788.0
ee1ed7fa-26d6-4022-be87-74ca4adcb681,473720.0,15054.0
670cc8bc-a6e1-40cd-b20a-86753456d6fa,219980.0,30723.0
b4375768-3c8b-46e7-b578-c920ccfe725f,589833.0,32537.0
42faad37-8aaa-42e4-a300-5a7dae79ed24,5329584.0,107331.0
dd5fcd94-3119-461e-9abc-04c0a8455a12,1242327.0,21880.0
2819834e-4e08-47b0-a2c4-b7672318e8f0,3518666.0,138310.0
2687423d-456d-442a-801a-da347030ccde,780.0,180.0
f51a55d0-5f9a-4df9-8a05-ab7bf56fa49d,159425.0,13887.0
13501c7d-d181-45ba-af52-5f101d8516a0,2848901.0,78109.0
4c567499-3a26-40e3-9471-20feb6c73767,835312,60647
a6d10075-ae6f-44cd-be2c-66dfde3f0e5e,173661,4158
87fa7ab0-2720-46c4-8926-900f4d916e66,199287,17170
25c76eb2-a92d-4624-9e30-093fc16ed5eb,1167281,36545
f1548c5b-329e-4036-921c-02213a04b525,3014438,79739
7ab56a87-a905-4bcd-aab8-3c1cd6ff6e4b,4304,912
8546949d-f46c-45ab-8391-85b26dda6b65,1244710,50413
12327d75-47d5-45d9-84c2-3760b9210c17,2413826,64371
8d48c57d-0641-46ed-8ffd-99b3e1fe9d96,1850,342
b7ec4c54-1f93-4bf2-957f-7b9921ab84ea,2321405,110721
6faa7ca7-0d99-4a5e-bfa6-1fd5037520c6,6535225,107367
c4ff10e0-ae5a-467d-a409-6e0b4bf241eb,2242413,68317
4717b4d8-00b9-4f55-aead-ae501d359f6f,17209,1899
001360db-3625-48c5-a3a7-42653dc50811,3447,347
b57bb478-ff2c-46e6-ae67-653f9e873325,177674,11693
1280a1d6-f69e-446f-b366-a2a25405a106,3840,368
6afd770e-8d2a-4243-b1fc-d9c22f11e428,19101,2657
09d878d8-bc2e-4d04-b4aa-57ab614f93ab,444073,23770
45d7e6e8-c5bf-4c59-a79e-c7bb2e9b2cc9,386336,11648
a6623d39-2d8e-4f70-8242-0a9553b91e50,4292626,110067
96ad1836-0a6e-423f-a2af-0f4a64a325ca,178363,17803
6ccbe964-a897-4da8-8d44-1be62d1ec87e,14057,1172
b02e3802-9d68-4f29-8fa6-8115c1cfe911,136220,9051
90c88f94-8b70-49fd-9726-cadf4306ef42,308240,14919
89967ce2-3f9a-4dad-b8c8-491bb87b73fe,232384,15970
51625f3d-adfa-4096-a7b9-113f5225cc58,518103,22605
ba6a7ba9-d3ee-4ae1-9994-1d3adeebdec4,1284,120
cc60d937-e80b-4c66-8aa2-e89cb57c8b08,1023350,38103
7cdb1751-4cf3-4e47-b13a-41dcf72a2dc6,1118729,22073
cbf71c15-17c2-484f-8406-cfce12fd3e46,1155107,34651
559211a5-2a51-4346-ba84-5cc74821a1cd,304550,15643
377ca1eb-83c2-40da-81fd-eb81e922a585,502065,15266
5c45c7ad-2a27-4852-ab21-256fa7a5e05f,8236,501
0d19e869-22f7-4273-8d91-844b445e8bf4,42345,2970
8a76c38b-c8d6-42ea-ac30-9e2714a084ab,44413,4588
b250533d-2823-4f5d-81a6-615eaf1bf170,175239,8708
b7be7cdc-d77d-48a2-8d5f-f273e6545dd7,457375,13253
890cd962-5d7a-4fe8-ad98-e28e366f9a52,734,133
f75150f0-d80d-4c34-903b-6acfb47b63ee,1966795,58070
3da3e7e1-e817-47e8-8624-635df4aedbe6,589974,51256
46713d05-4143-4704-a9c3-71b482a13944,34391,1277
01566df1-0848-41b3-b5e7-b683ae79b679,138237,6650
818fd746-9e8f-4c0f-8e96-bb9a7fc0984e,2566,111
cfe4a55b-b076-48c1-a9fe-585c59f14645,57189,6229
93c2b7ef-04da-4b82-9e53-3004833c3e45,46028,2246
663d6cd0-b275-41a4-a581-4bb3cb878eb9,45284,4854
72938160-5fc0-45b8-ae62-f6bbbc1eec5a,95976,6301
961b734b-91cb-4b3e-9cfb-d9db3b4d5024,114592,4150
04439017-97ef-4652-9156-8e42f81bef23,14212,774
bbdf1e46-d4af-4b87-8ca9-dd3c707da4e2,24301,1286
f0167ca4-f151-4194-813f-021bca2ecf7b,195076,14166
2ba62367-f36f-4d49-9439-9a81f22a47ce,14236,1110
4db1a745-6fd0-4801-9cce-99e88bf855e6,1517426,30244
4898b9ad-f564-4ff1-9046-b1a16dfd5200,1791882,64355
e0a15893-a805-4b54-b593-1ef4ab41a43a,608,74
345acde1-1592-4025-8459-589e0224f9d1,7912,799
5d0764c8-b14a-47fb-adc7-2ba9fb5f0d76,1169503,21794
e01755e3-58ab-4a5b-a9e9-a0a3bd3dff4c,498518,17438
0743b15a-3c32-48c8-ad58-cb325350befa,2235824,41441
62162215-b023-4f0e-84bd-1e9412d5b32c,13821268,110431
09885b8e-f235-4b80-a02a-055539493173,8600648,176408
40f5d9e4-2de7-4f2d-ad41-e31a9a9fea27,40810262,299399
b345af35-205e-4eca-8006-029e5c20127e,9600063,143525
69ee3720-a7cb-4402-b48d-a02c366f2bcf,39564356,352918
d6ed7887-a401-47a8-893c-34b967444d26,19624983,249519
46e63d3b-d91b-4791-bb73-e9f638a45ea0,1610213,67600
5028bb70-8872-4806-8b4a-b693ae0da7fc,210657,3768
f1106b17-dcbb-45f6-b938-199ccfab50cc,12895594,238801
f37b3f31-b1f8-4b88-8cb5-b34f709b17d7,6789160,241382
20aee940-3b65-4d04-8768-9a5918db2973,835225,38387
125948ec-7f91-4d1a-8b83-accbf50fae3d,7073598,110041
6857c38e-22b0-4de2-9e66-a58ad3eb3915,251296,5849
7d00be8d-5f27-440f-883a-9a42db32f8ec,5983,335
127f591a-7e27-4435-92db-0780f219f3a1,331934,29572
f0e820ab-f31a-400d-9c5e-8be1c8c38726,4993876,97761
d176915b-71d9-49ca-ba47-da52d46d0e4a,849139,21064
e8374874-4178-4869-b92e-fef6bf30dc04,12318221,139410
ccd4879c-5e88-4385-b131-bf65296bf245,4566781,143063
a96d82a0-cdca-40bf-b4c8-3d7ec178d85b,2899967,132450
23228f18-01d5-493e-94ce-cfcde82a8db2,3960900,118185
c3694ddc-f7e5-40dd-9fad-90d11a2c50fa,8179116,122077
3ce16eb9-c989-4a14-b764-aadb957d16e0,843427,19972
afd955ea-92d4-4d15-8e7a-4b71b55ad3f6,10754,404
d2df059a-46e2-4030-a59c-6b769d9f7a25,50699,996
f74e2126-0bbf-4a3a-8e91-ec23d8d63921,435500,8241
779353f3-6401-4cda-a8a2-6fd3ec9bc11b,2624172,71905
9957bacd-a7c3-4f2a-adfd-ecfe89aa182e,3369,125
94e53a49-b66c-4633-9913-c257b03b3756,28612,474
1a831d81-ee6a-44bf-b5a0-c1960699af11,532896,2750
29522b1e-bfcd-4dce-bb11-e5819991ae4a,21318,536
eebe5b75-9049-45b3-8fdf-a1defa0b34a8,44324,1633
c03332ff-829e-4d03-ad4a-41f4a4874d2a,128220,3695
cb37cba5-0671-48ef-9674-a22fdfd93d6d,7826,578
49576e42-fbbd-4d73-968d-93c8dcf7f065,5583527,163641
b91f0973-002e-4237-a39f-c7e02e786e53,7274916,142446
a01de6d9-3289-4318-b84f-09d29b094aa8,13563,644
8b755725-c6c9-428c-aaf9-e9a60325a0eb,1954,186
54906119-a131-4056-98f9-4b27dd9ba729,1419423,8421
14eb1e79-17ac-44a1-97ea-672bf9c2576c,8690,444
9bbbbc68-c60d-40e4-9b50-0b65d76a9683,26103,671
710e234d-e1e2-4f30-89ec-01bd71f6e4a3,77019,2309
82f68ef2-d2a6-45c4-b285-cee49279cbfd,365545,4389
9f930ddf-be2f-4de5-a39f-7ae47305752e,1299497,72936
3f194516-6f0d-4d26-b631-71117f3bc41d,76687,2608
d48b3f92-1e10-4a66-ba34-9684d16140c2,631,112
3f8a5e5b-c24b-4068-9f1c-afad8829e06b,2417295,24302
da61d65f-d1ab-4d5b-919b-10b6f665aae5,49715,1155
c2e672bd-8542-419d-8d5e-34ff6ddc5bf8,180914,1817
143cd620-88f9-4c58-a2c1-46028166d020,46157,2824
eb1f32c1-2d60-4fd1-8612-2e536b7fbafe,10334,422
6fe998b3-cc1b-42d4-92b9-15c80ec99bd6,38742,443
2538f4bf-a54f-46c7-ae78-24f456325263,1123225,16868
6c95654d-3a0e-4a33-82f9-e989d39ed88c,73808,2697
ed27e7b8-31f9-4d61-8c07-52ea8ae5f57d,317282,3141
755c1cb1-9ac6-43ab-94ba-b438396e9360,390443,3252
274bd829-8968-4753-abe6-047225434608,387,60
4c588c91-57a9-4809-a476-a6f804ccff40,164590,3213
7368615a-8f6d-401c-b080-3996a2049e68,9980,494
9db53785-39f9-471d-9d94-71474f6dc6a8,892340,10670
b8c77de7-0a76-44ba-a54b-df7ebbddcedd,32568,848
391432b8-72bb-49a1-8ad7-4c41f342cce0,68813,4219
8134332b-2d26-42c9-97fd-1107066797ea,136163,862
5c7b6ed2-951d-479c-a856-aa1fcdf24c40,53969,1289
e48be3f5-8a15-4480-b7ce-17fae512a306,1860,150
7e3f7bff-eb80-40a9-a335-956d74bee54c,436165,6753
157abd41-5327-4d80-8fc4-4d1c92f03cd9,288219,5177
ad80a421-d1f6-4882-a749-c331751bd511,655145,9345
8b6dc1fc-8aa2-4e37-afba-c532cacb4969,36247,543
7905b1ec-d96b-49a3-826b-7cc83b7cb45a,213993,1287
d6e65033-b56a-49df-8744-6fc3ffd75edd,5044546,91832
30ade1ad-f9b4-47af-bb55-905e9bbff7a6,3543,156
366e8c68-c9b2-4a32-a4f5-3af11a99df0d,22306,538
1c8d248f-82c8-4d6d-a918-07078d8b3a8f,235966,5743
d71886b8-2cb0-4af2-bee0-e909827f0ec7,38905,1774
c6e0587b-b138-44ed-bb84-7764b9953027,23093,508
2380dd83-06f6-45e2-bd23-2790b89f7ce6,172,27
472f9acc-1e08-433f-bcae-9ab74257180f,265410,6560
691b909c-2e62-43e2-9432-200f84d152eb,113183,2599
ddaedead-bd5c-474b-83c6-b455c8fbb92e,360,26
02295e8b-8a73-493f-b26c-efac82b13a15,652892,14358
da800cf0-c35e-4337-83f6-a55a9a943738,447774,8886
57e50a8e-0435-42d3-ac8b-aad387690aaf,44702,421
dbb2a156-3c0d-45c4-bd86-e2c593c25d13,4321,300
52391c83-1ac6-4af8-a026-9dd44ac7ef61,100,17
4598f7b5-d2cd-4af5-9bf9-752a8ae19a72,46821,1252
79a8d8a6-012a-4dd9-b5e2-ed4b52a5d55e,62861,1198
f319b57a-a494-40f6-a467-3d196d3484e6,1957929,64591
868a93fb-30f9-440e-ae1f-15299a0d1a9e,83,18
09c321a5-a021-4a29-81e5-094495228bf2,1122455,10470
4642f87a-ae06-4ecf-b9d2-bd5a715f5580,5634,133
06a9eb28-1dc5-488f-9572-a0ce6c6597c8,1009670,4815
2645702c-97a3-45dd-b408-707362116101,2550915,21273
e5db18cb-4b1f-496d-a308-548b611090d3,5731640,181431
da3672cd-dca1-431c-8f6b-4876bcf86c14,797,71
571e9395-89fb-4b6c-89ef-7fe5c0b9dfea,546,119
b4aea558-9c2d-4db3-91a1-9e393e67ae8d,1071,224
21f0cf7e-9058-40a9-9eb2-178f567c747b,228017,3277
b8fb18e5-0f16-4901-8e4c-26e83227c083,447888,2239
064db6e8-fdfb-4acb-a327-fc2de75b37de,2373218,27290
bcb95908-5c6e-453a-97fc-d69003d250ff,4044344,88743
b57e5492-a42b-4423-8852-3f5d1315488e,734,83
de548477-205e-4802-8908-e71d3ad67be0,10655494,28945
29daf73c-945f-4896-b6de-0f88c23e3051,102363,6608
e5b1d871-be9f-46c9-a0d4-5e05399f379f,127119,2190
00c8e7e4-a87d-40ba-b914-47e81742bffc,4873,220
602a999d-4d99-46a1-97e2-1883b1d70913,312911,5269
5ef2c2ca-0037-40b7-bd3e-702eb94b121d,533182,7777
5e0a64cf-c74f-44ab-bc1d-50a75eff1a79,72437,2093
5c58ccc9-9de8-4a30-9676-955077320d23,10513,503
070962e0-b227-4507-b0f1-c58e387313e5,2071,187
2abdd525-55ca-4263-b3b0-d5cdd8edbd02,469325,8534
d135874d-9cae-4fef-97e3-36acbd9f5a26,3317039,119053
2f6b8526-0aa6-4ed9-ab0d-7609ab39e194,400623,7620
79ce0c10-aa93-48d2-a6fd-dad15791846c,233043,7351
a1635236-1d0e-4ff3-b87b-216850cc421d,476012,7048
3c71598b-4619-459c-ba31-91717e130a78,30464,2294
302e7352-899c-4ea3-8fdd-1fab539f9fbd,79354,1674
65e54bc8-9d7e-467b-aeb1-a5b9e15bf8c2,20293,568
4db9a3b6-74f9-4c0d-b90a-7d542dc12d94,292,23
e938a15c-b17e-4e7a-9f68-ff0d536cab44,7377596,133752
d7448897-dd23-496d-9751-dd57c341b62d,23824,382
f96627af-7aac-4e16-9245-c5661eb47199,1832958,20309
5a6e3294-a32f-43b3-9ba5-62859555265a,5591,265
23620454-4dca-45b7-8496-066e94d99826,1887591,22177
81d52052-e70a-4f88-8863-0b3a323e7815,40909,728
25cb62f5-ebcf-413f-bba1-d9f55edd44dd,11070,433
6926d482-159b-40cd-9603-1d18bc28c734,61640,1377
8ba628d6-bbc1-4831-8bf1-9f7e51a0576c,1448685,20249
84cf2aa3-2bf9-4127-a4af-b4c67b2c483d,3059,515
9a16f61b-e61b-40a3-9a6c-66ca0348430e,11775,281
00760708-6ac1-48b7-a3e3-624d385570f3,2643,206
fe93169c-f312-4771-ad9b-a06727dea862,5240,306
084308bd-1654-436f-ba03-df6697104e19,48161349,367616
c40a79e9-3b9e-492e-9469-0e5b952ad3e1,240460,5937
95f5b748-d370-47fe-85bd-0af2dc450bc0,10932360,168590
fd429857-5ace-4609-ae54-1502c3bdac11,18116582,152729
f2eef649-a6d5-4114-afba-e50ab26254d2,22648301,217234
3630fff3-52fc-4e97-ab01-d68fd88e4135,11987260,153511
2fa1461e-acaf-4431-95fc-5df6865c2231,2687,512
6a691473-7ff8-4450-bfeb-0b61c297a5bc,767,73
6885e4b4-03e6-48c4-8943-cda1658fbe46,50000,991
f344bcde-7174-491f-9026-aa0e9a75d40f,4241,129
11bcbbf4-1252-496a-b747-06942f3d76db,207489,6343
e618770f-e994-41c3-856f-1eedf56b6d74,7959900,214673
7b7b1e6f-e73e-41a0-9d72-8f0b30c6992d,1686243,92467
4535c7e4-858a-4e53-a310-55f76b70cc6f,9909,680
2d67239c-aa40-4ad5-a807-9052b66857a6,3317159,109690
ab7ebf8c-059f-4071-93b1-dd3ae80d60b2,3157202,97681
c41dd59f-d805-41df-9e0e-83ec0f9f468e,227130,4057
4df6b0e7-0de2-4fb0-aeb0-e85892e935a6,87,7
bd4fd59a-891e-4c20-b9dd-04e3a26f156b,10130,593
a66ebddc-ff04-46b8-820a-15c63e80dba1,7991637,87228
7d3421c2-4cc0-4f8e-96ec-587932c2c853,21,6
306525b7-8a0c-4dce-ab26-261d4bdf93c4,1032,54
ded0d67a-eb71-4fe9-83c0-1d18b8ed497e,1244977,49898
d4bb20c4-5ff0-407f-a377-1c3ca80b1f75,226,25
6cbacf39-cc4a-472a-8cf1-08a068bd0a9c,15667,867
7de3b7b4-8288-4baf-929b-98af9224c0cb,100216,4335
8cb66e8a-b0c0-4963-b5eb-4783df2ad2fc,5344,330
647c5209-1ae2-410f-b5d6-3bffa7662537,5036,355
35b9706f-a6bb-4876-acf3-94fb82c62388,1241633,34497
3bcdc8b3-51e4-40dc-b6c2-68e448980e35,1136,38
80f168a5-f3b3-4e98-a8a6-5c124cb744f8,339,29
e17baed2-b334-4966-bb61-7ec424e4b985,402,45
d0c29337-ada3-49b1-823c-3b323cb17784,1534,56
f6dcd1e0-ad40-4687-8501-5b9a0d1d74e4,1304557,76435
f62d7553-5fd0-4c8f-8457-47516c327937,38258,1183
8a3576c0-b799-4ce6-aab6-81502cd60f0b,24,6
e1e05cce-3922-44e1-8f20-015abe5e309d,4684405,89958
cd3772a8-6f4e-40c3-ba7d-019809dbd9b4,233488,3114
9786dea4-0183-4bc7-bfd3-4bd1d3786abf,254,12
2ac08359-7091-479a-a397-6eac56683218,647537,24526
ced54b41-6f81-4fc5-90d7-d8f10de1cb7f,851,65
64955e74-ab45-4ae2-bfdf-b3f534cc9920,31039,1053
4b46e117-f0bb-42bd-8a4e-56145e7085f7,29256,1671
733b051e-082a-4748-8a23-93e6fc80c65b,92612,1369
42fb174a-4335-4800-ba1f-165e244c9e6e,565,30
ab4721e4-bc37-4bd2-be8c-8f1550152ad6,2811677,49565
695e75b5-c6db-43ee-abeb-2f3e50d96c3e,600607,10177
842b0560-a8eb-4322-9a59-e4fae08bb80b,23937,1276
7b3be6b2-d05f-41d3-ab86-e501d27890ca,422,53
dc21a218-daca-4ada-95c6-746cac1560e8,1211460,14774
8ccca21a-8c23-4554-8230-2e5339fa1b20,41146,1631
5ac966d1-5afd-46d9-b306-9565c0dc49ca,47801,1333
22099938-0d7e-476f-991c-e1a04af528ef,43560,2079
0012ecdb-5c15-498e-b51d-3f46a3299a85,29186,669
acb31795-164b-49b5-b50e-1422bbf13898,1602133,31945
e8b1c65a-2039-4029-aac5-0739077e52ab,976,47
31853d69-66c6-4da9-a927-d6dea2d67727,59,7
e000d76b-afff-4286-a5fd-7ea6405cb80f,1528837,26053
9478e346-7c52-4780-9555-3d1577f0b905,3147489,59794
95b69422-4ac9-489d-92c6-f5b1e140103f,734,47
08d33bb8-dd4f-458d-9630-ef5dd51e9127,279,16
d6b60f79-b0a1-4449-b500-e47eaafcf871,15331,749
e7e88ab3-5818-49c3-a8d6-61018237ddbd,1667945,22170
d44b92db-dd49-4636-abe8-7c381f90b7aa,109977,4754
837555ba-012e-45f1-9a9c-9628da13ee54,811693,98980
420c6768-0885-415a-bb59-d6a275121125,689563,56117
13108baf-5129-47b5-a174-5f720012155a,55433,2664
b42eca0f-9381-43db-badb-1cba080a7dc2,1295778,76616
9d63e93e-70fe-44e9-a198-f58cf806ad3c,12550,1105
87c18952-956e-46bf-a4b9-8c13f5a4e3fa,81245,4133
7c71f7cb-f4af-42ca-8dcb-93936339b8d4,1262,169
f45cbc18-1561-4b76-9850-535e871cdd49,31480,1683
1ac3366a-a0e9-4a55-8f6e-796fce32a3b2,655316,77911
9a536964-182b-4b86-a9f6-c5b01f6bb3e4,518,97
c6fdc194-f46e-495d-b84d-442eb3d74800,2815,409
91e4f95e-9d52-43bf-b26b-b88f4d88e40d,2176,385
7362866d-49de-4f3f-9b25-f0da493493a9,19357,878
0bbbc496-c7b5-4b3f-bb6d-bd312827d6e5,2826089,139852
b0704195-0cd1-46a0-98a1-59f45114c387,13602,739
4e948360-3283-42a1-8b8c-b1e16c3fd600,2817,345
2dfd4e5b-da39-461e-8fb1-bc8a8335716c,354,22
05a4a609-1bd8-4728-8762-63ad676f0086,4868,503
3fb55c03-3ad9-4341-8d0b-7c4c49aefca0,652979,70415
45bbfc68-2523-49e4-96f7-d7d1c3d41aac,430886,41219
3b645f08-84e7-46ed-a072-b3832378c357,6198,619
9e2d3f58-0653-4007-bcb7-1746fcdd9363,804398,79988
89efeadd-8080-4cf9-af33-2e68a173df02,393308,44344
6b835988-ac00-41c2-9b10-a4b99817cc36,3169,252
73ab453d-f9e4-4f29-9d61-a12b19e2b97a,856,97
13de3a21-0c71-4010-adc1-44be2692d7de,1591,232
040981f0-5b0b-496f-8dcb-7a70595e3b4a,56262,5460
53ba77c5-2c98-407d-8488-aaaac464eff3,13774,810
0b511854-c21c-4af1-9c31-e3fc178ded61,588836,67352
5c316ada-0201-427f-8bb6-535ebe17cf85,309243,45402
1a6070a5-df8d-42bb-8374-5e9603a0d974,3135,437
fb614974-1cae-41bd-be18-9e1a897ebe06,3520,541
e4b31c0a-ae5f-41a6-b5c0-c704e2a9e263,497,76
5222714d-21ee-4061-87f7-c749f1586790,374834,44625
623d5f3f-3093-4711-881f-ed33eda10882,248515,37966
a0b7b319-2cf2-4c85-9e99-58b23b52ed3e,4717,720
bff62973-f210-47a9-84bf-0f2ddfb42561,68386,4246
76e18f18-3dda-4911-9a00-e11906e7fa4b,8064,901
2e1adf02-0712-4d8f-9f44-724dcb410117,31138,1743
e3198608-1b21-49c6-9886-7f883cc7b57f,54615,8728
e2abe53d-e487-4b0b-963d-6cf11cd05733,1265,103
091ec508-877f-4e3c-92a3-10903bbbc7ad,1087643,77054
401ea31e-80d9-461d-9d57-c6d6d3484e59,6369,349
9f996777-6079-4da5-b03f-984c6109bd40,2838,428
b69dc57f-5049-4050-aced-c26a798b83f0,4716,364
35200f83-289b-4e51-94c8-792cfdf6fe08,1695,211
b5c2fdfc-d037-45b8-84f9-09ebb7ff8aa1,720225,68140
eb872766-98f6-453d-883f-2ae908a18315,12313364,206108
920febb2-ea05-4339-8a08-17294e60c736,396258,55629
69bd1bd1-a066-40ba-8c92-c9abca1c357b,95,17
5fcd7daf-25e1-47fd-9ba1-830b42708f84,477247,45459
1c7b3786-b99a-40ab-81e4-f3056da19e13,576555,57932
d8530921-e972-4263-9f52-9992d1ff4b28,170688,6249
f656c211-15d5-4f2c-8c49-bdabb6a81831,505,56
22a40b75-affc-4e69-8884-266d087e4751,10525961,180021
77a08577-f393-4cc4-95a3-858cb141cbc0,1334,142
8f2b04cb-c96c-45f9-a847-9c2855e56a87,113,28
c5ced819-24a0-4ed0-a301-c3609427416e,29895,1121
4d3279bc-b3de-45da-aa2c-2274ef08c6dd,108377,13370
f52a7db9-cb1b-4c55-900f-b04ef6cf2ed0,7834,772
57447107-8ad7-4cfd-bd02-89c86ee8d10d,585,89
3976fbd4-0830-4a30-a23f-5228b59b0393,14,5
748cba7b-d64b-48df-a983-7bbc3493455e,171619,1925
48b9a301-c49e-438a-8190-7bee614c4ea9,807,199
5c70dd66-e717-4ce3-8940-9a530f492383,7488,852
940b11e2-2df3-4374-9014-ff3fc710edef,130854,19142
3f64d38c-1ad4-4fb0-941e-7f4b51d4c9e6,592564,45607
a7e2a52b-db71-4ef1-892b-4a1b8a3825e5,23399,3895
8c1f7395-61b6-43bf-bb62-55d2c669f0e0,539286,15486
627e0144-d2e5-4c6a-af82-9162c73eefe7,24722,2087
de22adae-f8ac-414f-b653-b0162611bd60,202181,8520
151d9c35-43b8-49b9-a69a-5db6525dbcd2,84280,3952
53fa616a-e2b4-4982-bef8-6362b44054f0,75125,7099
1a3e7a10-72ed-4591-a363-c1e3bc92fc09,104439,21910
d29f0bcd-15b9-433a-9fc9-c35951476658,1160,157
fc63d806-ca89-4ea3-a404-ee6de695743f,1140878,100271
0a9f8491-5f30-4678-8b11-066f32e9cf11,647314,24647
ee421ee4-f861-405d-8730-29cb512dfdbd,1770130,90384
67375a28-2956-453e-b6c6-fafece47021d,13819,1660
7113aab7-628f-4050-ae49-dbecac110ca8,1741718,91918
c296e10c-110a-4103-9e77-47bfebb7fb2e,23161773,292090
0a5c92c7-4aa7-4324-82ab-8e8e733507cb,555541,51912
c2258df3-cfce-4dec-a721-33ca87c1be8f,32887,2631
e8993e9d-9313-4447-ad23-791459a3790d,4631497,103087
70cb4669-ad7a-4d5c-b99e-7582df393cc7,200904,33341
f28b704b-38e2-4b01-b51a-5337d7e5ac2d,19453,959
6cd7284d-a288-4b3c-94e8-a1b20b84a3f6,11584,663
2caa54a7-b08c-41da-b892-3a41abe778be,1104204,82873
ebe78cb3-8b02-4ff3-8c0a-fdf8789d553d,6659,340
82462e70-bc00-43ba-8d96-734efa6e72ac,660218,8014
cbfb9bcd-c5a0-4d7c-865f-2c641c171e1c,2953476,104359
b3adc16a-abdb-4668-9b05-baabbf942db6,92757,5301
bc6c4055-043d-4987-b6bd-4d4298284dff,160793,24110
aa69ae78-a895-4b64-be16-30958c634dd2,291,49
f30373ad-2317-4b92-a6be-1b202340004b,1918,197
ba74b590-e83f-4f1d-ba35-b9a3c37d54b1,11833,2724
ed90e3b4-8eb8-4f9d-a24e-533c0c60c720,42177,2797
3ae4cfbe-5947-46ae-9518-35cffd3b1ec5,406,67
e84eb940-810e-4fa2-a027-373fea779539,34279,773
0f2baefc-e714-4a48-94a4-36ca667928ce,4288,828
1d333e32-4d56-4ada-9fce-e4167fd64022,24958,3345
22adc4ef-9db3-4dc9-91d2-19ef1917c607,120,12
01809552-4f87-45b0-afff-2c6f0730a3be,16131113,273548
9782f9ff-dc89-444f-a859-552fd1735930,8264,1002
619a20bb-f174-4ec0-a1b6-200b262807ed,4568,438
f8baa848-8d5f-4151-b837-0d1dff59deb7,959,149
e0195400-ad63-4a21-8d56-9a96647cb24e,396142,47998
7b3dfacb-060f-44f1-a6b4-c4ec472d8895,73,6
bdc4daaf-b379-4520-8223-cc9649bddb21,3723,408
fe32eedd-9dd9-4d36-8ad5-1ec0e8ab947f,193,74
7fcd8371-52e1-42a2-bc1c-8ca7df57a5a2,305,83
08acd6fd-984b-46ad-95fd-3181e496adf7,1841,251
2af8c642-fdbe-42f6-a352-319e7159ef37,4529,588
bbaa7a18-98ff-4540-9973-8f8340a83d3b,168221,30944
cd8276c2-0fb6-4465-a1a1-849b44ebdf7c,18,6
c26893e2-65e2-4bb7-94fb-b5f652cbaee7,71,21
deb99423-954a-444d-8ff3-663db57a8095,975,141
4b2b5f7f-8cde-4043-9d77-17b90b46e085,371,37
93f2cbc8-0ba2-433d-bbea-1821d45d5ed2,431,128
234484c5-aefe-4eb0-bc08-3e9cbd00fa30,951,135
8e87caca-d673-4cba-b9ba-8d8757957cc4,272,67
586e9ac5-d295-4ef5-913c-5be20e002804,1363,141
73bf68e2-7679-4106-96f7-857a73709e99,695,141
e80eba1b-af08-445b-a650-ecf683603427,1051,216
a60364d6-86b0-4144-b568-569f686b4564,1956,502
5bf3674e-7258-42d3-8d36-a2d7a19ca4cb,920,164
1de9c97e-2409-409b-bf99-3ae711af6e4e,100698,14274
72f93ada-649d-42df-81a4-2144bd1ba2b6,163,29
b655ff1f-19ad-4874-861a-3ec62ae0b2e0,6876,990
b30e31b2-2603-4729-899d-df4db919b20f,1404,207
b2cc8903-0077-4bef-8454-ac5cef53d126,1034819,53808
04212b31-0873-430c-bec4-c6821b825f37,1337,176
f676588f-a4b1-4665-ac63-a06c276f2637,148,43
414f8240-8cdd-42c7-b827-1884931ac79c,139,42
c68ea4b4-85ae-481e-8345-959f6cfc1fdc,522792,55575
6b5b0ff1-d2ff-4498-9f5f-58878a71b0dd,53,26
efd04fa2-d322-4233-aea4-40b98aba05b2,264,74
f2054773-70d6-47fe-923b-62585ba97fee,12050,1383
1c64c7a1-5b8d-4fab-a43d-60076e6055d3,29,3
d180e8f3-c014-4924-8d6b-c8029307b3d6,120,39
185126c1-9b1e-4d96-be99-9736e0e4e6b0,1916,228
c100a5da-46f2-4b09-baf4-7ec1cbaaebe2,223,37
fa3a1df7-271a-4eb4-9621-3873a540c832,176,46
ed06d990-f010-4bf7-ab7a-aa6660c54e04,13097,1122
9fb7fe77-4e8b-4cbd-ba8f-84bcd80a24bc,159818,20232
cabebdc4-5803-4605-8f3f-ddaf92f7b5ad,55176,8322
95c2339b-8277-49a6-9aaf-08d8eeeaa0be,1313661,95627
c3739d79-5f43-4a73-bc8b-b225f917486e,14,2
94f661bb-0d65-4dbc-ba6b-5856ecee3d7e,7209,955
5e42a453-c6f6-405b-aa37-725ad69bc7f1,3917,589
dda054a6-1daf-47c5-9369-d94eee96169c,606,102
a517f175-dd3e-4997-b536-77bdc45669dc,4670,216
e223a837-7f02-4ded-8319-2cacebd43fa4,131,28
a85c70af-90e4-4a7c-83b1-e1bd567d7d2f,60161,10912
f37f26ea-6a9a-49b8-9614-bdad762f1ba6,304458,34884
6facb3b2-5058-4540-a087-ffa5b3bdfd8a,211820,34359
6304c5c2-be9f-4357-9e60-8c204479aec9,83048,18067
ba13c432-0d46-4e26-9b13-af0e6bd341df,16317,1866
5439627a-5f90-49fa-ab04-5ea61d005240,898,138
56e6d7cb-6b70-4308-8e24-30b3dd4224a6,231,64
4cda00d8-55d3-42cd-b5e3-5e1934406eaa,87587,13299
26bb1c09-39c6-42de-9791-d1c85f1ada06,193,24
6517f833-742a-48a0-a30a-32980c442074,49173,10202
9b198d8a-1ff0-478a-ae45-4f3768848e6f,255,38
6c7fe11e-587f-45f3-b238-4fb9ede94309,809,130
97ebb1b4-1d9c-4303-bb60-074c993e2d53,221638,26011
3d6e4b6d-2700-458c-9722-9021965a8164,276388,41692
6576874e-a4c7-4407-8bd3-3cf8a891179b,6569,875
52e94208-f7c8-4e07-97ed-d5edeb0cfe60,238242,31256
a21c1636-c622-48b7-bf6a-d9032645aa55,109219,19618
58ad9761-9123-4e0d-b12b-efe4705711ff,48,9
a78cdc4c-bd8f-490c-a731-9b10ac7621be,57,30
efc0ee36-ad69-45af-8602-991b254b7529,280625,41772
fa77efc7-e40a-438e-9521-a85e64e26044,90428,15553
1aff3d3a-5dc8-44f5-8075-96828b6c0f29,4,2
d6b3a4e4-7dac-4f98-8d75-a02ba6c8394a,30,15
1044e11a-51a0-4769-980a-3efa9c4b9e6a,149,47
a75dca07-0557-486e-9fa3-8f31377b5b27,13,7
0d3ef05c-3e27-4625-800c-67eb8765b845,58,33
068bd7ab-c38e-4fae-8ed2-cb0c153ed68f,515158,58501
2d1083de-0d7a-408f-a81a-d913a14ba6c1,41,15
363cc839-7a39-47f3-9669-2f13d97420a0,52,19
2e885bfb-1f59-49cf-8d51-e743445e1b48,594994,57336
a8540ea0-1a74-4c22-8b70-1348a77a74a0,466548,53719
93c6d1bd-0e83-4170-a17d-a812e7f55740,82,12
05ae3db6-4d20-4ea2-97a6-024d3f0e56c8,67408,9136
2ed544ee-f41e-44c7-a78e-626795953d65,13418,606
a13f75fd-c99f-454c-9f4f-982407c9bb69,498,84
3c9a3acd-a777-4698-8a25-7128a8716163,1136,253
83ae615f-b54a-4a80-8ab0-1de96820dd80,185283,16035
decb072d-1940-478e-ac21-04f87d3c11b5,17,4
ce0a5b20-7485-4074-85c8-bdb6a3668d12,167231,16677
0b1a0ca5-52cb-4d1d-8344-746f905ae115,24197,5788
b15f5684-f132-43a1-a577-f7f7986b31a0,109227,14722
c5e05e09-cae4-47c5-b0b5-6dfcb5e35186,30168,5809
40e69149-45a7-4dab-8128-c5a4d9654eeb,505856,48146
66f1d7f1-4f56-4a9a-a3b6-fbfccfaf8b5a,14,3
fd817c08-400c-4513-a769-c4c30005d021,60933,2235
b6010021-9fd7-4ac1-97fa-ad9c2468037c,125,31
21636002-818b-49a3-87cd-776495d4c126,86,4
7f052c8a-fa5f-47cc-8cd2-43a409fb97a3,37070,5844
986691af-d52c-48ad-9aef-e37562f26f4d,343135,8378
957fe961-876e-452d-9991-7be85d227e22,64939,13336
faac6919-9883-420b-812d-33cb207522e5,55081,9239
428fdfa8-c10b-4749-9c25-c36335c02c01,12,5
3bffa79c-c658-4457-993b-6f8c0c60ce2a,1542,305
6d7eef18-28b0-4d7b-90ba-516a19bf3dcc,50677,9633
4458d70d-c215-4f06-beea-ebd448dad6ac,440476,55540
ae327fae-37b3-44ee-8640-fdcc0752d579,100399,3292
f1fed436-04aa-423c-8a00-8b491063ea0a,143,19
6ee1ab2b-885c-4c91-b9a5-46b3f6769812,3412688,57981
fba62230-eaa3-4cb2-b0ef-715d8e091cf7,2956,629
b02cc1b7-35ef-4804-9678-e95085e106ae,187119,25248
01e708f5-bb89-44b5-84db-df544cff636d,118804,17597
26f16bdb-de63-4eb3-9e72-56135941adfe,11317,932
ed682cfc-c080-46c6-baf9-2df4935db7ce,20000,3822
9a5f37c3-7273-41eb-a984-88271ed32e96,447831,8362
654eb52e-3eb2-400d-963d-e523d9c8119d,44,9
da82e184-7850-4306-836d-e2723c7e0fc9,129,71
32fb9ce7-b6f3-421a-aa76-f11f3b090d83,1906,434
ded75e69-b485-426c-96b9-79d1fff7d6bf,81904,14663
e92e6d99-d4b3-4942-a6e6-b59427dae61e,156493,18797
531643e6-b3ba-4c7f-9d0d-f2831dc42317,139475,28245
2c8ddf66-bca7-4ed5-8ef6-b5d55b3fd3ff,192976,27205
17995d1c-5b3c-4ee9-98f5-105ee3b4ada1,752405,64786
a9d4daed-c653-4778-a477-5548010f7ba9,5032,837
870ab832-904b-4b49-ab72-7e6b0e0da65f,75364,8437
550fbe01-42e9-4006-bcd0-6a1854dceb8f,680295,46451
b25f0525-b82a-4386-8995-0b48b5b057e8,671,85
1e6b7643-8dac-4b0e-a8d1-4abf6211b882,249744,34489
93df1072-9d44-4aaf-a46d-ba53a097b287,102093,17988
4a5db093-7c23-44c3-9b58-bc221f5d52d4,2,1
8f67e20d-4152-4a3f-8a17-67cd84c09e29,95,30
ddb0a21a-af9f-4333-aa31-214bdaafad37,50647,4574
012151a8-0f9a-44c9-997f-ebd68b5389f9,6369774,140793
2eb55bd9-cfbf-44fd-a5da-92dd825284c7,684598,9528
b9472588-93f3-4922-a1a2-74082cdf9ce8,19786993,214355
0383dadf-2a4e-4d10-a46a-e9e041da8eb3,43686548,393555
b2befbb4-c585-4b05-8efa-3deebc8e1385,164599,8411
a6c6897a-7415-4f8d-b5a5-3a5e05f3be67,2669880,28139
bd13909f-1c29-4c27-a874-d4aaf27c5b1a,12615859,232455
74aab3b7-93a5-473c-a729-f975234c58b6,429705,28219
119a2c67-e6d6-41cf-a58c-c51b75c80daa,592571,45795
9e0e2b01-41db-4008-bd8b-988977d6019a,10614083,261576
4dbf5678-7a31-406a-abbe-232f8ac2cd63,5756096,181688
7808accb-6395-4b25-858c-678bbb73896b,2061389,64286
4c98aa1b-34eb-4336-987f-5e50aa059c00,7141799,144252
070c2401-1474-477d-b377-3e5827992fbf,94678,6045
bcb16f22-b064-4b80-b3a3-c824bccdbab1,2692398,81900
9e60ea29-9607-4f7d-aa96-2092ef41f0d3,321119,19649
aa25521e-3848-4ff7-ab09-545cc95b8a36,82113,7522
bfd5aec5-62a2-4560-a316-7c46c17babda,5763215,178825
c98d40fd-f6cf-4b26-883e-eaa515ee2851,15507683,268819
a66999a7-ae5c-460e-ba94-1a01143ae847,23593661,287473
4d5447d7-c61c-4120-ba1b-d7f471d385b9,8482488,238577
debabff3-2559-46e5-862d-ef2a906d7010,3113559,160580
a35237a0-4f47-40a6-b6f3-1e786db23402,3417630,154248
90218af4-4d58-4821-8d41-2ee295ebbe21,13825270,243735
b4d32cff-f19e-455f-86c4-f347d824ca61,3385231,171760
614e3804-7d34-41ba-857f-811bad7c2b7a,13353105,223508
d1353a0c-26fb-4318-a116-defde9c7c9ad,9341311,224726
ebee61b4-bbdd-4087-9bcb-d5aa099088ec,8870094,179275
3e30aebd-0557-4cfd-8fb9-3945afa5d72b,2076464,99222
edf078bd-ab50-477a-9e3d-f4c0c1d3470b,326499,5633
e2c00c56-8365-4160-9f40-a64682917633,8852779,202878
0ef3f425-9bd2-4216-9dd2-219d2fe90f1f,7155403,211479
7364dea6-ca9a-48e3-be01-b44ad0d19897,4253237,168632
aab5c954-cabe-432e-899e-1c4f99757327,4474752,162320
39ab1aed-75e0-4140-bd47-540276886b60,38449436,357954
15042d2b-2d4c-4451-a96a-6f547642de13,916562,88243
6ca4886a-8f77-4133-b404-46fb3908e24a,582986,68953
577d92bd-32ac-48b6-86df-4db6b0b52fbf,310892,31407
334cb0fd-c5de-4993-b820-5b5f55bd7968,163,52
fa4396ff-1644-48bb-a103-9af8dd9fe41a,730,95
1defec0a-7d90-4451-addb-20c7c5647231,11354,901
f397beed-35d2-4094-a13f-2b7aeee924ce,6158,342
e5e80197-eab5-434d-9519-1a2602352a68,107,10
71e5216a-8334-48ca-aab5-6da43d2da1b7,46018,2052
401d8c4c-7c3f-4c89-a503-8066996aeebc,23,4
1de8d256-9c92-4325-a40d-95b42469f4ca,1855,82
408ec22d-da22-4813-b771-ddaf480e4039,2302400,47374
201058d9-7c7f-46fd-adb8-1030c553b460,8635,398
ff4c06a8-b071-4fb2-b3b0-e253b8ffbd4b,1912,210
610a75f6-36bc-4ccf-bec8-cf4835fb9991,63,31
cf7560ef-7714-477e-b4cd-59de0a2d11fb,721355,25751
230800ff-d0a7-4fac-a898-b96a53755435,8743,758
e878b5d6-2ec5-4078-b0fa-3d60f04836ad,39,11
448f23cb-0024-450d-a503-73ec5a0c5518,145,33
1c1c86a2-7850-47ac-8771-ae6359bae2b7,462064,35705
00a72b2b-318c-4d9f-92a4-12884b190560,42,19
dd7eeb85-db0b-4378-b737-9a7c5a949368,420,105
2583b024-b1f2-46b7-9259-701305a7a070,12812,1536
726dc076-e114-4bac-811e-54d6b467ff82,40231,7941
53428d4a-c432-408c-bc0e-667d6d5b5c1a,223,26
08731e50-7f65-42a3-90c8-7cd0e6d8cc9f,703,98
5cdd3a4d-57fb-4160-91e5-c7b95d5b4577,2870,193
9bd463f5-f626-40ac-b4e1-7257fede831a,2642,352
a74dcc96-ed1b-4b0c-8492-cc5345d629d8,79626,14082
379349e0-15bf-41a1-88d5-13a35399576d,6363,765
3c98e32e-5bf5-4484-bdab-bd8d1736112a,841492,37300
d5a7e7cf-56ce-488c-b0e1-97109c8488d4,90630,4899
bf659d74-0b61-488c-8a7d-594f43bed9e0,925915,68708
d227616f-8f00-4deb-9918-db4b4d4a1bf9,227,69
2e044523-e7a8-4167-99b4-f835b88ff712,114176,15560
0a010003-f404-4094-96e5-3dd37dfefab1,101354,17227
efe3d002-46b7-4c66-a090-975b9cbb1947,95747,4351
9eaafbd4-0315-4126-8310-fd83141ff08f,92666,20781
b123ba15-c4a5-4281-8117-2e57f8f02496,164928,23895
7ee3a114-2a2d-4c28-a0e2-707050080dec,332,25
3de70801-1c29-4667-9400-56c6e1061bcc,22226,6033
d4baafab-4314-4c3a-bc59-8cce9cb12ce8,50554,2699
fcc0e623-435b-4a46-b9b3-73823e22e1ec,360977,20219
e161330c-8c2a-4ccc-80c6-88d48f9d4095,102370,16998
a6560ba3-5d2e-41d9-b436-88831dd67c54,663,42
b131ce38-5ad4-42a5-b932-36eb50e853b1,55167,1867
f491f5ad-0946-40a6-bab9-da319c3f3995,271752,25534
7089f88e-6d18-48df-bfe1-62d23e88f404,11708,3097
f200e1a5-43c6-42e1-a715-d9742d6559ef,138297,21491
06a93515-1590-4d15-b3f9-50c8cadd9bda,33952,4161
3c562ee6-4855-4a11-8411-5e9e6c10586a,100393,20666
e599b98d-d64e-4ed9-869b-94f01cc91199,16663,1270
938b7918-1f3b-49a8-9052-3ce71736d0c4,14958,2781
041ee542-4b9b-48ec-8754-163ec1b03af0,5944,424
df88c6d6-9de1-41ae-85da-da15d16712ba,175,40
d89e98bc-2d10-4222-8306-e713143eb456,2920,269
0c80b8f0-9acd-4f92-875a-7b88fa75c4a9,6709,1217
aaddc588-aad5-4e1a-bb07-65bee40a9590,77749,6998
fa8b60b3-3226-41c2-9f8a-aba4563d4dc6,18940,4347
690664cd-dd2d-4eb9-a7e8-3c37e8a2c9dc,26732,4519
2189f0ca-a063-4c33-8f48-1dd12c6ef6b6,301205,50280
207e31eb-911d-49d4-96fc-6415f177c6b7,1441,87
fc9ec2b3-b44a-4dad-8bc3-ff3738ee02ae,523889,47724
0e763b87-f3cd-4a63-986f-bebc4189f1f0,1339490,59100
707ee220-95a9-4a32-9b34-cfd495f9f344,12686,2725
e7f5f347-34df-4b09-9e01-b3b8db21eccb,55371,3686
c9b120c7-d3c7-4505-b3e5-75c942c5013e,142,24
a9ffd2f4-bbe6-47e9-b820-10cd83009b72,1790,429
edbe30f8-0460-470d-9569-f39a58194397,746793,12554
9bbd2b4a-fba9-4861-b95b-269ff763e1f3,239558,7064
8df95482-901f-469f-a268-73b34e05dad9,841148,21019
4b4f5f10-a7e3-4d86-8b5d-92ebfc162194,4208,205
bf34de40-5223-4b4a-9c08-cf170210e041,101324,18081
2ec1b269-51b4-4876-b0d0-17c0374f9d93,17012,4650
7d7697d4-c0d7-478c-b01f-fa524d067ddd,22707,1567
c17f8b94-759f-4b13-8666-2ad2a215722a,66404.0,12593.0
b2d7eb25-8e9f-4127-8779-0cbb9401827f,1616.0,160.0
66631bea-b40e-4740-8043-ef4ca3c2be6d,30.0,8.0
44ee3261-dd02-4769-9bb7-18ee5b6f6d18,70482.0,2449.0
a0138c74-e057-484a-8cc3-9bf2975646ef,46.0,8.0
2f825d6e-585e-420f-b2a1-1e69937eb30c,402.0,48.0
01dcfbfd-360a-4192-bfbc-4384ca3bd052,3121.0,438.0
d0fd9c3c-f2e9-4af2-ace9-46703f1fcc17,35.0,16.0
8237b887-317b-4aca-8318-edb698d01ff2,21224.0,1555.0
c318cd70-c8f5-4b17-b2ba-a6905c27399a,3635.0,435.0
f77f8001-6ec8-423d-85b4-0b88ada5ccfc,3694.0,220.0
90787ae7-1b76-4d16-9b6b-e83aca9a4eef,926.0,251.0
532d51f7-0628-4a08-9577-7e2538cba093,5083.0,348.0
ad67ae21-e9d4-4c38-a29e-ae443ba6a362,1706.0,219.0
93e339d6-ea82-4675-848d-730093e3da54,237.0,49.0
eacf0110-fc8e-47a8-a29b-a09fd89199f2,136.0,63.0
0fda9efa-21cf-46c3-a195-73860ea5b041,205.0,36.0
18988221-0dd5-4de3-91b5-d00b9e6db071,1717.0,142.0
439696bd-884a-42ee-bada-8b7efbd82e15,12.0,5.0
d2da308f-94e0-4231-a7fb-43b0f05cb2eb,77.0,15.0
67638dd4-2270-4bcf-beee-38ee16fd7ee7,457.0,109.0
d1983374-92f5-4a7e-9ca6-d1ba6846e8c5,272.0,46.0
f5dfe10d-b074-487e-a9ed-89cb74783df1,48.0,8.0
e0197f3a-7dd9-4a8a-bb19-ad8063e29ec2,29.0,8.0
5341a19e-6915-4a93-bda2-6bceb55b27d5,1082.0,272.0
8f163727-4823-42c4-82d2-fce98d2ddefc,21.0,10.0
bfb7bc12-4b79-412f-8303-ad6d7c772aca,100038.0,5828.0
bbd1e260-e399-4e91-84eb-ac4c38861d94,32925.0,2709.0
a7855c02-7491-4be7-a5cf-382033b561db,20290.0,2345.0
93508ad0-8ec6-47d4-854f-35dc614ebdce,9232.0,612.0
45482a93-2e6b-4990-b258-e22b7ce6b397,8074.0,666.0
1873ba66-bda8-4fce-a371-8cb73f3a770b,2866.0,296.0
c40ac07b-7fe9-48ab-9550-8b27080ea01a,6066.0,580.0
f7bf7fc5-5efa-43f9-8e1d-1bd0b7d64435,1648.0,354.0
1c3d4a42-3c71-4659-bb8f-b576d1e0e841,4171.0,487.0
54165e4a-630f-4180-b6b8-b3964d45b240,33139.0,1260.0
447f6316-364a-4125-9cb3-1d437bfd4311,33419.0,3414.0
f6ca93a9-e99b-4c67-91fe-b38516e78c02,330.0,81.0
0b0fd362-5bc7-42c9-ae15-1c6e3f66db9e,7253.0,584.0
ca3fb440-ee5b-4274-b19e-b41c57506acf,46.0,11.0
2b7ca959-ba71-464f-aac3-905fbb61edc6,36758.0,1514.0
6b1779a0-d431-441c-a8cb-adb6caf2f9a8,2369.0,77.0
8715eeb9-9c4e-4295-aab6-a086bd83d6f4,137873.0,4349.0
14153bef-d94a-45c3-9598-c2b5ba7b8db7,4138.0,336.0
8a92e5e6-0323-4e5b-8c5e-5a00966b0933,2014.0,205.0
0c0f9a4b-5c7a-4771-a988-fd1e774c24af,7653.0,569.0
25d23c65-ed95-4bb0-be7e-e35f23a96500,6269.0,411.0
052ff78a-e1cc-41cd-a31b-740e0c0cb219,6000.0,500.0
b488337f-b6e0-4170-a1c9-b2f139dd61b2,12090.0,642.0
ebf3b2b6-727b-4c21-a4ae-ce3ef91b5c9d,4343.0,271.0
d269ad64-58d3-441a-b2dd-c394432d0988,1604.0,80.0
1cd950d1-90fd-423a-b5b6-9d01cdf43f3e,15426.0,706.0
451267c2-95b0-40b1-85ca-b159d809f315,112317.0,2914.0
bee2c583-482f-4c2a-b677-ad9292249053,49377.0,1491.0
9fe3ea4a-bba0-440a-b0d7-05278ab24ed2,,
a9fc7c6e-cd47-46d3-b0d0-07b512ca8ded,12957.0,890.0
70124c63-2f35-4042-9d59-811c88f7bcf1,10528.0,1259.0
c3230962-0beb-443c-9887-8c275758151b,296.0,60.0
6dbc04e7-e3c9-481f-9e29-a843e1f14b9e,23201.0,1734.0
0657005a-44b0-40a5-8135-d40b427c227a,4387.0,506.0
d607b3e5-1e06-49c3-be81-c0c1d6e93dfb,5615.0,395.0
87418532-9fe0-40f9-95d3-7d2d937d7d32,295.0,68.0
02e799c5-853a-406c-a8d3-6e5c7d099806,10868.0,817.0
c2da0d7c-56b9-42c1-b142-a3fa3060c2a8,3684.0,463.0
f05a0abe-6f7f-48eb-a3d4-ae3af4e52dc9,1742.0,284.0
19a0d4f5-5891-4a1c-9719-71c8e9f140c9,1044.0,210.0
d103b0c5-cca5-46eb-bce6-2cc170bff6fb,3923.0,276.0
a29b2f69-249c-425c-a3e6-c87511c5f6a6,959.0,120.0
c11e2099-956c-4dbc-97f9-1c3e893116f8,9487.0,920.0
d0b64a86-e22a-4c46-8006-648d9068ed65,2982.0,318.0
bbc032ca-3866-401d-ab74-35680a5e9fc9,17712.0,1442.0
b99fdd7c-65c7-461e-a485-f31367f286f9,38982.0,1383.0
97fedca6-9ffb-45e4-a7b2-76c06cd2f126,1616.0,195.0
04888836-5778-4e08-8059-b8fa36688565,16109.0,872.0
a0dbe74a-1b2c-4c64-a746-fc920a5fd08e,2021.0,248.0
3733b18a-331f-458c-a527-5bffad5daf54,554.0,161.0
6b76c3b1-2a39-4057-9d5a-8dbad141a99a,349.0,70.0
be002803-3fcf-42b8-be01-2de0606211c2,2506.0,322.0
20609f1a-672e-40e5-85b3-bcda4341049b,32501.0,1467.0
085bd16d-4b1f-4da2-b438-335860bb6f75,16457.0,1238.0
3b9ce124-cd9e-4009-87e1-9d350501d7d3,15926.0,770.0
955ef4b3-1827-4c39-866d-ab8142295858,1.0,1.0
21e231e3-50bc-4384-b6bb-06ae0a765bf3,3026.0,417.0
ffc0d895-eb24-410f-a71b-687a383ac008,172.0,15.0
4abc4401-fb6d-438e-8f63-5e5d8a15f249,13179.0,931.0
d5658878-875b-45b2-b8c8-0056364deb37,6359.0,667.0
38110ad7-752b-4f35-b165-5b797e2e3754,7965.0,735.0
5abf296e-68f5-4fe2-afc9-8041ed0b9e9c,1169.0,183.0
7ed42b5a-5cd7-4c13-84d5-f4c89e570911,19616.0,1417.0
7c91b79e-127d-4851-a91e-5238a676858c,6998.0,502.0
e14104e9-3be1-4644-b99e-fa0a60fae733,1632.0,227.0
a70171c7-956c-48ad-bdc1-349bd344fa05,518.0,89.0
6e744561-3c61-46aa-863c-fcb4b571a82c,277.0,15.0
10d941fe-52a1-466a-ba3c-b415c3417117,6086.0,439.0
bb7e1411-1864-4203-a81c-4c49f3a4c309,304.0,52.0
32dc7728-bdb3-41f7-a365-03c96ee767aa,2890.0,387.0
c91175a8-ba53-463f-8af9-0bde6969c9f0,438.0,152.0
5eb0fa33-777c-4739-9805-4ea304cff6ac,1496.0,184.0
62a4be16-5b7a-439a-add1-e4795702ba3e,427.0,72.0
d8fc391d-3b7c-40a9-90c8-54a099207738,52.0,26.0
6af59fbf-52be-42a8-ab7f-0e19819cf4f3,14778,1261
9baa44a1-900a-4aad-b6a0-ab8a4bb1ea9e,1559,194
98017692-63e0-485d-93c4-0306e53b3527,60670,4528
2697ac7e-00e7-4d2f-a794-c26a9e780a8b,16131,1648
49f8d785-d170-4743-b020-7a624f45d45e,32590,4812
7b8e1188-9ca4-4aa5-8393-172de6fa04de,359160,31055
315fc6d3-4e92-42bd-95b0-49557473adad,56057,4973
46a153df-a143-403b-948c-0131cb1a1067,43259,4811
b6059fbd-b176-4585-bb58-ea2f34269500,70271,7606
5436ce22-af50-4714-addc-afd5d2efc77f,117138,6967
de13522c-692e-4755-955e-dc931fea4e2b,116425,7832
858094b4-1370-48d9-9b63-04a7f62131b8,509,111
64cfaf6f-ee16-4c99-b77b-9d7ac2903116,651,223
2e8091ca-26f4-4298-9da6-55ee46fa94d1,3107,558
59b6e2aa-95d1-4332-88e2-eb89caa1f988,467,65
06fbc72f-4294-405e-8901-93e88bedbd1c,43519,3289
33925dbb-80a2-4362-b7cb-d9ff9e08099c,13025,2263
40e5511f-2bc2-4d96-93a7-b3c1028a529f,20168,2376
6bc17c45-0c18-4665-aa5a-87b201ff0a17,25886,3736
c5e578a8-c8a5-4898-a5b7-5913a6333f4b,1038,198
83a4a4a3-f8ce-448e-81b5-18dc9f814292,3559,431
19cf9da9-4a63-4edd-9f65-816f309dc2f0,8009,890
303bd8b8-d811-49a0-9833-8bd8d97b7b9d,2010,327
96edece9-9bc3-43e1-848b-3f08809381cc,1626,294
64c69f29-f3f7-4dae-bd1b-84b429be43fe,33825,4215
f1edfbed-9315-4550-859c-599cc3fdee57,244226,15521
35e3288b-e4f1-413a-a067-ae9c61f9d736,923,118
93d1103d-dba2-4716-804e-fa0744c8e4d9,220,32
c6c978fc-2c9c-406b-a7a5-54061fa17aa2,942,289
4868331c-0a8b-473b-8521-0d204315281d,40821,3451
e727df57-b913-4d89-806d-bc2661567f61,47992,2652
d91f3b57-b409-4d0e-a7d3-bbca48bfb43a,664,113
d53d5b18-eb28-4b2d-a2e0-3fe2891a385f,91887,6763
bc706fd8-b41e-4bf2-844a-dce187ec2d14,264,26
169153fd-ba80-401a-8ccd-2825efaf9155,189603,20751
a0d751da-596d-4401-ae64-18ff8dfd6f8e,793,100
c732c14a-d607-4729-ab34-67e6b88ecbb3,3468,647
3eccea37-60dc-43f6-af3d-0e0a13343ef2,4091,717
8aa800a9-5042-42e2-91f2-e305594b3531,150,11
44401c2f-3e53-43a7-ab51-bfd32c676b9a,38621,5354
400ca3c1-d6b8-4870-83c0-ddf4c23f5a86,10976,1642
d55a7cc5-41b9-4f04-a4cf-657ba54f2025,105,23
cdee2787-9d93-4ae6-b60d-322e0db15ddb,18827,1702
9eafaad5-afb9-4b7c-944a-3f22d84c3efd,868,203
a888c1a7-948c-4894-a95e-1e000cb82a1f,610,147
53a2778c-4c4d-4a1c-b87a-8abf5d6fa54e,7184,1023
d74f32ab-3155-45b7-bfda-7109326f6132,10460,1867
a6b7a3d1-f4aa-4843-a8cc-dced505cb8cb,1503,150
4b61339a-4074-43a6-bf6b-7f9d0d5d530f,40558,5430
57562f59-f3a0-4d58-99ed-02eb639947ff,20921,1077
4eea548e-29df-49fe-a1e0-5658c4105e90,252,33
82e795bc-da91-4cae-ba16-cb2815c1afbb,943,127
f610628a-f336-47dc-b0df-9b9ae8c805cd,43136,4178
bde94da2-ea77-4b4f-a643-e76381692ac8,153,45
22bab6e2-1332-4eca-b07d-f12b9b038051,39217,3477
f050673a-dfb3-4200-b057-bf78213de36c,141039,13339
d8b815e5-53e8-44bc-8a98-c4acba6cd5cc,328,45
2cf18512-c129-482b-aff1-7430a1a7850b,181036,10406
e7ea4b79-efec-4cf4-a392-649816e5e2be,132,39
c117dc09-5436-492c-9d95-29d57b200a55,11962,3189
cfc3e56a-b0e3-489e-842a-79c0ad28a205,8318,1226
bd5d3d7c-870c-45b2-a7cf-218f6c2e88ca,651,93
c7632519-e59f-43ae-aa08-55222b3cc9d1,234,52
c3022ef0-8f3b-45e1-b5a2-0e0159b6d1e7,293,62
4cdf47ff-256c-40c7-b722-03809b5a23ba,90428,11684
067239b7-dc9b-4d44-a808-735dae3961d3,5469,635
a5c1769f-115c-46c6-bf90-7fb0f9b406bb,13830,1439
cd43e639-4d4a-48d3-ac30-4cfa44c7283c,397,59
b94a75df-e60e-47ee-9a56-92f4ecf85c19,115,5
379ec45a-d863-44b0-96be-47d19dd224c0,6007,944
6d1d1fca-3f97-4919-970d-9089aa830aa3,20031,4163
3cc4c36e-9f15-43cf-a151-190d0c4f419e,1022,274
04ebf9d7-9fb3-4fdc-ae3f-76880f4e93aa,75,20
aabd90a0-67b9-4050-b2ef-9dbba9f76a88,4087,976
2b6504f7-85e8-4f85-a818-e96ee165b9a2,7021,1243
a34ab81e-a7e0-4d0c-b5f8-2438f104733d,94236,5879
e700c9c8-1828-4b8f-af71-418710f3d133,5356,885
4b33cf77-1ced-42e2-955c-ace858710b69,38592,5544
3f043ab8-a237-43b1-a242-6f5754c21646,14627,2291
08111ced-84f9-49bd-a6b4-0d920348f723,20366,3409
f19ad155-d809-4770-ab8d-7579467d9f55,326218,29900
ee0552e7-de2b-4fc2-8739-9c33a905c3e7,53819,6461
67c15f1f-a558-4ed4-9d78-754675782e56,5535,708
f9e6e9c7-a435-4557-b114-3476b5bda21d,4138,308
21f6c65b-4fdb-4c0a-b532-e8dac6e12780,9,7
95d4a7db-2d48-427e-96f0-a612e155f6bc,3239,406
be725fe7-b2e7-4c66-ad1d-6612055684ab,43503,6290
40ef82c2-9e35-4005-beb6-fbd4e97072a3,455,63
af843872-6ae2-41c4-b7ce-6eeef16b98fd,91,21
5f5696d6-4534-463f-b796-0c57029e4eae,1745,418
7e79ad82-b467-4574-aae8-8205486358d6,653,131
99c11318-7ea4-4faf-b8ec-6ed15ac27449,115,43
801a1fa8-cdaa-4632-a2f8-1d8278e3a64f,958,172
74ba40ab-03cf-4425-b998-f5b27ffb0108,2915,840
c7ef751d-bf26-4104-811f-73c108803944,161,31
b495896a-b114-4021-8481-d12745b68f9a,100,28
053afff3-f406-4370-919e-d657d143562a,1502,197
097acf6c-be81-4047-aeb4-ad3169b025f5,734,117
166b9c67-4ca1-47e4-9359-479aac479a63,1612,291
b26fbf03-064d-477d-8452-61c587ce82f7,18632,1948
315c1c29-6588-4091-b3fa-df6d03953ba0,1859,384
3033c32e-52dc-4500-8d9b-5aa9b12fc2d3,63,18
5a84d387-acbe-4093-8f1b-331247006d10,720,86
5ba8ebb9-411d-4909-a674-534053e9a029,9726,2007
abee4037-b4ce-4121-b524-662c0fee5349,8170,1073
2eb127a6-de01-4da0-8451-eb83832991c4,1149,99
4c2a3bb7-4c7d-4fe1-a477-80ef2988ad88,13,6
b4735f38-7913-482b-8288-0046753f62e3,1231,232
443d04d2-217a-444a-b82e-b2384a25452b,1672,320
f8e469f9-96cf-49bc-8f68-0cd68cd591bb,323,93
86cf32a6-9e32-4d37-bfa6-4ad80ceb1cfc,1193,181
da6b81fb-5ceb-4d81-a646-04c2b0acaeac,647,74
4be28b59-e963-4bb6-ac26-b2ed463f4465,3060,344
a93e2bd1-6e89-48a8-bf29-d8a32bb416cb,1016,193
046a1f9b-1eeb-41ef-bc08-f813f5520760,57284,4580
61af2fa9-1d2d-4474-8c1f-43b4a36faeec,199,60
f7e529e8-fbbf-4408-a76d-9af6e7fc5234,294,58
24a37454-7c64-4290-949a-8047b077ede5,198,51
2954c65b-c06d-4d0b-a079-2ccb36ab1201,790,169
7c732d4c-5e95-4a0a-bf15-b3c13baeb70f,734,111
5dbcdee8-ad17-460f-b993-b63450c72f12,3577,819
ed28d391-e91e-47d8-b89b-d16547d66092,2632,262
84064ddf-9144-4891-9f13-9dc9b0382ee4,3815,801
452b58b9-4cc7-4bc7-b912-f93ef8e09701,820,325
314c2ba7-8321-4665-91c4-f4406d77bb47,8978,889
f8864de3-7a98-4858-8a8a-5df466394914,5188,293
3fd3e291-2fcd-488e-bf79-7a778139eca0,261,85
c9923f3e-b76b-42fe-b3f7-70338a6dd4ab,5593,732
eb52c208-4f1a-4c50-b03c-906ba38b1a49,5744,615
cff5a12d-cc8f-427e-8aad-ec7616bcadb9,407,58
4367b1b6-96da-44a1-8f74-b6a1e9866492,711,96
e6e17bea-3b79-44be-942f-42186036e971,714,96
bb522a70-34e8-409f-b789-a0c8403e5424,72,6
95e815a1-8080-4246-99bc-a97a8fe81819,3134,426
5af3690d-3d9b-48f2-8aa2-6ed7fd1251b1,1912,232
42b5af45-312e-4dc1-ad0c-84dea2d5dcb2,121377,12945
57cfecec-253e-4fcf-8beb-efafa2e1164c,1384,446
e46d4040-d8f6-4f88-9c92-b4db6a1a3db7,1257,98
532b6523-d7be-4641-8f5a-65135fe83d55,1220,143
2ce04889-6a9e-4b78-af5b-e081e2b8ee3d,14701,2856
6ab70db1-e7fd-4132-a2b1-beb271316cdb,464,75
78318393-aa42-45a2-b1bd-6e2dfaa0a6ec,3465,541
a2573ff2-dd80-42fc-948c-f01e4745fdd0,5223,1132
c7c9ce08-020e-40a6-a213-e6eddf7855c8,29712,3370
4c751313-e71a-4880-9795-c990b2a87b5d,2704,346
b33887db-f72a-4a3e-927f-89352006b6ab,20279,2106
ad4cb58a-c272-441f-a107-c067099703fe,14192,1592
3b397442-c9a9-4af5-92e9-cde942327586,27,6
024f960a-9569-4d52-a7c4-00afb0814cb2,411,176
e2052f3c-3ecc-4bc5-8718-d97326852527,48053,5803
eb7250d0-63ca-4d6f-b1bb-c944d861f03b,479,96
5fa902be-09d8-476c-adaa-e8a98031b839,293,47
4b9e7795-789e-4c40-b8ca-3c1fd91bce84,190,36
d0a0e221-6239-402f-9508-47cc0f15758f,2856,581
be05b7a6-1d86-407d-80f6-0cdfbafc709f,2220,464
bb89c03f-06c1-4b55-a8ab-a10c7a81dc96,41349,3199
43a6ea51-d35a-4372-b1f4-5f3a318575d3,6140,455
e2a0c0f5-dd8d-4653-ba1d-1bcf1354092b,8337,1048
c04df83e-bfd2-4a5a-bc23-d623241f43f1,49673,4059
b1985fc6-0a34-4159-adfa-2332e6b4beab,46236,2036
8351ba2d-2532-4787-b4be-532644ecfd0c,16467,2195
bd7ca765-8f8c-4978-966f-ccd884a08302,10410,1467
731041cd-4cd0-4245-aafb-2b3fb9f9fdb9,11562,1284
91ef3a34-f20a-474b-970a-c41efc834215,15264,2094
5f27e470-b97c-4815-8c71-c7501babf80a,10869,1469
62a6bd12-41b9-4540-9a94-2da3c20eed93,740,81
1053c1cc-8905-4d03-aed5-192632b5d0bb,840,42
e272b2a3-95ae-41b4-856b-d3350166bdc8,98,20
0d67d6ed-6a9b-404e-be7e-0bfc275d4d38,127,42
2d5347a5-ba26-4116-a8e2-c67c61923538,238947,7300
c6753dbf-68af-428f-a356-a81786f2f532,7271,971
6ab2b8c0-da13-4255-acc1-e47907483f9c,71658,4033
5715a154-027d-4def-9a2e-b6cb5742ad89,2128,174
211b28bf-d919-43b4-abdb-c04b3d757433,26979,2228
65960c62-c02f-441f-8a34-5c15486c5252,10353,884
51bde19b-feed-4e6c-99e7-84327defabe2,98590,8387
bf6e292a-d95c-434c-b721-0a9ea9a466a3,98746,6798
ef98de66-71cf-4160-b191-2e8c945a6adf,25932,3959
1b5268af-bb31-4157-bc88-af2154672024,10,7
bc4dff75-23e6-4080-921c-121e9308261b,4870,407
aba7bd9b-d1a3-46c5-9eb5-2182b306e60b,33989,2249
150ffd99-a98e-486e-8c84-77d77f03747e,133390,10395
d1f17bc6-de00-495e-84e0-43be1aa391c0,1715,224
5add1368-7f1f-4c5e-88a2-d074f3c671b7,611,128
4c61c6e4-b8d2-45b5-b31a-ab064f5ef9f4,138613,15367
ac53b1c2-702f-43b1-bb2f-7ce19a624ac9,17938,1005
32e1e34b-4e77-408b-acd1-17c0bcc576d8,17116,1164
5aaf332c-1a4d-4c03-a585-aeafa2f663b8,18645,2076
5b5d63ac-e78e-459e-abab-5e90e3dddbb5,18457,2338
97c6898f-3f84-4b0a-87c4-7dc35e86773b,46232,1940
ffdf7f27-a12c-40fe-8ae3-050b46fc2f79,176253,8133
70d13364-265a-4961-856e-fd3d8bcfaf25,9919,909
6bf591c4-b050-478e-9d9f-167394d66c90,434043,41360
6171965e-3875-4101-bf19-688e1317d90d,36422,3156
d1d7e396-6c33-4f1e-83b8-c3420269d86a,1303,231
7185a825-204f-45d6-9c5a-87c2f5c1efa6,5976,837
edac3a10-caa4-4408-9c88-b64fad92a512,19044,1980
0f57b0a9-d60c-462b-aea2-afd51e0e1fae,5588,766
75ca8969-e441-41cd-b26d-ded96652f4ae,75247,1682
915d5f21-5066-4233-bd80-036ce046f23f,16689,718
511e2229-20b8-4537-81d4-179bb84d6f0a,7714,779
3cda3bcb-1d31-43a8-a1e5-db4ee5b5e4da,9852,739
55efe0ca-ddaf-4e37-9f5c-102effc9ccad,2360,165
892237f6-edef-47f8-ac92-58342bcbff22,24106,2198
f7c823d0-c49f-40d3-84c0-edc32d045ea2,132688,3829
48a3a1c5-8cf3-4a9a-bd5c-5082cf8d3639,274090,17136
45c711b3-7392-41db-90e5-ae54f3d70896,31507,1495
462b0b27-7213-439e-8b12-693c332d4a87,50048,2194
b667be67-2c26-490d-a665-22d1d8113dd6,4459,338
e81160b4-3ee8-4c0a-965c-32eab2aaa517,20005,1067
c11be8ce-f5d4-4de6-9e42-6feb23ee34e2,14260,1129
ae0b5f40-f185-4740-b488-437dc4c0faac,13515,846
f59a1528-9024-4383-a7ab-413840fa8c18,3258,329
4b49cf9b-710a-4876-b605-adfa47dbadb1,814,164
317be1ac-34f9-4d69-9b9b-caf395780ed9,6884,447
d66a16bd-3efc-40ae-b392-12b7882ae677,3457,307
16de992d-e953-4593-9f85-96b98bdccd67,2089,138
38f6fc23-9d49-4923-be15-db9e38ddc2a0,12936,404
59378495-b82b-4def-bb34-0d7c83a58e6e,67323,3514
641b791d-9f21-4e3d-a78f-b1fb57de3161,76118,2375
99329c41-2069-4c12-8e8c-035fdf5127a5,27937,620
601d14cb-e797-4a92-8e55-8f0b4649df94,1163,49
d2d6b12d-fa8a-4e70-bcde-bbfd2cb9aa0d,728,86
ae343632-cb7b-43f0-8ed7-b062144527b7,278,40
8dbdceca-cdb4-4479-b622-94b66ef7dd94,6751,729
95076fa6-9ea7-4234-b85f-7775d5508364,688,106
96a18bd4-d079-481d-a4ed-ca289c00e6d6,55095,689
bae40d13-4444-4cd0-b9ad-025a2a29766e,270404,6301
a0d45340-4169-4be1-baa3-b2f82d093a7d,12988,634
3ad33493-0363-41d1-8dc8-749e1a9e30d6,436,37
5ad8246c-4094-4ea7-9a5e-a809f4802960,6765,360
17022e90-a743-4c5f-89b4-c9243be7b7ad,71228,2669
f81d9801-ef14-4425-8e14-29df1b5b249a,3277,330
f7c82c3f-020c-4f72-9c6d-aeae612e4675,20153,588
b3ec9146-a968-483d-81cd-f21dba6eb776,4851,415
4db9586c-94d7-4a48-a1dc-2b69b71d42b5,672,86
e98247e9-ba53-4003-a325-0bcd64db2ab3,280,62
ee52e959-629f-4da3-ad6d-45620f358bc4,1091,155
3d115c77-6f9e-4ce6-8048-0390fa2a0dbc,9821,531
c3f416bf-7712-4f00-8dd4-2c9014613ed1,9266,693
df436014-3064-4c63-b8b2-e9fc80b152a1,135,45
3b8ed869-223c-4cd1-b279-9a881dcec6f3,668,90
311e7141-051a-40bc-bce5-7998b6c869ee,556341,6267
a4decac3-5bae-4584-b9dd-0b95fe5e67c0,8404,689
f4a57b84-f0d8-4010-ad2e-5e0ca4f8a714,371,74
1979a2e2-6d84-4b4a-80e3-5735d203763f,2118,152
10a8eced-d8f6-445e-883f-4c3d13938d9d,8094,566
15bd26a2-9a87-4f35-8e28-f7c90a28a893,1759,195
8f23d26d-af53-413c-aa7e-d9e709ab19bc,4613,411
030c49cb-45c7-4485-8eda-41072d33c489,2752,255
4481c22e-c232-4d0b-8fc8-132238796760,455,92
ffb45b37-1bab-4fe1-9e31-5509acb3fd94,21374,2374
86368c6a-5138-4922-bd5b-809a528ffe55,91329,3096
6bb57027-e15a-40fe-974e-fa788711cb75,150180,4298
929ca8c3-5df3-4fe9-bc59-f8d603780bce,886832,40005
9031b393-ced7-4685-9e25-d0b43996158a,363716,17439
980ee2d8-2ee9-407b-b48e-48360fbc7437,1255555,41098
323ea2bd-a27e-414a-ba40-2727bf3a37e1,75525,2839
fde548d0-4dc4-4331-8f1c-ca342911e5ea,29149,2275
f2e11566-b21e-4387-b7f6-e1c24d46fbde,439577,22857
e98fc8a6-f523-462a-b221-b55d935f19d8,140601,3431
4ec792b7-5970-4f9d-a5a0-c38aa877b0ab,5071,705
f69b3d9f-ccfa-4183-a079-c8c154876f58,4159,594
925c7673-0e85-410f-b7e4-d9705a7aa619,486678,6219
16bdc7b3-6bfc-4f1c-89ad-d0756af40327,183689,24968
2e1e727e-c720-479a-9987-e90f696ae53b,1846,339
67f4ab30-bfe1-483a-a5ae-c6e6067497b8,100009,12175
2693d6a0-b225-42ea-a7b7-d4e8b5ab136a,6713,850
0d76d8e2-1ae6-4d42-858b-91137b65cfcd,21146,1522
fc2d51bb-d2db-4afb-95f6-9a39b7f58e97,2409,171
2eeb4c8c-346d-4ea1-b7d6-ff1fd4dbea9d,292,47
39543bdc-921a-4f64-9b14-10d19bbb852e,2350,207
8dee2c47-2673-47f6-82eb-a1e807eb5824,13706,1229
2ed68ca3-ba76-4760-9b18-e7fa078de1a2,44724,2573
4f47f771-3680-40c6-9bc9-3d627200975e,19796,820
80a1ec54-1dc7-491d-a343-e2d7ab4df59f,2441,282
e7ff619d-3d72-4310-83d5-9e63bd0d978e,183,47
aafcc953-4ccf-48c4-9d57-595c245cddcc,11377,829
7c04e893-6132-4a6a-ae29-004a65ede900,16510,969
5a42609f-d9f8-4d6d-9a8e-1fdd3b8eadde,1182,55
9e9f343e-7002-4f71-809a-7e8c74c1636e,295139,12809
10ef4092-4700-423a-ad3e-8e42e78fa820,42106,2211
d7441454-5da0-4896-aac0-89a81ed5673f,1267,101
e6407b09-66e8-48ce-8e5b-38d3aca55fc6,26960,3087
652dd241-eb92-41dd-bd5d-7697cd7821f0,11947,754
61faec6d-77cf-4faa-b79c-bebc8ceb5478,4339,261
e605aaba-e920-456a-9c8a-0836c46d4764,216338,12865
ed297e96-7365-4ac0-9ed9-c53d544c3620,541,69
7e35f011-8d40-4495-b5cb-31c750f516cf,17145,2084
3ca48f30-3bd1-4602-871d-70e7054e4daa,23,14
8ddbfd53-04a5-49a8-8ebb-18c8dd824001,4654,382
485ae838-05a9-49d0-9421-6ccfb203f17b,28177,1802
0147596b-3b05-4ae6-956e-fbf13c5b17b1,10817,711
74a9e761-8ce3-4818-bbff-ad44e9cb2604,53315,6431
b00ecb12-0e66-4c12-ac6b-a66a31bf065b,2797,544
064341a6-bc54-45d8-b067-1d9d86c2babd,334,19
a08a7932-c092-425b-a6cd-0b69e9176462,149193,3860
63915470-2562-4feb-abf8-c0e22ec82cb4,5727,685
38cd8e49-a989-4b73-a647-e318553496b8,345,91
cfc005c7-8896-4c26-b252-c61c7a73a252,18898,938
087664e3-5161-49ad-978a-813e90f091ae,9736.0,549.0
d40c09b3-e82b-45a9-8e50-63524858aa95,19849.0,761.0
5e5c4aa4-1260-4f2d-8400-854f7c0b38e5,21653.0,2615.0
92f91947-0d8e-4a9c-ae6a-68906e93a079,59196.0,2382.0
bcea90b0-d7d7-4b94-a31d-5d10c58bc053,55914.0,6447.0
8eaa56bc-9c7e-46a0-a413-8b8793f8557b,668.0,74.0
c2386b28-3331-4ad0-935e-14d4b657f842,4763.0,828.0
bcd6af9f-afa8-43fd-b1be-acbbbb2f7dc7,688056.0,17567.0
c9f3fa43-fd15-4517-92e0-38f51eac447b,22936.0,4900.0
e79cbc79-426e-4efe-85e5-26379f241178,15381.0,1103.0
68840364-a295-4411-a504-73e20da1007c,43518.0,1301.0
b9cd22b1-b210-4481-bae2-1132b6e8c530,13102.0,2636.0
897e755e-47ca-4b0f-80c6-12f508885179,2214.0,318.0
6f1e0374-8f41-402f-9d1c-4d04e14e26e1,56526.0,6621.0
c0dc1b32-19ae-472f-965a-98f118278595,11510.0,861.0
9857ad3e-c251-4ab3-94a6-2cd33d92c13c,32585.0,2423.0
606a318b-9f74-4007-bad8-64b31a48c481,1.0,1.0
b5a29046-80e7-4780-b341-673dce790542,856.0,82.0
6b46ca2e-6e46-4403-891e-bb267784e00d,10346.0,704.0
508963b8-c4d4-489f-a03a-26e323cb0cf9,51958.0,4894.0
231c6457-40a7-4190-b7e9-80e52d4a1daa,22602.0,1065.0
12b0c33b-37de-4c56-9041-d27f9466381b,67807.0,11277.0
fd8929dd-7f37-4f45-bfa0-090883db503a,12147.0,1161.0
6d20767f-d03c-489e-b97c-70236576ef4e,1733.0,330.0
19b52853-4411-4229-9e57-6c640c2228d6,12247.0,778.0
1bac9c04-11ac-4728-ac2b-87e4e357941f,132841.0,16470.0
62de0dea-4d38-465b-bf97-d7f3dc380664,1518.0,260.0
5b758e33-eb65-4ce4-8892-c6c18fd0df56,101772.0,8221.0
06b3bb51-2858-486e-b60f-e4a2f4650ebb,464.0,68.0
50a5b43e-5774-4154-9d4e-59616d153cc7,3850.0,330.0
4bbc9f14-f7b4-4dff-a7df-aae63b2bacd7,6140.0,556.0
85215bb6-f6e5-4f2a-b442-7ad314d62572,10.0,4.0
31e0deaf-7899-4ccf-956a-baaeb6f8513d,20621.0,3279.0
0a8d2709-0da1-4cfc-b0ea-189d8d504146,3581.0,64.0
aa576e47-d3f7-40c7-9272-22421a6c3f7f,9453.0,2235.0
7281962c-1d15-4eef-8bb0-0a0a3d53d27d,3962.0,475.0
f3cd6442-cc72-48a2-9108-e92b80ed5bd0,1088.0,119.0
f56f5dad-29be-44e2-95d2-ea1870910038,1731.0,160.0
648df887-6abe-4a5a-ad96-1cb4d959b028,45429.0,1534.0
d913d65e-3e42-4064-85e0-313ac75ad70f,9816.0,472.0
58f814a5-4cb2-4fd0-b375-9f9fe11b6b3c,4.0,2.0
aa4fc8d3-aca1-4be4-b730-0ccb823c20ba,8044.0,1343.0
32500ac6-a6f6-4234-9b59-f9f67e7fb165,2438.0,287.0
af2a50a8-b404-4bcc-9196-63e29d0e1200,944.0,149.0
2780d4a6-3bb5-4a22-bfc1-30d98801e7a3,58069.0,9352.0
aec158a7-f486-4d0a-b2cc-6ae6bce99439,15948.0,915.0
15ba877d-e324-492b-b75c-731369a203d4,696.0,17.0
aa11c4f2-4205-4f48-b9b5-ce49e14d0d89,35864.0,3442.0
01eafeb6-aee1-4088-918e-9516370134fe,15050.0,1800.0
94514e40-ada1-41c7-b333-b08ddbc274bb,23776.0,706.0
c56fbe00-e23b-4ccb-8d4e-4c0bb44f4e1a,10269.0,1009.0
6070f8e2-7469-424a-87e5-9d1bb7774444,1487.0,153.0
39de519c-ee75-4e33-b3c6-bd9a23f47433,24946.0,2332.0
b4691384-50c3-4afd-9988-51d3ec5db65d,738254.0,18147.0
7575e3b8-ba04-4acc-a895-9cc528f86525,70530.0,4531.0
0538e00a-8a37-4858-88e2-df1c4e1dde05,10743.0,1236.0
91450f97-d44a-4364-acf4-882433df30a8,16696.0,1842.0
01d3c51b-9b98-418a-8d8e-37f6fab59d8c,28777303.0,235261.0
e4e57b0a-0b41-43d0-a248-36735cff9215,4013.0,451.0
2a2cc691-cc87-4cdf-bbb0-bb2f7c52b431,8936.0,976.0
3ec5d50a-fba4-4eda-8332-6b962540a245,22444.0,2394.0
8caf0c8b-250f-4aec-86df-436e2ededbf0,4891.0,688.0
b053d1c8-8407-40b6-85fb-665dcb1b4a67,35344.0,2369.0
144ef525-85e9-40c3-8335-02c32d0861f3,22392168.0,232886.0
53cd4677-1083-4246-92f4-48210a223526,14755.0,1266.0
f8f06408-ad0f-481e-b62c-591103dc528d,14399.0,1602.0
d5beaeea-226a-4254-8730-191e28e104fb,19598.0,1814.0
31b486a2-d487-4999-9433-bdc8337e7bd3,4132.0,1029.0
0a727c70-cb97-4e3d-a973-219a0575349c,20941.0,2208.0
ba2bd1c0-61e6-4b18-9abd-3bb396ea8753,1111.0,183.0
8306d2e0-74ff-4c8a-aa80-c6fa1fea80f2,1649.0,176.0
df5469c4-f658-4029-b268-9b7848576cf0,2979.0,229.0
4bdcee62-4902-4773-8cd1-e252e2e31225,12404496.0,206436.0
5ff9766f-828e-4078-8e0f-f67c31e5b527,9634.0,668.0
a15c29a7-1999-4173-ad2d-0443be249ae7,5480.0,814.0
da1e6ae1-27f4-44a8-9ce8-762347143df9,1347.0,303.0
684e2403-8dc3-468c-8d4f-c1ee01fb6cd6,57680.0,4960.0
702c654e-f70e-4eb8-a516-c3c62c6623eb,1379.0,55.0
80ccfede-c258-4575-a7ad-c982e9932e0f,3641781.0,144479.0
9b949915-698b-4bd4-b3fe-3a31eec1a660,2203.0,227.0
02f814a8-4add-48e1-a932-0e6a686c8cc1,949.0,215.0
738b734a-be91-40c7-8ef2-e6dfeff89585,2802.0,409.0
b0fd8006-8392-41d8-8f17-658f23e4010e,727.0,79.0
d95809ad-159b-4805-86d6-6567a6d29385,36.0,13.0
2cf8b9dd-33d6-4dce-bd5c-d0cf20ec5fb4,47788.0,2268.0
c304243a-4f72-441e-8fad-a615022a498e,8971.0,620.0
e14eb176-68e9-434e-9a55-da2718c454d8,45553.0,5040.0
13e6f73b-0934-4813-8dfd-109bf20cd951,,
75167b8b-44e4-407b-9d35-effe87b223cf,17227858.0,219508.0
6aa40207-fec8-43a7-991d-b872a42def05,5780086.0,113526.0
86877b16-d061-4c61-8cdd-4c2ac23cff68,3552.0,741.0
e590cd92-ac1b-4d6e-a9d8-810d850aa3f3,3956.0,569.0
ecb02d14-f34a-42aa-948e-1b1f59a006ac,1240.0,270.0
ee5ba2de-c719-4aef-8f0e-f6672d51d03b,407.0,76.0
172e1f1a-504d-4488-b053-6344ba63e6d0,5961921.0,139193.0
7565450e-0d8d-488a-a9cd-4ed57baba586,11089.0,991.0
2119beb8-6ac5-4f21-82a4-b831c90c0024,13166860.0,205538.0
7cf41953-6323-4c4c-b02d-8b7a29138491,53.0,17.0
70248960-cb53-4ea4-943a-edb18f7d336f,20340817.0,240720.0
3e08a7fe-b2e9-4fcd-9561-d81e6422df67,1373.0,128.0
811a7c6e-a5ce-47c5-b14c-61b5aaa38e3a,20590,1296
fc876445-efed-4522-8397-e9a2ee6e3856,5544,663
e23ec3b3-3992-411d-98d4-937f7987bd8b,2657,323
e6e879c0-3d56-4f12-b3c5-3ce459661a8e,9713321,214703
f5db63f8-94e0-4cf9-bdc8-69744e4fd4b4,7211,1064
b25a2d42-0fec-40b2-add3-1e054f8998cc,8740,966
f03a4f9e-c44d-4a60-80c9-23d4c2808fd4,7323,875
2fdcc518-22ce-4178-8801-298937e85b1a,3976,425
d735497b-25f9-4503-8fb5-f50150730c18,2426991,61962
6246cb0e-cf51-446d-b723-35ee10578474,46656,3758
6f776b1d-e78e-4210-8c06-b9108e3a7665,1102,265
1723c867-d5c5-4a61-a40b-8c04fa7acf1b,2789719,19200
fae060d5-7034-4689-8573-40455388c81d,747,124
30172ece-2bd2-4d58-a568-529785520be9,7151,437
57f89cad-d2ef-48df-9119-8287b106716a,3476334,95863
c78a77fa-507c-4c07-947a-0355029453bd,362445,35723
e3badb3d-e3a9-4377-8d73-4ec1bb9e4fa7,743,185
bcdbb996-fc42-4bc3-b30f-7e84664e7f1f,6800,948
2e759a02-63c2-437a-ace5-0c8dbc763684,122338,9384
49938886-0c4f-4734-9d92-97a3e1d0d7a7,4743,404
16eebab8-8ac9-4ee7-9e24-ec009adc261f,167,56
746916c9-fd36-44e6-823d-03185e596f58,853378,69726
ff082347-7460-4e48-9065-eb4cc574ed24,1777,123
21a89505-10a9-4ac0-8388-833bc07b9f86,486486,10196
5b840b38-ddca-4f32-8839-53a528448501,4562,510
c68d55ed-5687-4b24-a74d-9331b36c99fd,3617,185
73c039ab-345c-487a-a956-f5bcf2ed7d0c,14126,905
006ba480-cd93-4d6e-ae68-a9cbbed001c3,180,34
3e9179ab-f475-4547-80eb-86271e33b515,1351,198
c8fd7fc6-70e9-4769-9bd9-7651e051085d,1117,299
85180264-4cdc-4ee8-92e9-5127b0175344,1854,126
e592c0c3-3ceb-48cc-94cd-5ab01a16eb64,2486,119
eea32b0e-bbd6-42d3-9587-87c03889ad83,13308,165
ccce2053-7007-4c36-b1e7-f8fcf5023a12,1029460,94674
9f28e5e9-d510-4662-8d42-c1f510b57628,34,7
a142345a-98ba-47f7-8a6e-efe4537d3f9d,8075,594
a2ecf88b-ff06-45c1-86d3-e2197a737463,103,14
dad4f18f-8983-4494-a147-0f982ae1398a,3502,292
741490af-c43a-4f46-91d5-fc82584e6757,52150,1748
269c4cfe-1d07-456e-98a0-8a27af0c703a,67463,2603
b5524de2-68cb-4238-80f3-372417cd516b,17780,575
5bfdd8e7-5500-49e9-808b-6e7257ee15d1,5428,392
cee240d9-33e6-4e9c-8d4d-70b32abd1248,229667,9652
fe50841b-f14b-4882-a4be-38a04f69374b,329303,14671
603358be-cfcd-442a-b251-994a75208719,90507,4866
a5c53e65-037f-4a3c-8022-ae90a35a2190,11348,1649
3eea1459-fa57-41be-8159-ab2f1867a6b7,609,52
f3a090bf-6173-42d7-86f5-7fcdeaabfc58,482979,14985
27e8a5cd-6c8a-41fc-b2b9-dd60afb4b81f,15235,2325
c1c28f85-c506-4e1c-a869-65145802f562,30918,2009
cfe85625-10af-46c1-99fb-765ed3a4f1ad,1010053,26918
5e2943e7-4b74-438f-9b8a-abfcaa412ec0,292389,7932
d70743f2-8d7c-4a41-862c-8dad165cf6ea,101705,3232
2fa4f06f-dd26-4504-8545-5d5d1b8e1b5c,869,122
7fdcc6b6-267f-4df9-95e5-454f90572db7,221,50
cd0abae8-083a-4c48-9708-4cf108ee62e4,94967,3771
df616327-1d91-4518-93dd-b9841e84fb05,819,87
5ff93999-86ec-49cb-bbee-671257769003,75,18
580827fb-537b-420a-b1d8-d79dc869010d,141,58
8d46311a-65b8-492a-b63f-fa03812d07ac,36548,1495
16db9fbf-374f-4b6b-9066-b0e7a5cc885a,4429,660
90601e3f-c799-4a34-9606-66ec927df50e,7708,1025
a60761b5-3aa0-4cd3-b61e-49ee458886fa,81506,2757
0396220e-d266-4980-b5f2-b0926d905bec,106128,4309
e212a810-e661-48cf-b3b9-3f4918467ba8,17835,1255
c52f0134-0a34-4fdb-a51e-d2661499f855,13831,409
d66d4816-4864-41b5-973a-061ca1aaf32d,88752,7737
f8ed032c-0d34-4ae6-a069-91417097509e,101274,3203
487b43c5-ff67-4091-a7a6-13531edf411f,24,10
cbc9199f-944b-42e9-a945-627c9fc0ba6e,4734661,46903
cfb1c147-1046-4921-9c53-d3a226ebdb0b,2787830,42538
0bee72ba-f3fc-44ce-bedf-2006c7ea5f61,4874,175
7d144ee5-7f90-468c-8c83-c25fa17ef25d,358399,9312
b4eb338f-a913-4a10-86c6-3b24dae241dc,779,99
ded37d18-f8b0-453e-a8ef-14ad04881861,10073,1377
f5d56157-c5fe-490f-bf91-8d200e7f9b5f,688275,22955
e959311c-5301-4217-a07b-a7e76852a5d6,14032,1009
e8b4a913-44db-4f5b-9ede-96e595cf1680,86,18
d9b52518-0b22-4346-a534-5c73dc151310,179361,9590
47aa3e97-f623-4472-8e54-da886c6a6e20,444778,44213
45283016-1cf7-4bf8-a60b-2449634c9be2,23550,1553
149c631b-3b75-42bf-bf61-0fd1e85c7ac1,75,25
29730ee3-e1c7-4e28-9ccd-3a0e6b0e8103,531515,46735
e95db429-06c3-410e-b381-2a86c5d5903e,22933,2666
e9f1425f-3f67-4920-9e33-0c994b05a4c5,269153,7135
ece5ea96-3cbc-4a16-bf96-fc018f6ddcd7,12632,526
df14f65a-e669-4895-8c53-e446b7a857a2,199,57
70a692bb-dbd3-440a-af7b-c82e5e1389b2,695314,22889
b72cdb8b-81dd-444a-ab9a-b3487d001ee0,19090,712
49474115-6ada-42ee-b92f-ce70a40ae9b5,1178561,15472
91746ec7-9c1f-4a02-9d15-651eed6319db,80427,4354
9f060cef-7d6e-4fbe-ab4a-ff7818be725b,52733,993
e6cfb03b-059a-4626-b649-368fc491406e,15623,1301
da34d53c-46ce-4f46-926c-cedd8d037a9a,1210,106
5e5480be-eded-44ad-9c45-f6136ec2f5db,6042028,91510
4cc18ca9-c707-4c17-9787-378fb6dfd19a,583965,10097
3b221a54-54b9-435c-a7f3-5cf8e2ce9fb2,3063274,63993
87fc1871-b74e-4bf5-a00d-8a89c288008b,3955839,102516
c38e8d38-3e00-40a5-8c53-b2b2849fcaae,571,100
7ade0ac8-bb60-4429-9623-30e2fe515b4d,649700,15578
b67a59df-3977-4fb2-91e9-84a6f15751fd,89769,5664
69543b64-20e6-4db4-8e21-e113cd391ffe,256054,12001
f43f343e-1629-4bdc-a921-6c5f971809f8,353221,12453
24f8d8a5-269b-475c-a1cb-792990b0b2ee,9699958,117858
af184123-d90d-4ec5-801f-9dcd615662b9,19278,518
f035837e-4117-438d-a524-cacf43500e68,5400335,67615
54edcd19-14bf-472a-b276-b289eae5aca3,5071,974
2643ede3-3520-4818-b63c-3dd73311c99d,29329,1526
a743acef-9825-4297-bfee-a2963a62bbf7,30801,943
e59b17a9-2c0d-4284-854e-6d51a448091d,1607915,35799
a20b32e2-90a0-4d18-a3a1-949e3e84a968,329937,10644
d5561f17-69fd-4080-a109-8b6122f39a09,82,30
c7a2ba91-4efd-4ac5-b5ae-d2c238dbfb88,15084,1107
31599a8d-8f29-45c2-8ecb-1232d46d44de,576,103
a5c7e221-a726-4ffe-aaaa-9ea1adde6c6d,8598,759
488bfa41-ef79-4c78-8f71-2eb3c1aa0b6a,4544,207
d43e6483-5eeb-49c5-a6e9-5c9e2603b125,142726,6846
dcaa4f81-bfb7-44eb-8594-4e74f004b6e4,16316800,128863
beaecc2d-20c7-4221-8fd2-682c82f0faab,646103,43576
87cf6aa6-a005-445b-8920-1c5b3fdfbfaa,297792,3683
1da6a029-6a19-41de-a7f9-e6f90f627225,394315,6742
22c34351-7946-47a4-a75c-f80d7e1951c2,271632,787
9be7f096-97ec-4615-8957-8d40b5dcbc41,30502,4322
38ce0ce9-bcef-4d5d-95ae-c568e349e26e,1929,129
1b526df2-2f15-4d80-8e1d-952f90a32666,4179,832
303be7bf-f528-4cf3-8376-3d80e1b9be85,1393,176
7898a226-fb06-44ee-987d-04bafb4e2aac,1311,234
a61c78d9-cb9d-490d-9c87-b92320e896d0,13501,922
656de0f0-d5cb-455f-bdf6-4f51b8d64a2c,40837,1477
75a72702-a5ef-4513-bca5-c5b944903546,5178671,180200
af5531a1-f14c-4bdc-8816-0cd743c83b35,14794,1940
f27ec8db-af05-4f36-916e-3d57f91ecf5e,29311302,358868
e520459c-dff4-491d-a6e4-c97be35e0044,9370336,136601
0b966a38-5ad9-43c1-b86b-c07079523165,142429,6683
081e71fb-4291-4a0c-a0f7-52b6c9ea8b31,13945,1587
7442fbfa-00ad-4e3b-8f45-9d2c62786eed,84263,5025
37993cdf-f61a-488f-8cca-07e03b8aaa02,169225,9783
db76c5ca-d555-4f09-b1db-baa1b713d875,2835852,117620
0693fe04-253a-4047-9da2-07524db2e41e,6771,696
a48bbde5-a068-48ea-b4db-d516209010b3,21180,2355
5fc7fee6-3bcd-4421-97b3-3935efd87668,12572,1341
4bf89e02-6c30-4603-9f6a-52619b1bea1a,2188854,113184
4343ad7b-c179-48a9-92f0-390baf54ccc5,1008,163
8ef1df30-ae4f-4dbd-9351-1a32b208a01e,10756235,214315
abaa7001-0d80-4e58-be5d-d2d246fd9d87,70298,4767
4c7a5854-6b75-4623-a684-6a3d785d9015,1269993,101163
ebcd0bad-75ef-4203-b7b3-7af38a9ef198,566489,48702
31bea673-d23a-4889-8da1-7cb040863268,2711781,122475
2338cede-17d7-40ef-9ea1-a16416908eeb,48615,4333
a47c3aa2-7d87-475c-a2c7-1e2047dafb09,7199701,198543
01e60eba-52df-4694-8f09-39f43abe54e9,1933650,84073
55a91dd0-4e1a-440c-b9a7-981f9daf7408,41760,2317
9bdec9ef-d4a4-4019-bcc4-ad2bd87a35c4,21588,1770
3c8a8696-e176-4c46-a2d3-48b6b1525c7f,1560510,72865
f50cee24-a799-45da-b65f-fb0874cd521d,42647,2841
7c5e39c3-7645-4e37-968d-a4e45cd38c5d,619739,46041
a7d2a666-b768-48a6-b1ba-9bb9e48af172,11598,1530
5318e774-f5b6-4ee0-82cb-4dcf398c3ff8,217028,7456
ddfd9b2f-186e-4b2c-ad09-01aa5380c225,1736138,67670
6c4ee7ef-36b6-4bae-b396-51bb96148986,61907,3185
41f0ee7a-c7f8-4b3d-a3a4-c705b4766130,136025,5016
2de9f057-67d8-429d-b899-759be13131a9,407407,22209
15e0d608-0869-429b-898d-3d8db3ecedd5,168221,8006
00752482-a883-4700-99d5-a43b34c55b6e,11348,1080
802a3ea8-bd1b-4f97-9998-cbdd099d63d9,15861,2669
bf75ef89-7b4c-4771-ac43-4d5c10617190,661385,37261
af7f5e8e-ac05-4d55-b860-a4dc72c78e66,1063681,60144
01872118-3238-4f46-a849-26a0901a0da7,592790,34685
3d49e36a-cc9e-411e-93c6-d1646ba5bd3a,380419,46195
b87bd286-3b5f-448e-9364-11d68823c1db,42448,3882
de86067d-e5a5-4f2b-aaff-70014d7cef13,49838,4445
5db88fae-df24-490e-971a-1b3fe8d373ea,163777,6328
752bebd2-b44c-41bb-8a21-bdf3cd1b5518,38734,2688
ee879fd4-cc7a-4c99-a549-3f35f0f2036c,8734,788
66adf19a-b5a0-4ab1-b059-da42e87a4f49,24516,1008
27c8c7f6-0609-433e-bbf7-398da6ba2d12,38988,3126
cceea21d-f3ec-4586-be7a-d2e939c15c78,78634,4356
d92a459b-da7b-4ce1-8368-6bbc3deaf3af,63030,3732
c4a1d94a-b37b-4d1a-8449-e3f8c65beecb,59881,4110
61946666-398b-4ba2-9a3d-e9a6b4d3077f,36567,3915
33ecb3d1-9ece-4462-b231-ce6e7a82dd50,236238,17526
2443a94a-03a6-4f0e-a369-ecda74af1c9f,39120,3446
0e42b774-40b0-4783-a816-2b9bbd8c13a6,1154,273
17a3433f-b1e6-44db-90da-2a905830ff06,23592,2678
78e5a935-f373-409d-ba2d-bf5a68dcdd63,144,30
bd299da7-d119-44ca-8858-e4a2e2b969d1,42968,2921
f95b39a7-7e36-4cc9-b982-52623149ba1e,958,146
f7095d2b-39bd-451a-8ac4-c6856108c77b,587,94
7cfaac66-62e5-4fcd-af1b-9d3aa8f68e8b,1864373,76238
c2f37fdf-5e8f-4d9c-9a03-219a8239cf5f,408849,59441
ef73e6ed-9096-4ddb-9799-b94874d0ce33,1001679,46134
e00292ea-6404-4c59-8f02-b2052c73e06f,16936,1110
f67d22da-7fe8-40f8-8495-b903e74fd094,67409,4612
e6a5e74c-4a1c-4730-9a70-5e38d6534e7b,3944,244
78a50425-f072-4fcf-b71d-da24d824f003,3565,306
548e9a34-7476-4510-b3cf-70d17106d507,38788,3039
9e5fd95d-c0c1-412c-be11-06e7fbe99556,635490,46084
dd569857-d15e-4dbe-baad-b46a5ffe34a0,81203,4763
48772747-4cda-4ba8-b470-cfd5a32e05f7,1586174,97372
9a883a69-436b-4d17-9ffd-122a9bf4419a,524265,49074
8a806a55-fa0d-4060-82e5-ecfbd24a5bc3,75574,4779
49fc7e46-5441-4b7e-996a-12dddf22a632,588158,14825
a992aada-7108-455d-9747-0b7b6a089e8d,1398686,16751
3660ca32-7d56-4145-ab5d-cbd687766946,6279,326
5dec643a-423f-4051-ac13-87e59525ad74,58938,3318
7d6d748f-13fc-4f9c-adc8-087d34c4bdef,310234,12967
4e0af657-fe83-4b4a-9fcc-69c33938d036,1819,183
ac4e1cf6-2d97-4ce0-8052-5359f2685d32,112135,3468
ff734df1-6795-43ec-84a7-ae04b356dad1,204761,4913
ba340d34-dbe4-4624-8f0c-53460e7f5325,143115,4781
a6909831-bb84-4ed8-ab5e-df6cab95abb7,96690,4256
9ea1ba7d-1d21-4208-9b8d-4b2d1cba5a82,570025,10555
1adaad67-5db8-46cd-8a03-00262316b081,71473,6483
7f8759ee-4ddc-4a6b-9d17-0771e1022db7,54758,3348
3d6470bc-3929-4997-8ef0-56859fd0ab8a,90405,7054
6781af9a-175c-4b27-917d-da89060aa15d,97426,6158
03fcdaa0-e2c7-4be6-a533-94665ccdab57,250395,5878
b32ffdbf-87d8-4182-babc-88b566ee5a31,264292,7053
51d0f1d0-26c5-482d-b466-1ddbe09e735f,143975,7601
8a6e0f33-8a0e-410e-8f41-7f31d3f5640f,149998,4878
1c8309da-9789-40bf-b9c2-e20064263820,208803,5900
3be5dee4-5fa6-45a5-97c2-98914580bafa,829799,25213
c62936e1-7f2a-4c99-b09b-a5bc85d6c1f3,256560,6158
cb1ac513-987e-46fa-9272-255ebfb11f87,8035,621
905d9c0c-0632-4fab-a7b5-7d33b9699907,28494,1232
489f8388-cd2c-4193-a200-f65f87d64ab3,1401,91
38e3d9bd-5ff2-47f2-8519-52bf7572dd1c,31536,1540
4457e8bb-b477-46f1-9e4e-baecf856e466,47677,2257
1792ec1d-f06e-4ff7-9231-19140bdf08a4,69086,4895
014aa6e8-bf90-4aca-97a1-ae46b9ddede4,16803,1631
fa3b825f-7c85-4377-b393-d28a2016e293,1864070,23887
fe788ced-7566-45fa-8b01-c1e1e9c1554a,11433,1212
9a9a5c20-5d69-473e-a3f3-4e6c028f4a07,4727,343
2b5e746c-f565-4a29-9fae-ed1d914e9070,70535,4493
99849c03-4d4a-46cc-8e20-3852d0ca0746,448507,10246
c3fd37fe-2f09-47a7-bae2-4b86f6d70f59,129017,10012
baf94a28-565f-4807-a051-da2a3a44ab5e,29470,1146
f8dff62b-2cc1-4ce9-8def-05a45421f3fe,74759,5539
e9c8cad5-d9e2-4e64-9b4f-44cb5bc80701,39825,2653
f1899faf-50de-4bf5-9939-bb2e720e629b,135080,7257
86d61837-890c-4d04-aeec-30d70ad77298,333296,9682
accd01a1-8ad6-455e-ad13-27c09e36b4c8,899,85
930bb9b0-cc58-41b6-b74f-79f4531d1593,54,18
8b07e8b6-466e-4da3-b377-c86234b0ffbd,80,6
04775c0c-b529-4e1e-b3e5-196d23d14a53,8135,422
abe0a421-66ed-4401-9144-1e9aa832ed24,60138,2461
df8c54f5-e3f2-44f3-ac45-405ff0abe2eb,30272,1181
98ad7a28-1949-4786-b1f6-4fa05b9b440c,375185,13741
9cdb07de-bd54-4985-9494-849ff7ad95ed,773793,9798
671e0cc5-bb2b-430d-946f-aa0ebb38e1af,26690,621
f4aba5a0-c003-4686-af78-8beafdb3e6a3,24327,800
6b7e3de0-fcca-41b0-b849-9034fcae2225,60227,1911
b44eab39-900f-446f-af67-0512a88e54ec,731637,16713
6f28b158-4d1a-4f31-9339-7f381e3c4ee1,1401005,16971
8d1e76c8-80b0-44b9-9e86-25d148323a9e,47374,943
80a8dd38-31a7-4d04-84f2-e605a512f7c2,6808,344
1b1f36cc-be98-4f59-a751-6218f4d35bd6,3241,290
3dee032d-2eee-4dee-8e04-8028962b2479,56731,2888
1494b3e0-e514-4789-8de4-42edcbfe09aa,6130,188
0336861a-ee58-4b9b-a819-8f3111c8fba4,16819,584
38b511a2-76fa-4a1e-9b7a-e2a6efa6399b,844700,24910
70e3b9b0-22cb-4115-a613-e7faa4ae6f35,30302,1788
05db30fc-3221-4cfa-849b-1647d8c24188,8834,1475
947f21fa-4244-433c-8d51-bf43513d3f71,16245,340
bd400acb-f2a2-44d2-971c-a2f6c1d976d7,24353,1452
56af3365-77d0-4b8d-bdb1-369e95c4eb63,3258,142
cc16b1f8-9671-46d2-8669-696d6c28f468,24091,2457
6673a67c-3281-4629-b08b-b9bf8db2384c,29676,3305
d22f58b4-7a9f-45f8-9a93-dc8609d31ad1,15243,1111
2cc1afb6-6e13-4969-b2ac-a9bf4250d858,21369,938
1f4c0c5a-be94-43e2-ab01-1aa623daa530,741437,22839
869d9ea3-b622-4b37-9dde-8cb930c10533,44074,1025
af8c1c00-c95c-4b98-b980-b7ce19e7e4fa,7617,1113
7a519099-d4c8-46c8-805b-214dab0e58a2,822461,14212
681a63e0-d70d-4f9e-ac8c-f21b9e63be75,247440,5932
8ff7e1b4-18f8-48ec-a8a0-793ab1a5511c,45666,3115
e7b6beb0-c89a-409c-bb96-0e4d913a4ca1,20889,1276
f75752c9-73a3-4f3e-8477-a42cd9629ec5,127196,8296
12cbb1ea-4bab-44b5-9bbf-c646546f1586,65769,3304
b185451a-9edd-46df-8046-1db7e9594f5a,1302845,14910
88f0bc3b-48aa-4723-bbc7-dbcdd16b36eb,5784,241
2291060c-697a-4d75-8767-7865b789f6ad,2036,176
bd3addab-b2d2-4043-bd93-45d3a9615f11,2904,237
8b1628a7-130a-4faf-96d8-2418bd9043c2,340449,11831
e30ce3f4-ef1d-42b1-9b10-1a4cd2cbd0c4,11385,816
35542d25-c761-49fa-a402-f752c5789517,123905,4448
b19c09ee-2551-4a7d-b2a5-7148dfa658a2,7246,600
c2098b6e-5083-4e77-af09-069b5fb8d70c,5838,127
7af2ae9c-fb88-45e0-8ce4-e5d902a688f4,5610,182
7223eec1-84fe-42b9-8b15-3faf0aeb836a,39763,2514
c9f0d74d-c518-42d8-9fa2-010421a99ab4,3920,289
2a4a7d97-dda9-4675-b787-4b1570734096,7234,321
ec5872e7-9d15-4624-b949-c82e700fd2e9,100804,5531
aa778614-be37-438c-98c0-d98fa9be3b53,18294,496
5bd6016e-85ed-437c-8ee5-5b32c9c5b49c,29870,1675
c6d1fb87-3dfc-4266-ad6c-a69a143b2b6e,500490,4657
5a29a6f4-de96-4286-86d6-1225bc86896b,24874,812
c682a904-a319-4e1c-87c6-b712179a3034,3261,152
cacbb976-3b9d-41ab-bb9a-55e2320a4f82,1152,95
fda5a625-9fef-44ee-83bb-fd7945c98480,1686,172
02a5c8da-cb9c-498a-8ec9-98bf7da4232d,93416,3723
8e2d0fca-9113-454f-89cd-59a2401e6cbc,6064,399
a03bdd54-fe66-4785-a027-05fbf544e2cd,276168,6766
fcd2ce94-b3aa-40e1-b110-6ddf3d1fae50,647,266
da4fb281-2156-442c-87ad-0e02e8a86077,627669,6613
554cf8ab-dd79-422e-ab6f-78ca498b8abb,65719,3320
2aaf62d2-0018-4a34-a4c9-a03820febd6c,382278,4503
77826b4f-a3fc-4d7a-97dc-df4b43c23902,315552,10341
68416724-6cc4-41ee-b81c-1ce169c00f03,28154,1377
f3ff6b51-b954-4435-9fc4-7267fab1aaf9,12094,731
428743da-1684-4bd4-9d0c-89f34df5f529,237639,7661
c4707a18-2236-4426-9e67-429ce023777c,406473,6256
549cd7fb-0ba9-4073-8ae8-5ea061fbd4b6,6703,501
1c5bc9a8-5dff-493b-bee4-9d20a33416c4,23158,1506
facc27a0-b02b-4f20-b2c5-1e7f8e732952,54990,4508
32e5def8-6668-4459-bf21-643c0bde0de8,141841,7261
b6d756a2-bb87-4c7f-9c26-e12ae0e56b8d,51862,2357
4a4db4a6-dad0-4038-bff1-c5a47fc85681,104723,2938
81f476c8-9ad1-4771-a5b6-1fe53cbf7481,3227,360
1cd90263-b67d-4ea2-a361-28d64b7f47c7,2011,128
9e4231ae-bcd3-4a3a-9b20-99260df477a1,22719,1848
b928717d-5da2-4951-8951-feba52539413,29385,1457
7ca72400-cf88-4bca-9e2c-d040661776ee,199581,3939
8a2ce98c-9b92-4972-aa22-4411d5dfb882,169,19
1c06b04b-3a86-402f-ba74-67c1643f9fd2,92640,5093
60a14c16-ac69-4898-b0cd-12cb87e327c9,160569,7694
62ec9967-480a-4f66-b239-ec3e48856078,93749,3951
7cf4537a-6c0f-47f9-827b-c4cc830cab92,19607,484
bbad030f-bf55-4fc2-a643-248708e72f22,97546,6371
2de794c8-8826-48d0-90e0-6900183ba9e0,3168028,46609
a95bc046-a0bd-42f3-9c30-3b2d3d6976b9,190714,3097
23121875-8f68-49c5-9988-dcb7f8e7a680,375638,7484
bdf93e3a-4101-46f9-8110-a942900bbaac,924670,9051
aaf63fb7-b4c2-43b9-9ab0-4ab8f73ba546,92844,4299
d945b088-0eb1-49e6-a232-dee95392ed35,1176344,33400
a286f401-810f-4903-8c6f-03462efd71a4,665,35
505e16b2-ef1b-42cc-b323-1a9664bcf69a,38009,896
aca4a323-784d-47b4-8046-82322d46dfd1,107561,1929
a603e49b-33b6-40d0-b39a-1784a4881b4a,6826,553
8d463760-a2f0-4a44-9e37-764f87af7279,24629,2484
feaef10b-cae5-40d9-89d3-9a5cf4dec8da,549640,5704
7064b41b-66fe-402e-9ac1-81d5245ee225,2529,91
18be228f-d532-40ea-b15b-40d300911ffc,111956,2597
03f2f28f-53ab-4d88-a659-0b8dfa0bfd70,16270,1579
35365c9e-645d-4637-a649-9a9445c0be9e,631,181
fe8134d4-44fc-4eac-8e00-fb1dc1e996b6,123413,7550
6721c3f3-2ab0-49f1-b8dc-8529953d6e27,13884,902
d1f8ab94-3e6b-487e-865d-bbbdf30312e7,452444,7883
e1283576-51be-498c-ae30-b0c1506e4bd8,550057,8568
6a79a176-cc21-4c1c-a1d0-fbb0b66b5783,3899,323
3442b704-fca2-4eb1-8a7f-c847ccbe7a44,851022,10761
184e8821-3675-4d8a-afd3-6089f3fe2b80,16905,1347
227f3e04-feb2-4741-b73f-70e266d32bf0,91337,4692
f59acf9c-70ea-4654-849b-f2a25f3d453f,1334,134
e3cf8afa-874b-4c7d-9e66-7f5fcd779e2d,289,19
cf65f18b-117f-4429-bfad-602886f6a183,10278,237
c765e9e5-85b7-488a-86d5-fe8d8d8e9aa5,5964,401
2b4b6e6b-3e93-4902-8047-fbe76225f794,326560,5074
d9502075-0f5c-4514-b443-de0890340001,119431,7941
7120aff8-de33-4be0-bf25-ea3b77b00924,46911,2967
d7fd44c7-2642-479f-b302-5892de24f545,373095,16799
d6583b7d-416d-40cd-b39e-bb942e1aa821,25402,795
23304e16-a350-4306-b7eb-074e552bbbca,171353,3071
cd3f2331-160b-4ed3-9f2d-f0c54fcc1c63,520472,5878
0579e174-f377-4fbb-a3bf-db7ddc7aabb1,451351,7518
6ad51e23-612a-4c58-93b5-c9dab61e4926,23700,1076
21857c1d-d85e-4280-9e4b-925f4250be08,19515,513
be92cb57-f0ac-438a-b570-9f0166b9f81b,256,44
4d2250e4-a273-48b0-a49c-5f62dbd1542c,386537,3887
4c7f3ef8-446c-478b-9de8-0d5e3986c1f3,990,246
31ab8f5f-b5d7-41a2-80ef-13084aaf0eab,1623650,14692
e41b4871-a98d-494a-8cea-b9ba1a3ade1b,245241,6597
48e2d947-c7ea-4233-b3e8-98baeaa62922,1378,43
039bdd49-ca8e-494f-a9a0-2d2040a84b1d,6092,211
4bb712d6-8be9-4c09-810a-eb3bed2be345,1851545,27749
e8ecd214-1ff2-4e4f-ba01-fc6d24555852,313237,6710
63d38a2c-55dc-4318-9ff4-82d4c265f89f,66945,2675
fd7432e5-2ec0-4197-a38e-cfc26ef2789c,176653,3550
c0ee9607-e22f-4554-8302-65da5d1b26a1,1256,64
a293c138-d7f5-4935-9c7e-3a5126db023a,150,90
6bb1598e-1660-42e6-b1fb-11750cd300aa,238,120
e542d883-98dd-44fc-972f-7baf86171c96,652,146
ecd832af-695c-4717-a9bb-c5fbe14064d8,1011,264
8bbad4e8-9c58-498e-9c48-7442fe6db827,589,171
df9f477b-1cd9-401e-8999-f5f97d7e3380,217,117
b8d87adc-c14e-45f8-acf7-52a62e800b08,991,365
d4fd2ddb-6363-4919-b83d-ada8bb6efb73,325,109
377c01af-65f6-4ba7-8e4a-0f44eebf8fdb,349,108
21e3a181-5714-436f-ad1e-5751e3e32321,297,120
65e10c0a-a5b4-4621-883e-fb0e545059a0,8586,1592
b904456a-5fd4-41ef-b8d3-ef398702c6c6,1102,334
3d1ffdf0-cc6f-4867-a5aa-7e7311be2344,1104,393
569dbf90-dfc5-4882-b340-baaf8051aca5,1425,376
fbd1a053-8cbb-4195-a223-8739d6ce78b4,2994,721
2262763d-9dd7-488e-b168-3f8a25f14798,4814,785
62a45530-13e4-4253-8820-11f0cc05349b,1491,486
9779de32-1664-4b24-8ecc-f618c626ec12,1555,515
d0cdd7aa-3000-4bca-9ba6-66a1c85685b7,752,289
dcdbb883-df4e-4459-ab0a-d0ed7072bfbb,86,49
d4888274-bfb9-48a4-a92f-b6c9dc5e1aa1,254,98
dd887b8a-cb21-437c-b1f7-54341829f87b,738.0,265.0
53d1c5ec-4fd3-4fa4-a02b-1b4dd11c7ae6,217.0,72.0
d75284de-6e11-4c35-a52e-50d3507a78b3,18555.0,1991.0
8d872b69-0289-4f83-9422-78ead94f859a,1041.0,378.0
44f8fa80-4ffa-4db0-bf31-257ff356d820,24445.0,2233.0
468ab62c-c949-42be-92fd-c7081446daef,408.0,169.0
b5110963-ade3-4f12-997d-3ad56433f2fe,542.0,239.0
67f34f17-a55e-4d44-8b2c-9a37d53cd9cd,309.0,103.0
43fb891c-b38e-4e31-a51c-8c7f7537fe89,335.0,133.0
69c71554-b753-45d3-923c-dfdf361deb7b,246.0,132.0
d8557c20-7efb-4a56-acf5-56525412d8d8,7018.0,1183.0
9fe39a85-eede-41c3-9060-87824abced26,295.0,143.0
ebb91de6-d18f-4dd4-8c51-fd0c299e4cc4,558.0,221.0
86383f95-433b-4cae-a483-9043e21226fc,261.0,119.0
b4da788f-8172-4a5c-bf50-754a96b026c1,257.0,125.0
15a180f3-2e2b-45fb-adf7-74d89a71c7ed,79.0,29.0
d8adcac9-ceb7-47fc-9cb9-470320c43047,274.0,100.0
0aad8783-6628-4198-a8b8-9af26759e0dc,164.0,81.0
f715792e-53c2-471f-bb71-e51139939496,600.0,244.0
96e7c1a1-428b-40cf-961c-252ebadc6b73,,
79d68f33-b647-4dec-a9d8-65387e39f9a8,281.0,137.0
ca2f98eb-00db-4f1e-89a9-d5b168070456,402.0,194.0
3c334120-47ba-42bb-8b67-3b4fb00235a1,59.0,34.0
ad73e8c8-0104-4d7d-91e8-8103eb08ecc6,324.0,120.0
4b989f22-899e-4786-9eaa-0e8720cb28cc,340.0,127.0
2ccd4a00-320c-48f9-9762-9975dc9821f7,495.0,174.0
ef3519d0-b7e1-4b85-b5d2-1f38dfaad379,201.0,98.0
90667d11-f6da-4f02-928c-931657048a95,177.0,67.0
b578a54f-40c9-4e34-8c0d-70c1dcbb0159,149.0,63.0
1fc65c63-41ed-401a-b891-b479f638ec2e,198.0,97.0
760c1ceb-ec5e-4fee-b0ca-3ff8ecdc717a,309.0,115.0
cfb3a430-7450-4186-bd8b-7c73a2d296b9,824.0,274.0
59ed04f0-926c-4082-bb08-0fab4bd08edf,,
31e51c0e-a909-4778-a5bb-d31084ac03b1,186.0,89.0
0f1eb365-f179-494d-a49d-134261ed9de6,7810.0,1274.0
c7a56cc0-261b-4577-b3b6-8e3bf7583ba5,49.0,23.0
00b41798-9070-4feb-86d4-97bc8478ed25,61.0,20.0
35cd3325-3687-4fd7-95e4-21df42eb48f4,185.0,72.0
c51ea4d5-5a79-4902-8436-1b36b374e7e5,72.0,40.0
97a4eca5-142d-4d7b-ba8b-48f2038347da,103.0,53.0
5dfcf2b4-1aef-4b90-b04b-b5f1e495edeb,180.0,63.0
99fb6dcd-5889-4d0a-9064-096c0aba312a,633.0,209.0
5497cfc7-dc10-418d-b380-d5fd8d1f1e88,142.0,70.0
d87e52c5-bb8d-4da8-b941-9f4928627dc8,9675612.0,193011.0
76b09967-a03f-4704-aaf4-e8d65ee02271,68565.0,4401.0
d3b2711f-2baa-441a-be95-14945ca7e6ea,5408086.0,130683.0
527a4574-0749-4e61-93c1-cc7102eaa243,8745.0,345.0
ed1853e2-bc47-4b74-b440-4e656c06b04a,57652.0,4804.0
ebb8ffb9-1322-4d20-9fc0-422813654ae8,6952.0,461.0
a04e7da2-998b-4e36-abaa-014c00b93622,2453611.0,34649.0
3e55d51d-687f-4a9d-af96-2fabccf802e5,10143217.0,223648.0
7f3fbfc8-a3cd-4089-af13-701fda9e45d5,577.0,87.0
f98a61b4-394d-4e1f-a5f3-f747b9494e5a,167727.0,30242.0
114b3f2a-b762-4397-a836-649b4fe71a26,20639.0,1796.0
a6860d3b-8129-4019-89a5-bf533cb72cbe,16345.0,1549.0
af45b4e2-eaf8-4a2f-a661-395911c1b256,461144.0,11644.0
b271991a-25a8-4e87-8c36-1ff8701733bb,22653.0,1412.0
6ceb21f1-fb1a-4c03-92dc-0ebc939dccb0,37802.0,3586.0
22dfb355-7b66-4fbf-adcb-8b8fa6440839,370174.0,10697.0
0a42ee0c-95cb-4815-b00c-dde4de036e32,3014.0,269.0
6a052517-27f9-40bd-aab5-10f7f6ada4fa,2271.0,147.0
96e2e78e-1e22-45b5-af33-7d79a91ee308,1333249.0,29889.0
eab69289-45ca-4e2a-bb66-080a2a1f3d4b,30263.0,3151.0
97d85043-67fe-4430-943d-3dc1276a8d01,847.0,90.0
4c5ff1ac-dce8-4815-90f9-232c5ea8d262,387475.0,19462.0
069fc6ff-adcd-417c-8dbc-bd48fc117b12,499.0,86.0
3503bb7b-c2a8-45b6-9d0b-c96a4b035688,2920898.0,71967.0
5a8e07d5-d932-4484-a7f7-e700793a9c94,9709610.0,175573.0
089ec425-7eca-4696-ad74-63c562e8aa23,2679.0,188.0
e9c93c2d-68b7-4416-9ab8-4e686247795c,159340.0,7980.0
5457b7a9-820b-442b-be82-b171284f41c2,1033797.0,20013.0
e1eff221-4e60-4104-a30b-11949b782337,191799.0,6311.0
f68d8796-9e45-4495-a866-12201af8558e,96868.0,7305.0
f8b22c83-384a-4f93-8f87-fbda813de358,4074.0,943.0
dc767c6e-74d1-45fc-be31-bda00253fbda,338029.0,12465.0
e37bfc6d-869d-4cbd-9f1d-573af306c93e,22436.0,2839.0
512dadba-faa1-45e5-9522-6ea3c07853a2,5099.0,241.0
4a4898e8-0c6c-46dd-b190-8cdf580b0965,164508.0,16530.0
cc253e41-2b61-4853-aea2-cf5633645205,88289.0,4321.0
f116576e-8b07-47e9-ae30-6e70d7952abd,27998.0,2521.0
1f0cf580-4dbc-49cf-a4db-56b1c1f5c7db,5181.0,316.0
52d0c873-11b8-4868-8771-09c44bcc1933,16372.0,3234.0
96ce69b9-64d3-4cfd-a05d-60180f21b899,6054.0,1100.0
e77b5976-6b37-4462-b3a6-5a60df51c777,51122.0,2198.0
92440c11-ad81-49eb-8312-267d397d53e6,22194.0,1836.0
9302f0b1-bdbf-4acb-85ba-4c102b5f5de3,5451.0,263.0
f3e5b1ac-c871-49e5-bbd2-550522ab0b9f,8245.0,1293.0
373faa02-74d7-4b1d-9b47-7574ad510f8d,3271144.0,95011.0
a3534292-7820-48df-8a9c-6b363aff43ed,140681.0,9140.0
298550de-8b83-4d8b-aaad-7abf58e50caf,12213.0,1934.0
d947855d-1e18-474b-bf4c-8a622b0e6a2e,861.0,236.0
34906dfa-436c-496f-9911-34d4001dca81,37393.0,4367.0
a1a92a82-1577-43fb-aa58-84c14789feec,68770.0,5782.0
753a1564-aaef-4d39-bc68-4a8d5e328cf7,7781235.0,174732.0
3ccb05b1-177c-466f-ba8e-448b95e225d0,2002.0,631.0
c785cc94-7671-4ef0-a5a5-9600eacdf2e1,1023.0,94.0
0412c00e-5ab8-407a-9995-d53d9ff3683c,5691.0,1244.0
a62318eb-0419-4ee4-8194-a00d29afa9b2,852420.0,24914.0
dd6838c8-f96c-473d-ba5a-e9b7b13c1c64,84073.0,3902.0
0bcb4b8f-7328-4770-be30-46a5db444862,17036.0,2363.0
6049bc40-8c54-49a8-9a07-77e376065cc6,453,70
c2fa92ce-429f-4a32-81e6-ffc3baecdf23,6060,620
0482b88f-bef1-4b98-8573-5d2cd81bd4c3,494115,9570
0964dd32-8277-4e3e-866f-3fbdbebdd54f,55697,3565
2258b1b0-bcb3-4fb8-b457-5ae9461ac1c6,27822,3018
e1343797-0f18-402a-a93d-ae5ba72943a2,704,55
d8393a38-6541-4aa1-a369-1a3e93d9a9e8,1966,305
eb63065c-d34e-4e8c-8f51-bf8616ff6ed8,74541,4714
e4e1dc52-fb0b-4bd8-8fb3-28a5fef9f05c,58494,5006
4c789963-4ebe-4ace-8bc0-ed325f21c276,48777,2852
01a033e0-22f9-4c85-bc0e-647fc1e0022c,6759,1082
fddb98dc-d74e-4ab2-893c-a628f237bffe,27481,3142
61d728c1-11fa-4ef7-b445-2c42ad55d372,262331,6772
d2c68ca7-391a-4415-96c6-f04775ca7549,14363,1470
aeaaf8ff-c85d-4861-88db-ece7f837c5f8,210387,7792
608c45b4-974a-4a10-a9e7-3a9824ea7742,1225677,32639
2a1cc543-39c2-48b7-801d-42f92f0b90ce,13650,1901
1a21747b-7b43-4e97-849b-db5ab664583e,262703,14143
ab35af4f-9b1e-4620-8da7-e135eacd53bb,271292,6495
96064c1a-fef0-47f8-912b-98322c24af41,1190581,20335
0fd3616c-36b2-44af-8b05-7d5675ed7267,935497,22795
f92f5d3e-1f40-4d45-8849-97bac4deac0d,95648,5267
0d8388f3-d998-40cc-9bed-dba1c01049c7,628404,18571
40fbf68e-c835-4250-b1be-b40d2208b98f,3051,234
10a0b8d4-e88f-47bb-8a14-8396f43f9df0,2118,110
564923e1-8531-4abc-bf74-cf93bf439617,8000,570
047a76c0-8e6e-4825-8dea-9cb257d691ab,16757,1799
ddb68843-972e-43e1-980b-3477f82dc806,30113,2694
9d114022-4c77-4cdc-9d78-d6effa1b51d1,29715,2162
be2687df-676d-4be0-bc95-201a39abd0a9,5845,1082
90575cc6-1c25-4b35-96ae-e5cb7e73822b,21370,3411
2844b5b7-284b-4fc3-8bd4-0b3297938ee4,11677,1442
8d1304bf-e3c4-415f-93f9-d2425259fd13,2698,412
22a58080-7e0d-44c5-a148-03f5ee5ffeb9,135709,7652
6be34655-21a9-421c-b279-da87b33f8168,3638,790
3b2528dc-bc54-45d0-bdb0-2d96ddf1a54d,46851,2344
ff4f22f9-0659-4a8f-9e67-8fefdef59fce,94482,8354
7ae72ccb-0db0-498b-9280-ae26bca81af6,6032,197
d30ada67-1b32-4b70-a07e-0f9aaaa345dc,103552,6371
91eaa91f-de20-48fa-ab6e-749039187463,50338,7240
1c3e52cd-c0c5-4220-85d9-ebdb6a26d056,752597,24444
2f1e4ada-2b9a-4834-90fa-88d61b73082f,1668828,98098
7b539f5b-b7a2-439d-853c-41ffd7551b79,278,95
b8b49972-85bc-49b2-97c5-58aae0e68d5f,941,83
54b87024-8b4e-4bb8-a92e-c565bc54b68f,40537,4741
751769ff-c068-44c5-8c71-c1395f0373ed,467,30
c15cc685-d010-4ef2-b4bd-e7b53895ae19,15028,1844
d7ee911a-df72-4b85-881a-54618ecf2c0b,117593,8105
aa1ac4f6-9063-4561-a754-497c021e5c50,5,4
48b7ec64-c8d0-4783-92f8-c26d89dace0d,213867,6218
0871175c-ae4a-4c59-ab79-f14a3a704f89,207482,5259
843238f1-ecfa-4a26-9e47-ce52e4ea1e31,284747,9862
053cfc8d-cdec-4be8-a099-3e6305e15066,36075,2140
a128750d-bdb4-42b9-93f0-5c124070def2,5630,617
21f7073f-cf3e-4cfe-9587-3f4e62c3ec19,645350,15229
c9398baf-2cc1-45be-94d0-d04c271f2a6c,328,81
9627d4b6-26ef-4e92-93ae-a9d734023ff1,106535,6948
6602943c-c5dd-4ba6-9735-4889c5e57822,40589,2459
d60cdee3-fdf2-4b66-bea9-c6be2c302e70,23658,1463
3838b444-9c25-4934-b7fb-a82602076f9b,69533,4317
0a63ec16-9622-4fae-9b44-213f0b9952c7,16995,2430
ee963a5a-2b2c-4aef-ac91-78ad06082cee,63103,3566
70e6f3e7-f410-4307-b7a7-b26fef2c5efb,109,34
8188e247-01fe-4d91-9858-b2be28840647,11754,1927
1e443c06-15f1-4a7e-aa82-9f8e9b3af731,55536,3043
839fdc73-f676-42c8-817d-3bbcd00bf31d,56227,3664
0be92d9a-4418-435a-a0f1-d49d77232268,50938,4946
f62b7ae2-bb92-460c-a4be-099747ad85d8,231585,4755
f3072e9e-c9b4-4131-9ef5-f1ced27fea03,1892,254
b4f112d1-a47a-4c94-8444-f87873099635,32938,1770
cd996aed-776c-4e68-a991-39593cb1106b,7712,1871
7df6f9bd-11b1-45b4-a47c-dd60ca3c5289,9890,1547
557d74b4-11ca-4ec2-b167-e4e327eea1b0,367234,14122
fba3e876-68f1-4a1f-99d9-c604480202ba,147354,7585
b6eaede3-3006-41d7-838f-5c2b0a17e41c,11305,2226
756946ed-32e5-4d20-9076-b60bdd440b44,3264,553
11c42573-e081-4e10-ad97-eb430040e3f6,23136,1849
ed457583-265c-4907-911e-3e611ffb9d29,1862,215
f17c1a9d-aeeb-41c6-80ed-0b37d59a947f,92434,4992
a22f59e4-bd3a-44e9-91f7-447a4aae76da,24058,1770
4fa67257-a6b5-43c2-9380-ef9c63ebeada,467733,17529
45d87d81-b241-4a1a-9020-448dc3907334,121,72
e53c7d59-4e28-4ed0-8c13-12148c5b5223,114942,5840
97d04ad8-0927-42ca-93c9-fca700a6cb72,2156,243
2f031686-3f01-4f33-a4fc-fb3944532efa,66734,3775
351ebf75-f5d1-4058-bda6-22a2327bd9a2,15961,2638
f97b55a8-7d03-4ebe-a277-a9cadc2a9f86,1729474,67511
1e234774-8e37-4378-b01d-b7dd6ced769c,1100511,45602
64236143-98de-40bc-873c-6f843c9ffb10,169217,5673
6e17c8d1-2493-46cc-88d4-64b848a32593,1586535,35405
35a8b8aa-a2ea-452d-ab19-20f330f66308,11781,342
3eb72791-6322-466b-87d3-24d74901eb2d,2952840,53632
7ef8570d-96aa-49a2-912b-8a1dc4cd1783,49050,2229
1ade81bb-18b9-4060-81d9-9a2bfe342c7c,128889,4536
32ec12dc-66f1-4bf6-9b04-8f7f16f344f2,89,16
12ffff5e-99b5-487a-9a3b-9a40374275f5,605803,6548
c718e1b3-aad3-48aa-8ad3-ea4184b949bc,1037661,15861
1d5e3d1c-878b-4004-b132-b6c08a710fe2,342,71
0a7e2470-4b08-4e17-a8aa-4daeb3899d04,20990,800
d4034098-dd82-4e80-b308-cc52f3096e7e,13752,871
d7191e83-f93f-42db-9287-e337d82fe4cb,1364,346
09cd5458-ed6d-4d84-bd40-03aed4e29fcc,388,31
8e386857-08b9-4ee1-a2c0-00c61c7a5348,527,15
d7e2dbe7-4546-4590-adfd-2eba2c987d58,8899,236
de0ddb2b-e98b-480c-a269-719b022ef889,13558,448
c9702423-67e9-4d84-98f9-9ecdaddbad14,29201,703
e4415a95-4d6e-4d85-b0eb-b2ad140d4737,36543,2179
2aa79fa9-7ac0-443b-b250-18d67227a1cb,517262,62289
c7cb9a2e-ff57-4bb8-bd2c-83524e18e369,557732,61499
7c7f9c94-dee8-4903-892b-6cf44652e2de,4882168,180589
1a1cd7f3-e5df-4eca-bae2-2757c9e656b5,6935221,200814
be540c02-7898-4b79-9acc-c8122c7d9e83,8509145,166017
f41490ce-fe39-435d-86c0-ab5ce098b423,2583982,114850
6a93afbb-257f-4166-b389-9f2a1e5c5df8,1418320,42716
98720123-fcec-47be-9e88-29a310fb2942,841388,74379
20278bbd-271a-4a1c-b6fd-43a13d43203d,333022,46944
7adaabfb-acfb-47bc-8c7c-59471c2f0db8,1933472,105157
a74f43e4-50c4-4b19-a2ce-c05ce9bccb03,2519325,94500
6d072aa8-c851-49c5-92f9-cbca05f4bed9,2648850,99855
c09c8263-40ef-4352-8031-e438b1ce68fc,1089259,92084
27acebf2-5440-42a7-9db6-19ad2c9dea38,505208,49646
ba147912-dc39-416f-9e4b-09765d671674,154598,24412
31aa6f87-8d00-4ae9-a5cc-6d7eeea109d2,2175043,107746
5c01e170-1302-4e75-a10c-d9e440b0c68f,568280,58596
a0b2868c-22c7-49eb-b227-3c4251a6c88f,122889,15246
2925aac9-5474-4030-b8a3-4151107010b2,1027015,69153
d3dcef08-31d2-45b4-8e12-e4c7ac0d26c8,205096,24995
23b0f3d6-ba54-4597-a1c7-24c6dd348ef7,618545,60558
87199477-b0df-4ead-84ee-9b54b4abfc3d,816926,56347
166bc1cb-a2b7-412d-bcd5-5f439d2cf5f1,1567946,52786
1bc76772-45fe-4f14-92b5-c4f9ff567fcf,77895,3275
42922db2-2e80-44b8-9cdf-0b3a6634c124,1121368,72894
d41396da-ed4b-4d0a-a902-d4bcd39cef62,609884,35316
a04e09c8-733c-4430-9e22-99ef9dd5e2d7,303272,28956
3f1f765d-8b6a-403f-a953-5a828a87ae28,81526,13215
aaa436da-b331-4e58-a0fd-3d64d090c120,1091729,82780
738457fb-624c-40db-b68c-66c7a238a955,370582,36489
b45335d1-5219-4262-a44d-936aa36eeaed,10619804,156667
95c1c479-943d-42b1-a511-261e4d897d9d,47822,5680
63721b20-b058-4176-a057-50dcd8044af6,120343,16094
a3cd61ef-7fd4-44af-a27f-99641a82b22b,2550066,106879
a58d4ccf-341d-4f2d-a7c8-52828ce89ad2,163723,16945
7451c6e2-02f0-4158-904c-7f477683ce5e,338749,19965
74a30f2a-dae6-4e99-8a75-cb0f93b31aa6,6339215,141904
43b58c98-3779-4b04-9a23-1c95cca3a145,2966577,101921
6286e04b-7bc1-4f22-bca5-fdd34d1b0d93,584308,43188
41ff7032-f14b-4cf8-acf3-54b545927f8d,287406,33006
cc00902e-dcf2-4621-bf65-3a38bf3c31cb,22035,2313
47c8a452-4efb-45b4-a0d3-df506dbe42b2,383421,46553
7bc51021-6a84-4a04-ada3-0541615a97bc,324497,39449
d67e6b0a-d2c6-4e4a-ba30-7834701535a1,492388,29717
5e114cdf-10f8-4d0b-a974-4b86491b1c7e,106592,3465
7f36c662-11e4-4ab6-bb8a-6dcedbbf64f2,48893,2824
05f3353e-e2d9-4344-a3c9-8009dd8e0427,1063393,43903
bcabb743-60ed-406b-94da-9bf82e032e58,565114,55094
78605d0c-7454-456d-934c-51eb46122566,371821,40586
2787bddf-6439-4c73-8162-5f4a1e5fa030,183504,23453
1a0929de-3732-4f21-898e-fe6477cb5c38,41890,1684
d0f7f125-5403-4f2e-b7b7-2ba8ef43836e,172108,20188
fa5c2aed-38ae-4e32-b3a1-f50dac411b11,32538,1976
e8238c02-1cf0-4a51-bfd0-cee93904d351,4643333,122105
7b885d42-3c41-4f43-9944-a5855ec5155e,12026487,211282
2b87e134-b4a3-48d8-afac-9501d4c6e931,377466,36378
1cf1db8f-06bc-4c02-a608-4fc7980bbfcc,233274,25432
00ef5e52-582b-4d53-a03a-bbd5b3084197,2552524,107967
ff9f99d4-aa42-4c82-a7c7-9157a3cbb5ba,42065,3156
d2db1078-c170-4e22-b261-14f3ad60a690,3636786,116010
88bf8f3c-71fb-483a-82ef-3fd54007ad54,159013,6946
043324ca-100d-48ce-8c7c-fd015afc103b,821123,41496
98eb6868-9f31-400e-90d8-9a46380c1bdd,228097,19808
dae9c45a-6f2f-4ab0-ac49-4147568a89cf,26,7
3321a95e-d587-47c0-b6d3-fa5b60030d29,17474,1197
874b3a85-db6e-49f2-b8bf-747ca5c10d27,139085,10620
53895583-37b5-4a39-97b9-6bed294bbae4,87415,4320
0410d1a9-65b1-4ea8-a262-725bc9b495ce,10569,1086
cc3c8231-3f07-49da-88fa-04986e954a9a,295080,39665
32673e42-5ba2-4528-b3fe-a000a0c606e3,279313,37636
9809d784-037f-46e7-8d2d-7ecad897f355,917389,36854
74f5365e-d77c-4a33-9715-7d5f049c9fbb,574951,49942
e77729d2-fdc6-4105-811d-2bca1b00cf8d,137123,6111
c433b570-1cb8-472a-bed7-4e24f94ea665,142662,17368
8cf8869d-e066-4c94-b734-fe05749badf0,188569,18972
cf51b298-c8c1-4480-951b-2a4740693518,36480,1359
7a9e37d6-4396-415b-80f6-4b23b1c041df,97779,15922
0ad12092-85b1-489d-b23f-790d1c620aeb,58914,12684
0671576e-244f-4b16-b168-6f860c967329,525118,18233
48834e28-8ca5-4827-be91-0bed0ca61d76,368542,20244
09bc57df-6fc7-40f7-b7e6-2261481f801e,106444,13281
694b1fd8-0ba6-45bb-a359-d8a8fecaee46,345881,25459
70693ef1-2d81-4b35-a483-bd78553db176,117202,13970
dd90dbb1-296a-4675-84ae-4e1c613ca69d,142183,17439
80f0eccf-a8c4-4de7-bdab-1606777e223b,164616,24881
6cb79cb2-9087-44d4-828b-5c6fdff2c957,2530465,94052
3a8419d3-c8d3-49f4-8f20-727d17700db6,8820,688
df869fc1-60ab-4d16-8050-ac4321b06b2c,57037,8159
228af6b5-f691-4ed2-a63b-10cc6fcc1144,683307,56129
07f60268-1fe1-457b-8586-e6b2504076ff,151223,24337
eec163e4-a013-4af0-9641-c5b2df41fff7,400884,32974
379811c5-4db9-4a78-b5ff-06ebe8723e39,153070,21636
18b23026-ed29-445a-9bb4-4e86598ab5a9,3515332,35794
5a8cc407-7efb-4e94-9637-d5896395e754,563222,46502
05ee3560-9587-4eed-bc09-bec3bdeaced2,56047,12625
7e786a4c-c743-4713-9340-a6f12d8515d4,1555872,74772
7696c8a8-f971-4b8a-820e-b8bd922bfa57,217921,24108
8432d4a5-69c0-4a0e-8a7a-9265e863a308,246005,22006
d996eadd-029d-4478-aa4b-fc9446653548,196167,22783
c47028fa-0086-426d-a7b8-ed20eba3ed61,124300,6020
340758ac-4df8-4986-b605-8016f58c1f7f,98710,15912
2681f319-f70f-4b92-9389-0f6ce6efd018,4350,457
1e0de31c-4957-4649-9aa3-7b0f1d9d2c84,195001,13582
fc0bd304-cfd4-4478-9224-3446134d57fe,388743,22813
9ad7e479-e9e1-4b4e-9431-da0343739d6c,254319,18272
ecb620f5-7d8b-40e3-a4f0-b4db4842359c,81752,3019
23b2cc78-7595-4630-bebb-a349a4f25262,580592,44433
023beb8e-000c-4beb-bc7a-0bbcfff788ec,16237,567
06efc032-646d-4192-b537-11cb24f921fc,24838,1487
69760e0b-a28c-43f5-bb62-3811e3934bef,20425,901
ec091c5c-cb67-47e7-a2c9-e61ec1afc17a,167304,7815
bbb94ad0-3bb7-42af-99cd-e92f5a42c4c5,86467,14655
10000730-525f-4ed5-aaa8-92888f060f5f,12535134,198057
79feb79b-8f0d-4306-b30a-e28bd88c9323,470976,32697
115930ad-f040-4689-b9ef-0da94dcb63e8,251007,21660
cee3e39e-fb10-414d-9f11-b50fa7d6fb7a,177971,13667
32a59d96-37f6-4bb8-aaca-5730f94bf0e5,37353,2075
3118e2b1-1517-493e-bd74-8de1d1dcf2cd,7771,2006
ccfcd925-f1b1-409f-93cb-ff91ecbe9a19,23512,2185
53578264-7436-437b-87a0-3b034a3661f0,529967,33246
d8915e13-d67a-4aa0-9c0b-1f126af951af,13484121,217580
b5902d08-cc36-4748-bc78-d2090cc7ec9a,21622,1543
b8e3d1ae-5983-4af1-b226-aa009b294111,904133,28918
98671aa3-48d2-497f-8dcf-dd33542f7dc1,9110,1002
813377f3-a5a1-4068-b837-008e8130b62c,28899,1647
f7df5df4-4dfa-459d-972b-1ba051c15ddc,7604711,149448
90024c0b-daa5-485c-818c-c600522ce1b8,15075,1164
290f4a84-5919-488b-bdc1-3f375bb6065f,308,39
03da2ea1-bf64-4052-a15e-d18c6f9f637a,42585,4666
9a7f8969-387f-4161-b643-4b0e733f8d64,27528,3316
2f32b91a-8194-4fe6-80a2-2ccc75a68221,2250,550
13b3e599-b94d-43ae-8c7b-bf1193cefb99,151,29
a9c6a721-367c-4a5a-9e69-62498f6386eb,25177,2314
61ba9eed-0fe9-499b-8dbe-88a7d7c1ff27,58292,4266
bb54817c-6829-4ccc-bc58-030abb85c583,343689,18356
fee33b3e-5b71-4569-bb45-952aedf34064,2771,535
e5cf6804-c9d5-4929-8dce-f8b8c18f8283,38,13
1da92d89-9dc3-4dd4-be61-a485f4b4fbdd,16463,1031
bad1cf6d-a937-4e34-b4a0-549a2eee574f,206,39
dc3477fe-ea0c-48a5-b8aa-545104120778,5854,665
d09ac963-025f-4eb6-853c-cc383838ee60,33501,2281
4eda0bf8-f7a3-40df-a984-53a4bdb3c332,289,32
e77a055f-bb96-4317-bfd0-45ec69c9e852,23641,2113
c67f5072-35db-46a0-b7be-de46f31c8eac,14869,1457
0f4b135a-b2fa-4736-911b-50ebcd03ef21,2868,373
c5b06e43-35c6-4301-8573-cf647569e71d,1464,111
3054b00f-2578-4796-8607-8698d56e4cdf,17,8
59b9f95f-854a-45b6-9702-dabab0829e0e,3,3
0f682136-296e-4e06-80c6-ab1353bd555d,1511,328
0a021b7f-5635-4bff-87c3-f8a3e9adc09a,4304,807
e280268a-a5ab-4bb0-be4d-ec470ca59131,869726,36067
ec001d18-9731-439b-aaa4-11af5ea7249a,3744,71
b79a0c94-e511-4fed-907f-fb87e3817beb,251,104
7f3c21b3-6d53-427b-bef9-f80cbeb9ba88,3504,383
4aebcf99-7bbd-4833-9d65-9bc9c18e28a0,634,104
f2f63f31-6da7-4740-b83c-ac0bc3b756ae,48,8
a7ac95b8-7a66-4a9e-89f5-2be25d83214e,1224,225
a7389752-9e5d-406d-9a02-9141600e4315,38933,3166
643c891c-7dfa-4a2e-83f7-cd67061de05f,63608,3029
fdc840bd-dcbb-4a62-b2c3-e768f336890a,5179,834
aeb34dba-fc36-40ed-917a-0571225fb51c,4121,545
f9d9c73a-b012-4090-b2b3-c73e5b4aad48,3477,462
b9c4b67e-9e7c-45e7-adf1-7cd17044800a,119,13
34c75236-b64c-4e1b-a167-56e6a95e9760,2097,211
1757f3ec-81ea-4d62-be7b-41664ce7eb41,2387,200
cc9dda02-a13f-4b00-a300-2b1ed67f00cd,109896,7299
44f1518c-5e6e-4571-b56e-c254c83c81ba,2841,532
6b16de9f-545f-4b49-b98d-aa52f4c41d00,7220,632
02294a9c-c924-4a59-877d-3ee98ee05ae1,25129,3146
198f6690-6efd-4ef2-83c6-3e277c1149f5,79,10
42baf186-9037-46d4-b297-f3d68c0b3ea7,26458,2806
0f3dfc8f-dd3a-4ded-b8b0-933a974a3ac7,767,160
b4eca5be-0a6f-48fa-83fe-c1875c016e84,468,47
36399821-dd91-420f-b2d2-9caf4eee5000,143,47
a8fee9d4-7d93-4dc5-ba71-575c2054ee27,11491,1951
8a8f5d59-adde-4309-8c24-9b23ccc747d2,22231,679
054f06dd-7f90-4694-bdf7-be80b31097aa,2402,125
31272303-15c9-4a27-8591-794ea47d988b,4401,793
c5970fd4-6278-4c5e-96c1-86fe66ac3f63,1104,156
a0e3d6ab-4fdb-4886-a0f8-f950e638bcc6,11639,1309
f144bcca-f94b-4982-97eb-aeed14849885,2309,128
7cba7243-13df-498f-ac8b-d5fb65d00d84,37,9
d51f2656-28bf-46a9-b3a5-d0878cfd6a46,3679,428
813a79f0-1878-466a-831b-cec332ba510c,53967,4135
1e367f39-8744-4326-ac55-5871e86519a5,31092,2180
4a2f0ace-47fa-4246-96a4-8d75fdeebaf6,216,30
5d73cab5-fe7e-47fa-846a-6ed5b0956a60,6756,1086
c48308eb-1419-4021-bb84-527ead30722d,48318,2027
0fe8eb7b-b311-4abf-83de-c89163274d4c,2945,122
b36b8833-a4b5-4835-af1f-370c5b40e54c,174,40
f2b2fc93-07f1-4860-9393-b8cd9cfda1d3,88,21
308630cf-af9d-4894-a2ef-480c0ec1a020,2792,205
4cd240a3-b70d-4711-a2dd-94a16842f62e,571,97
932644cd-1269-4a52-bfba-0f14a4279a9d,21769,1454
589b08b2-4892-43a4-88ea-19aab7f0e982,2195,668
c8bdeab0-2a10-4583-9d5d-d522a36fc979,1812,54
ed84290d-8d73-4563-b0e1-49425d4e291c,1190,161
c6beed44-2f3b-48eb-ae56-04285b03b41a,64,11
eddae5a8-81db-4bbe-be90-4a260cecb6f6,186,42
9bb20976-5c00-4c24-b817-f802f33cd592,3532,377
d03f81f3-17b2-490d-8ba9-13c6c82b99d4,33766,2274
59096ecd-7351-4dcf-a919-e0512c3706e4,105,16
82570520-a2de-4b86-92fc-566201e7698d,5566,812
d68124ba-d495-460a-913e-edda5d0f0994,3525,457
9ea0725e-8621-4753-98de-8c182bea6510,141,33
1d089d0a-c5b5-405a-9e8b-9bad02931e04,322,58
316da6bc-1d41-4d76-b972-49bb444b9c15,2146,528
5ab7c8bd-c8cf-4026-94a3-84eba9bc2abf,1367,73
af9b9909-23ec-42cc-a386-338d157ca5a4,10483,1224
e87d5ed5-5b1c-4689-a956-15a7a1635948,8580,734
c55207b0-f0b8-4259-a478-5e1b17455694,9368,2723
2d657d46-6b44-4036-9ad2-910a3f3331f4,758,141
9c48475f-501f-4de3-930e-69c121ba1d05,2535,472
07fe711a-7a13-4add-a71b-d5b6b250e9cb,143,59
53fedf73-b1ea-4f54-b072-550d0ee46207,103,18
9f033b2f-3eb1-4f6e-90e2-ddfd694dbde8,131342,5710
f5856cb4-7db5-42e3-98e1-29e4d9db2394,554,125
91ea171b-d997-4bc8-86f0-f2aa9fce0efa,217,14
1a89068d-c181-49be-93f5-97967895be76,886,103
27ff9df9-ff11-4b9e-bf0e-95170c6eb620,1478,267
0483f473-989c-4501-a9d4-6e8bbd309d79,1937,80
ed4ae823-4cbc-43af-a70b-61547a122e27,735,94
dac9fd77-973d-489c-b9ee-5a827c37914a,197,26
c0189f17-a023-461d-9a9e-2474bd1d7914,377,54
793191eb-09af-4de4-a91e-61ad8356c67d,955,212
2998e362-4f73-4bd5-bfce-1ebb971f8778,101,4
70490f8b-0267-45a3-b81b-8991c425a4fd,11441,1414
5ebec3ce-2f97-42eb-85d3-8d9fdb195b64,5961,458
21234737-13ef-4a52-9903-018c2f61a6b1,6842,1019
e330895d-3862-4ef0-815e-be76dbdaec1f,7239,1106
c35268fb-8c41-4d11-b99f-0e3bc0ea396e,6039,1004
44ae8afc-fcaa-4a96-806e-f00ebc0869be,333,120
0ca9fef6-4d55-435e-ab02-eaa0e52dc294,995,340
43ef8ec1-ffb9-4a72-b6f4-d61bd5dc7053,306,92
693572c9-f8bc-4766-bff1-b3ddcfcf3dad,4370,678
97c30dea-ca61-4efe-be4c-3d56de7900db,381083,41670
bd79872c-44d3-422e-be24-5452521c3795,11267,1087
f6d0de52-91be-48b6-a998-67cd3d582229,3205,765
f38e7cb0-d22a-430d-bd9e-d55587622d43,1750,333
fbadffd9-121b-4eed-aed3-cf86aa60220c,527,156
d0e3329d-f909-490b-b755-dfa31f446eaf,5637,951
b6c834af-59ed-499b-b287-22e2ff4dba13,12544,1343
e5173653-a587-4cb4-8f74-f9e3c403586f,3403,694
5510a355-bef9-4978-b2b2-8fcf5ed2d917,2424,434
304ab489-2cf3-406c-ba53-6f47b588f51a,3088,581
1de4e373-e597-4087-bf3d-256ec597749e,28400,2229
7b0522f2-b808-4e48-82ce-fa9e32db06de,306534,32946
29e26734-788a-44aa-8d86-a452bc4232a6,756467,48474
4c72f54b-6651-4d7d-b55e-7e8f4de57dd7,120522,12449
6ee8d1b6-3e6b-4d4c-85c6-45d8b1428399,9857,1208
6f23db9a-c501-4c5e-8a1a-e09ffa48ef5e,175351,19563
7e9826df-af21-4b16-9f5a-0523b2e3f4a0,6781,1056
91d471a1-7639-4a70-baa4-a9e063fb4e83,1249933,36415
a3435bf6-a676-4e19-ae12-cd4ea49e2885,20965,1379
bcb640be-8813-4253-b9d5-f9341d12d1ee,3141,559
e26fa4b0-ea73-4a33-a745-44077a0d5a59,543546,49354
207bc0b0-9cc3-4380-8548-a2a73f985d9c,2015,458
912f2a1a-d036-450d-a5d4-3d62b7a0c013,5394,730
d549710c-07ff-4bc4-a52c-dab69afece11,2207,457
b3b27f13-6874-4ea1-bda9-2a32948278bf,1566,321
72817a9a-cab4-4e53-9ac8-f0f5a7fb821b,1222,323
97218bf9-b5e3-4a65-b249-85246e6c448b,664,206
813d1343-911c-4406-9f2c-ce8bb6506c64,54563,10645
e2bef0c5-02e7-4505-b87f-90fc96bd70c3,16983,1538
75141c90-ee73-45da-99e3-3366ddd14585,8257,1350
41653834-5629-4cf3-b3d7-a0f689f99f42,13914,1652
86acb593-2bd8-41cb-8edc-fc8ba3620b15,193745,8511
f96267f9-17ea-4a6e-b399-ecc053c44a84,286410,22771
5f3b32e5-efb5-4096-9260-587c155e50b7,929270,37714
5dd3cf5b-474d-465a-a539-456d7e125ebc,110588,9434
75ebdfa0-4a8a-496a-a57f-e4bb93b14d4c,1837122,43008
092ca127-2e07-4cbd-9cba-e412b4ddddd9,2058616,78587
6606c527-376a-47b4-bb35-748d01e14f6d,1400804,53423
286c60d0-cade-4782-b726-69b7a1f9e590,151104,13841
aaa18ec6-856a-4ddf-abff-adc6afc539ed,925,216
10135b81-56f2-47ee-8dbb-06be8577ea45,9283,1193
b29c6896-8c6b-4ef5-9f33-57ba1131faac,214471,9971
40d67770-9dcc-49b8-b15e-f26183bea8bf,5826,1009
a15988bf-2d7d-4576-9405-2352873bc5a4,237001,24543
cec876b6-4c3d-4598-8078-2e87cfc3296e,778,193
524ccca7-a2bf-4ac5-abfa-f0fe5572ecf5,113667,13151
6c936f85-3f54-40cc-b1ab-0207e4f55928,4,1
3f2e4c21-aa25-4f47-9b27-5f34de04aa0f,163814,16887
7c59fcf7-8fe7-4871-9f2a-ba4fdb614c1a,15349,4291
e33edbc4-bba9-443b-ab5b-85c0ead08efe,1828,323
74d3526c-5739-450b-9d70-1318b2d75c07,12025,2537
8d1a44f4-8abc-4046-81bd-ac15fc1bb991,253,70
6c86868b-01a7-46a7-af98-9e23c638fbc7,18826,3830
176650bf-db9c-48dd-8c01-376104966997,466967,7599
661f1218-124e-45ea-b3f3-8bf1ba171324,1733,162
24410e2a-1024-4662-8f47-f48b14b5d991,87225,10445
51c8a2a1-8604-45f9-ab48-d17a166bc0dc,1646,201
d78ef6fc-df19-4ba2-8336-cbb1d5aa7777,17845,4346
5e834f55-ca78-46e0-be12-d25f66c4ab93,1091,134
9edb8bd9-c63f-4983-868a-55cd221b700d,2954,358
82f2714c-f532-482a-859a-5b170901f9e9,6537,770
bb1d2f65-7389-44b4-8f1f-8aa692c89b5a,352,73
16f76c04-3638-4988-8460-209e38bb2cbd,7525,425
37ff534b-5ec5-4fc7-9969-06e3fdf88aa5,202282,15579
a95d3955-1cfa-4eb4-8012-736fee206e64,3546,428
47117e08-c495-45cd-a5c3-1a75f0995e2e,104220,10372
0038bcbd-5f12-4a05-9f77-324652334345,211874,16841
bfbaa549-1504-417c-a045-16d984f3d586,47211,6863
a2a47c8f-9042-4953-b93b-f5963dbbbc94,506,134
f8ce4811-bc08-4a32-81e0-a2345cdeacae,544094,20171
5a2e73e9-15b3-4bd5-bd4b-7a331ead808a,299768,21698
9b6c478e-e60e-44d5-8714-9ee1395dd765,2736,511
572b7b65-a743-4772-88d8-319abc85999e,234,89
d6a0a6f8-6670-464c-8e5a-20e14df6d4b4,111,32
233164a1-a581-44f7-adac-cfdae2eefb66,77931,12786
d20f758d-d78c-4f51-8163-bf9bf36a7f05,2074,414
a1fe6d59-e905-4977-80fc-15a940c2a305,3155,824
f2c61f11-9c3d-4840-ab44-9e2364f0827e,8553,879
da3921bb-8f81-4902-9a84-8d57463adc9e,1194,270
40e5f959-3d95-4b3c-a994-995d36805533,1625,276
cf1d0ddf-9794-4c7b-9758-a43b261f5a97,7375,1121
1c8f8ab5-ba03-4aa6-9eab-850e1d3a2ff7,125989,6308
13875f81-5bfc-4939-a6cc-296c3f8d0fa5,539849,22601
02b3a9b0-a39d-4a16-a477-48cba270292f,5030,776
4bdd317f-614c-48b0-9351-adcfd1d07ef6,18412,1704
e83144dd-bb95-49fe-b1dd-00bab25cca9e,1266190,69914
ccee664a-ccaf-4b23-b809-9a600d006661,2219,383
14276a83-d21d-41ab-b809-09b494645645,54525,3765
9ffad8aa-b671-4a9a-a527-a95bdaaa0ec4,1065804,78963
0b1aed87-82b8-4e2a-a7d6-4c7141c427b6,33973,6765
3cd3a255-3613-400e-a7f1-12d8380d2700,2599,289
fa6ce5aa-14e8-4dc3-bd41-a56ed7708b75,9474,1203
5df88386-32bb-48b2-8eff-47a450079075,430306,21795
752081d2-f1e3-458e-be75-af41d4ad77f2,659,218
eab76c9f-ff91-4431-b6dd-3b976c598020,10531978,109805
e5d928e1-b020-4dd8-9497-7aaee1b337bd,508855,36340
821e12f8-e3ff-4e44-afbc-276148c8d871,12070,883
c4acef6a-1835-4da4-bdea-ba3b789dd36d,344949,13781
0c205acd-5003-4b0d-b603-fb91b93b6eae,114606,8145
74d02ec7-7ffb-4398-b91f-9c5a1f2e9fad,125,46
442f04b6-a571-4477-8aca-5f7d66cef1ef,2511,372
fa59c4a6-6605-4c83-ae21-032b1d0dd66c,875,172
b2e9df97-3deb-4e4e-8193-ab1af10cfd83,97317,7665
d84a9470-cae5-4d8a-aff8-25f86a93e282,409500,21015
ea25106f-3603-4b7e-8097-16e8288e5fc2,150780,14738
70da3c55-89c3-494d-91fd-b5024cdb7fc3,29817,2699
6e6e3359-1291-4a71-83d2-181c5ece4acd,30945,2495
bf90ac87-eac0-40fc-93a2-4a61694f96c4,8135,846
7240296e-5eb5-4a43-bcba-b4b1e7eb3cfd,936,98
3f05a6a3-ea0d-40b3-ba3d-53e40ff628f8,31376,1761
8e3fbfcf-e072-47d0-80cb-a01700ea90c9,41887,3919
2347072b-5553-4fc4-a677-7a41ab893f32,11341,962
d857e4eb-0ef6-49da-83ef-9de68e24e18c,130175,10661
78314edb-b88e-4cb9-848c-e22d18fee617,34192,3127
93a7e6ec-d270-4542-a872-c8178af64cff,325,116
1ae4368c-f7a3-4b04-b76f-c04e20a607ae,4854,334
67c59585-5456-47c3-9e40-edac9d0be338,656,56
4f3c2eb2-1485-40c1-9556-7091df260987,147,33
ffe9ec08-6b6b-4993-9394-e280b429dbfd,4962129,66378
60994bc3-5ddf-4feb-a2ad-448c2d0fb458,170538,9822
6cb7de02-783a-4814-ae01-d5ea5fb03b9e,9505,1143
84db835e-dfb6-4357-9ae0-989cb33040b4,721,203
2d250b34-5688-4ce5-8cfa-809f5a1a1700,3950,498
49fd2d3d-e168-414c-a15a-2fc92b845c25,288,58
b408cb32-8782-4331-a867-ab333ff8ffa6,13088,1046
3e5fcc8d-2ffb-4f15-9525-8ae4eac53ed0,12191,1231
a90cbe49-705a-49d4-931b-8a8841f431b0,118946,7607
315f4c99-db37-4cce-ac51-0ca38d1e1b55,3995,557
67ff0f27-c941-4943-a5b5-ca3ee784881c,6195,645
811fbc99-17c7-4935-b5f9-25f9733a9902,37186,6747
bf346e67-b4b1-41c0-bcc7-a8f4df4fbbbb,1019155,23594
39d0bbaa-ce24-4b9b-b8bb-33384d3228f1,12096,1223
f338cde2-7cc4-49e0-83e4-a0ac1a3b6d46,58643,5484
d0f558dd-17a8-46db-8bc0-9e71e064803f,1157,202
4c815fc0-2cac-457f-90a7-5f57c9dc3dcf,406422,21215
c555ef25-67de-4935-8c53-8982da1366ec,212000,14188
7b6a8344-322e-4eb9-bc55-b658238d31fd,135335,10351
71183152-87e2-40da-a962-1b993fd58c6a,5304,777
5e9702b1-599e-4063-844e-462549a6b863,308,108
0a026714-c7eb-4070-ba8e-68f9f701b6e1,2688,306
327e44eb-bdcd-46d3-8d3d-38a0680134d2,28399,3816
31cd44ae-29a2-41d4-be67-f3bb0aabc64e,427122,24083
a7fcbfe0-19dd-41fa-9689-508f4b57768d,118209,10218
6593fab9-1dfd-473f-8b32-2da0a722d7ff,23097,2171
a610de1a-3a61-48d3-b0fd-1d89151ac96a,74401,5221
64e1d93f-dd16-4fce-8e52-a5fcf12e8a8e,14856,1955
797a456b-5c79-4fab-8ec3-655d3bb7573c,6393,613
8b26c72c-0162-4cb5-aa9f-c22835988a25,197338,24907
ca071887-9fa6-4429-91f3-1629b39056f8,207072,12850
bccd8e62-7bec-4e81-8983-bafe36fb1580,46708,5479
3b40b4f6-070c-4433-86ff-c57c71046456,425306,26786
84cae50d-bdab-4597-89a3-0ebb06ca2247,30943,1940
2ba31cc4-df9e-4c21-9dbc-bb8fa9af424f,945953,25590
7bf1f441-ccf1-4258-9797-07c8d16eb44c,1272066,85151
1797c0d7-9e0b-4277-8e45-d9dcfc4c3ac8,3296,325
1302c7ad-e6b5-433c-b172-0debf9f82d68,239062,15914
1b9e6350-f7f8-483f-9917-a8c9fcf52e99,210200,20664
6acad922-23d5-4cbf-9e2f-a029117bf8e7,23915,4487
37740f6a-5873-420c-a72a-775aefe736b5,5549,1319
b9c4d4af-dd2d-4374-962d-4e2dca189ca7,156345,12273
8b763a0b-7951-4d24-b12a-58c2ab6cce8e,185989,21918
cb61cbd8-2a8e-4862-b639-6d1faf1b1112,453,122
e3bd2490-1380-4633-a32b-e7d9f249610a,96234,5732
7a8a78e9-7290-469b-b9ca-47a19afb2d3c,6686,787
bd5d07eb-dcb8-4d11-b873-908401e92ee4,497095,30848
961c05f7-35c5-441f-8b27-a78267522226,12138,1087
2d97650a-945b-42c7-a2f8-0cf37f2f4127,456,106
acb695c0-bcdb-421c-9674-47c3a4b4cbbd,28847,2626
b043388b-4122-4349-83ea-5df2c4db77f5,127031,8739
20ad1571-631c-41f3-b212-569b37bcca79,100616,11592
1c70a3fc-fa3c-4be1-8b55-c3192db8a884,13346368,233016
c24b47a1-2f52-44f3-a3c6-374dca844731,2240361,67214
97f3a6c0-fe2d-465a-919a-4269cbb735d6,921578,50267
9b62a8a3-fcd5-4b51-a970-0f08a440ed6d,1390425,37498
a505bb48-ad65-4af4-ae47-29149715bff9,9567721,168942
3f23c754-8049-44bd-92ca-44a4bacb4380,1361165,45205
791b59a0-0fd1-4a12-a215-65d0b0e99b6e,82682,7459
f969f986-97df-4fa0-8cef-ffccd098ff50,2347337,88800
69ead53e-b2d4-45f4-b777-71363fdeff28,934240,38268
35723b60-732e-4bd8-957f-320b416e7b7f,6082323,165681
bc3d74c5-9328-4a1b-8014-3ecdb3dababe,1187439,59766
f1560407-8826-4ec9-b78f-e0c3fa3ea4f5,1910836,77925
5805761c-fa24-40e5-bb79-295a64195bf7,1030156,42471
aa1d4315-5246-42b2-b62b-f997d046d8b2,4855572,74191
abb5de38-d3ab-40f0-b98b-87ab0fd779e6,1090233,42480
696d8523-39a0-44e2-9add-afaa183a2f46,4543773,112547
16a42379-c7bb-4498-8dd3-6ff67b5b10c6,393218,33529
fc01cdec-f2e3-4d43-a1f7-7945ca43618c,861035,48868
5bf64d94-efd9-4334-96fd-e6197b0b02b8,7180681,154598
332b5bb1-dec7-4170-86ba-016763c2b161,541982,33788
2c51776d-25d8-49b6-8663-4dda1d3b386e,105486,9897
bf48d271-9595-4043-9064-52f43707d4ab,1885460,72743
5c47ccd3-3f82-46b9-96b8-efdffc83f269,2629297,67679
7fbfcd25-9ce2-4ef4-9270-e971ea61fb4a,950201,58972
c824a222-af01-45e3-9da0-cf1a898ddb56,348897,13182
d2e123d0-c53e-4444-a52a-efeff44953c7,985339,51993
452fec0f-6330-45e0-9d55-03c3d7a8a5e1,161540,11743
ed785ff1-8b1b-4bc0-8a24-dcc831013059,1805193,68842
6648391e-7890-4f6c-b939-976f215195d3,7594744,156620
dc4968ba-1fe0-43b9-bba0-81c09acd6326,831900,34254
234bab50-2f04-4d21-8f91-df93ef554855,2202927,110778
1872bc51-fda2-4976-9042-1d785812c464,181999,12024
681bf706-8664-4658-ab1a-39e1d385fae2,781928,43385
99e9b8ff-b8ea-4019-a073-acc9fbc93bbe,1343658,39225
4f6dd51e-bfd7-4153-ace7-9316d1757a57,1944009,91944
e390d54f-92f0-4039-9dd3-e8eac130b4c0,805306,44448
511481ee-1b97-4333-a161-0492f3e1303c,797462,37342
0d4bc6e5-2a3e-4fdf-8bbf-59ad0bc374d7,6128742,130580
5b32946a-4c08-4a75-b1b1-60700470671f,2366645,100921
cfd70533-c11a-4e0e-995d-f4ffe6f3119f,724229,42518
b2a9731b-9e13-4ff9-af21-5e694a5663e8,5774553,136879
e0975164-e68b-45d6-9854-d5d0ce84e671,770092,41628
522b0135-00dd-4307-adce-2bf7d51a253f,172770,19103
5f602a69-a025-405e-9336-29f9e8d713d3,1418117,35986
a53f5eed-f9f1-4cf1-9994-4c9374904790,1061736,53237
38d16213-25ba-450d-8665-4e08548e62e3,2475188,68817
0a77bec1-12ef-4caa-b36a-f533001fcd29,1626893,67062
101e0102-841f-4858-972b-edf716ee67c9,3281735,84811
81b96954-da0d-4d8f-a7fa-cbc77ae88a34,835878,44982
3231d12a-c42d-4977-b2a4-a6e4d87978e1,2236778,75945
f83b635c-08b2-4c18-a574-71742d02b02f,172679,21699
78c94cba-761f-4212-8508-a24bda2e57dc,755438,31367
dcebc476-b53c-42ee-9251-f946a4c3cea2,1159742,50771
228f3cb7-5f70-4828-b129-d3ced7d7421c,2671,624
2f94016a-3880-4d8c-9af9-0e197ee77189,4691559,128976
6080c60a-6e87-44a6-a1e1-e5ff3a613818,1275646,55291
dfc547e2-40b8-4b8f-b9ab-b3d8c6b1ff03,22756,5014
4cbbf0d6-6c78-4e3d-ab25-91b13603cf7c,1683141,64726
1b483425-4f02-4599-a31c-9b5c132e0a7a,826789,43063
f5cff7b2-b19d-4934-8525-b17248b30ab3,211312,17862
39e82ca1-733e-4203-a00f-c6a70a371625,419879,38813
a7412cd0-e0b8-4fa1-8d24-75bb92a84946,905948,63685
8b2350de-b682-4fe7-ad8f-4508d7b6c697,1342264,56737
00950dec-8f3a-4a17-9717-e7872a954d8b,347256,28003
43e2b545-3e4a-4fd7-a773-8daafa610570,1670565,53765
66fce392-d89d-4eaa-a346-c50aa1021f00,565285,40478
76fe6c77-7d7e-419b-96d1-b33d5721f6ce,579517,32670
6b49dc39-cb6f-465f-980b-bc17a271da34,528536,53531
2db43da6-401e-4dd7-898d-8f6da60c58da,651936,34088
6f7dea51-1d02-4be1-b138-92078518350c,27648,4693
cedd2cc6-c77f-4104-b333-0547b29e0b71,995456,66343
8e678953-c97b-435b-af18-2425b6db71d0,935218,49571
5adcb9d9-5ea2-428d-af46-ef626966e106,1434873,62645
b5a6ea29-3065-4869-ac66-a44002e55d4d,868676,56290
ca9b9b7b-5fd8-4760-91cb-9d6d1db245bd,202297,20189
89cbe6ac-80af-421b-9276-cf373a1480c3,444831,17494
8f389bf5-a950-4a2f-a962-daf08151ee33,1833264,66353
4b2c889c-b4ef-45df-b4f0-59bb1b6e2a41,602000,33514
17be2a06-5295-43ca-a363-c683b562df72,117061,8617
e80dd805-4d5f-496c-aabe-68dd77d21eb3,498328,30411
a7be73b7-7a28-4098-af48-c57d387effcd,238572,22596
4f4bda3c-d636-4135-b65a-6cc26bc75788,3157758,81429
6f3d4a7b-45b2-4c08-9306-8d271e92cb4f,416719,27304
630662ea-1c7d-4208-99fd-ba3afec20f0c,8480275,124738
7fb62a5c-d1d8-40e5-ab30-dafe4f74b07e,1647776,51664
21267448-e8aa-40f5-90cb-f9ef26ccc009,1048126,45044
21576876-104b-401f-8607-0a9f0a190052,33141,2093
369fbad4-6fa4-4dae-9842-a69826cd359d,1891224,97018
e227302a-edd7-40a2-bb5c-e77a3ec68993,26398.0,3333.0
499c7cd4-0944-4333-915e-97f76d160087,532623.0,28378.0
79c79d6b-a825-418e-932b-c9d01323dc9f,11053.0,1059.0
ce6bc6ed-6780-4635-ba7b-085e27309c21,1863.0,74.0
7e498e43-5863-4e38-a1b1-e790a2aebe3e,210938.0,4349.0
a756cab5-9959-4b93-a612-0c66b241c71e,5774.0,59.0
b4f64809-84d6-4184-8f6f-ae2f88384e56,26463.0,1108.0
0af7ca63-fbb9-4c87-8644-7e2eed4509f3,19239.0,138.0
d997de5b-dc55-4e20-9966-517363aa4abb,7714.0,161.0
2ed046d7-b2c6-417e-b5f1-bce02dae1255,4120.0,127.0
2daef1e6-d494-47e8-b996-d2c816b07b05,11990.0,123.0
82f6bd4d-57ae-4f03-a3e4-5345aa0e7e58,8844.0,132.0
2556a141-2ff2-4047-a681-34423838ac90,155004.0,3827.0
5b4237d9-d8e9-462b-a76d-558522a5871c,357962.0,4726.0
86bc482f-a349-4797-9ebe-ced7a6f7804e,3783.0,169.0
5cda508e-79c0-4079-928f-600a2470cd6a,1111.0,208.0
b90f8a83-2072-43fe-bac9-617e283508d6,45163.0,2207.0
9521e412-2860-4775-b842-9f82da4bf59f,8488.0,115.0
02556511-df84-4ee8-9a57-1f1abb91e15e,2864.0,231.0
6ff91b70-9051-4aef-bf31-43abf0d885ca,22020.0,847.0
1a202e73-5d4d-409b-ab36-bb72310be74e,18989.0,823.0
136d1cbf-77b5-4526-9ca0-a62ed9c3ad46,3269.0,148.0
4e6a53e1-e27e-4cf0-9f6e-b51fc0335d0a,328533.0,5157.0
f7ac1bbf-c8d4-4bc7-990c-9df65c8fbba4,8336.0,137.0
1c8d7545-702f-47f8-82c9-f92687c2339a,43008.0,1551.0
354629ca-5f49-4448-8f29-6e7cc6eb90ff,9517.0,126.0
838bdef5-4fb9-4465-82c6-e716e6590564,106412.0,3566.0
f1d9e64e-9f14-4653-a152-b59a5ebcd355,40264.0,1193.0
df707969-7279-49fc-ac29-224ceb7a46e1,33148.0,143.0
60cb6fd3-2f9d-41e5-b88e-87efc4a40a76,11502.0,99.0
6b3c809c-c870-4d30-9557-f0c547acccca,1302.0,76.0
8cb88343-df1b-428f-a7d3-45f83f66492b,8670.0,112.0
2628c5ca-e418-4289-93fc-56f0757319fe,4258.0,322.0
d0c5ee7d-1414-4c28-ad05-9852c8ee40ae,5390.0,239.0
b49df630-13c5-4e86-ac8c-611a1ec3aa60,952.0,53.0
684c6d97-18f3-45ba-b236-665949148e40,5851.0,506.0
889b67e7-c054-477b-b9c0-d3fbe1c65713,962.0,69.0
a3797ce6-851e-4d0d-83bd-4b70898c17bb,1380.0,53.0
cb292439-2713-4c04-a7ec-699823074136,5450.0,92.0
f58c1a6a-6450-4b81-a409-1a6b6266ee88,43400.0,518.0
9f1421c7-948a-4c4c-8ef4-6cbdf5d243ac,3152.0,100.0
0fbf1274-5a51-4e16-867c-99f918f04937,101163.0,1929.0
5faa47ea-e0f8-42eb-abf4-184615ddb38d,1771.0,166.0
635e2a34-a566-47c4-b61d-fa5d203856aa,390932.0,10197.0
6f297c66-464e-4aa6-b815-3a17991dce1d,44913.0,1341.0
06aaeca4-2008-4e48-a2bf-119f3d363b4f,155203.0,3794.0
45f9ec6e-22c0-4243-87ba-47ff45c2cc3c,23794.0,998.0
f15f63a0-e162-4269-ac6e-24eb3f0d2b96,10749.0,250.0
d0416e54-bd61-4498-af75-34ebf0cb84d0,147288.0,1464.0
c4ff675c-0846-4b51-821c-e73f6606e9d0,20826.0,613.0
33696d30-adfd-4bd9-b130-0177b5e494e3,106681.0,1783.0
dab40200-bf18-4733-931b-024b756175be,12342.0,596.0
25890f15-12e3-4651-8e1a-b091ad8ab835,60526.0,2098.0
d7b5957f-4034-471b-b476-b55623e8f1b4,7087.0,427.0
0037eaa8-5e11-483e-af6b-6d11af37ce8e,,
8d3a2bdf-5adf-490d-8daa-334a3b0ccf04,2461.0,97.0
c2d305dc-b038-45a6-ae4c-239844615f3a,2002.0,75.0
232b14b9-3c64-4537-911d-f1272ccc7f3a,2177.0,162.0
5d063e3a-3e60-4748-9831-c460275e81e0,36442.0,1140.0
11cc8c8b-382f-49af-b410-42a0b7a22ffb,4125.0,78.0
5e213447-3cb8-4f18-9a67-ba697cb60d0a,6025.0,498.0
40425181-13dc-4219-a280-3997175babe6,4608.0,103.0
92d104dc-cc70-4552-9205-ca512ffd8147,2425.0,74.0
7103c8fb-69b2-4e1b-b6c1-820807cb32f8,654.0,93.0
7aa6b113-2c5c-46c2-9239-9f378b1cb936,4961.0,411.0
495e4d91-e968-45c7-9b2a-5ee48b7a03d8,6684.0,69.0
975f2d1c-2b52-4a30-a825-2625d34bf5e1,64554.0,2658.0
71858656-3652-411d-8c3c-30525b98b9b4,925.0,127.0
3c7af09d-c335-45d5-9352-176c4616b566,487.0,74.0
02ae1177-34fb-4ee4-83e8-2a660c50c535,13220.0,792.0
ce6d47b6-11ab-4330-89b8-937c258dc515,95715.0,4232.0
7bbc4879-a8c0-485d-a297-20174ddcb2b3,246729.0,9132.0
4e892057-73fa-4653-ac11-b65d674ecc9c,236765.0,2820.0
379dfde0-a22b-4b45-9bd2-e36285f21ee8,71001.0,2732.0
63675ec2-1b5c-433d-91d8-ebda748bd71a,46413.0,1604.0
7ebf1503-fbc3-4d7b-a45e-40baeb386991,1035.0,78.0
64bd0ef9-9eeb-4fc4-9af6-6a4025dc41cf,244855.0,3409.0
8ed7d42f-1fae-4461-a41b-47fae9630bba,6650.0,401.0
85782bee-826e-414e-8815-feb5b584d2c9,29810.0,1364.0
cf4f3fc5-d7c2-4923-a9db-cb3cb8d346cc,20995.0,843.0
a3473866-adbe-4a9a-8cb0-bf0255752896,2267.0,293.0
9fc39c14-c7e1-472b-8a70-5d01175e5b14,13237.0,1060.0
b25908d5-ad18-40a6-8ca2-c671559dcf39,681.0,27.0
a7dcad43-5486-47e8-b351-668b63dfad08,10764.0,977.0
cfaeccea-cfb5-4120-a49d-523d04e66e94,7731.0,91.0
545fe4b7-0345-4575-a385-d8d7541000ea,4787.0,170.0
7e7dfd99-7b34-4d24-be47-e633e6db2442,277.0,19.0
e88eafc7-9754-4b01-a69d-cf3527f8e46e,2746.0,222.0
4ec2451d-ed0c-4273-b683-4c1312df25fd,422751.0,17797.0
59d5c097-7733-4503-81c8-57c6ca43c4ca,32567.0,1361.0
79953455-521f-4fcf-981d-e38f83601dfa,74008.0,3039.0
b5e49947-6b89-4994-9426-254c00552d68,76895.0,4043.0
34413395-216c-46ea-94cf-aae4f0d19a47,33702.0,1571.0
46c6f33b-6a6e-4575-9450-39f4973cb89a,404.0,63.0
d0e0011f-263e-4583-b89b-edcb9f951bfc,586.0,139.0
a714aa04-a1e8-459f-8e0d-97a4a8584055,26438.0,1074.0
2e3f6c04-5807-4778-b178-fe46416aec18,31809.0,1591.0
bc925ec0-709d-48d4-9df6-dc5cdbd471f7,5834.0,120.0
0c4d7ad5-8a13-4468-ac7e-38cf8b9eb7e1,3423.0,155.0
f977f5e8-3901-4c61-8255-f73486ea5904,11287.0,571.0
b409514e-0a3a-4948-8a95-20a0fef03a51,18769.0,849.0
dbb55ab5-7f28-489f-9d2f-67073677e146,1012.0,73.0
ee993119-8ad0-40e8-a354-b1f3356c7110,1226.0,276.0
e0ff37de-e036-4f89-bc7e-5fa97d42080b,16539.0,594.0
f28f190a-7a87-49e8-8822-8a5dfaa031ca,45666.0,227.0
9e956eda-5766-4d13-848d-e6fd6d83ea8b,87254.0,6336.0
6d8fcd3d-32a2-408e-b73d-e39bae0aac06,1683.0,84.0
a3f08367-2cd7-4584-bf6e-62a5f5ce1b86,232.0,34.0
ba8fe647-5954-47f7-9ad0-3fdc6993b947,6836.0,83.0
aedd8552-370c-4db0-b0d4-e20d219ab16d,589325.0,8933.0
6b762bd4-641a-44f2-8684-a895c63832cb,116.0,17.0
62a7e2bc-6a59-433c-9d68-f0fdbe6e2970,192.0,36.0
577c35e4-56a2-4ca4-a06b-0e12a358b947,4942.0,166.0
24901eb8-8694-443e-bb28-9bea431a0df1,510.0,33.0
c9340c7b-3e43-4e84-b382-94952f5d85c9,604.0,65.0
6a8788d4-078e-4418-95b7-11bdd13f5dc3,35963.0,1763.0
cae135fd-f674-43df-88da-ead307cf850d,14821.0,834.0
00be344d-f659-4dae-add0-e6c3f983f217,3412.0,127.0
db5db3a9-d372-4051-82bd-5438dfaaf72a,21357.0,1139.0
37d0234a-0d1a-49e0-a556-659b854e9326,143099.0,2029.0
ccab448f-b78c-435c-8943-69c90716bedc,16015.0,1506.0
60f02e14-e9ad-42a0-8c86-af3f7b48ca48,6987.0,236.0
5ae73b5d-158c-4590-989f-4128ccb463df,38.0,19.0
6da48f52-528d-4332-ac3a-3a156807b6be,15013.0,242.0
544729b6-c587-4b89-b41d-6793eaa6a7e1,41.0,19.0
e978f2c6-b3f6-4d3a-b62c-94449b2c2c26,22120.0,1503.0
839adac2-084f-4d31-92c5-40e83d8dd756,3864.0,841.0
05124c63-4951-42ab-bfd4-fe8dce899b7f,3874.0,126.0
f7893c8c-f4f9-452b-b566-27eab5c7855c,102300.0,2953.0
5596e994-58df-4128-a10e-eb5c2f988090,18370.0,1427.0
c675a78b-6bd5-4163-95c6-b16eb134fd19,9391.0,770.0
e5c6527c-1895-454a-b0dc-f5bcf8bd0414,111022.0,3257.0
13d8cdee-e1d2-451f-89e6-d36111e7d65c,1766.0,217.0
73979952-6fc9-412e-929c-9363cd833c95,2728.0,127.0
2456a7fb-90d0-47b4-bb3a-ecbc66cffcae,2341.0,316.0
fe46cd20-f889-4db4-a92e-ce19691e6491,63.0,21.0
ebef6120-fbb3-4537-84bc-27902d5760c1,231937.0,3571.0
b920a8bf-3be4-402f-9ff6-20bc3cf3fdec,892.0,70.0
28ec44e2-5256-469f-befb-7887fc81213e,3087.0,236.0
6617505a-ff0b-42d0-9d74-5dc8407ab90e,1013.0,50.0
9e42d92e-a2b4-426b-9b3f-51c36f86b785,20462.0,1006.0
ce99a05f-ddc1-4984-8483-61202548ca3f,10843.0,665.0
56e60d9a-937f-46c1-a6ae-ace6c055c53d,19985.0,865.0
e6846bd8-a9a9-438a-8858-7006b38ceae1,7149.0,362.0
0a394d24-f82a-4c73-9d20-2ad20dcf96ff,28228.0,977.0
074a17eb-1bc3-43b4-90b8-61209ee9a13f,868.0,100.0
8e705103-b4bd-4219-8428-8d4cb2839e41,4483.0,249.0
dd6c357e-425d-4bde-b066-bda684c64365,592.0,66.0
a395e14c-c613-4499-801c-1c33d5059681,174.0,21.0
908af20b-1ffc-42e5-9c5f-5f7f5e44b320,9533.0,663.0
19af96f1-342f-4dd7-b0e3-75269d85a103,7690.0,448.0
dbb89a90-6add-499d-9cc7-b3ea17ef15a7,23092.0,1070.0
2ae7082d-20c8-4401-98f3-b2f4b401b492,1014.0,216.0
f4ce3662-38dd-43ec-a99c-136a1e312fe5,5917.0,582.0
9e758958-7b3d-4112-aa1f-dd0cecb59971,56287.0,2645.0
dc7594a8-39ec-468c-b2b5-9671ea955cc2,7346.0,826.0
11cb990f-ee42-454f-a96b-2c6acd7f8d4e,,
da471694-a15b-4063-b0de-fa759babeb4f,189.0,45.0
b52c898f-ea70-4d96-bffe-148983e592b8,2870.0,123.0
0fdfec9c-fb0f-4046-9c7f-8289d5c345c1,8468.0,132.0
d0b7b3db-ca06-41ea-bd43-b123383fc7ce,608.0,57.0
437116ce-f894-4781-a302-47971ea0cdf2,26824.0,336.0
eecc86db-2ecf-4808-963f-f0b13e06a252,203.0,37.0
5c0fe49a-4889-41c3-b35a-9fc173399684,7551.0,726.0
a51f8467-e723-4b53-9207-a072e81ccf79,3087.0,220.0
dda6e39a-d84c-4b6f-bc4c-441f9eb3e091,7752.0,641.0
dabaab7a-e807-435e-b2d7-1403fcdc0671,1173455.0,12377.0
deaa44ff-c407-44db-90ae-c8dd528f44c2,26283.0,1231.0
e96bdc05-e9c7-4020-abb3-6378592f2be8,115162.0,3218.0
e2b5a15f-105d-46cd-8b33-b2486466cc33,35263.0,882.0
9f38e1f2-36f9-4989-a6bb-03c671b08a38,148049.0,4815.0
79eee543-914e-4d4c-8872-3c1feac1406c,219625.0,4084.0
f0f44b77-f113-4c25-b132-0c07b4975edf,4359.0,301.0
009614e1-0b28-4d61-b9a5-b5f25816b510,1352.0,148.0
733d807e-745f-427d-b242-7ce96f6045bf,39311.0,2552.0
b95c18df-ba5d-4de1-99b0-da1009e03af4,5381.0,279.0
02e2bd9d-992a-4b7e-b375-3dfa3a2d9970,3941.0,298.0
d4f06630-5e1c-4385-b5d9-cf1948d3aefa,110404.0,4608.0
ae35350d-73e0-4fbd-8a4d-ea27c0511c37,82471.0,3060.0
2df08e11-adb1-4fbe-8d48-89f013c871ae,5582.0,485.0
ac77d018-cc6e-4d73-8073-9070e1d67b7a,4572.0,268.0
b94867f2-ca89-4939-9e30-fd41248ca98a,44521.0,2244.0
c3fd83bf-8697-4348-bd96-1ef5b87ad96a,65483.0,2389.0
0cb7a4a3-3db9-4e95-a09b-a310b8257059,200159.0,5506.0
2a85ecff-41e9-4be1-aca6-c87054a4c334,2659111.0,81305.0
83eb8088-8d7c-4749-a71a-03915f2b88fe,59022.0,3518.0
3ba72992-4665-458f-a52a-b4939360f9e1,319561.0,8227.0
f128effe-dea2-423f-9bb5-f9c62e2e952e,1992.0,210.0
04939bc5-3097-49ce-a4c4-c41052558a26,4340.0,656.0
12455562-6e62-4c14-b21c-6f9664af2aa0,369294.0,10665.0
fc2c638d-3735-43a2-b455-eb49b44f4808,112330.0,5061.0
09f6affc-1ee0-4e36-ad78-0c6401f8e3e6,8162.0,611.0
5b8075e5-54ba-43ed-875e-bc7d688d46da,157725.0,5057.0
280e4d8f-4ed1-43ae-8927-cd040ad58655,95683.0,5076.0
ceafdf2f-bc18-4b99-8c71-d1834b0065c3,697206.0,37864.0
ea4a3ea8-bf18-4221-a0a8-2e69dead766e,466.0,56.0
b337f083-3224-4e1b-838b-65a0a13ef2d4,32872.0,2596.0
6a2c92e5-c38b-4062-9d37-5a81f492cdc1,17974.0,925.0
55bf8339-8b97-40b4-9b4b-093321138274,4183.0,456.0
f05dee94-d4ac-4aa5-8607-c95ac87f1a8a,37641.0,1805.0
caba22ae-1ef8-4778-9148-074d24d8ce35,40885,5184
9610d6ae-dcd9-4981-bc97-a82b626297ae,26264,2998
59525fd2-1bab-4895-bec5-4ba3f0fcadb6,97562,4151
dbfe1ef2-fa1d-43a4-9310-601b12438901,90854,2155
5e0fd14a-14cb-41db-8647-a67e76dea419,79919,4406
e7613fa4-85a4-4b2b-a439-2f5fcd60bdd5,221867,4077
