recording_mbid,recording_name,recording_length_ms,video,first_release_date,disambiguation,artist_credit_name,artist_names,artist_mbids,primary_artist_name,primary_artist_mbid,isrcs
b4e11510-1c22-445b-846b-cf01cc34fb87,Wouldn't It Be Nice,165000,False,,,The Beach Boys,The Beach Boys,ebfc1398-8d96-47e3-82c3-f782abcdb13d,The Beach Boys,ebfc1398-8d96-47e3-82c3-f782abcdb13d,
dd6e4774-be83-41f1-89fb-f0c6ee782563,Hawaii Five‐O,,False,,,The Ventures,The Ventures,b2cc8903-0077-4bef-8454-ac5cef53d126,The Ventures,b2cc8903-0077-4bef-8454-ac5cef53d126,
b3b2cc35-2f01-40ab-a487-271203a3d474,This Is Love,,False,,,George Harrison,George Harrison,42a8f507-8412-4611-854f-926571049fa0,George Harrison,42a8f507-8412-4611-854f-926571049fa0,
0b14ff1d-3f32-4f3f-808b-ead5dbe3f65a,Sunshine Superman,,False,,,Donovan,Donovan,72d7d717-0837-4f2a-9641-d0f9fdd3acf7,Donovan,72d7d717-0837-4f2a-9641-d0f9fdd3acf7,
5926110f-2c25-4750-ad7f-ca422870b5a4,"Fun, Fun, Fun",196000,False,,,The Beach Boys,The Beach Boys,ebfc1398-8d96-47e3-82c3-f782abcdb13d,The Beach Boys,ebfc1398-8d96-47e3-82c3-f782abcdb13d,
ef90dbee-ff9d-4133-87f4-85af7c3f2405,Real Man,,False,,,Todd Rundgren,Todd Rundgren,1a9a8ca0-ea8e-4e9e-96aa-288155bb2c5d,Todd Rundgren,1a9a8ca0-ea8e-4e9e-96aa-288155bb2c5d,
d7ce0151-0761-41a5-9bda-d0f9bb27fbc8,The Dance,,False,,,Derrick May,Derrick May,371c8525-8111-4497-83ba-1ead9d7ed148,Derrick May,371c8525-8111-4497-83ba-1ead9d7ed148,
9b4f990a-cc93-4383-9449-909128920f37,I Love You,,False,,,Donna Summer,Donna Summer,b60527cc-54f3-4bbe-a01b-dcf34c95ae14,Donna Summer,b60527cc-54f3-4bbe-a01b-dcf34c95ae14,
c972c712-55db-4d21-b045-a8d6dd82e256,Blue Monday,,False,,,Fats Domino,Fats Domino,e787de5d-49e2-4b1f-9bde-1fd3a671b971,Fats Domino,e787de5d-49e2-4b1f-9bde-1fd3a671b971,
8266a4c2-3027-41d3-9bfa-ae5cb6f04de9,Let's Groove,,False,,,"Earth, Wind & Fire","Earth, Wind & Fire",535afeda-2538-435d-9dd1-5e10be586774,"Earth, Wind & Fire",535afeda-2538-435d-9dd1-5e10be586774,
319dae5a-e305-4fd3-bf6f-cd73a88edd68,Finally,,False,,part of “Ministry of Sound: The Chillout Annual 2002” DJ-mix,Kings of Tomorrow feat. Julie McKnight,Kings of Tomorrow|Julie McKnight,8b391c81-dc53-4b0e-aa09-3d01292496e8|8cc3e928-e748-4373-aa14-cd7c2b7e84dd,Kings of Tomorrow,8b391c81-dc53-4b0e-aa09-3d01292496e8,
e442d2c6-2f07-42dd-867f-a3384d1e83ba,What's This Life For?,,False,,,Creed,Creed,4b1a830b-0a1f-42e5-b8d5-1d6743912e99,Creed,4b1a830b-0a1f-42e5-b8d5-1d6743912e99,
d42d625d-f5a4-4c2a-935e-9bcb7ee8da13,One,,False,,,Creed,Creed,4b1a830b-0a1f-42e5-b8d5-1d6743912e99,Creed,4b1a830b-0a1f-42e5-b8d5-1d6743912e99,
4a0d36be-450b-4fd4-a376-58a05fa5b7de,Magic,,False,,,The Black Eyed Peas feat. Terry Dexter,Black Eyed Peas|Terry Dexter,d5be5333-4171-427e-8e12-732087c6b78e|7796eed0-9716-42d4-ab3f-f9a25c22069e,Black Eyed Peas,d5be5333-4171-427e-8e12-732087c6b78e,
87fa6b93-f546-4b75-8b93-5005b2499923,Walk Right Back,,False,,,The Everly Brothers,The Everly Brothers,091ec508-877f-4e3c-92a3-10903bbbc7ad,The Everly Brothers,091ec508-877f-4e3c-92a3-10903bbbc7ad,
68410d9f-c6a1-4971-92b2-43bde5064964,Wonderful Christmas Time,,False,,,Paul McCartney,Paul McCartney,ba550d0e-adac-4864-b88b-407cab5e76af,Paul McCartney,ba550d0e-adac-4864-b88b-407cab5e76af,
9f6bd131-7ff3-4c20-95e6-8aa141a72eeb,Rock and Roll Music,,False,,,The Beatles,The Beatles,b10bbbfc-cf9e-42e0-be17-e2c3e1d2600d,The Beatles,b10bbbfc-cf9e-42e0-be17-e2c3e1d2600d,
6411417b-7d76-4c84-adcf-61cd43071f0c,Maria,,False,,,Blondie,Blondie,4d2956d1-a3f7-44bb-9a41-67563e1a0c94,Blondie,4d2956d1-a3f7-44bb-9a41-67563e1a0c94,
05a4514a-afcb-4b5f-82c6-828d13a0f097,Sky,296800,False,,,Ra,Ra,b62f2a5d-ee82-482f-a10d-536c929edfff,Ra,b62f2a5d-ee82-482f-a10d-536c929edfff,
c3ec8499-6456-4a78-aea1-6b2c47e42160,Raining in My Heart,194866,False,,,Leo Sayer,Leo Sayer,74df4e2f-fe75-4b4a-87c5-3f1b4bc95aa2,Leo Sayer,74df4e2f-fe75-4b4a-87c5-3f1b4bc95aa2,
d761b2fa-e02e-4b36-a4e3-7726393c096b,Oh Girl,228933,False,,,Leo Sayer,Leo Sayer,74df4e2f-fe75-4b4a-87c5-3f1b4bc95aa2,Leo Sayer,74df4e2f-fe75-4b4a-87c5-3f1b4bc95aa2,
6f0aff9b-f516-40c2-b3f6-0e7c1eaac20f,I Do,131866,False,,,Weezer,Weezer,6fe07aa5-fec0-4eca-a456-f29bff451b04,Weezer,6fe07aa5-fec0-4eca-a456-f29bff451b04,
9c65c6c0-33e9-4f1b-9b62-0bb92051656d,Starlight,216546,False,,,Weezer,Weezer,6fe07aa5-fec0-4eca-a456-f29bff451b04,Weezer,6fe07aa5-fec0-4eca-a456-f29bff451b04,
963fcd27-ec36-4825-9f1c-dbeaab4939bb,Brown Eyed Girl,211773,False,,,Weezer,Weezer,6fe07aa5-fec0-4eca-a456-f29bff451b04,Weezer,6fe07aa5-fec0-4eca-a456-f29bff451b04,
902ed2ab-7f62-4eef-b99d-4feca1da341e,Love Me Do,,False,,,The Beatles,The Beatles,b10bbbfc-cf9e-42e0-be17-e2c3e1d2600d,The Beatles,b10bbbfc-cf9e-42e0-be17-e2c3e1d2600d,
a811035c-1d1e-4f72-bcf0-459864d302c1,And I Love Her,,False,,,The Beatles,The Beatles,b10bbbfc-cf9e-42e0-be17-e2c3e1d2600d,The Beatles,b10bbbfc-cf9e-42e0-be17-e2c3e1d2600d,
30e4173a-12bd-49cc-a9f4-0fa590365f1a,Tell Me Why,,False,,,The Beatles,The Beatles,b10bbbfc-cf9e-42e0-be17-e2c3e1d2600d,The Beatles,b10bbbfc-cf9e-42e0-be17-e2c3e1d2600d,
fd55a488-5aea-4a80-a3c2-bcc36361b1cf,Rock and Roll Music,,False,,,The Beatles,The Beatles,b10bbbfc-cf9e-42e0-be17-e2c3e1d2600d,The Beatles,b10bbbfc-cf9e-42e0-be17-e2c3e1d2600d,
05ca4d39-dc97-43b4-99f4-ca8b2db5d398,Money,,False,,,The Beatles,The Beatles,b10bbbfc-cf9e-42e0-be17-e2c3e1d2600d,The Beatles,b10bbbfc-cf9e-42e0-be17-e2c3e1d2600d,
e8be1cb7-c05f-436d-9929-ed8f9df2c250,I’ll Be Back,,False,,,The Beatles,The Beatles,b10bbbfc-cf9e-42e0-be17-e2c3e1d2600d,The Beatles,b10bbbfc-cf9e-42e0-be17-e2c3e1d2600d,
6d935c62-bc0c-46a8-898d-1cc3d9a8eeed,3,,False,,,Tenacious D,Tenacious D,148ddea2-6839-4354-8e2c-5dfadf136b7f,Tenacious D,148ddea2-6839-4354-8e2c-5dfadf136b7f,
fa3a124e-9401-4428-b2da-5961d284aec0,Nightrain,,False,,Live at Rock in Rio,Guns N’ Roses,Guns N’ Roses,eeb1195b-f213-4ce1-b28c-8565211f8e43,Guns N’ Roses,eeb1195b-f213-4ce1-b28c-8565211f8e43,
07fc823c-ab32-44a8-a956-cb4bcbdee779,Rocket Queen,,False,,Live at Rock in Rio,Guns N’ Roses,Guns N’ Roses,eeb1195b-f213-4ce1-b28c-8565211f8e43,Guns N’ Roses,eeb1195b-f213-4ce1-b28c-8565211f8e43,
1b30f476-f94d-4e92-8587-c3d9327f1fb9,Paradise City,,False,,Live at Rock in Rio,Guns N’ Roses,Guns N’ Roses,eeb1195b-f213-4ce1-b28c-8565211f8e43,Guns N’ Roses,eeb1195b-f213-4ce1-b28c-8565211f8e43,
e029d1c8-467e-4b19-a388-e5c9af79c0cc,All I Want,,False,,,Mis-Teeq feat. Ignorants remix & JP Esq.,Mis-Teeq|Ignorants|JP Esq,55d648e3-60d0-4fce-851d-cf6fb1c4e398|fe8e4aa9-2f9e-42f6-b933-3f5dac79d714|4061e3d7-07db-4bed-9e9e-fe5fa126923e,Mis-Teeq,55d648e3-60d0-4fce-851d-cf6fb1c4e398,GBAWV0102368
ef76aa4b-eb24-4306-8892-b3866753bdd5,Don’t Stop,169000,False,,,ATB,ATB,22a096ef-c70d-4d70-ae19-4fc2412d4986,ATB,22a096ef-c70d-4d70-ae19-4fc2412d4986,
783997bc-10b8-4b4e-a0b7-433cc01b1a4a,Home Sweet Home,,False,,,M.O.P. feat. Lord Have Mercy,M.O.P.|Lord Have Mercy,dbe35fab-1b3a-469b-87f0-6a54ef8de3c4|69ecaefc-e8d3-44a7-9707-af3df699f97f,M.O.P.,dbe35fab-1b3a-469b-87f0-6a54ef8de3c4,
d0450d07-4b35-4f32-a56a-c52ab48cfdd5,Cold as Ice,,False,,,M.O.P.,M.O.P.,dbe35fab-1b3a-469b-87f0-6a54ef8de3c4,M.O.P.,dbe35fab-1b3a-469b-87f0-6a54ef8de3c4,
0af1c883-a600-482d-9eec-0a034ccdf99d,Bam Bam,,False,,,Sister Nancy,Sister Nancy,73ee98fc-7e8c-465d-b42c-8772ebc53de8,Sister Nancy,73ee98fc-7e8c-465d-b42c-8772ebc53de8,
4d88d52d-bb74-46aa-a546-09be0a355848,Mr Loverman,,False,,,Shabba Ranks feat. Chevelle,Shabba Ranks|Chevelle,c0336f2a-610f-4b38-bc13-eb07393425a7|8456e9f7-debf-4579-a86c-33a325a35d2d,Shabba Ranks,c0336f2a-610f-4b38-bc13-eb07393425a7,
eb4e8eff-3c25-43a2-ad81-d5d65cec9d27,Coração Vagabundo,143840,False,,,Caetano Veloso,Caetano Veloso,f07dbc2f-317b-470f-bad4-5f1b0eb6faf1,Caetano Veloso,f07dbc2f-317b-470f-bad4-5f1b0eb6faf1,
07ab03d4-6672-4b02-b16a-f26a46d56830,Me,,False,,,Faith Hill,Faith Hill,406552d4-5ba1-4226-b7c0-367bc50fc767,Faith Hill,406552d4-5ba1-4226-b7c0-367bc50fc767,
98cb587c-757e-4b47-95b1-527080c72dcb,(Don’t Fear) The Reaper,,False,,"live, 2000‐11‐03: The Vic Theatre, Chicago, IL, USA",Elliott Smith,Elliott Smith,03ad1736-b7c9-412a-b442-82536d63a5c4,Elliott Smith,03ad1736-b7c9-412a-b442-82536d63a5c4,
385afc3a-d4ad-41eb-93ba-0880dcccae0a,Heaven (acoustic),,False,,,Better Than Ezra,Better Than Ezra,7986c185-d91d-4204-8ee2-eac5d503fe39,Better Than Ezra,7986c185-d91d-4204-8ee2-eac5d503fe39,
116630d6-28c2-42a1-8521-463b42ed8408,The Scientist,,False,,"live, 2002-08-27: L’Olympia, Paris, France",Coldplay,Coldplay,cc197bad-dc9c-440d-a5b5-d52ba2e14234,Coldplay,cc197bad-dc9c-440d-a5b5-d52ba2e14234,
df2eb3dc-e4ad-41cc-9772-73573ab26452,Christmas Song,148320,False,,,Korn,Korn,ac865b2e-bba8-4f5a-8756-dd40d5e39f46,Korn,ac865b2e-bba8-4f5a-8756-dd40d5e39f46,
61edda86-3a52-4af3-b605-fbeef6565da5,Honesty,,False,,live,Elton John & Billy Joel,Elton John|Billy Joel,b83bc61f-8451-4a5d-8b8e-7e9ed295e822|64b94289-9474-4d43-8c93-918ccc1920d1,Elton John,b83bc61f-8451-4a5d-8b8e-7e9ed295e822,
437145ad-7239-4fee-a065-48ff98e7b383,Christmas Song,151066,False,,,Korn,Korn,ac865b2e-bba8-4f5a-8756-dd40d5e39f46,Korn,ac865b2e-bba8-4f5a-8756-dd40d5e39f46,
af96d005-18fd-4cfa-a95b-02aab5049042,Wish,,False,,,Lifehouse,Lifehouse,04591295-6d94-45cb-b6c7-1ae17c6f380e,Lifehouse,04591295-6d94-45cb-b6c7-1ae17c6f380e,
3ca2f9bf-9362-4b19-a970-cb4edc3847c8,Shine,,False,,,"Method Man feat. Redman, DMX, Master P, Eminem, RZA & KRS‐One",Method Man|Redman|DMX|Master P|Eminem|RZA|KRS‐One,94dbfe2e-ca48-4e08-a5a8-e1e74136c63d|1f1f6737-b930-46fc-8d25-110bb99f7490|f3bf61f8-97d4-4e52-a73d-2ddbbe8196c8|a5bd836d-8d8f-48a5-b0b7-dbb18b3264dd|b95ce3ff-3d05-4e87-9e01-c97b66af13d4|29c28ac3-27c5-4822-8eb6-0af89a3a7240|fc4568b6-cbe3-4a3d-8409-28510c19e3e2,Method Man,94dbfe2e-ca48-4e08-a5a8-e1e74136c63d,
6ac5dbee-2100-4e69-962d-a04fd0d5e1e0,Close Your Eyes,375680,False,,,The String Cheese Incident,The String Cheese Incident,cff95140-6d57-498a-8834-10eb72865b29,The String Cheese Incident,cff95140-6d57-498a-8834-10eb72865b29,
b260ed62-2a21-4cae-9727-5ce4d2bb6f0c,(Don't Fear) The Reaper,364374,False,,,Blue Öyster Cult,Blue Öyster Cult,c7423e0c-ab3e-4ab4-be10-cdff5a9d3062,Blue Öyster Cult,c7423e0c-ab3e-4ab4-be10-cdff5a9d3062,
86cd7339-990f-4bf1-b2db-32c2f7ec7095,Knockin' on Heaven's Door,,False,,,Adam Sandler,Adam Sandler,dfc6d0b8-3d0b-4b33-9b3f-dff972e25594,Adam Sandler,dfc6d0b8-3d0b-4b33-9b3f-dff972e25594,
5b6e1773-1a19-4c8e-8b96-e3bf16ec476e,No Woman No Cry,,False,,,Rancid,Rancid,24f8d8a5-269b-475c-a1cb-792990b0b2ee,Rancid,24f8d8a5-269b-475c-a1cb-792990b0b2ee,
b0d6a31b-a867-47a4-979d-b7a2a1f0ee61,Mack the Knife,,False,,,Louis Prima,Louis Prima,b5997eef-2516-491a-a10e-5cee842bbcdc,Louis Prima,b5997eef-2516-491a-a10e-5cee842bbcdc,
6618a185-3bc5-4ac2-9f28-7b2eb15b596e,The Joker,,False,,live,Everclear,Everclear,3604c99d-c146-4276-aa0c-9376d333aeb8,Everclear,3604c99d-c146-4276-aa0c-9376d333aeb8,
036a2a98-59fe-4f85-b96e-c916d604cc63,Cleveland Rocks,,False,,,Cheap Trick,Cheap Trick,9f870653-72b0-4c6d-8c59-439a95963e09,Cheap Trick,9f870653-72b0-4c6d-8c59-439a95963e09,
0dce67d5-9ed7-4322-bc4f-d1e4bc9707de,Imagine,,False,,,Elton John,Elton John,b83bc61f-8451-4a5d-8b8e-7e9ed295e822,Elton John,b83bc61f-8451-4a5d-8b8e-7e9ed295e822,
f1c2a359-f0a7-4d67-bba1-849db5fb636f,Dreamer,,False,,,Finch,Finch,746737be-e792-42bb-b18c-fb46d7935d7a,Finch,746737be-e792-42bb-b18c-fb46d7935d7a,
8dff5779-5849-4eec-a4b8-b092a524c110,Ladrón de mi cerebro,,False,,"live, 1979: Teatro Margarita Xirgu, Buenos Aires, Argentina",Patricio Rey y sus Redonditos de Ricota,Patricio Rey y sus Redonditos de Ricota,956301d0-4b3c-4ffc-9898-b39305d25112,Patricio Rey y sus Redonditos de Ricota,956301d0-4b3c-4ffc-9898-b39305d25112,
8b432582-87f6-47a8-bc9c-efa5b97a001a,Whoa,,False,,,"DMX feat. Eminem, Eve, Snoop & Jadakiss",DMX|Eminem|Eve|Snoop Dogg|Jadakiss,f3bf61f8-97d4-4e52-a73d-2ddbbe8196c8|b95ce3ff-3d05-4e87-9e01-c97b66af13d4|1ac10f5e-2079-4435-b78f-dda6ecdeba15|f90e8b26-9e52-4669-a5c9-e28529c47894|83735edd-f2a3-41d0-a31d-652bc3cadb3e,DMX,f3bf61f8-97d4-4e52-a73d-2ddbbe8196c8,
b586c490-feea-4666-bab3-812bddd7a0f4,The Rain,,False,,,Aphrodite,Aphrodite,84800c46-2211-43e0-8a87-bdcbecf91932,Aphrodite,84800c46-2211-43e0-8a87-bdcbecf91932,
0269e141-3f94-457c-bd66-8f7a67d82e22,Evil Eye,,False,,,Yngwie J. Malmsteen,Yngwie Malmsteen,8fa5d80d-37e8-4133-9d5c-6bad446c63f0,Yngwie Malmsteen,8fa5d80d-37e8-4133-9d5c-6bad446c63f0,
3ffe1a1f-40e0-45ba-8d54-10349b39d76d,The Passenger,,False,,,Bauhaus,Bauhaus,0688add2-c282-4ee2-ba61-223ffdb3c201,Bauhaus,0688add2-c282-4ee2-ba61-223ffdb3c201,
f72c90c5-54d1-42bc-806c-d17a2ad44248,Brothers,,False,,,Yngwie J. Malmsteen,Yngwie Malmsteen,8fa5d80d-37e8-4133-9d5c-6bad446c63f0,Yngwie Malmsteen,8fa5d80d-37e8-4133-9d5c-6bad446c63f0,
e8a57e03-cbf8-4073-9ff8-139858518074,The Scientist,356840,False,,,Coldplay,Coldplay,cc197bad-dc9c-440d-a5b5-d52ba2e14234,Coldplay,cc197bad-dc9c-440d-a5b5-d52ba2e14234,
1de81d69-aa07-4322-a1c8-26e621b5afec,Yellow,313306,False,,,Coldplay,Coldplay,cc197bad-dc9c-440d-a5b5-d52ba2e14234,Coldplay,cc197bad-dc9c-440d-a5b5-d52ba2e14234,
41374b1a-5eea-49ff-89f5-336573af35c9,Trouble,300786,False,,,Coldplay,Coldplay,cc197bad-dc9c-440d-a5b5-d52ba2e14234,Coldplay,cc197bad-dc9c-440d-a5b5-d52ba2e14234,
86b5fc09-33ea-4a78-9f16-0d38bbec36b2,In My Place,223000,False,,live,Coldplay,Coldplay,cc197bad-dc9c-440d-a5b5-d52ba2e14234,Coldplay,cc197bad-dc9c-440d-a5b5-d52ba2e14234,
3a98d99e-08f5-45ee-bc7a-4b02a48f3f17,When I Come Around,,True,,live: Saturday Night Live,Green Day,Green Day,084308bd-1654-436f-ba03-df6697104e19,Green Day,084308bd-1654-436f-ba03-df6697104e19,
3deac9ee-03c2-4fcd-a76a-23414726681a,Halloween,,False,,,Dropkick Murphys,Dropkick Murphys,e8374874-4178-4869-b92e-fef6bf30dc04,Dropkick Murphys,e8374874-4178-4869-b92e-fef6bf30dc04,
a1ac2ede-0a66-4524-b405-4a4f99899b31,Sweetness,,False,,live,Jimmy Eat World,Jimmy Eat World,bbc5b66b-d037-4f26-aecf-0b129e7f876a,Jimmy Eat World,bbc5b66b-d037-4f26-aecf-0b129e7f876a,
3f539d0f-4df9-4c06-9635-3c8807ead993,When I'm Gone,,False,,live on HBO,3 Doors Down,3 Doors Down,2386cd66-e923-4e8e-bf14-2eebe2e9b973,3 Doors Down,2386cd66-e923-4e8e-bf14-2eebe2e9b973,
9814916a-991c-44d9-9a91-b24f0b57903d,Drifting Away,480613,False,,,The String Cheese Incident,The String Cheese Incident,cff95140-6d57-498a-8834-10eb72865b29,The String Cheese Incident,cff95140-6d57-498a-8834-10eb72865b29,
b0e39ab3-e5b9-4dec-8986-b8ac9bac4175,Today,198000,False,,,Poison the Well,Poison the Well,5275425d-3cdb-4a9a-b9eb-3e246ec69881,Poison the Well,5275425d-3cdb-4a9a-b9eb-3e246ec69881,
b4433f14-a9ad-4365-8ddd-4a805481a1d1,Angel of Death,259000,False,,,Fear Factory,Fear Factory,c17f08f4-2542-46fb-97f3-3202d60c225a,Fear Factory,c17f08f4-2542-46fb-97f3-3202d60c225a,
e69edd92-a098-41aa-b1c4-871b5bd9f92d,Bonus Track,146000,False,,,SNFU,SNFU,ca94290f-d456-4091-9fc4-fa83512f544f,SNFU,ca94290f-d456-4091-9fc4-fa83512f544f,
b57073f9-40c0-4117-a30c-672930496f00,In da Club,,False,,,50 Cent,50 Cent,8e68819d-71be-4e7d-b41d-f1df81b01d3f,50 Cent,8e68819d-71be-4e7d-b41d-f1df81b01d3f,
b7f493d9-4394-4bb0-8925-800e70d12814,Business,,False,,,Eminem,Eminem,b95ce3ff-3d05-4e87-9e01-c97b66af13d4,Eminem,b95ce3ff-3d05-4e87-9e01-c97b66af13d4,
21477736-9df7-4101-8ab2-fe3bd132293b,X Gon’ Give It to Ya,,False,,,DMX,DMX,f3bf61f8-97d4-4e52-a73d-2ddbbe8196c8,DMX,f3bf61f8-97d4-4e52-a73d-2ddbbe8196c8,
9ac220fc-7df4-49c1-abb2-bb772ad26392,Satisfaction,,False,,,Eve,Eve,1ac10f5e-2079-4435-b78f-dda6ecdeba15,Eve,1ac10f5e-2079-4435-b78f-dda6ecdeba15,
b0bd8411-dfa7-4789-815d-6cbc11f84d1f,Beautiful,,False,,,Snoop Dogg feat. Pharrell,Snoop Dogg|Pharrell Williams,f90e8b26-9e52-4669-a5c9-e28529c47894|149f91ef-1287-46da-9a8e-87fee02f1471,Snoop Dogg,f90e8b26-9e52-4669-a5c9-e28529c47894,
7349dff7-32e3-47d0-8bf3-a183ea4ef0fc,Tell Me,,False,,,Simple Plan,Simple Plan,b345af35-205e-4eca-8006-029e5c20127e,Simple Plan,b345af35-205e-4eca-8006-029e5c20127e,
1351a6bd-3692-4654-9f4a-9684852591f3,Sweet Child o' Mine (live),,False,,,311,311,bf600e2b-dc2d-4839-a1be-6ebef4087cd0,311,bf600e2b-dc2d-4839-a1be-6ebef4087cd0,
e5aa4bae-b317-4164-b37b-d47ccfb2025c,By My Side,,False,,,Simple Plan,Simple Plan,b345af35-205e-4eca-8006-029e5c20127e,Simple Plan,b345af35-205e-4eca-8006-029e5c20127e,
2510b75e-8f5c-4b58-a7e1-5519b40667c4,Nobody Knows,,False,,,Veruca Salt,Veruca Salt,86e8e21a-d29f-47d2-bbf0-e079f7044e71,Veruca Salt,86e8e21a-d29f-47d2-bbf0-e079f7044e71,
4516f54a-bac2-4004-b717-f05a881070b0,Carol,,False,,,The Rolling Stones,The Rolling Stones,b071f9fa-14b0-4217-8e97-eb41da73f598,The Rolling Stones,b071f9fa-14b0-4217-8e97-eb41da73f598,
542f4aef-9259-4ee6-93a0-4014ecb77a65,Money,343000,False,,,Velvet Revolver,Velvet Revolver,3a528006-1429-47f4-ae9b-2ea95343e16a,Velvet Revolver,3a528006-1429-47f4-ae9b-2ea95343e16a,
02179b52-de58-4b6b-92e7-9ecfbe6d0bf6,Hasta La Vista,224480,False,,,Sarah Connor,Sarah Connor,9293fc79-e77c-4ee6-a092-61df10ca47ea,Sarah Connor,9293fc79-e77c-4ee6-a092-61df10ca47ea,
dbedc5eb-8c68-4324-96b6-5d828084f3be,Master of Puppets,,False,,,Limp Bizkit,Limp Bizkit,8f9d6bb2-dba4-4cca-9967-cc02b9f4820c,Limp Bizkit,8f9d6bb2-dba4-4cca-9967-cc02b9f4820c,
b0497b01-456c-4e47-bf8d-fa0505ab568e,Eu quero um samba,,False,,,Chico Buarque,Chico Buarque,3a5d1cc7-627e-48ea-aba3-fdd20d782c33,Chico Buarque,3a5d1cc7-627e-48ea-aba3-fdd20d782c33,
18d9726d-18e1-48d9-9c1e-6c1fc52eabfc,Any Given Sunday,,False,,,Simple Plan,Simple Plan,b345af35-205e-4eca-8006-029e5c20127e,Simple Plan,b345af35-205e-4eca-8006-029e5c20127e,
69c5606e-8937-453e-9026-13945296588d,The Pride,,False,,,Dying Fetus,Dying Fetus,f76167bb-c117-4022-8b6b-54c796edf5c9,Dying Fetus,f76167bb-c117-4022-8b6b-54c796edf5c9,
e9325319-65ad-4ade-b2c5-4a31b1ad2862,Lean on Me,,False,,,The Temptations,The Temptations,d8df96ae-8fcf-4997-b3e6-e5d1aaf0f69e,The Temptations,d8df96ae-8fcf-4997-b3e6-e5d1aaf0f69e,
da67cdd3-1935-40c9-bd91-0b0a9d86e999,Paint It Black,,False,,,face to face,face to face,8a3be197-2afd-4e80-b795-17f9df3aefac,face to face,8a3be197-2afd-4e80-b795-17f9df3aefac,
976dc5f0-958e-41b4-acf5-deb328dd2e2b,House of Pain,,False,,,The Notorious B.I.G. feat. 2Pac,The Notorious B.I.G.|2Pac,d5d97b2b-b83b-4976-814a-056d9076c8c3|382f1005-e9ab-4684-afd4-0bdae4ee37f2,The Notorious B.I.G.,d5d97b2b-b83b-4976-814a-056d9076c8c3,
75af020f-4ffc-4cd4-9685-d63772e0e777,Wild Thing,,False,,,Stevie Ray Vaughan,Stevie Ray Vaughan,f5426431-f490-4678-ad44-a75c71097bb4,Stevie Ray Vaughan,f5426431-f490-4678-ad44-a75c71097bb4,
38830053-fc4a-4117-99ad-16cf2f63f5c9,Lipstick on Your Collar,141000,False,,,Nerf Herder,Nerf Herder,da66103a-1307-400d-8261-89d856126867,Nerf Herder,da66103a-1307-400d-8261-89d856126867,
8715b34e-2e74-49e2-b829-7cfe2dafd076,Good Riddance (Time of Your Life),,False,,acoustic,Green Day,Green Day,084308bd-1654-436f-ba03-df6697104e19,Green Day,084308bd-1654-436f-ba03-df6697104e19,
bc63f473-b7b2-4d50-a37e-0c050db7d841,Tutti Frutti,,False,,,Little Richard,Little Richard,95c2339b-8277-49a6-9aaf-08d8eeeaa0be,Little Richard,95c2339b-8277-49a6-9aaf-08d8eeeaa0be,
51da2b8a-5685-455d-a453-fd2cbe04b698,Jingle Bells,,False,,,Korn,Korn,ac865b2e-bba8-4f5a-8756-dd40d5e39f46,Korn,ac865b2e-bba8-4f5a-8756-dd40d5e39f46,
9a52f94f-6635-48dc-89f7-45cad8bdb5bf,Carnival,,False,,,Eulogy,Eulogy,4b225f17-1cd1-4e64-9c48-adcee1f4abb9,Eulogy,4b225f17-1cd1-4e64-9c48-adcee1f4abb9,
b143de95-3da8-4adc-9d27-48bda732b0f0,Layla,,False,,,Korn,Korn,ac865b2e-bba8-4f5a-8756-dd40d5e39f46,Korn,ac865b2e-bba8-4f5a-8756-dd40d5e39f46,
a46eecaf-7641-4c96-a87b-240bb92cbd40,Sweet Child o' Mine (live),,False,,,Dinosaur Jr.,Dinosaur Jr.,77c167d2-4965-4421-830a-9815e4956475,Dinosaur Jr.,77c167d2-4965-4421-830a-9815e4956475,
ae8d5893-6f31-445b-af53-cf87e9b77d33,Amazing Grace,,False,,,Dixie Chicks,The Chicks,3248ed2d-bada-41b5-a7b6-ac88faa1f1ac,The Chicks,3248ed2d-bada-41b5-a7b6-ac88faa1f1ac,
4c4ff530-af0e-4342-92e7-ded6c6346e32,Starstruck,,False,,,Good Charlotte,Good Charlotte,b267ca80-034e-4dc1-9ed4-ec45f1fed41d,Good Charlotte,b267ca80-034e-4dc1-9ed4-ec45f1fed41d,
05e60a84-cfda-4ec9-8bb4-45b02ec697d3,Sunglasses at Night,,False,,"part of “Trance: The Ultimate Collection 2002, Volume 2” DJ‐mix",Tiga & Zyntherius,Tiga|Zyntherius,58e5332d-383e-414c-9917-776d7b1493a2|0107aa4f-abc7-4907-8b88-4fd08ecde7ee,Tiga,58e5332d-383e-414c-9917-776d7b1493a2,
06326485-4429-418f-95ce-3ac25777e6aa,Awakening,,False,,"part of “Trance: The Ultimate Collection 2002, Volume 2” DJ‐mix",Rank 1,Rank 1,bd5d07eb-dcb8-4d11-b873-908401e92ee4,Rank 1,bd5d07eb-dcb8-4d11-b873-908401e92ee4,
d3d5e7c2-09cf-4da0-80e7-de95728a87cd,Little Queenie,,False,,,Jerry Lee Lewis,Jerry Lee Lewis,b59ac58d-036e-4bba-8112-c32a34c4575b,Jerry Lee Lewis,b59ac58d-036e-4bba-8112-c32a34c4575b,
85efb7ed-57e8-4937-bb34-8e5f6fc1d0b3,In the Mood,,False,,,Maroon Town,Maroon Town,646abf73-646e-4d77-99e6-48923da3f29e,Maroon Town,646abf73-646e-4d77-99e6-48923da3f29e,
d1f9825a-0ca6-4299-8095-420aa6f9fa5a,Photo,,False,,,CKY,CKY,4ed35152-5207-4101-8904-6cb5d159b545,CKY,4ed35152-5207-4101-8904-6cb5d159b545,
7de100ec-2724-4925-973d-1d8fcb416061,One Thing,,False,,,Finger Eleven,Finger Eleven,0b76f632-25fa-4681-9862-86499c28afd3,Finger Eleven,0b76f632-25fa-4681-9862-86499c28afd3,
2ede4c28-74ad-4150-b2fc-6447b03d9786,Blinded (radio edit),,False,,,Third Eye Blind,Third Eye Blind,92a42e82-b36f-4308-82c1-68bad2e03c89,Third Eye Blind,92a42e82-b36f-4308-82c1-68bad2e03c89,
7732c23e-a73e-49e6-b562-f87481cf02f0,Offshore,,False,,,Chicane,Chicane,8b506e4a-c343-467b-aad6-300a9bfac355,Chicane,8b506e4a-c343-467b-aad6-300a9bfac355,
5416e09f-9d8c-4397-8c73-757b93d623b5,Against the Wind,,False,,,Willie Nelson,Willie Nelson,668fd73c-bf54-4310-a139-305517f05311,Willie Nelson,668fd73c-bf54-4310-a139-305517f05311,
93f85cb8-28d8-4d7d-a8ea-648b6faf5647,Wounds,,False,,,Stereomud,Stereomud,73393c0d-a956-453c-8803-14ba4704511d,Stereomud,73393c0d-a956-453c-8803-14ba4704511d,
aa25beb9-df1e-4f04-bf5b-15aea849bb3d,Red House,,False,,,Stevie Ray Vaughan,Stevie Ray Vaughan,f5426431-f490-4678-ad44-a75c71097bb4,Stevie Ray Vaughan,f5426431-f490-4678-ad44-a75c71097bb4,
349772ab-5ec7-42dd-bbdc-226f0600454c,Ego,,False,,,Element Eighty,Element Eighty,93336372-424a-4c88-8e79-890053f63337,Element Eighty,93336372-424a-4c88-8e79-890053f63337,
22a55ddc-41b5-4232-a629-74607700f6c6,Out of My Mind,,False,,,Duran Duran,Duran Duran,1a1cd7f3-e5df-4eca-bae2-2757c9e656b5,Duran Duran,1a1cd7f3-e5df-4eca-bae2-2757c9e656b5,
3a1b49b4-8169-4686-96c8-315162548056,Run,,False,,,DMX,DMX,f3bf61f8-97d4-4e52-a73d-2ddbbe8196c8,DMX,f3bf61f8-97d4-4e52-a73d-2ddbbe8196c8,
8f77bcee-2eb3-41bd-81e9-0ee0c6f5349b,Return to Sender,,False,,,Lagwagon,Lagwagon,c7788fba-e635-4d8b-a937-01a68ab154e3,Lagwagon,c7788fba-e635-4d8b-a937-01a68ab154e3,
cac6bf8b-7bc2-47c4-be80-68baf25c61e3,Hallelujah,246000,False,,,Sheryl Crow,Sheryl Crow,80ccfede-c258-4575-a7ad-c982e9932e0f,Sheryl Crow,80ccfede-c258-4575-a7ad-c982e9932e0f,
6959eea4-eb88-4494-8de8-7051e59f883c,She's Leaving Home,,False,,,Counting Crows,Counting Crows,a0327dc2-dc76-44d5-aec6-47cd2dff1469,Counting Crows,a0327dc2-dc76-44d5-aec6-47cd2dff1469,
c9bc0f7e-4242-47a4-8986-d8a35105ac10,Idiot,,False,,,Coldplay,Coldplay,cc197bad-dc9c-440d-a5b5-d52ba2e14234,Coldplay,cc197bad-dc9c-440d-a5b5-d52ba2e14234,
6753a1c2-0cff-4856-83d6-8114e30cc514,Foundation,,False,,,D.I.T.C.,D.I.T.C.,a607bac0-41f2-489c-976e-e884c3fe8e4a,D.I.T.C.,a607bac0-41f2-489c-976e-e884c3fe8e4a,
e05b23bc-f5dd-4160-84b2-4e08d1b71751,Information Sniper,,False,,,Discordance Axis,Discordance Axis,d5ae79c1-6206-41a1-b28e-166e7056cdd8,Discordance Axis,d5ae79c1-6206-41a1-b28e-166e7056cdd8,
c087fef8-c518-4c70-b26d-db05c646cdbe,Tokyo,,False,,,Discordance Axis,Discordance Axis,d5ae79c1-6206-41a1-b28e-166e7056cdd8,Discordance Axis,d5ae79c1-6206-41a1-b28e-166e7056cdd8,
813fc226-e9a1-43fa-961b-fed42fd304c1,sommarnatt,,False,,,Snowstorm,Snowstorm,351ebf75-f5d1-4058-bda6-22a2327bd9a2,Snowstorm,351ebf75-f5d1-4058-bda6-22a2327bd9a2,
6f26255e-aef8-434d-bea5-948247219659,Karma Police,,False,,,Finch,Finch,746737be-e792-42bb-b18c-fb46d7935d7a,Finch,746737be-e792-42bb-b18c-fb46d7935d7a,
d3fc9eab-56d4-4744-ada6-adb0a8ac9fee,Stars,,False,,,Finch,Finch,746737be-e792-42bb-b18c-fb46d7935d7a,Finch,746737be-e792-42bb-b18c-fb46d7935d7a,
e984230a-a2ea-4ff7-8c48-6c9c710a6064,Let's Fall in Love,,False,,,Charlie Byrd,Charlie Byrd,9d99c378-247c-47a3-94ea-753efa330023,Charlie Byrd,9d99c378-247c-47a3-94ea-753efa330023,
ade6dc42-f382-441e-897b-faac188d383b,Bad Luck,,False,,,Mike Ness,Mike Ness,45d7e6e8-c5bf-4c59-a79e-c7bb2e9b2cc9,Mike Ness,45d7e6e8-c5bf-4c59-a79e-c7bb2e9b2cc9,
c17eb724-fb69-4445-9f16-b0dd907d55ce,Dirty Work,,False,,,Better Than Ezra,Better Than Ezra,7986c185-d91d-4204-8ee2-eac5d503fe39,Better Than Ezra,7986c185-d91d-4204-8ee2-eac5d503fe39,
acbc57ef-4021-4330-93cc-8c70cd525a79,Beautiful World,,False,,,Collective Soul,Collective Soul,aa266ac7-d919-4132-982e-76cbd95591a7,Collective Soul,aa266ac7-d919-4132-982e-76cbd95591a7,
acf279c8-2d3a-4cd3-bc59-0f8f27f33e56,Eye of the Tiger,,False,,,London Symphony Orchestra,London Symphony Orchestra,38712b4c-0fd4-4c65-8c7a-45676fecc973,London Symphony Orchestra,38712b4c-0fd4-4c65-8c7a-45676fecc973,
4a8b1811-1894-40c9-b965-ad2d100ea37f,Susie Q,,False,,,Creedence Clearwater Revival,Creedence Clearwater Revival,109958eb-a335-4c5e-907e-597ff4c6af46,Creedence Clearwater Revival,109958eb-a335-4c5e-907e-597ff4c6af46,
a6f3a5cc-5094-4208-bfa8-29d7a9bd5ff5,La noche,,False,,,Los Prisioneros,Los Prisioneros,a1d044b9-76c9-46d7-a5a6-0f52421e1ed7,Los Prisioneros,a1d044b9-76c9-46d7-a5a6-0f52421e1ed7,CLBB29600101
42cec5d6-58bf-4728-883a-2952a3e6af8d,En la disco,,False,,,Los Prisioneros,Los Prisioneros,a1d044b9-76c9-46d7-a5a6-0f52421e1ed7,Los Prisioneros,a1d044b9-76c9-46d7-a5a6-0f52421e1ed7,CLBB29600111
a90ae02a-4886-47f5-bf97-8924915a3df0,Invisible,219000,False,,,Third Eye Blind,Third Eye Blind,92a42e82-b36f-4308-82c1-68bad2e03c89,Third Eye Blind,92a42e82-b36f-4308-82c1-68bad2e03c89,
d88c7cc5-5a54-4e14-95d4-d98aaef1f09d,Silhouette,,False,,,Kenny G,Kenny G,4cd556a5-db82-43f6-8d55-99598b42da8f,Kenny G,4cd556a5-db82-43f6-8d55-99598b42da8f,
aed9d8c0-394d-4e82-a54e-a716ae1d8ede,Forever in Love,,False,,,Kenny G,Kenny G,4cd556a5-db82-43f6-8d55-99598b42da8f,Kenny G,4cd556a5-db82-43f6-8d55-99598b42da8f,
2447052e-e6d8-4f4d-b83e-b9a1ecd8b406,I'm like a bird,,False,,,Dexter,Dexter,d13aa4eb-959e-4248-9ea0-d7792f0c5b6b,Dexter,d13aa4eb-959e-4248-9ea0-d7792f0c5b6b,
f155f00c-8894-4c67-ac2a-61d438574ba1,Dumb,,False,,,Yellowcard,Yellowcard,3630fff3-52fc-4e97-ab01-d68fd88e4135,Yellowcard,3630fff3-52fc-4e97-ab01-d68fd88e4135,
b78be410-abe1-43bc-8887-348bf0b9a7ff,Waitress,,False,,"live, 1995-06-09: Gino Stockholm, Sweeden",Lïve,Live,cba77ba2-862d-4cee-a8f6-d3f9daf7211c,Live,cba77ba2-862d-4cee-a8f6-d3f9daf7211c,
ddbd2f86-72d1-4bfe-938a-c579f914d689,Iris,,False,,"live, 1995: Glastonbury Festival, Glastonbury, UK",Lïve,Live,cba77ba2-862d-4cee-a8f6-d3f9daf7211c,Live,cba77ba2-862d-4cee-a8f6-d3f9daf7211c,
2f3e1afe-b8e1-44db-9795-3553be7a7347,Southside,,False,,,Lloyd Banks,Lloyd Banks,8a6ccf62-b8fa-46d7-87df-f2dd14e6280d,Lloyd Banks,8a6ccf62-b8fa-46d7-87df-f2dd14e6280d,
ed6251ef-cb01-4802-8ba7-7042117297a1,Goodbye,,False,,,VAST,VAST,79e98efd-4515-412a-af83-df381f5badd6,VAST,79e98efd-4515-412a-af83-df381f5badd6,
a774fce6-8906-4e03-a9a2-b70b5680d46e,Lost,,False,,,VAST,VAST,79e98efd-4515-412a-af83-df381f5badd6,VAST,79e98efd-4515-412a-af83-df381f5badd6,
a2aed6dc-a254-43b5-9eff-4c29088c2a4c,Winter in My Heart,,False,,,VAST,VAST,79e98efd-4515-412a-af83-df381f5badd6,VAST,79e98efd-4515-412a-af83-df381f5badd6,
bf1a1753-2352-4e55-a77f-8a8fd52feb6f,Senorita,,False,,,VAST,VAST,79e98efd-4515-412a-af83-df381f5badd6,VAST,79e98efd-4515-412a-af83-df381f5badd6,
6e0fb1f3-b318-4a70-bce7-d80775b16963,Face Off,,False,,,Scarface feat. Ghostface,Scarface|Ghostface Killah,7d0b6027-8132-4417-8c4c-ef0bbf9161c0|3b39abeb-0064-4eed-9ddd-ee47a45c54cb,Scarface,7d0b6027-8132-4417-8c4c-ef0bbf9161c0,
947bb709-5a4f-4e05-9fa8-e82705e7d4a0,Danger,,False,,,DJ Zinc feat. MC GQ,DJ Zinc|MC GQ,174d9bdb-4e9c-4c42-8e6a-a29db39bdda5|310026df-5d3f-48b2-8e65-61eedadfc017,DJ Zinc,174d9bdb-4e9c-4c42-8e6a-a29db39bdda5,
00b78a70-c384-4fcd-a5df-2f77d31a0e05,Total Eclipse of the Heart,,False,,,Bonnie Tyler,Bonnie Tyler,0aa8294b-6332-4b65-b677-e3a1f8591d3b,Bonnie Tyler,0aa8294b-6332-4b65-b677-e3a1f8591d3b,
cf9abeaa-08ab-4162-85fd-0b7e52e22a34,Possession,214000,False,,,Otep,Otep,83766a73-9c8a-481e-82ca-11853015cd2d,Otep,83766a73-9c8a-481e-82ca-11853015cd2d,
8eb39e7d-5aff-4a8c-9ce1-7c0c63dd1992,Udja Kale Kawan - Marriage,,False,,,Uttam Singh,Uttam Singh,e5a99093-f4e9-43c9-b919-693d28ecaadc,Uttam Singh,e5a99093-f4e9-43c9-b919-693d28ecaadc,
bbfb943f-85a9-41df-846c-08cd4a97e07e,Walk,384000,False,,live,Disturbed feat. Vinnie Paul and Chester Bennington,Disturbed|Vinnie Paul|Chester Bennington,4bb4e4e4-5f66-4509-98af-62dbb90c45c5|fcefb8fb-05d9-4768-bf60-2e06c970f736|415e30a0-116b-4a4f-8cbf-8d0f6406bbab,Disturbed,4bb4e4e4-5f66-4509-98af-62dbb90c45c5,
c6ff8ba7-c419-4f16-beba-862a5e04c022,"Dois pra lá, dois pra cá",,False,,,Jessé,Jessé,bd225286-15f5-46df-a02c-70f10b0e3cd4,Jessé,bd225286-15f5-46df-a02c-70f10b0e3cd4,
47cc6fb8-d2c0-446e-98a4-93ef818f6b4c,Onde está você,,False,,,Jessé,Jessé,bd225286-15f5-46df-a02c-70f10b0e3cd4,Jessé,bd225286-15f5-46df-a02c-70f10b0e3cd4,
89cc54f0-94f8-4963-a74d-a66c6c687cfc,I Shall Be Released,288600,False,,,Bob Dylan,Bob Dylan,72c536dc-7137-4477-a521-567eeb840fa8,Bob Dylan,72c536dc-7137-4477-a521-567eeb840fa8,
51403ff1-d781-4476-bf8e-80e8c74e48a9,When I Paint My Masterpiece,269933,False,,,Bob Dylan,Bob Dylan,72c536dc-7137-4477-a521-567eeb840fa8,Bob Dylan,72c536dc-7137-4477-a521-567eeb840fa8,
89ec892b-2d44-4d04-8646-4a0ae66246db,Isis,322493,False,,,Bob Dylan,Bob Dylan,72c536dc-7137-4477-a521-567eeb840fa8,Bob Dylan,72c536dc-7137-4477-a521-567eeb840fa8,
b0db9d1a-d01e-41b5-951d-bd9bdbcf463a,The Times They Are A-Changin',181733,False,,,Bob Dylan,Bob Dylan,72c536dc-7137-4477-a521-567eeb840fa8,Bob Dylan,72c536dc-7137-4477-a521-567eeb840fa8,
04f993ff-3911-4ae9-a9ac-fc31a7552ddd,Never Let Me Go,179000,False,,,Bob Dylan,Bob Dylan,72c536dc-7137-4477-a521-567eeb840fa8,Bob Dylan,72c536dc-7137-4477-a521-567eeb840fa8,
4be1227b-4817-4e79-b59c-199ec479cf07,Alien Duce,,False,,,Patricio Rey y sus Redonditos de Ricota,Patricio Rey y sus Redonditos de Ricota,956301d0-4b3c-4ffc-9898-b39305d25112,Patricio Rey y sus Redonditos de Ricota,956301d0-4b3c-4ffc-9898-b39305d25112,
0739a335-364b-4b98-ae0b-2a7168c9ea49,Don’t Cry,,False,,,Guns N’ Roses,Guns N’ Roses,eeb1195b-f213-4ce1-b28c-8565211f8e43,Guns N’ Roses,eeb1195b-f213-4ce1-b28c-8565211f8e43,
3ab176d7-e233-4f40-87dd-35a120b59860,Night Moves,,False,,,Everclear,Everclear,3604c99d-c146-4276-aa0c-9376d333aeb8,Everclear,3604c99d-c146-4276-aa0c-9376d333aeb8,
c51da00a-0f10-47ee-9d14-4d04fc0d4fe7,Black and Blue,,False,,,Louis Armstrong,Louis Armstrong,eea8a864-fcda-4602-9569-38ab446decd6,Louis Armstrong,eea8a864-fcda-4602-9569-38ab446decd6,
2aa129f7-686d-4a3d-902f-9726f87fd4d5,Untitled,,False,,,Ike & Tina Turner,Ike & Tina Turner,1c7b3786-b99a-40ab-81e4-f3056da19e13,Ike & Tina Turner,1c7b3786-b99a-40ab-81e4-f3056da19e13,
48866bbb-e1e2-408e-89d6-b4189a45102e,O tempo não para,247066,False,,,Cazuza,Cazuza,e554daf4-4ad0-438f-a7f9-832519451fd2,Cazuza,e554daf4-4ad0-438f-a7f9-832519451fd2,
a1f6b18b-f6a8-4050-81e3-73811fe408bb,Brasil,224133,False,,,Cazuza,Cazuza,e554daf4-4ad0-438f-a7f9-832519451fd2,Cazuza,e554daf4-4ad0-438f-a7f9-832519451fd2,
c47f6efa-e836-490d-a23b-08a7ccade53d,Take It,,False,,,Genitorturers,Genitorturers,d29fc72c-0148-49ef-906b-1f4a58ecde25,Genitorturers,d29fc72c-0148-49ef-906b-1f4a58ecde25,
8457b134-8260-437a-9325-28fb63d1caa2,Embraceable You,,False,,,Miles Davis,Miles Davis,561d854a-6a28-4aa7-8c99-323e6ce46c2a,Miles Davis,561d854a-6a28-4aa7-8c99-323e6ce46c2a,
16f010a0-ecad-40ac-9cad-16a83b3e2b5c,Summer of 69,,False,,,Hot Water Music,Hot Water Music,c83907ee-8b5a-4547-8f68-96572243ea7f,Hot Water Music,c83907ee-8b5a-4547-8f68-96572243ea7f,
8a0d8067-0af4-4475-883c-6010f255fb18,Telepath,228000,False,,,Conjure One,Conjure One,734f6784-413d-4779-a81b-1a10f5e2a1a3,Conjure One,734f6784-413d-4779-a81b-1a10f5e2a1a3,
4140e242-5f6b-4cfa-9c6c-01dba632f4d4,Spoonful,,False,,,Cream,Cream,04cd0cfd-bfd1-4c36-bc38-95c35e2c045f,Cream,04cd0cfd-bfd1-4c36-bc38-95c35e2c045f,
1d740094-ee31-42e4-935f-bb0be56bd2cb,Tales of Brave Ulysses,,False,,,Cream,Cream,04cd0cfd-bfd1-4c36-bc38-95c35e2c045f,Cream,04cd0cfd-bfd1-4c36-bc38-95c35e2c045f,
0c04335a-dc66-49fc-bb47-41a470a614f5,I Feel Free,,False,,,Cream,Cream,04cd0cfd-bfd1-4c36-bc38-95c35e2c045f,Cream,04cd0cfd-bfd1-4c36-bc38-95c35e2c045f,
8cac9f7a-4cad-4de5-8836-64d1533fc641,Stranded,,False,,,Rancid,Rancid,24f8d8a5-269b-475c-a1cb-792990b0b2ee,Rancid,24f8d8a5-269b-475c-a1cb-792990b0b2ee,
5329fb46-975a-4f18-9f6b-9ac8955120c7,Today,,False,,,KMFDM feat. Peter Murphy,KMFDM|Peter Murphy,45074d7c-5307-44a8-854f-ae072e1622ae|b78346af-e3ce-4b36-a0d5-032414de8a27,KMFDM,45074d7c-5307-44a8-854f-ae072e1622ae,
2236fecf-e984-427e-87fd-f1b9e724b30c,Cocaine,,False,,,Grateful Dead,Grateful Dead,6faa7ca7-0d99-4a5e-bfa6-1fd5037520c6,Grateful Dead,6faa7ca7-0d99-4a5e-bfa6-1fd5037520c6,
5ec864c7-1aa3-4a03-87bc-393e4f9ef20f,Archangel,221586,False,,,The Walker Brothers,The Walker Brothers,45433c63-c874-47e9-a761-c20963d47fa7,The Walker Brothers,45433c63-c874-47e9-a761-c20963d47fa7,
4b19bbb1-bdc2-4137-86d0-6cb9be3ba474,Nothing Compares 2 U,,False,,,Matchbox Twenty,Matchbox Twenty,75af9d25-cf32-49c0-9192-60bd8e9784e6,Matchbox Twenty,75af9d25-cf32-49c0-9192-60bd8e9784e6,
316049f8-e738-48e0-a851-ef9f57283747,Face,,False,,,Damien Rice,Damien Rice,2119beb8-6ac5-4f21-82a4-b831c90c0024,Damien Rice,2119beb8-6ac5-4f21-82a4-b831c90c0024,
c1972014-cafc-4a0b-9857-810a01c9653c,Call Me,,False,,,Beenie Man,Beenie Man,0d85b9f2-802d-48bb-aa85-6a9668869053,Beenie Man,0d85b9f2-802d-48bb-aa85-6a9668869053,
6a3e5782-faaf-47b4-a30b-b6c86dc43366,Surrender,,False,,live: MTV New Year’s Eve 2000,Marilyn Manson,Marilyn Manson,5dfdca28-9ddc-4853-933c-8bc97d87beec,Marilyn Manson,5dfdca28-9ddc-4853-933c-8bc97d87beec,
3ca66a5c-c166-42f5-a6f7-bb61008f5c6c,Better Off Alone,,False,,,Weezer,Weezer,6fe07aa5-fec0-4eca-a456-f29bff451b04,Weezer,6fe07aa5-fec0-4eca-a456-f29bff451b04,
a333b5a4-e4bd-4b3a-a4b7-1f271b5ccf3a,Crazy Love,197000,False,,,Jackson Browne,Jackson Browne,88527d26-7496-47c5-8358-ebdb1868a90f,Jackson Browne,88527d26-7496-47c5-8358-ebdb1868a90f,
22fa3666-9d1c-4612-b114-9184c679e725,Bad Girls,257000,False,,,Lil’ Kim feat. RuPaul,Lil’ Kim|RuPaul,bc1b5c95-e6d6-46b5-957a-5e8908b02c1e|15257a48-d9f6-4fd1-b30e-323576b15aca,Lil’ Kim,bc1b5c95-e6d6-46b5-957a-5e8908b02c1e,
f4023c23-35aa-4a51-88a8-5af646da2ce9,Girl,,False,,,The Beatles,The Beatles,b10bbbfc-cf9e-42e0-be17-e2c3e1d2600d,The Beatles,b10bbbfc-cf9e-42e0-be17-e2c3e1d2600d,
2a20a991-c2eb-4dab-909f-8efdbeb03a5e,Help,,False,,,The Beatles,The Beatles,b10bbbfc-cf9e-42e0-be17-e2c3e1d2600d,The Beatles,b10bbbfc-cf9e-42e0-be17-e2c3e1d2600d,
5d65d407-48c9-424b-b0ba-20844483b036,Michelle,,False,,,The Beatles,The Beatles,b10bbbfc-cf9e-42e0-be17-e2c3e1d2600d,The Beatles,b10bbbfc-cf9e-42e0-be17-e2c3e1d2600d,
8fc8a64e-029d-48d6-99d0-fa19b2514783,Move It on Over,,False,,,George Thorogood & the Destroyers,George Thorogood & the Destroyers,bc01f01c-a401-40d8-9472-b377ac33af05,George Thorogood & the Destroyers,bc01f01c-a401-40d8-9472-b377ac33af05,
7ce4599d-e3e8-4bd1-b3e9-94286c41c0b9,Redemption,,False,,,RMB,RMB,b29c6896-8c6b-4ef5-9f33-57ba1131faac,RMB,b29c6896-8c6b-4ef5-9f33-57ba1131faac,
ff05b598-2630-41a2-b296-44f75ec7a80a,Can’t Buy Me Love,,False,,,The Beatles,The Beatles,b10bbbfc-cf9e-42e0-be17-e2c3e1d2600d,The Beatles,b10bbbfc-cf9e-42e0-be17-e2c3e1d2600d,
d3617368-2863-45fb-891e-657f4cf19188,Nothing Else Matters,,False,,live,Rage Against the Machine,Rage Against the Machine,3798b104-01cb-484c-a3b0-56adc6399b80,Rage Against the Machine,3798b104-01cb-484c-a3b0-56adc6399b80,
29b84b88-dfeb-4a62-bfc0-c763943cd46c,The Sweetest Taboo,,False,,,Sade,Sade,67930b3e-e00b-469f-8c74-fd69f20522ec,Sade,67930b3e-e00b-469f-8c74-fd69f20522ec,
28992132-d414-4262-ada0-f650bbce4194,Head Over Heels,,False,,,Death Cab for Cutie,Death Cab for Cutie,0039c7ae-e1a7-4a7d-9b49-0cbc716821a6,Death Cab for Cutie,0039c7ae-e1a7-4a7d-9b49-0cbc716821a6,
84fa679c-b51e-44a3-8596-93c15761f68d,Stray Cat Strut,247440,False,,,The Brian Setzer Orchestra,The Brian Setzer Orchestra,3c98e32e-5bf5-4484-bdab-bd8d1736112a,The Brian Setzer Orchestra,3c98e32e-5bf5-4484-bdab-bd8d1736112a,
3ec596b2-7482-46ad-a7e2-89794d9e34c8,She Moved Through the Fair,,False,,,Gerry Rafferty,Gerry Rafferty,563201cb-721c-4cfb-acca-c1ba69e3d1fb,Gerry Rafferty,563201cb-721c-4cfb-acca-c1ba69e3d1fb,
951ee56a-7661-4d23-b974-b4e5783a7cbf,Fever,,False,,,Gerry Rafferty,Gerry Rafferty,563201cb-721c-4cfb-acca-c1ba69e3d1fb,Gerry Rafferty,563201cb-721c-4cfb-acca-c1ba69e3d1fb,
6b5caa4f-0bfa-4f8c-9ccb-60ba59db6969,Imagination,,False,,,Gerry Rafferty,Gerry Rafferty,563201cb-721c-4cfb-acca-c1ba69e3d1fb,Gerry Rafferty,563201cb-721c-4cfb-acca-c1ba69e3d1fb,
3961d2fd-ae27-4bac-ba3f-9595af577545,Gaston,,False,,,Alan Menken,Alan Menken,817c68f4-e110-4529-82fa-aec902e9768f,Alan Menken,817c68f4-e110-4529-82fa-aec902e9768f,
6503ec7e-edb8-48a4-a969-3c6722de4929,Gangsta,,False,,,Shy FX feat. Gunsmoke,Shy FX|Gunsmoke,ee459bd7-9768-4cc2-9452-a09700c4aeaa|53648c7f-0d4f-49ed-9fef-5323d5514642,Shy FX,ee459bd7-9768-4cc2-9452-a09700c4aeaa,
842a4a33-2d00-4ddc-bb5c-c0e34406a9da,Nasty,,False,,,Shy FX feat. Stepz MC,Shy FX|Stepz MC,ee459bd7-9768-4cc2-9452-a09700c4aeaa|517cf55d-088a-42d9-aad9-5e874ec47ed7,Shy FX,ee459bd7-9768-4cc2-9452-a09700c4aeaa,
3fbb66cc-44e6-481c-9486-afa6ecec0a4b,Heaven's Gate,,False,,,Kosmonova,Kosmonova,bccd8e62-7bec-4e81-8983-bafe36fb1580,Kosmonova,bccd8e62-7bec-4e81-8983-bafe36fb1580,
e96c7ef8-8d29-46df-accc-da9a40f06118,Os Alquimistas Estao Chegando Os Alquimistas,368066,False,,,Jorge Ben Jor,Jorge Ben Jor,19499124-36d4-4ccc-b28d-04dde3d2076f,Jorge Ben Jor,19499124-36d4-4ccc-b28d-04dde3d2076f,
41150ee8-b752-43df-b21f-7478fd53fc8a,Mama Africa,683066,False,,,Jorge Ben Jor,Jorge Ben Jor,19499124-36d4-4ccc-b28d-04dde3d2076f,Jorge Ben Jor,19499124-36d4-4ccc-b28d-04dde3d2076f,
5b173409-d7ce-40ca-aec4-63e7b9ebbd3c,Sweet Emotion,,False,,live,Stone Temple Pilots feat. Steven Tyler and Joe Perry,Stone Temple Pilots|Steven Tyler|Joe Perry,8c32bb01-58a3-453b-8050-8c0620edb0e5|7d3f7aed-fb9c-4e80-b198-64cd6ae31cb8|be797221-0117-45e3-81da-996f8d29db62,Stone Temple Pilots,8c32bb01-58a3-453b-8050-8c0620edb0e5,
afb9a32a-58be-4757-a953-abffba852ed2,Shake It,,False,,,Yeah Yeah Yeahs,Yeah Yeah Yeahs,584c04d2-4acc-491b-8a0a-e63133f4bfc4,Yeah Yeah Yeahs,584c04d2-4acc-491b-8a0a-e63133f4bfc4,
962a4ab4-3641-4dab-a3dd-7092fc95b7cb,Daft Punk Is Playing at My House,,False,,"live, 2002-12-06: Transmusicales, Rennes, France",LCD Soundsystem,LCD Soundsystem,2aaf7396-6ab8-40f3-9776-a41c42c8e26b,LCD Soundsystem,2aaf7396-6ab8-40f3-9776-a41c42c8e26b,
e60c70a7-a268-45d1-ad8a-7edcf52cf371,Pink Panther,67000,False,,,New Found Glory,New Found Glory,6acb932e-840d-47ac-8e0d-725ad8a6e52c,New Found Glory,6acb932e-840d-47ac-8e0d-725ad8a6e52c,
79d20a3e-fd47-4748-b723-d6fea3fb0c89,Daybreak,,False,,,Long Beach Dub Allstars,Long Beach Dub Allstars,c7a2ba91-4efd-4ac5-b5ae-d2c238dbfb88,Long Beach Dub Allstars,c7a2ba91-4efd-4ac5-b5ae-d2c238dbfb88,
5f5977a2-48e9-412f-91af-0f8907cc58e9,Losing My Religion,372533,False,,,R.E.M.,R.E.M.,ea4dfa26-f633-4da6-a52a-f49ea4897b58,R.E.M.,ea4dfa26-f633-4da6-a52a-f49ea4897b58,
56d67c24-67f9-48f5-8aab-69675a50c4a3,Mexico,,False,,,Long Beach Dub Allstars,Long Beach Dub Allstars,c7a2ba91-4efd-4ac5-b5ae-d2c238dbfb88,Long Beach Dub Allstars,c7a2ba91-4efd-4ac5-b5ae-d2c238dbfb88,
4a47ed85-fb2e-4dd7-9903-ba30ea94893a,De mí enamórate,,False,,,Juan Gabriel,Juan Gabriel,bc9b7500-0afc-41ba-a056-b0bc81669702,Juan Gabriel,bc9b7500-0afc-41ba-a056-b0bc81669702,
67f0c704-57fd-4153-8ec0-68c17b0fe13d,Amor eterno,,False,,,Juan Gabriel,Juan Gabriel,bc9b7500-0afc-41ba-a056-b0bc81669702,Juan Gabriel,bc9b7500-0afc-41ba-a056-b0bc81669702,
23a8e87f-92d4-478f-a25b-13934a28397a,What I Got,,False,,,Long Beach Dub Allstars,Long Beach Dub Allstars,c7a2ba91-4efd-4ac5-b5ae-d2c238dbfb88,Long Beach Dub Allstars,c7a2ba91-4efd-4ac5-b5ae-d2c238dbfb88,
bdcf0a86-db15-4c61-8887-6c11f4bebc1e,Do They Know Its Christmas,,False,,,The Bouncing Souls,The Bouncing Souls,429d5f26-329c-41cc-bdff-17c29dbf1fb8,The Bouncing Souls,429d5f26-329c-41cc-bdff-17c29dbf1fb8,
16c4d2d7-c37f-497a-a009-43521fb246a6,I Love Rock ’n’ Roll,255000,False,,live,The Dresden Dolls,The Dresden Dolls,107c7983-0728-46ea-8550-77e698adf690,The Dresden Dolls,107c7983-0728-46ea-8550-77e698adf690,
cf722114-edac-4602-a911-efa4fdfa238d,Video Killed the Radio Star,,False,,,The Lemonheads,The Lemonheads,58a53082-a629-4ff1-a44d-7492d6f6e8fb,The Lemonheads,58a53082-a629-4ff1-a44d-7492d6f6e8fb,
5d4e63fa-921a-4b49-8b80-752cec7d7c78,System,280000,False,,,Jonathan Davis,Jonathan Davis,adfa9d07-123c-4dc8-b1bb-99282b166b60,Jonathan Davis,adfa9d07-123c-4dc8-b1bb-99282b166b60,
5087edb1-4505-4aa3-8e2b-76f07f91ae9a,Redeemer,224000,False,,,Jonathan Davis,Jonathan Davis,adfa9d07-123c-4dc8-b1bb-99282b166b60,Jonathan Davis,adfa9d07-123c-4dc8-b1bb-99282b166b60,
f81b4878-697f-43f1-8cc0-4844137cd3d1,Now or Never,,False,,,Hoobastank,Hoobastank,2fa0d3ac-b64c-401a-b0a1-4915ba6cc157,Hoobastank,2fa0d3ac-b64c-401a-b0a1-4915ba6cc157,
ac7ea25f-386a-44e8-906e-319d6b108cff,Lost,,False,,,Authority Zero,Authority Zero,d17dbc4c-7cd4-4a81-83cc-f49f786455f9,Authority Zero,d17dbc4c-7cd4-4a81-83cc-f49f786455f9,
c072d231-1b0b-487e-97d6-e395168ee58d,I Love You I Love You,,False,,,Ray Charles,Ray Charles,2ce02909-598b-44ef-a456-151ba0a3bd70,Ray Charles,2ce02909-598b-44ef-a456-151ba0a3bd70,
3cf54a39-062c-488d-910d-867208f2a149,Call Me,,False,,,The Union Underground,The Union Underground,699f9a3f-03fc-492a-b973-7d291734ceda,The Union Underground,699f9a3f-03fc-492a-b973-7d291734ceda,
c7b34c36-aec5-49c4-992d-316636c09402,Change (In the House of Flies),,False,,"live, 2000-06-20: Late Show With David Letterman, New York, NY, USA",Deftones,Deftones,7527f6c2-d762-4b88-b5e2-9244f1e34c46,Deftones,7527f6c2-d762-4b88-b5e2-9244f1e34c46,
fcb1c900-d4e6-415f-a127-7473dc400325,Pain,,False,,,Jimmy Eat World,Jimmy Eat World,bbc5b66b-d037-4f26-aecf-0b129e7f876a,Jimmy Eat World,bbc5b66b-d037-4f26-aecf-0b129e7f876a,
49e9aad0-48b6-4a02-804c-1b9e0ff17368,Stella by Starlight,,False,,,Erroll Garner,Erroll Garner,75bd5186-9d89-4da9-95de-fce055c28895,Erroll Garner,75bd5186-9d89-4da9-95de-fce055c28895,
f7a53071-f345-417f-8530-ea1730393aac,paranoid android,,False,,,Brad Mehldau,Brad Mehldau,b7723b3f-9a35-438d-bc42-8ad8b5e027ae,Brad Mehldau,b7723b3f-9a35-438d-bc42-8ad8b5e027ae,
67a7a3f2-e265-4c9c-a4a1-47ffb8cca7d3,La Vie En Rose,,False,,,Grace Jones,Grace Jones,b1c124b3-cf60-41a6-8699-92728c8a3fe0,Grace Jones,b1c124b3-cf60-41a6-8699-92728c8a3fe0,
b7df3498-1223-47c1-a5f4-dea6eca0123b,So Lonely,,False,,,Beatsteaks,Beatsteaks,a9b88ebb-83aa-4ef7-b674-fabeb572c14e,Beatsteaks,a9b88ebb-83aa-4ef7-b674-fabeb572c14e,
a3ec5f06-c09d-456c-bf9a-a3f3fce9425f,Dust in the Wind,,False,,,Kansas,Kansas,69689acf-d9cd-4d20-a972-47db4ed51b1a,Kansas,69689acf-d9cd-4d20-a972-47db4ed51b1a,
30db25d0-a86c-4ad0-983c-b65d49d75c6c,More Than a Feeling,,False,,,Boston,Boston,0d8b0d50-e4cf-4da4-965d-f24c58ec3268,Boston,0d8b0d50-e4cf-4da4-965d-f24c58ec3268,
5dd8edb5-e912-4ddf-9c1c-b32b2703d19b,Johnny B. Goode,130000,False,,,Jerry Lee Lewis,Jerry Lee Lewis,b59ac58d-036e-4bba-8112-c32a34c4575b,Jerry Lee Lewis,b59ac58d-036e-4bba-8112-c32a34c4575b,
ea9ef147-d0c9-468d-a56c-130b585ac04d,Roll Over Beethoven,104000,False,,,Jerry Lee Lewis,Jerry Lee Lewis,b59ac58d-036e-4bba-8112-c32a34c4575b,Jerry Lee Lewis,b59ac58d-036e-4bba-8112-c32a34c4575b,
3db28b9f-cb44-4211-89ef-62ab17db884b,The Times They Are A-Changin',226786,False,,"1996-04-30: Landmark Theater, Syracuse, NY, USA",Bob Dylan,Bob Dylan,72c536dc-7137-4477-a521-567eeb840fa8,Bob Dylan,72c536dc-7137-4477-a521-567eeb840fa8,
2f667d98-65d2-44df-8ef1-1f8827bf1088,Friend of the Devil,401106,False,,"1996-04-30: Landmark Theater, Syracuse, NY, USA",Bob Dylan,Bob Dylan,72c536dc-7137-4477-a521-567eeb840fa8,Bob Dylan,72c536dc-7137-4477-a521-567eeb840fa8,
cace574b-6776-4aef-a41a-8d0010c2981f,Seven Days,316466,False,,"1996-04-30: Landmark Theater, Syracuse, NY, USA",Bob Dylan,Bob Dylan,72c536dc-7137-4477-a521-567eeb840fa8,Bob Dylan,72c536dc-7137-4477-a521-567eeb840fa8,
70258ff2-cb21-487e-b67f-9931592eee55,Shine,,False,,,Newsboys,Newsboys,df0a1dad-f15b-4e4c-9f47-60cfca58a255,Newsboys,df0a1dad-f15b-4e4c-9f47-60cfca58a255,
4bc08441-7010-4548-9786-da922e9dff3a,Action,279160,False,,,Alicia Keys,Alicia Keys,8ef1df30-ae4f-4dbd-9351-1a32b208a01e,Alicia Keys,8ef1df30-ae4f-4dbd-9351-1a32b208a01e,
1b9361c5-98d0-4f57-8b17-e19da3d63849,I Will Follow,,False,,,Counting Crows,Counting Crows,a0327dc2-dc76-44d5-aec6-47cd2dff1469,Counting Crows,a0327dc2-dc76-44d5-aec6-47cd2dff1469,
f7124d8b-e63f-4d0a-a2ab-0e4c50abed22,Work,282000,False,,,Alicia Keys feat. Black Thought,Alicia Keys|Black Thought,8ef1df30-ae4f-4dbd-9351-1a32b208a01e|5f39d33c-a167-4a63-9c44-71d27618b712,Alicia Keys,8ef1df30-ae4f-4dbd-9351-1a32b208a01e,
8b003d89-b98c-47d9-9f58-6d6304d43652,Rock With You,346320,False,,,Alicia Keys,Alicia Keys,8ef1df30-ae4f-4dbd-9351-1a32b208a01e,Alicia Keys,8ef1df30-ae4f-4dbd-9351-1a32b208a01e,
2488ef87-449d-42fb-8f52-4ac716f1b6e5,The Nearness of You,,False,,,Norah Jones,Norah Jones,985c709c-7771-4de3-9024-7bda29ebe3f9,Norah Jones,985c709c-7771-4de3-9024-7bda29ebe3f9,
6c95960e-ed72-4668-a9c8-88cc35ed5a23,Lil' Homies,,False,,,2Pac,2Pac,382f1005-e9ab-4684-afd4-0bdae4ee37f2,2Pac,382f1005-e9ab-4684-afd4-0bdae4ee37f2,
6500eee0-82d6-4d88-a08e-26e1c4276c61,It's Been Awhile,268493,False,,,Staind,Staind,777a21a8-0d0f-4cf3-86b4-65bc0eba5649,Staind,777a21a8-0d0f-4cf3-86b4-65bc0eba5649,
2af681ac-a643-42a5-9ac8-a49ec5edda77,Fade,243706,False,,,Staind,Staind,777a21a8-0d0f-4cf3-86b4-65bc0eba5649,Staind,777a21a8-0d0f-4cf3-86b4-65bc0eba5649,
6ed7cb7b-0ca0-4a95-8ec3-6f39ee3adfd1,Somewhere Only We Know,,False,,"live, KRCW radio",Keane,Keane,c7020c6d-cae9-4db3-92a7-e5c561cbad50,Keane,c7020c6d-cae9-4db3-92a7-e5c561cbad50,
25972bc4-cf2c-4018-9ecc-8aa6a07627ba,For You,208880,False,,,Staind,Staind,777a21a8-0d0f-4cf3-86b4-65bc0eba5649,Staind,777a21a8-0d0f-4cf3-86b4-65bc0eba5649,
083c8280-908a-4208-b374-0b6124fb5c50,My Favorite Things,,False,,,Me First and the Gimme Gimmes,Me First and the Gimme Gimmes,9478e346-7c52-4780-9555-3d1577f0b905,Me First and the Gimme Gimmes,9478e346-7c52-4780-9555-3d1577f0b905,
cdb101be-ace0-4bc1-868a-5affdc886e3c,Point Blank,,False,,live,Bruce Springsteen,Bruce Springsteen,70248960-cb53-4ea4-943a-edb18f7d336f,Bruce Springsteen,70248960-cb53-4ea4-943a-edb18f7d336f,
0ddbb5ac-5c32-48af-a002-e7bb0005d4cc,Patience,213000,False,,,Trapt,Trapt,8876c0be-ccff-4d46-aa91-7f935a3b3b6b,Trapt,8876c0be-ccff-4d46-aa91-7f935a3b3b6b,
d8a4b384-faab-433e-8cf4-0980fe91db93,Heart of Glass,,False,,,Lunachicks,Lunachicks,0639533a-0402-40ba-b6e0-18b067198b73,Lunachicks,0639533a-0402-40ba-b6e0-18b067198b73,
2dfe0a2e-b58b-43dc-8cbf-5cbea6f3b367,Oxygen,,False,,,Soul Asylum,Soul Asylum,b10db9ad-b4c3-47f3-a7a4-37864b134f65,Soul Asylum,b10db9ad-b4c3-47f3-a7a4-37864b134f65,
1c3ee501-7238-4694-9349-6d25a617ca89,wAteR,,False,,"live, 2001: Austin, TX, USA",ohGr,ohGr,bf307de0-a1c5-4cd9-b7e5-aa6d8aede3fb,ohGr,bf307de0-a1c5-4cd9-b7e5-aa6d8aede3fb,
af3ed67e-3f44-422b-ba83-10f993ee1594,miNUS,,False,,"live, 2001: Austin, TX, USA",ohGr,ohGr,bf307de0-a1c5-4cd9-b7e5-aa6d8aede3fb,ohGr,bf307de0-a1c5-4cd9-b7e5-aa6d8aede3fb,
1a237993-e385-419c-ab6b-7d702bbbd2bf,Sweet Home Alabama,,False,,,Green Day,Green Day,084308bd-1654-436f-ba03-df6697104e19,Green Day,084308bd-1654-436f-ba03-df6697104e19,
d839dd13-183b-409f-9b9d-d2c256606248,Toxic,,False,,,Tristan Prettyman,Tristan Prettyman,926059d2-20a6-4667-8a35-95622b460279,Tristan Prettyman,926059d2-20a6-4667-8a35-95622b460279,
8e7040fe-c1d1-45c8-9fcb-12db81ce227c,[intro],,False,,"live, 1993-04-12: DNA Lounge, San Francisco, CA, USA",Prince,Prince,070d193a-845c-479f-980e-bef15710653e,Prince,070d193a-845c-479f-980e-bef15710653e,
c38e2b80-fdc6-41b2-b1da-f972b1128338,Closing Time,,False,,,Hootie & the Blowfish,Hootie & the Blowfish,b3120863-d98d-4bad-a637-8abd8cde6685,Hootie & the Blowfish,b3120863-d98d-4bad-a637-8abd8cde6685,
cf169f56-2f80-45b7-9170-b18be76f1f07,Man on the Moon,470120,False,,,R.E.M.,R.E.M.,ea4dfa26-f633-4da6-a52a-f49ea4897b58,R.E.M.,ea4dfa26-f633-4da6-a52a-f49ea4897b58,
f19e62f6-fb46-4ce3-87f8-0ca6563dbd2b,Wait for You,,False,,,Mint Royale,Mint Royale,dec629c1-c5b8-4fa1-9bb2-eaf979550f41,Mint Royale,dec629c1-c5b8-4fa1-9bb2-eaf979550f41,
d4431e76-c06a-4484-8e59-755f8ef06b80,Find the Cost of Freedom,,False,,"live, 1985-07-13: Live Aid, John F. Kennedy Stadium, Philadelphia, PA, USA","Crosby, Stills, Nash & Young","Crosby, Stills, Nash & Young",46a782ea-4308-476b-abd1-a91b197f3037,"Crosby, Stills, Nash & Young",46a782ea-4308-476b-abd1-a91b197f3037,
56697991-922b-408e-8912-5ac948ee1316,A View to a Kill,,False,,"live, 1985-07-13: Live Aid, John F. Kennedy Stadium, Philadelphia, PA, USA",Duran Duran,Duran Duran,1a1cd7f3-e5df-4eca-bae2-2757c9e656b5,Duran Duran,1a1cd7f3-e5df-4eca-bae2-2757c9e656b5,
b8747ceb-69f0-4fcc-a115-1cc71d76f7cc,When You Wish Upon a Star,,False,,,Joe Pass,Joe Pass,2f43e416-f1bf-4f04-8853-a0019aa12441,Joe Pass,2f43e416-f1bf-4f04-8853-a0019aa12441,
bace5685-334a-43f7-b712-856ed61281e4,About Time,,False,,,Joe Pass,Joe Pass,2f43e416-f1bf-4f04-8853-a0019aa12441,Joe Pass,2f43e416-f1bf-4f04-8853-a0019aa12441,
d1a5474d-115e-4438-bfd4-947cd49cc3ea,Synthesize,,False,,,Datassette feat. Todd Rundgren,Datassette|Todd Rundgren,173e7721-95c5-4dd8-9a26-289c45e239f6|1a9a8ca0-ea8e-4e9e-96aa-288155bb2c5d,Datassette,173e7721-95c5-4dd8-9a26-289c45e239f6,
9262ba72-d715-4c0a-b76e-86870dd607b0,This Love,,False,,,Maroon 5,Maroon 5,0ab49580-c84f-44d4-875f-d83760ea2cfe,Maroon 5,0ab49580-c84f-44d4-875f-d83760ea2cfe,
10d88887-9456-4b80-af50-75893ae91b54,Material Girl,307000,False,,live,The Dresden Dolls,The Dresden Dolls,107c7983-0728-46ea-8550-77e698adf690,The Dresden Dolls,107c7983-0728-46ea-8550-77e698adf690,
9e325cb5-24f7-42d3-9c60-187069dcefe2,Taxi,241000,False,,,Goldie Lookin Chain,Goldie Lookin Chain,5167695e-3a2a-4311-9990-b7e2d13686a2,Goldie Lookin Chain,5167695e-3a2a-4311-9990-b7e2d13686a2,
460273f1-bb57-4d94-9761-f34b5cf14786,Woman,,False,,,Maroon 5,Maroon 5,0ab49580-c84f-44d4-875f-d83760ea2cfe,Maroon 5,0ab49580-c84f-44d4-875f-d83760ea2cfe,
be83c424-0223-41e3-bdfa-99a0c9be7051,In the Shadows,,False,,,Gregorian,Gregorian,18a0d72d-0be0-4196-a340-035163bfae1c,Gregorian,18a0d72d-0be0-4196-a340-035163bfae1c,
b0d87244-88b9-462f-9420-0f9c5f0800cc,Blue Monday,,False,,,Fats Domino,Fats Domino,e787de5d-49e2-4b1f-9bde-1fd3a671b971,Fats Domino,e787de5d-49e2-4b1f-9bde-1fd3a671b971,
2fe64d8e-79dc-4dd6-bf5a-2510354af4fc,Roto y mal parado,,False,,"live, 1985: Stud Free Pub, Buenos Aires, Argentina",Patricio Rey y sus Redonditos de Ricota,Patricio Rey y sus Redonditos de Ricota,956301d0-4b3c-4ffc-9898-b39305d25112,Patricio Rey y sus Redonditos de Ricota,956301d0-4b3c-4ffc-9898-b39305d25112,
4142d6f9-49a6-4c4d-b604-9c0ec15da13b,Preso en mi ciudad,,False,,"live, 1985: Stud Free Pub, Buenos Aires, Argentina",Patricio Rey y sus Redonditos de Ricota,Patricio Rey y sus Redonditos de Ricota,956301d0-4b3c-4ffc-9898-b39305d25112,Patricio Rey y sus Redonditos de Ricota,956301d0-4b3c-4ffc-9898-b39305d25112,
15bf1363-0f03-4595-baea-8d2ed4df3f8c,Superlógico,,False,,"live, 1985: Stud Free Pub, Buenos Aires, Argentina",Patricio Rey y sus Redonditos de Ricota,Patricio Rey y sus Redonditos de Ricota,956301d0-4b3c-4ffc-9898-b39305d25112,Patricio Rey y sus Redonditos de Ricota,956301d0-4b3c-4ffc-9898-b39305d25112,
079d4f8e-7a08-4cc2-a669-3b10b3e9f0ea,Wanted,,False,,,The Cranberries,The Cranberries,c98d40fd-f6cf-4b26-883e-eaa515ee2851,The Cranberries,c98d40fd-f6cf-4b26-883e-eaa515ee2851,
a80fd47c-3b56-4b8e-badf-7cc050bb949a,I Still Do,,False,,,The Cranberries,The Cranberries,c98d40fd-f6cf-4b26-883e-eaa515ee2851,The Cranberries,c98d40fd-f6cf-4b26-883e-eaa515ee2851,
7c32fd35-4f48-4137-be41-ab0f389b682d,Pretty,,False,,,The Cranberries,The Cranberries,c98d40fd-f6cf-4b26-883e-eaa515ee2851,The Cranberries,c98d40fd-f6cf-4b26-883e-eaa515ee2851,
fd492e2b-97e4-4571-8dad-2fc2c8ba4390,Cry for You,329000,False,,,Ashe,Ashe,6301d329-9bc9-4ff1-a24b-9dc07254b9aa,Ashe,6301d329-9bc9-4ff1-a24b-9dc07254b9aa,
ed3f24d8-f40b-4cf4-9314-7adda208f6e7,Criminal,,False,,,The Lawrence Arms,The Lawrence Arms,e7edc301-cd55-41ce-b3d8-c3f83cd90a60,The Lawrence Arms,e7edc301-cd55-41ce-b3d8-c3f83cd90a60,
53b789a5-c35b-4509-87c0-a6d2965fc475,Hollywood,,False,,,Madonna,Madonna,79239441-bfd5-4981-a70c-55c3f15c1287,Madonna,79239441-bfd5-4981-a70c-55c3f15c1287,
32c4282f-8599-4e31-8a44-ebcdb4d6e53e,The Dragon,399000,False,,,Groundation,Groundation,592b9a1b-b900-4c1a-a165-bd7e7ce87d23,Groundation,592b9a1b-b900-4c1a-a165-bd7e7ce87d23,
c1b8877f-506b-48b5-9087-8c70ec4fccdb,Elements,332000,False,,,Groundation,Groundation,592b9a1b-b900-4c1a-a165-bd7e7ce87d23,Groundation,592b9a1b-b900-4c1a-a165-bd7e7ce87d23,
e4d6214c-b221-4d09-8829-142a51050d08,Crazy,,False,,,Willie Nelson,Willie Nelson,668fd73c-bf54-4310-a139-305517f05311,Willie Nelson,668fd73c-bf54-4310-a139-305517f05311,
359ee36b-3b7b-42e3-a6e9-9e514aec36b6,In the End,,False,,"live, 1981-06-16: Anaheim, CA, USA",Rush,Rush,534ee493-bfac-4575-a44a-0ae41e2c3fe4,Rush,534ee493-bfac-4575-a44a-0ae41e2c3fe4,
24649f39-a04d-40ab-a283-ae41d6a28f97,In the Mood,,False,,"live, 1981-06-16: Anaheim, CA, USA",Rush,Rush,534ee493-bfac-4575-a44a-0ae41e2c3fe4,Rush,534ee493-bfac-4575-a44a-0ae41e2c3fe4,
aa475c24-4334-444f-8aa9-39fbbc0af137,Xanadu,,False,,"live, 1981-06-16: Anaheim, CA, USA",Rush,Rush,534ee493-bfac-4575-a44a-0ae41e2c3fe4,Rush,534ee493-bfac-4575-a44a-0ae41e2c3fe4,
702b7881-6d22-4985-add3-f9e944a686c9,Kylie,217000,False,,,Akcent,Akcent,8a9dde70-e1a5-4905-a188-56daf95ea690,Akcent,8a9dde70-e1a5-4905-a188-56daf95ea690,
937d968a-e423-4372-af67-523833bada2b,Up Around the Bend,,False,,,Creedence Clearwater Revival,Creedence Clearwater Revival,109958eb-a335-4c5e-907e-597ff4c6af46,Creedence Clearwater Revival,109958eb-a335-4c5e-907e-597ff4c6af46,
422c502c-3053-4726-a4ea-db3311686dff,Blue Monday,,False,,,Fats Domino,Fats Domino,e787de5d-49e2-4b1f-9bde-1fd3a671b971,Fats Domino,e787de5d-49e2-4b1f-9bde-1fd3a671b971,
f6a7e0a7-559c-4794-932f-c76764dfaf12,I'm in the Mood for Love,,False,,,Fats Domino,Fats Domino,e787de5d-49e2-4b1f-9bde-1fd3a671b971,Fats Domino,e787de5d-49e2-4b1f-9bde-1fd3a671b971,
f6a3c17b-211b-4115-96eb-f5af744ffbe4,Find a Way,224000,False,,,Billy Idol,Billy Idol,47c8f88b-987a-4b64-9175-2b1b57809727,Billy Idol,47c8f88b-987a-4b64-9175-2b1b57809727,
ffb97bfb-e7af-4145-9f05-b54d2ad4b2a2,All My Life,,False,,,Kenny Rogers,Kenny Rogers,c3d14b41-a48d-488f-bfed-ce0597bb0b1f,Kenny Rogers,c3d14b41-a48d-488f-bfed-ce0597bb0b1f,
256e1e04-13b9-49fc-bb5b-150db6c64646,Today I Started Loving You Again,,False,,,Kenny Rogers,Kenny Rogers,c3d14b41-a48d-488f-bfed-ce0597bb0b1f,Kenny Rogers,c3d14b41-a48d-488f-bfed-ce0597bb0b1f,
8d5ee116-cf58-4838-8696-f572a1e5a2f8,Saturday Night at the Movies,,False,,,The Drifters,The Drifters,9e2d3f58-0653-4007-bcb7-1746fcdd9363,The Drifters,9e2d3f58-0653-4007-bcb7-1746fcdd9363,
987f767a-d23f-485f-92d3-622f37e36716,Into the Void,,False,,,Soundgarden,Soundgarden,153c9281-268f-4cf3-8938-f5a4593e5df4,Soundgarden,153c9281-268f-4cf3-8938-f5a4593e5df4,
6a6b7c2f-b852-4431-8427-c3695772dd6d,Thank You,218026,False,,,China Crisis,China Crisis,8432d4a5-69c0-4a0e-8a7a-9265e863a308,China Crisis,8432d4a5-69c0-4a0e-8a7a-9265e863a308,
8ba7946a-2622-405c-8689-6e4817633a6a,"Green, Green Grass",,False,,,Sinéad O’Connor feat. Tom Jones,Sinéad O’Connor|Tom Jones,c78a77fa-507c-4c07-947a-0355029453bd|57c6f649-6cde-48a7-8114-2a200247601a,Sinéad O’Connor,c78a77fa-507c-4c07-947a-0355029453bd,
ef588c0f-7a43-480e-9444-8d49dd3143f7,Amazing Grace,185000,False,,,Sebastian Bach,Sebastian Bach,50f10489-c87e-4df3-800f-be1f8d6bda4b,Sebastian Bach,50f10489-c87e-4df3-800f-be1f8d6bda4b,
6297d82c-2b25-4146-a7af-e0bd2479f1ca,I Shot the Sheriff,557000,False,,,Bob Marley & The Wailers feat. Stevie Wonder & Wonderlove,Bob Marley & The Wailers|Stevie Wonder|Wonderlove,c296e10c-110a-4103-9e77-47bfebb7fb2e|1ee18fb3-18a6-4c7f-8ba0-bc41cdd0462e|c88c94d2-b39e-48a6-b371-8a81022b7ec6,Bob Marley & The Wailers,c296e10c-110a-4103-9e77-47bfebb7fb2e,
43ef1b6e-109a-4a3d-8c0c-8bd60430e62c,Superstition,421000,False,,,Bob Marley & The Wailers,Bob Marley & The Wailers,c296e10c-110a-4103-9e77-47bfebb7fb2e,Bob Marley & The Wailers,c296e10c-110a-4103-9e77-47bfebb7fb2e,
3943a755-3a3d-4ac1-b511-7cbd2420a748,[untitled],,False,,,Bloodhound Gang,Bloodhound Gang,b2dbfc09-b332-408b-a235-1850e41971c5,Bloodhound Gang,b2dbfc09-b332-408b-a235-1850e41971c5,
086f08fd-d394-49fc-b540-4d2915487151,Time After Time,,False,,,New Found Glory,New Found Glory,6acb932e-840d-47ac-8e0d-725ad8a6e52c,New Found Glory,6acb932e-840d-47ac-8e0d-725ad8a6e52c,
bf21a7cb-e64d-4dfa-a4a2-565b96cd15c5,More Human Than Human,,False,,,White Zombie,White Zombie,cfe572bf-840f-4bed-934a-f69f4b1e90d4,White Zombie,cfe572bf-840f-4bed-934a-f69f4b1e90d4,
f0ad4f59-dd72-45c7-b0e4-37d4f92e565a,The Last Time,,False,,,The Rolling Stones,The Rolling Stones,b071f9fa-14b0-4217-8e97-eb41da73f598,The Rolling Stones,b071f9fa-14b0-4217-8e97-eb41da73f598,
f984a4ba-70d8-4a48-b729-be0d52563504,Hurt,283000,False,,"live, 2005-09-10: ReAct Now Concert, Paramount Studios, Los Angeles, CA, USA",Nine Inch Nails,Nine Inch Nails,b7ffd2af-418f-4be2-bdd1-22f8b48613da,Nine Inch Nails,b7ffd2af-418f-4be2-bdd1-22f8b48613da,
df66bf64-fe1c-4171-aebb-303b8b43f771,Homesick,186000,False,,,The Spill Canvas,The Spill Canvas,98091205-c85e-49b0-954b-d84dab308138,The Spill Canvas,98091205-c85e-49b0-954b-d84dab308138,
c896fc3b-ca73-43c4-96a2-aa35c308ba67,Seen It All Before,,False,,live,Amos Lee,Amos Lee,332228ce-fe8c-4a5e-90e0-e1361553e5ff,Amos Lee,332228ce-fe8c-4a5e-90e0-e1361553e5ff,
1ce15c10-4249-4dae-acbd-804e1cd923d1,She,,False,,,The Monkees,The Monkees,b8549efe-f4fd-4dc0-8ef1-226e9c400233,The Monkees,b8549efe-f4fd-4dc0-8ef1-226e9c400233,
6c09bd63-04d0-4363-aa50-7a431013bc51,Dry Your Eyes,260000,False,,,The Streets feat. Chris Martin,The Streets|Chris Martin,6f607087-9c46-4bb2-a884-e4efc764554c|98d1ec5a-dd97-4c0b-9c83-7928aac89bca,The Streets,6f607087-9c46-4bb2-a884-e4efc764554c,
0ab19bab-b2e0-471b-ba7f-55652ecaaf89,Somebody to Love,,False,,,Bobby Darin,Bobby Darin,1f223eed-aa38-49da-9e76-62ab3adc2e04,Bobby Darin,1f223eed-aa38-49da-9e76-62ab3adc2e04,
3aebeaa8-417a-420b-85d1-1d83c89ba0fe,If I Were a Carpenter,,False,,,Bobby Darin,Bobby Darin,1f223eed-aa38-49da-9e76-62ab3adc2e04,Bobby Darin,1f223eed-aa38-49da-9e76-62ab3adc2e04,
ccccde43-b409-4055-a8b9-7bf88b4f6ed8,Things,,False,,,Bobby Darin,Bobby Darin,1f223eed-aa38-49da-9e76-62ab3adc2e04,Bobby Darin,1f223eed-aa38-49da-9e76-62ab3adc2e04,
8ca64baa-0958-491b-ad7f-4f856463f53a,Nature Boy,,False,,,Bobby Darin,Bobby Darin,1f223eed-aa38-49da-9e76-62ab3adc2e04,Bobby Darin,1f223eed-aa38-49da-9e76-62ab3adc2e04,
8f735e73-373d-47ee-8286-21f1e96f9188,Dream Lover,,False,,,Bobby Darin,Bobby Darin,1f223eed-aa38-49da-9e76-62ab3adc2e04,Bobby Darin,1f223eed-aa38-49da-9e76-62ab3adc2e04,
5afb8dcd-0d4c-4bea-bffc-f671ed4b7df9,I'll Be There,,False,,,Bobby Darin,Bobby Darin,1f223eed-aa38-49da-9e76-62ab3adc2e04,Bobby Darin,1f223eed-aa38-49da-9e76-62ab3adc2e04,
af34af7f-ac01-4e17-a4c6-0287d6f522f2,That's All,,False,,,Bobby Darin,Bobby Darin,1f223eed-aa38-49da-9e76-62ab3adc2e04,Bobby Darin,1f223eed-aa38-49da-9e76-62ab3adc2e04,
760d94f8-6ff0-4ee1-9e91-486aebc72b5a,True Blue,,False,,,Madonna,Madonna,79239441-bfd5-4981-a70c-55c3f15c1287,Madonna,79239441-bfd5-4981-a70c-55c3f15c1287,
190f448e-d1d8-4f27-a6c3-ab1bf97331ca,Dazed and Confused,,False,,"live, 1973-05-28: Sports Arena, San Diego, CA, USA",Led Zeppelin,Led Zeppelin,678d88b2-87b0-403b-b63d-5da7465aecc3,Led Zeppelin,678d88b2-87b0-403b-b63d-5da7465aecc3,
bf8f3ef3-eaf6-4d63-a0db-63be39e18cdc,Move On,,False,,,Plain White T’s,Plain White T’s,49576e42-fbbd-4d73-968d-93c8dcf7f065,Plain White T’s,49576e42-fbbd-4d73-968d-93c8dcf7f065,
d9a43bf6-79cf-4a2c-9635-78e5dee1ded1,Release,,False,,"live, 1992-03-02: Het Paard van Troje, Den Haag, Netherlands",Pearl Jam,Pearl Jam,83b9cbe7-9857-49e2-ab8e-b57b01038103,Pearl Jam,83b9cbe7-9857-49e2-ab8e-b57b01038103,
778018f9-5627-4f2d-9d88-b06ff56a560a,Winter,,False,,,The Servant,The Servant,30e0c009-8dbf-4cee-9e02-ccd84d1b455c,The Servant,30e0c009-8dbf-4cee-9e02-ccd84d1b455c,
c2f0456b-3d0d-4b22-9810-eaab74917086,Eden,,False,,,Sarah Brightman & Andrea Bocelli,Sarah Brightman|Andrea Bocelli,896f0194-8ab2-4278-81e0-c56a0444b569|c5a0a216-c33c-42dc-92b8-4b60236f8dad,Sarah Brightman,896f0194-8ab2-4278-81e0-c56a0444b569,
6c18b7ad-29f6-4239-8fcd-68c167638072,Changes,,False,,,2Pac,2Pac,382f1005-e9ab-4684-afd4-0bdae4ee37f2,2Pac,382f1005-e9ab-4684-afd4-0bdae4ee37f2,
1fddac95-09d8-40bd-8952-802724a60d54,Será,264426,False,,,Legião Urbana,Legião Urbana,47685be0-926f-4be9-b1ae-e32da47a3b99,Legião Urbana,47685be0-926f-4be9-b1ae-e32da47a3b99,
f8ad296e-5e9e-4f40-bbb4-4e0a29793092,Black Star,,False,,"live, 2004-09-24: Fine Line Music Cafe, Minneapolis, MN, USA",Gillian Welch,Gillian Welch,2ff49515-1701-4bac-a53a-04345893f3f3,Gillian Welch,2ff49515-1701-4bac-a53a-04345893f3f3,
e5051994-f5b2-4c84-8ab9-941e8ccad297,Everything's Okay,,False,,,Elliott Smith,Elliott Smith,03ad1736-b7c9-412a-b442-82536d63a5c4,Elliott Smith,03ad1736-b7c9-412a-b442-82536d63a5c4,
9ecccc75-2985-4086-a3dd-be7c4f97e883,Hallelujah,302000,False,,,Arooj Aftab,Arooj Aftab,12d0b276-b102-4779-ac35-6939c584d9da,Arooj Aftab,12d0b276-b102-4779-ac35-6939c584d9da,
1a2550c4-3940-4c78-98de-41d6eb4d5935,Anarchy in the UK,,False,,"live, 1987-09-19: Berkeley, CA, USA",New Order,New Order,f1106b17-dcbb-45f6-b938-199ccfab50cc,New Order,f1106b17-dcbb-45f6-b938-199ccfab50cc,
32c2bb49-c4e4-4129-86ad-776cd83fc578,Over the Rainbow,,False,,,Judy Garland and Liza Minnelli,Judy Garland|Liza Minnelli,b9348d59-b91b-423f-847b-8db155a0653b|34cdf83c-0ba8-4411-814f-c3ef44588521,Judy Garland,b9348d59-b91b-423f-847b-8db155a0653b,
853c63a2-97e3-4d23-a1f9-cbd87bc633dd,The River,,False,,,James Taylor,James Taylor,107d0c22-d051-4d98-8206-4e14de02132a,James Taylor,107d0c22-d051-4d98-8206-4e14de02132a,
0e880464-58ed-4b02-b59c-35464f3b2188,Over the Rainbow,,False,,"live, 1958-08-05: Cocoanut Grove, Los Angeles, CA, USA",Judy Garland,Judy Garland,b9348d59-b91b-423f-847b-8db155a0653b,Judy Garland,b9348d59-b91b-423f-847b-8db155a0653b,
2ff449df-7983-434b-ae79-2b2dede48230,Love Minus Zero/No Limit,259453,False,,,Bob Dylan,Bob Dylan,72c536dc-7137-4477-a521-567eeb840fa8,Bob Dylan,72c536dc-7137-4477-a521-567eeb840fa8,
faac3b10-dbb8-49d2-bfe5-3c503ee95d35,Stay on These Roads,,False,,,a‐ha,a‐ha,7364dea6-ca9a-48e3-be01-b44ad0d19897,a‐ha,7364dea6-ca9a-48e3-be01-b44ad0d19897,
978b6fe5-da4e-4298-9915-d9453a5b7690,Mr. Tambourine Man,284746,False,,,Bob Dylan,Bob Dylan,72c536dc-7137-4477-a521-567eeb840fa8,Bob Dylan,72c536dc-7137-4477-a521-567eeb840fa8,
15c9697e-0250-4bda-8017-a29962c70d71,Blowin' in the Wind,246826,False,,,Bob Dylan,Bob Dylan,72c536dc-7137-4477-a521-567eeb840fa8,Bob Dylan,72c536dc-7137-4477-a521-567eeb840fa8,
846005e9-4626-48fd-bb50-62775440e904,Darling,207000,False,,,Richard Hawley,Richard Hawley,006f0783-c5a0-458b-a9da-f8551f7ebe77,Richard Hawley,006f0783-c5a0-458b-a9da-f8551f7ebe77,
2dd37b45-ba1d-4843-926d-dacb3f82c2fc,The Gift,,False,,,INXS,INXS,481bf5f9-2e7c-4c44-b08a-05b32bc7c00d,INXS,481bf5f9-2e7c-4c44-b08a-05b32bc7c00d,
d97b857a-d92b-4671-9d99-1713047cd8b5,Who Do You Love,,False,,,George Thorogood & the Destroyers,George Thorogood & the Destroyers,bc01f01c-a401-40d8-9472-b377ac33af05,George Thorogood & the Destroyers,bc01f01c-a401-40d8-9472-b377ac33af05,
684155cf-dd30-4c17-a449-bcf9be1ef5c0,Sultans of Swing,,False,,,Dire Straits,Dire Straits,614e3804-7d34-41ba-857f-811bad7c2b7a,Dire Straits,614e3804-7d34-41ba-857f-811bad7c2b7a,
e81124dc-37d4-4c7f-9f3f-2d623d9f4aed,We Will Rock You,,False,,,Queen,Queen,0383dadf-2a4e-4d10-a46a-e9e041da8eb3,Queen,0383dadf-2a4e-4d10-a46a-e9e041da8eb3,
9dbdacce-d875-445c-8512-28c4824db4fe,We Are the Champions,,False,,,Queen,Queen,0383dadf-2a4e-4d10-a46a-e9e041da8eb3,Queen,0383dadf-2a4e-4d10-a46a-e9e041da8eb3,
1b9b216a-35ff-43fb-973e-b34ddac9f0d7,Good Vibrations,,False,,,The Beach Boys,The Beach Boys,ebfc1398-8d96-47e3-82c3-f782abcdb13d,The Beach Boys,ebfc1398-8d96-47e3-82c3-f782abcdb13d,
820d3b5b-6cea-491d-9721-811e2dc9c407,Bohemian Rhapsody,,False,,live,Queen,Queen,0383dadf-2a4e-4d10-a46a-e9e041da8eb3,Queen,0383dadf-2a4e-4d10-a46a-e9e041da8eb3,
75da82cf-ec31-45bc-93be-fa0b4df9273f,Destruction,251000,False,,,Deathstars,Deathstars,1c90eb11-0531-402c-87dc-d578e36ec23c,Deathstars,1c90eb11-0531-402c-87dc-d578e36ec23c,
a06d3bfc-0653-412f-81a6-2eea0a9c2df6,Hey Joe,,False,,,Jimi Hendrix,Jimi Hendrix,06fb1c8b-566e-4cb2-985b-b467c90781d4,Jimi Hendrix,06fb1c8b-566e-4cb2-985b-b467c90781d4,
790bda2f-f9a9-4169-8145-71bd3429421d,Lovefool,191000,False,,,twocolors,twocolors,69f3c930-4e8b-4798-9b36-08bd8ffa930c,twocolors,69f3c930-4e8b-4798-9b36-08bd8ffa930c,
5ba0cdc1-c394-4f25-ae8b-5aae3570f2f7,Drift Away,233866,False,,,Bob Seger,Bob Seger,4382b934-64c3-47ac-98db-65f26d845c48,Bob Seger,4382b934-64c3-47ac-98db-65f26d845c48,
2e8fcf9f-702a-4fa3-b103-f8ca14020bac,Breathe (live),187000,False,,,Collective Soul,Collective Soul,aa266ac7-d919-4132-982e-76cbd95591a7,Collective Soul,aa266ac7-d919-4132-982e-76cbd95591a7,
17064bbb-8632-4aec-b3a3-bbba5a1880b8,Break On Through (to the Other Side),428000,False,,,BT & The Doors,BT|The Doors,88e2147d-0332-46f6-85b2-b5f463ba957b|9efff43b-3b29-4082-824e-bc82f646f93d,BT,88e2147d-0332-46f6-85b2-b5f463ba957b,
04d0ea72-82cb-4ab5-bd8e-115b591a473b,Soul Kitchen,436000,False,,,The Doors,The Doors,9efff43b-3b29-4082-824e-bc82f646f93d,The Doors,9efff43b-3b29-4082-824e-bc82f646f93d,
a1be8528-8613-4373-865c-b8ebe9efbbdd,Amazing Grace,126933,False,,,Johnny Cash,Johnny Cash,d43d12a1-2dc9-4257-a2fd-0a3bb1081b86,Johnny Cash,d43d12a1-2dc9-4257-a2fd-0a3bb1081b86,
7fae66ab-7d8b-46b3-be2e-e4436890abaa,The Cross,593933,False,,,Porcupine Tree,Porcupine Tree,169c4c28-858e-497b-81a4-8bc15e0026ea,Porcupine Tree,169c4c28-858e-497b-81a4-8bc15e0026ea,
c3114427-e5d2-47c3-be14-0e5dc4ddc45e,What’s My Age Again?,,False,,part of the 'Hot & Fresh Pizza Pizza Mega mix',blink‐182,blink‐182,0743b15a-3c32-48c8-ad58-cb325350befa,blink‐182,0743b15a-3c32-48c8-ad58-cb325350befa,
02f13cec-8ff7-4bf1-aaf8-372139a21fa6,I Am Free,,False,,,Newsboys,Newsboys,df0a1dad-f15b-4e4c-9f47-60cfca58a255,Newsboys,df0a1dad-f15b-4e4c-9f47-60cfca58a255,
a4ca1de2-f02c-4c87-9b59-b941a3ae2a87,Pegao,,False,,,Tommy Emmanuel,Tommy Emmanuel,50c629c6-6f22-4bf9-a3c2-f2855e6704be,Tommy Emmanuel,50c629c6-6f22-4bf9-a3c2-f2855e6704be,
9736cf93-2a8e-4c8b-a92d-56607b31aa09,Summer of ’69,,False,,,Bryan Adams,Bryan Adams,4dbf5678-7a31-406a-abbe-232f8ac2cd63,Bryan Adams,4dbf5678-7a31-406a-abbe-232f8ac2cd63,
3044e14d-5138-4114-b886-e543f6e5c7e8,"Help Me, Rhonda",,False,,,The Beach Boys,The Beach Boys,ebfc1398-8d96-47e3-82c3-f782abcdb13d,The Beach Boys,ebfc1398-8d96-47e3-82c3-f782abcdb13d,
0e3bf404-8f50-4e51-a599-794544ac6afd,Zombie,,False,,,Los Prisioneros,Los Prisioneros,a1d044b9-76c9-46d7-a5a6-0f52421e1ed7,Los Prisioneros,a1d044b9-76c9-46d7-a5a6-0f52421e1ed7,CLBB29600099
da931e7f-3292-498c-a297-8c314dce95fd,Baba O'Riley,,False,,,The Who,The Who,9fdaa16b-a6c4-4831-b87c-bc9ca8ce7eaa,The Who,9fdaa16b-a6c4-4831-b87c-bc9ca8ce7eaa,
ea690b55-90ff-4b33-8ba7-8a99747b5dd4,The Way It Is,,False,,,Powerman 5000,Powerman 5000,0a41f86c-ced1-44e0-95a2-5c8b2368ab1d,Powerman 5000,0a41f86c-ced1-44e0-95a2-5c8b2368ab1d,
55659cdf-514a-47cd-9c68-5975da02bd86,Crazy,255000,False,,,Ray LaMontagne,Ray LaMontagne,b5c4ffa2-82e1-4b72-b7f3-c60afb74b860,Ray LaMontagne,b5c4ffa2-82e1-4b72-b7f3-c60afb74b860,
a37c13aa-2d34-49bb-b1bd-0566c45dc1ed,Crazy,204000,False,,"live, 2006-05-31, BBC Radio 1",Nelly Furtado,Nelly Furtado,13655113-cd16-4b43-9dca-cadbbf26ee05,Nelly Furtado,13655113-cd16-4b43-9dca-cadbbf26ee05,
c50f3e43-905c-4af7-8580-b9aa1a31da7e,Tongue,,False,,,R.E.M.,R.E.M.,ea4dfa26-f633-4da6-a52a-f49ea4897b58,R.E.M.,ea4dfa26-f633-4da6-a52a-f49ea4897b58,
8cd15356-261b-4047-9966-a3f5697beac8,Whole Lotta Love,166000,False,,"live, 1997-03-29: Recovery",Silverchair,Silverchair,b0799818-22cb-4564-8e68-3c410d0722ee,Silverchair,b0799818-22cb-4564-8e68-3c410d0722ee,
73065758-3747-4d1b-bb6b-04e70eae3d5f,Rej,387000,False,,,Âme,Âme,3bbdd45f-5654-47f3-b6c0-d806752b9fcf,Âme,3bbdd45f-5654-47f3-b6c0-d806752b9fcf,
d6b111e6-fe79-47e9-bc0d-8659dc0f384a,Say My Name,161000,False,,,Sick Puppies,Sick Puppies,86f78011-5087-48d2-8922-c381d2eb0c40,Sick Puppies,86f78011-5087-48d2-8922-c381d2eb0c40,
f5313398-937f-40bb-bf78-24eb45e0bb61,"Mas, Que Nada",179506,False,,,Jorge Ben Jor,Jorge Ben Jor,19499124-36d4-4ccc-b28d-04dde3d2076f,Jorge Ben Jor,19499124-36d4-4ccc-b28d-04dde3d2076f,
09375e49-f37d-4de8-99ea-b1ba06af8ab1,What a Wonderful World,190000,False,,,"Olivia Newton‐John feat. Bette Midler, Goldie Hawn, Cher, Meryl Streep & Lily Tomlin",Olivia Newton‐John|Bette Midler|Goldie Hawn|Cher|Meryl Streep|Lily Tomlin,10ccb5d8-f9d5-4954-9441-3419b522a214|ed333e8b-d18a-49fc-b361-4ec9731dfdba|feff0ea8-2ccb-4971-9833-39a9427e60d4|bfcc6d75-a6a5-4bc6-8282-47aec8531818|eb8b0a8a-dc7d-480c-b83a-70a069150d05|9f3abc35-a308-430d-833a-cb793eeec95e,Olivia Newton‐John,10ccb5d8-f9d5-4954-9441-3419b522a214,
2b69ad32-38ce-4413-a6d3-1a54244fcc87,You'll Never Walk Alone,187000,False,,,Charlotte Church,Charlotte Church,ef59e206-221b-4bfd-97ab-49280137c479,Charlotte Church,ef59e206-221b-4bfd-97ab-49280137c479,
c2090a65-d4e0-4031-b1bd-2f9b40414893,Protection,,False,,,Massive Attack,Massive Attack,10adbe5e-a2c0-4bf3-8249-2b4cbf6e6ca8,Massive Attack,10adbe5e-a2c0-4bf3-8249-2b4cbf6e6ca8,
f70f30c5-48ce-49c1-ba26-3bc7c80de507,Teardrop,,False,,,Massive Attack,Massive Attack,10adbe5e-a2c0-4bf3-8249-2b4cbf6e6ca8,Massive Attack,10adbe5e-a2c0-4bf3-8249-2b4cbf6e6ca8,
2f5ee0bc-99d7-4570-9078-274322a68758,Sweet Home Alabama,69000,False,,,Foo Fighters,Foo Fighters,67f66c07-6e61-4026-ade5-7e782fad3a5d,Foo Fighters,67f66c07-6e61-4026-ade5-7e782fad3a5d,
2a1b89d3-c7fd-4185-b137-5e6403745d6b,"Shake, Rattle and Roll",,False,,,Buddy Holly,Buddy Holly,d352f5dd-3023-4565-a7bb-52396bf8821d,Buddy Holly,d352f5dd-3023-4565-a7bb-52396bf8821d,
0a173350-9399-4cff-a130-21004c2c8147,Blue Monday,,False,,,Buddy Holly,Buddy Holly,d352f5dd-3023-4565-a7bb-52396bf8821d,Buddy Holly,d352f5dd-3023-4565-a7bb-52396bf8821d,
1c6d1477-ca8c-4fbb-8e3b-b8248e7af51c,"Shake, Rattle and Roll",,False,,,Buddy Holly,Buddy Holly,d352f5dd-3023-4565-a7bb-52396bf8821d,Buddy Holly,d352f5dd-3023-4565-a7bb-52396bf8821d,
df75cae5-71bd-456e-901c-089aa228b54f,Frosty the Snowman,,False,,,Afroman,Afroman,8c332797-2784-45a7-9b5c-3b86f07a03de,Afroman,8c332797-2784-45a7-9b5c-3b86f07a03de,
a759e6e1-2c6d-42b9-af65-9fbbec8d2be3,Pétala,,False,,,Djavan,Djavan,751e517d-9663-4692-8c20-942e16d484c5,Djavan,751e517d-9663-4692-8c20-942e16d484c5,
05179e9e-4ed0-4bda-9221-7668a33ad5b0,Pull Me In,181000,False,,,The Kooks,The Kooks,f82f3a3e-29c2-42ca-b589-bc5dc210fa9e,The Kooks,f82f3a3e-29c2-42ca-b589-bc5dc210fa9e,
e571fa13-4fa9-4fab-a4d1-858f7f6de262,4 AM,257000,False,,,Kaskade,Kaskade,29ed4a49-fb99-4a5c-8713-609cabe6f34a,Kaskade,29ed4a49-fb99-4a5c-8713-609cabe6f34a,
dd52a497-2a4b-4d1c-b6d7-db58cd532e85,Save the Last Dance for Me,,False,,,Jerry Lee Lewis,Jerry Lee Lewis,b59ac58d-036e-4bba-8112-c32a34c4575b,Jerry Lee Lewis,b59ac58d-036e-4bba-8112-c32a34c4575b,
89655e00-b672-4728-a6a1-c44d3c14f5da,Little Queenie,,False,,,Jerry Lee Lewis,Jerry Lee Lewis,b59ac58d-036e-4bba-8112-c32a34c4575b,Jerry Lee Lewis,b59ac58d-036e-4bba-8112-c32a34c4575b,
2e2b4aa9-313f-45f8-bde0-b910b00172ee,下一站天后,,False,,,Twins,Twins,f2069b88-c0c1-46e0-8ed4-3e7677f077a4,Twins,f2069b88-c0c1-46e0-8ed4-3e7677f077a4,
31910038-ca35-4ccb-a654-442598b3bf1f,Turn,,False,,,Travis,Travis,22a40b75-affc-4e69-8884-266d087e4751,Travis,22a40b75-affc-4e69-8884-266d087e4751,
da6445fe-e17d-4e7e-a9c6-3ae16d9b8887,Josephine,,False,,,Chris Rea,Chris Rea,c707b37e-cb5c-4694-be4d-46beefcb2475,Chris Rea,c707b37e-cb5c-4694-be4d-46beefcb2475,
ec7652eb-3ae5-463f-bcfd-dfcfa72fb103,Where Is My Mind,173000,False,,,Zombina and the Skeletones,Zombina and the Skeletones,c9458568-f6e1-47a5-9477-2d58e3e18edb,Zombina and the Skeletones,c9458568-f6e1-47a5-9477-2d58e3e18edb,
8a8f5d28-25cb-4856-9ace-d612f57bc93a,I See a Darkness,377000,False,,,Acid Pauli feat. Johnny Cash,Acid Pauli|Johnny Cash,dcdde0fc-04f9-4f1d-a3c8-759e3738784a|d43d12a1-2dc9-4257-a2fd-0a3bb1081b86,Acid Pauli,dcdde0fc-04f9-4f1d-a3c8-759e3738784a,
48894897-b2e7-4825-88da-88d0bb1944ab,Misery,,False,,,The Beatles,The Beatles,b10bbbfc-cf9e-42e0-be17-e2c3e1d2600d,The Beatles,b10bbbfc-cf9e-42e0-be17-e2c3e1d2600d,
72d53158-85d6-456c-a85e-6c2b0bd7853d,Sheriff,,False,,,Patricio Rey y sus Redonditos de Ricota,Patricio Rey y sus Redonditos de Ricota,956301d0-4b3c-4ffc-9898-b39305d25112,Patricio Rey y sus Redonditos de Ricota,956301d0-4b3c-4ffc-9898-b39305d25112,
b086d2f6-30e2-442f-9480-bb4e9211ed50,Murga purga,,False,,,Patricio Rey y sus Redonditos de Ricota,Patricio Rey y sus Redonditos de Ricota,956301d0-4b3c-4ffc-9898-b39305d25112,Patricio Rey y sus Redonditos de Ricota,956301d0-4b3c-4ffc-9898-b39305d25112,
b3ac029a-5c4d-4c44-9514-754da2a6abd9,Dr. Saturno,,False,,,Patricio Rey y sus Redonditos de Ricota,Patricio Rey y sus Redonditos de Ricota,956301d0-4b3c-4ffc-9898-b39305d25112,Patricio Rey y sus Redonditos de Ricota,956301d0-4b3c-4ffc-9898-b39305d25112,
0a9ef669-f902-4316-a051-3cd9d450ddaa,Preso en mi ciudad,,False,,,Patricio Rey y sus Redonditos de Ricota,Patricio Rey y sus Redonditos de Ricota,956301d0-4b3c-4ffc-9898-b39305d25112,Patricio Rey y sus Redonditos de Ricota,956301d0-4b3c-4ffc-9898-b39305d25112,
7b6debba-a2a1-4d9b-ad10-04c2a1f93639,Unos pocos peligros sensatos,,False,,"live, 1986-10: Paladium, Buenos Aires, Argentina",Patricio Rey y sus Redonditos de Ricota,Patricio Rey y sus Redonditos de Ricota,956301d0-4b3c-4ffc-9898-b39305d25112,Patricio Rey y sus Redonditos de Ricota,956301d0-4b3c-4ffc-9898-b39305d25112,
a706352e-6350-42bc-8c53-0f7e365f6b62,The Gift,,False,,part of “2005-12-01: A State of Trance 225” DJ-mix,Eric Prydz,Eric Prydz,35dac7d2-0b1f-470f-9a5a-c53c8821f6d6,Eric Prydz,35dac7d2-0b1f-470f-9a5a-c53c8821f6d6,
78f19839-6b4a-4f27-a6cb-09e55e2db34e,Crush,,False,,"part of “2005-06-09: A State of Trance #200, “Part 1: Megamix of Most Requested Tunes by Listeners”” DJ-mix",Paul van Dyk feat. Second Sun,Paul van Dyk|Second Sun,092ca127-2e07-4cbd-9cba-e412b4ddddd9|4f1ec5e3-cfc7-43fb-a0bd-9cc3e2850a6d,Paul van Dyk,092ca127-2e07-4cbd-9cba-e412b4ddddd9,
a742c416-2441-49c1-b2a0-073d89049c30,You Win Again,,False,,,Mike Ness,Mike Ness,45d7e6e8-c5bf-4c59-a79e-c7bb2e9b2cc9,Mike Ness,45d7e6e8-c5bf-4c59-a79e-c7bb2e9b2cc9,
3e18b2fd-ac1a-4e8d-99fe-c22d27faca70,Circle,,False,,,Boards of Canada,Boards of Canada,69158f97-4c07-4c4e-baf8-4e4ab1ed666e,Boards of Canada,69158f97-4c07-4c4e-baf8-4e4ab1ed666e,
a817766e-2852-48a9-aa13-e208aebae8d5,I Want You,188000,False,,,Bob Dylan,Bob Dylan,72c536dc-7137-4477-a521-567eeb840fa8,Bob Dylan,72c536dc-7137-4477-a521-567eeb840fa8,
0837fd8c-cf27-468c-8386-24ecff2e3069,Labyrinth,197000,False,,,Enter Shikari,Enter Shikari,329f95db-f02e-40bf-a5f7-0dea11529ce3,Enter Shikari,329f95db-f02e-40bf-a5f7-0dea11529ce3,
60180dee-9ced-47e5-b0bb-495e9f9cd7f5,Injection,324000,False,,,Airbase,Airbase,d857e4eb-0ef6-49da-83ef-9de68e24e18c,Airbase,d857e4eb-0ef6-49da-83ef-9de68e24e18c,
305549e9-441d-4c7d-9e11-7b5e425c7dfd,What Have I Done to Deserve This,241000,False,,,Death Cab for Cutie,Death Cab for Cutie,0039c7ae-e1a7-4a7d-9b49-0cbc716821a6,Death Cab for Cutie,0039c7ae-e1a7-4a7d-9b49-0cbc716821a6,
80a1e713-ca8f-4e8c-818b-4e69cf3646b9,Exhale,390000,False,,,DJ Fresh,DJ Fresh,77049387-0580-4a3a-a05f-d12b5d6b5042,DJ Fresh,77049387-0580-4a3a-a05f-d12b5d6b5042,
525a33ac-2cf5-4e28-b3cc-29936032951c,Sleep,252000,False,,"live, 1999-03-12: Tulsa, OK, USA",Stabbing Westward,Stabbing Westward,6f29020d-49c1-4e26-869a-0603d14b7ca7,Stabbing Westward,6f29020d-49c1-4e26-869a-0603d14b7ca7,
44bf1f2c-01dd-4961-8ed1-39cfc9e2b871,Call Me,,False,,,Spagna,Ivana Spagna,b0d037e8-00c8-4e37-aeec-58422ed345aa,Ivana Spagna,b0d037e8-00c8-4e37-aeec-58422ed345aa,
e8a8513f-083b-4901-8708-4bc238df5f2c,Dreamer,,False,,,Livin’ Joy,Livin’ Joy,3016b5eb-866d-4051-a7fb-d9175853049b,Livin’ Joy,3016b5eb-866d-4051-a7fb-d9175853049b,
c0d093ff-12ca-4dc8-8cbe-db49e3f1430d,Obsession,,False,,,Animotion,Animotion,80f0eccf-a8c4-4de7-bdab-1606777e223b,Animotion,80f0eccf-a8c4-4de7-bdab-1606777e223b,
dc0a7aeb-5180-442b-895f-2f6578dbb4dc,Informer,,False,,,Snow,Snow,70cb4669-ad7a-4d5c-b99e-7582df393cc7,Snow,70cb4669-ad7a-4d5c-b99e-7582df393cc7,
8ece410b-94b0-4b90-901f-f7fac44434d6,Tarzan Boy,,False,,,Baltimora,Baltimora,15b4aace-6126-402a-96f8-131a943ce20e,Baltimora,15b4aace-6126-402a-96f8-131a943ce20e,
cc9be7a9-0f82-4986-8072-d198575994e7,Hello,130000,False,,,Blind Melon,Blind Melon,38c5cdab-5d6d-43d1-85b0-dac41bde186e,Blind Melon,38c5cdab-5d6d-43d1-85b0-dac41bde186e,
ba484d40-4ab3-4071-9b07-7b5da1b99ab2,Press,,False,,,Boards of Canada,Boards of Canada,69158f97-4c07-4c4e-baf8-4e4ab1ed666e,Boards of Canada,69158f97-4c07-4c4e-baf8-4e4ab1ed666e,
d03e6c56-4d99-4527-bd6c-91afa45f2130,Smells Like Teen Spirit,,False,,"live, 1991-11-08: The Word, Channel 4 Studios, London, UK",Nirvana,Nirvana,5b11f4ce-a62d-471e-81fc-a69a8278c7da,Nirvana,5b11f4ce-a62d-471e-81fc-a69a8278c7da,
721d7971-0ce7-45a1-8d58-610d9ccd3795,Destination Unknown,,False,,,Green Velvet,Green Velvet,e425b041-c28a-4ae8-9d5c-997890433cd4,Green Velvet,e425b041-c28a-4ae8-9d5c-997890433cd4,
39ab30d8-a88b-4652-9a2f-923fd3cbe75e,I'm A Man,,False,,,Chicago,Chicago,3f5be744-e867-42fb-8913-5fd69e4099b5,Chicago,3f5be744-e867-42fb-8913-5fd69e4099b5,
ea21f6f8-2d1a-497d-bcb9-fb892557d379,Head Over Heels,255000,True,,,Tears for Fears,Tears for Fears,7c7f9c94-dee8-4903-892b-6cf44652e2de,Tears for Fears,7c7f9c94-dee8-4903-892b-6cf44652e2de,
786ef2ea-5b26-4f23-8baf-c390aa9ee453,Winter,,False,,,Joshua Radin,Joshua Radin,24762087-34ce-4f65-b743-7d8402cf30dd,Joshua Radin,24762087-34ce-4f65-b743-7d8402cf30dd,
042db975-cf4c-4cf9-97b8-891c243f2dff,If Only,113000,False,,,Blaqk Audio,Blaqk Audio,f94bf2b7-6f66-447a-9929-ac9f3c5452fc,Blaqk Audio,f94bf2b7-6f66-447a-9929-ac9f3c5452fc,
11db4594-646c-4823-bee9-80ea8e418300,Turn! Turn! Turn! (To Everything There Is a Season),,False,,,The Byrds,The Byrds,2819834e-4e08-47b0-a2c4-b7672318e8f0,The Byrds,2819834e-4e08-47b0-a2c4-b7672318e8f0,
8d3b432d-41dd-49ef-ad06-ffd56980e269,Drain You,290000,False,,"live, 2004-09-11: Santa Ana, CA, USA",Seether,Seether,fbcd7b29-455f-49e6-9c4f-8249d20a055e,Seether,fbcd7b29-455f-49e6-9c4f-8249d20a055e,
f0bcaa13-81f0-4440-a2ba-43f5657c2355,Alter Ego,443000,False,,,Raiden,Raiden,09211398-3429-4570-8016-932b6842a105,Raiden,09211398-3429-4570-8016-932b6842a105,
1047e304-f7fc-4c32-9f2f-e6a5860731ca,Be My Lover,,False,,,La Bouche,La Bouche,b79a3909-7611-4b89-ab5a-5609c4aaacae,La Bouche,b79a3909-7611-4b89-ab5a-5609c4aaacae,
cf6b8757-1ac2-4c24-b907-9dc2f40f6082,Dream,354000,False,,,Groundation,Groundation,592b9a1b-b900-4c1a-a165-bd7e7ce87d23,Groundation,592b9a1b-b900-4c1a-a165-bd7e7ce87d23,
9f66f86e-7871-42f8-809c-494d67eb0eda,Congress Man,453000,False,,,Groundation,Groundation,592b9a1b-b900-4c1a-a165-bd7e7ce87d23,Groundation,592b9a1b-b900-4c1a-a165-bd7e7ce87d23,
20824715-da01-41ae-adc2-c8e0a8db134e,Get Up Stand Up,265000,False,,,Groundation,Groundation,592b9a1b-b900-4c1a-a165-bd7e7ce87d23,Groundation,592b9a1b-b900-4c1a-a165-bd7e7ce87d23,
5b84275c-3ee1-41e0-bcce-0f67d3af87ee,Hate,198000,False,,,The Dresden Dolls,The Dresden Dolls,107c7983-0728-46ea-8550-77e698adf690,The Dresden Dolls,107c7983-0728-46ea-8550-77e698adf690,
76a98e8d-46e1-43e3-993b-4ffb84a98a7d,Heartbreaker,379760,False,,,Led Zeppelin,Led Zeppelin,678d88b2-87b0-403b-b63d-5da7465aecc3,Led Zeppelin,678d88b2-87b0-403b-b63d-5da7465aecc3,
940bd09e-a8cd-489c-8fd8-a3b5a456fd8c,Dazed and Confused,1758426,False,,,Led Zeppelin,Led Zeppelin,678d88b2-87b0-403b-b63d-5da7465aecc3,Led Zeppelin,678d88b2-87b0-403b-b63d-5da7465aecc3,
7e31aef7-995b-4628-9895-c99d77ff56e9,Rock and Roll,236346,False,,,Led Zeppelin,Led Zeppelin,678d88b2-87b0-403b-b63d-5da7465aecc3,Led Zeppelin,678d88b2-87b0-403b-b63d-5da7465aecc3,
669accf3-7fc8-4e1c-9190-4595c9c3918b,Over the Hills and Far Away,371080,False,,,Led Zeppelin,Led Zeppelin,678d88b2-87b0-403b-b63d-5da7465aecc3,Led Zeppelin,678d88b2-87b0-403b-b63d-5da7465aecc3,
a6c3bd64-b2c1-441e-8ac6-1ee19245f0de,Smells Like Teen Spirit,194000,False,,"live, 2007-06-04: Marimekko Fashion Show, Helsinki, Finland",Tarja,Tarja,1fd8c24b-eaf3-4ee2-9931-b8130099d789,Tarja,1fd8c24b-eaf3-4ee2-9931-b8130099d789,
a96c33ba-14e1-4f0d-b57a-d7d1759d8e21,Here Comes the Sun,,False,,live; 2001 VH1 Music Awards,Jon Bon Jovi & Richie Sambora,Jon Bon Jovi|Richie Sambora,5ace9b0c-cc21-4d8f-8e08-a70234439f2a|3ae4a23a-80a2-408f-9079-d6571c2525ae,Jon Bon Jovi,5ace9b0c-cc21-4d8f-8e08-a70234439f2a,
cd79e146-95d7-4a09-891f-6ac646ba871a,I Know,,False,,,Elvis Costello,Elvis Costello,8a338e06-d182-46f2-bd16-30a09bc840ba,Elvis Costello,8a338e06-d182-46f2-bd16-30a09bc840ba,
4dd60554-190c-425d-8fbd-ef20d8045fdc,Deceiver,,False,,,Judas Priest,Judas Priest,6b335658-22c8-485d-93de-0bc29a1d0349,Judas Priest,6b335658-22c8-485d-93de-0bc29a1d0349,
b9e0d80c-d10d-4741-9e39-0b5f11297492,Bulls on Parade,,False,,,Rage Against the Machine,Rage Against the Machine,3798b104-01cb-484c-a3b0-56adc6399b80,Rage Against the Machine,3798b104-01cb-484c-a3b0-56adc6399b80,
3d470c5c-eb50-4e93-9998-40fabf703a43,Neden,,False,,,Nazan Öncel,Nazan Öncel,244186bf-0cc8-40d9-a671-c39df90b9efd,Nazan Öncel,244186bf-0cc8-40d9-a671-c39df90b9efd,
4ac70162-cf0c-4596-b976-10f545444441,Not Good Enough for Truth in Cliche,221000,False,,,Escape the Fate,Escape the Fate,b9ca7096-68de-455f-8a36-1f1ebb2abf2a,Escape the Fate,b9ca7096-68de-455f-8a36-1f1ebb2abf2a,
0573ed57-0d55-4b97-965d-cc4ce052d9df,No Money No Honey,251000,False,,,Marcy Playground,Marcy Playground,64cdc08f-ba6f-41fe-94be-452dc6d5108e,Marcy Playground,64cdc08f-ba6f-41fe-94be-452dc6d5108e,
f9e93bea-1549-42d6-82ea-7af5ddba09a2,Finished Symphony (deadmau5 remix),,False,,,Hybrid,Hybrid,9f2524e1-cda1-4304-941e-ebb448d32a16,Hybrid,9f2524e1-cda1-4304-941e-ebb448d32a16,
7b160379-3993-44d3-87b8-51dccd5127ac,Feelin' Alright,,False,,,Joe Cocker,Joe Cocker,32f2d6bd-c22b-42cf-a7bc-0c4b48cd2bcb,Joe Cocker,32f2d6bd-c22b-42cf-a7bc-0c4b48cd2bcb,
8f540449-337b-4e4f-ab72-acbf4b1a7c85,No Woman No Cry,243333,False,,,Bob Marley & The Wailers,Bob Marley & The Wailers,c296e10c-110a-4103-9e77-47bfebb7fb2e,Bob Marley & The Wailers,c296e10c-110a-4103-9e77-47bfebb7fb2e,
4a32ebcc-7aae-4638-afda-bee21cfcb569,She's the One,,False,,,World Party,World Party,f7691e08-2824-4e40-b126-4e4a20675036,World Party,f7691e08-2824-4e40-b126-4e4a20675036,
e9e302bf-2da6-4beb-ac58-f6c99e0c951f,Landslide,465000,False,,,Fluke,Fluke,3c3d3ad8-3935-4c00-affb-768563916f36,Fluke,3c3d3ad8-3935-4c00-affb-768563916f36,
449e21e1-0ad8-4a35-9d16-43618366badf,Mr. Self Destruct,,True,,live,Nine Inch Nails,Nine Inch Nails,b7ffd2af-418f-4be2-bdd1-22f8b48613da,Nine Inch Nails,b7ffd2af-418f-4be2-bdd1-22f8b48613da,
11c873c9-dc11-41f8-b8d7-aa183cf4cea8,Cocaine,,False,,,The Rolling Stones,The Rolling Stones,b071f9fa-14b0-4217-8e97-eb41da73f598,The Rolling Stones,b071f9fa-14b0-4217-8e97-eb41da73f598,
48cd7a42-26bd-45f7-b47d-d194c2237e17,Loser,345000,False,,,3 Doors Down,3 Doors Down,2386cd66-e923-4e8e-bf14-2eebe2e9b973,3 Doors Down,2386cd66-e923-4e8e-bf14-2eebe2e9b973,
d794f7d9-524a-49fc-bbe0-9b8c8b9e235e,Cocaine,,False,,,The Rolling Stones,The Rolling Stones,b071f9fa-14b0-4217-8e97-eb41da73f598,The Rolling Stones,b071f9fa-14b0-4217-8e97-eb41da73f598,
d3b4e442-4ff5-4bd0-8557-5f7ed24b46ff,Love Is Strong,,False,,,The Rolling Stones,The Rolling Stones,b071f9fa-14b0-4217-8e97-eb41da73f598,The Rolling Stones,b071f9fa-14b0-4217-8e97-eb41da73f598,
9ebffe3e-3b4b-47c7-be6a-1b490541b4ce,Fuck Off,227000,False,,,Nasty Habits,Nasty Habits,3d7fd654-f920-41f9-b56d-17e4e913aa64,Nasty Habits,3d7fd654-f920-41f9-b56d-17e4e913aa64,
51f1a367-5453-4618-945d-80da41296849,Cocaine,,False,,,The Rolling Stones,The Rolling Stones,b071f9fa-14b0-4217-8e97-eb41da73f598,The Rolling Stones,b071f9fa-14b0-4217-8e97-eb41da73f598,
b97ff65f-9c1a-4a9d-b399-832f4e564bcf,Away From the Sun,256000,False,,,3 Doors Down,3 Doors Down,2386cd66-e923-4e8e-bf14-2eebe2e9b973,3 Doors Down,2386cd66-e923-4e8e-bf14-2eebe2e9b973,
6538c082-d6f9-4833-bbd3-4c9b5d38266f,Party,,False,,,Queen,Queen,0383dadf-2a4e-4d10-a46a-e9e041da8eb3,Queen,0383dadf-2a4e-4d10-a46a-e9e041da8eb3,
6d128205-7a39-46fd-9c46-987e0faa64fd,Liar,,False,,,Queen,Queen,0383dadf-2a4e-4d10-a46a-e9e041da8eb3,Queen,0383dadf-2a4e-4d10-a46a-e9e041da8eb3,
a1e4d818-377a-498f-b7b4-9334a3ebd352,Party,,False,,,Queen,Queen,0383dadf-2a4e-4d10-a46a-e9e041da8eb3,Queen,0383dadf-2a4e-4d10-a46a-e9e041da8eb3,
de88ee9b-c14c-45bd-b520-2cef138da478,Sunny Day,195000,False,,,Akon,Akon,1138a764-2212-4d0a-b02d-0dc14df91e08,Akon,1138a764-2212-4d0a-b02d-0dc14df91e08,
247e542e-7141-4873-97f9-3e20af55a4db,Bomber,,False,,,Aphrodite,Aphrodite,84800c46-2211-43e0-8a87-bdcbecf91932,Aphrodite,84800c46-2211-43e0-8a87-bdcbecf91932,
18e84818-2011-4469-bbc3-18eb270aadc8,Tutti Frutti,,False,,,Little Richard,Little Richard,95c2339b-8277-49a6-9aaf-08d8eeeaa0be,Little Richard,95c2339b-8277-49a6-9aaf-08d8eeeaa0be,
04cca4e6-4595-45ee-870f-a2140ae2602e,Possession,166000,False,,,Iron Butterfly,Iron Butterfly,3da3e7e1-e817-47e8-8624-635df4aedbe6,Iron Butterfly,3da3e7e1-e817-47e8-8624-635df4aedbe6,
0865d6d2-9cd4-473f-8ab7-697d1bb60b94,Unspoken (live),210000,False,,,Finger Eleven,Finger Eleven,0b76f632-25fa-4681-9862-86499c28afd3,Finger Eleven,0b76f632-25fa-4681-9862-86499c28afd3,
74cb2381-6893-4118-bf75-8b3071c553ce,I Put a Spell on You,,False,,,Buddy Guy feat. Carlos Santana,Buddy Guy|Carlos Santana,4336a134-d091-4e54-9967-c7c433db6d4e|f7fda030-0ba1-42e9-a385-3deebc939bc9,Buddy Guy,4336a134-d091-4e54-9967-c7c433db6d4e,
9865271b-ee51-42c8-9977-2e939e312005,Blue Monday,,False,,,Fats Domino,Fats Domino,e787de5d-49e2-4b1f-9bde-1fd3a671b971,Fats Domino,e787de5d-49e2-4b1f-9bde-1fd3a671b971,
1efa1942-7f29-4b43-9d74-e3e599223e73,Gorgeous,,False,,"live, 1997-06: Tibetan Freedom Concert, New York, NY, USA",Alanis Morissette,Alanis Morissette,4bdcee62-4902-4773-8cd1-e252e2e31225,Alanis Morissette,4bdcee62-4902-4773-8cd1-e252e2e31225,
ec6d9904-97e6-4ff9-b10c-53d62f26a1a1,Clocks,,False,,"live, Summer Sonic, 2008-08-10: Tokyo, Japan",Coldplay feat. Alicia Keys,Coldplay|Alicia Keys,cc197bad-dc9c-440d-a5b5-d52ba2e14234|8ef1df30-ae4f-4dbd-9351-1a32b208a01e,Coldplay,cc197bad-dc9c-440d-a5b5-d52ba2e14234,
bafb38de-3f13-48b8-bf98-d7dbbef0f899,Make Up,213000,False,,,Escape the Fate,Escape the Fate,b9ca7096-68de-455f-8a36-1f1ebb2abf2a,Escape the Fate,b9ca7096-68de-455f-8a36-1f1ebb2abf2a,
f31a1f38-aa54-44f6-9747-939a70f2a8f6,"Sing, Sing, Sing",,False,,,Benny Goodman,Benny Goodman,b09ae88f-4156-4caa-b129-1cacb5e1632e,Benny Goodman,b09ae88f-4156-4caa-b129-1cacb5e1632e,
313e60b2-3cab-4394-b4fa-e75b0f9ab28c,Hallelujah I Love Her So,,False,,,Ray Charles,Ray Charles,2ce02909-598b-44ef-a456-151ba0a3bd70,Ray Charles,2ce02909-598b-44ef-a456-151ba0a3bd70,
0cd58ace-0bac-4804-a222-72e93ff059de,Route 66,,False,,,Nat King Cole,Nat King Cole,fbe054ec-a143-4101-9e9e-64abc5ff5ac9,Nat King Cole,fbe054ec-a143-4101-9e9e-64abc5ff5ac9,
3a9ecb84-54e7-42c9-bf2e-3d009ef65f56,Anything Goes,,False,,,Tony Bennett with The Count Basie Band,Tony Bennett|Count Basie Big Band,8be0594f-8c13-46bb-ab06-f93ffba5c776|85ddeaf1-139b-4431-9e59-4816dc3ec68c,Tony Bennett,8be0594f-8c13-46bb-ab06-f93ffba5c776,
ee6c29a8-d87b-4c29-83b6-ebeb0d7a3564,Let's Fall in Love,,False,,,Diana Krall,Diana Krall,67d2cb7a-9ddb-4a7f-82bf-5a2d1a038e98,Diana Krall,67d2cb7a-9ddb-4a7f-82bf-5a2d1a038e98,
29e53047-85ee-480e-b773-a112e10a6251,Fear of Napalm,266000,False,,"live, 1991-09-20: Eskilstuna, Sweden",At the Gates,At the Gates,35f92c4a-69d0-4ed1-ab9e-05259db89d14,At the Gates,35f92c4a-69d0-4ed1-ab9e-05259db89d14,
19f7fc22-95bc-4f33-92cc-3cf616434380,You Are My Sunshine,,False,,,Ray Charles,Ray Charles,2ce02909-598b-44ef-a456-151ba0a3bd70,Ray Charles,2ce02909-598b-44ef-a456-151ba0a3bd70,
829b8e05-101c-4bea-a392-744add3c07f8,It’s Only a Paper Moon,,False,,,Marvin Gaye,Marvin Gaye,afdb7919-059d-43c1-b668-ba1d265e7e42,Marvin Gaye,afdb7919-059d-43c1-b668-ba1d265e7e42,
df32e7d3-32fc-4c99-81c6-2da177d41cc6,Breakfast,50000,False,,,Datassette,Datassette,173e7721-95c5-4dd8-9a26-289c45e239f6,Datassette,173e7721-95c5-4dd8-9a26-289c45e239f6,
09beb3c8-a877-479f-8a82-e14b11eb71f4,Untitled,266000,False,,,Datassette,Datassette,173e7721-95c5-4dd8-9a26-289c45e239f6,Datassette,173e7721-95c5-4dd8-9a26-289c45e239f6,
989f0217-2e75-48f9-931f-11e0d3d367ea,Making Plans for Nigel,140000,False,,,Datassette,Datassette,173e7721-95c5-4dd8-9a26-289c45e239f6,Datassette,173e7721-95c5-4dd8-9a26-289c45e239f6,
ecec6f64-e634-41d7-ac87-7ac36c0a9615,Hysteria,,False,,"live, 2008-10-06: CMT Crossroads",Taylor Swift & Def Leppard,Taylor Swift|Def Leppard,20244d07-534f-4eff-b4d4-930878889970|7249b899-8db8-43e7-9e6e-22f1e736024e,Taylor Swift,20244d07-534f-4eff-b4d4-930878889970,
77cce343-14e4-4e01-9e50-4ac84366aebf,Love Story,,False,,"live, 2008-10-06: CMT Crossroads",Taylor Swift & Def Leppard,Taylor Swift|Def Leppard,20244d07-534f-4eff-b4d4-930878889970|7249b899-8db8-43e7-9e6e-22f1e736024e,Taylor Swift,20244d07-534f-4eff-b4d4-930878889970,
57a6d37e-ad44-4aad-a68b-1c23fbb4ee0b,Pour Some Sugar on Me,,False,,"live, 2008-10-06: CMT Crossroads",Taylor Swift & Def Leppard,Taylor Swift|Def Leppard,20244d07-534f-4eff-b4d4-930878889970|7249b899-8db8-43e7-9e6e-22f1e736024e,Taylor Swift,20244d07-534f-4eff-b4d4-930878889970,
78c8c5c7-ba8a-4edc-a625-1ec50dd7bcdb,When Love and Hate Collide,,False,,"live, 2008-10-06: CMT Crossroads",Taylor Swift & Def Leppard,Taylor Swift|Def Leppard,20244d07-534f-4eff-b4d4-930878889970|7249b899-8db8-43e7-9e6e-22f1e736024e,Taylor Swift,20244d07-534f-4eff-b4d4-930878889970,
29dee649-1189-499b-a71e-716a43da3dae,Photograph,,False,,"live, 2008-10-06: CMT Crossroads",Taylor Swift & Def Leppard,Taylor Swift|Def Leppard,20244d07-534f-4eff-b4d4-930878889970|7249b899-8db8-43e7-9e6e-22f1e736024e,Taylor Swift,20244d07-534f-4eff-b4d4-930878889970,
5ac980f1-3d6a-4fdc-872d-3e4b5fc38719,Here We Go Again,,False,,,Paramore,Paramore,44cf61b8-5197-448a-b82b-cef6ee89fac5,Paramore,44cf61b8-5197-448a-b82b-cef6ee89fac5,
0f5e3294-e870-458f-82a8-62009427357b,My Name Is Jonas,,False,,,Weezer,Weezer,6fe07aa5-fec0-4eca-a456-f29bff451b04,Weezer,6fe07aa5-fec0-4eca-a456-f29bff451b04,
f8bb1c2a-065e-41f8-b5af-7403f6feb887,Paint It Black,,False,,,The Rolling Stones,The Rolling Stones,b071f9fa-14b0-4217-8e97-eb41da73f598,The Rolling Stones,b071f9fa-14b0-4217-8e97-eb41da73f598,
a2638111-718c-4ec0-bc86-4fa36f0b6d93,Welcome to the Jungle,,False,,,Guns N’ Roses,Guns N’ Roses,eeb1195b-f213-4ce1-b28c-8565211f8e43,Guns N’ Roses,eeb1195b-f213-4ce1-b28c-8565211f8e43,
a0b0eb73-e4e5-4c0e-bde8-39d839f49dc0,All I Want for Christmas!,202000,False,,,Yeah Yeah Yeahs,Yeah Yeah Yeahs,584c04d2-4acc-491b-8a0a-e63133f4bfc4,Yeah Yeah Yeahs,584c04d2-4acc-491b-8a0a-e63133f4bfc4,
d46fc7b1-748a-48af-af5b-555dfab3598b,Three,395000,False,,,Buckethead,Buckethead,b5179744-f217-4455-9d8b-17b8d4fdeb93,Buckethead,b5179744-f217-4455-9d8b-17b8d4fdeb93,
cec061aa-ec35-43ad-9d3a-f29906082b6c,Two,208000,False,,,Buckethead,Buckethead,b5179744-f217-4455-9d8b-17b8d4fdeb93,Buckethead,b5179744-f217-4455-9d8b-17b8d4fdeb93,
560c5459-6e26-4c43-80cf-2ce705d999a5,One,352000,False,,,Buckethead,Buckethead,b5179744-f217-4455-9d8b-17b8d4fdeb93,Buckethead,b5179744-f217-4455-9d8b-17b8d4fdeb93,
ebd3a187-05e6-4c0e-95d5-2ea6f719781e,Non‐Stop,,False,,,The Human League,The Human League,7adaabfb-acfb-47bc-8c7c-59471c2f0db8,The Human League,7adaabfb-acfb-47bc-8c7c-59471c2f0db8,
6dc08202-6262-44f6-8bfa-809a6a54e8fe,Don't Come Knockin',,False,,,Fats Domino,Fats Domino,e787de5d-49e2-4b1f-9bde-1fd3a671b971,Fats Domino,e787de5d-49e2-4b1f-9bde-1fd3a671b971,
b9acc6ac-345e-4650-a44f-e326e5dd580d,It's Delicious,,False,,,3 Steps Ahead,3 Steps Ahead,ef943908-5368-4e2c-8a3f-a0987308241e,3 Steps Ahead,ef943908-5368-4e2c-8a3f-a0987308241e,
9dd5fd13-9a74-4f9c-8e42-e613f5472870,I Like It Loud,,False,,,Marshall Masters,Marshall Masters,f97ec17a-2f10-4ddb-b339-4c5f1d64559f,Marshall Masters,f97ec17a-2f10-4ddb-b339-4c5f1d64559f,
4f4bd9eb-40cd-44d0-8178-01fa8801ae8b,98 to Piano,,False,,,Forze DJ Team,Forze DJ Team,d0d73263-61ad-4b10-b45b-6fe9f52ac3c3,Forze DJ Team,d0d73263-61ad-4b10-b45b-6fe9f52ac3c3,
d50d8072-b1d9-452e-82bc-f42ffb53ddc9,You Are So Beautiful,160000,False,,,Joe Cocker,Joe Cocker,32f2d6bd-c22b-42cf-a7bc-0c4b48cd2bcb,Joe Cocker,32f2d6bd-c22b-42cf-a7bc-0c4b48cd2bcb,
1d15062f-fce6-4b1c-9b3c-39e1ed68ec11,Lady,,False,,,BIGBANG,BIGBANG,ec2bcb77-b9a1-49e2-bfe7-419586bbef48,BIGBANG,ec2bcb77-b9a1-49e2-bfe7-419586bbef48,
287bbee9-2bcf-4c05-949c-717729a92309,Rainy Night in Georgia,253000,False,,,Randy Crawford,Randy Crawford,614e392a-0d63-48a2-bbd5-03265c407bd1,Randy Crawford,614e392a-0d63-48a2-bbd5-03265c407bd1,
cee68830-4e80-4856-85ad-07a0f0fa2853,112,187000,False,,,Funny van Dannen,Funny van Dannen,a74a9924-5c0b-4eee-ab4f-59dafe5dad1b,Funny van Dannen,a74a9924-5c0b-4eee-ab4f-59dafe5dad1b,
0c9bf98b-931f-4623-a8e7-4f419b7c7124,Devil on My Shoulder,280000,False,,"live, 2009-02-24: The Metro Theatre, Sydney, NSW, Australia",Billy Talent,Billy Talent,fd429857-5ace-4609-ae54-1502c3bdac11,Billy Talent,fd429857-5ace-4609-ae54-1502c3bdac11,
b5cca247-e4c6-49e1-9918-95fd4b5ba994,People Are Strange,,False,,,The Doors,The Doors,9efff43b-3b29-4082-824e-bc82f646f93d,The Doors,9efff43b-3b29-4082-824e-bc82f646f93d,
a2f74f91-96c5-4646-a9b1-ff844fb7b6fe,Zombie,,False,,acoustic,The Cranberries,The Cranberries,c98d40fd-f6cf-4b26-883e-eaa515ee2851,The Cranberries,c98d40fd-f6cf-4b26-883e-eaa515ee2851,
3d8d4364-8a8f-49de-9117-2687164a456e,Momma Sed,245000,False,,"live, 2009-02-14: Pearl Concert Theater, Palms Casino Resort, Las Vegas, NV, USA",Puscifer,Puscifer,6e4277d8-7b64-44a3-b823-13bd15114e22,Puscifer,6e4277d8-7b64-44a3-b823-13bd15114e22,
a5a987a2-2846-4619-9440-1ba576edc6af,One,502800,False,,,Mary J. Blige & U2,Mary J. Blige|U2,db76c5ca-d555-4f09-b1db-baa1b713d875|a3cb23fc-acd3-4ce0-8f36-1e5aa6a18432,Mary J. Blige,db76c5ca-d555-4f09-b1db-baa1b713d875,
b4b69f5a-cb46-4a64-9945-26544d763456,Toxic,,False,,,Crazy Town,Crazy Town,8996b655-fbad-4018-b430-1bd8fab43235,Crazy Town,8996b655-fbad-4018-b430-1bd8fab43235,
d17d125b-e818-46d6-a119-9c76890be28d,Strings of Life,,False,,,Rhythim Is Rhythim,Rhythim Is Rhythim,159edf29-c4ae-49c7-b1e6-1f082c60d4e3,Rhythim Is Rhythim,159edf29-c4ae-49c7-b1e6-1f082c60d4e3,
c9c70d59-3827-4d6a-bd3f-79787aa3626c,Pretty Paper,,False,,,Roy Orbison,Roy Orbison,0bbbc496-c7b5-4b3f-bb6d-bd312827d6e5,Roy Orbison,0bbbc496-c7b5-4b3f-bb6d-bd312827d6e5,
8009177a-711f-4ce3-a9d1-6641b0d4933d,In the Mood,,False,,"live, 1977-04-17: Lisner Auditorium, Washington, DC, USA",Rush,Rush,534ee493-bfac-4575-a44a-0ae41e2c3fe4,Rush,534ee493-bfac-4575-a44a-0ae41e2c3fe4,
1444356d-fb04-46da-a18d-24548a4ef9de,[outro],,False,,"live, 1974-12-05: Electric Lady Land Studios, New York City, NY, USA",Rush,Rush,534ee493-bfac-4575-a44a-0ae41e2c3fe4,Rush,534ee493-bfac-4575-a44a-0ae41e2c3fe4,
cc782aa7-ab54-4496-a809-eac6c7c9b605,Blueberry Hill,,False,,,Fats Domino,Fats Domino,e787de5d-49e2-4b1f-9bde-1fd3a671b971,Fats Domino,e787de5d-49e2-4b1f-9bde-1fd3a671b971,
d5ecec4e-955c-48e1-8ab2-9cd20a4f13c6,Bury Me Alive,236000,False,,,We Are the Fallen,We Are the Fallen,ffafc8e1-1190-4b9e-a406-203f70e2ec11,We Are the Fallen,ffafc8e1-1190-4b9e-a406-203f70e2ec11,
0c286279-fb8a-445c-b463-1a1e52a5fcc2,10,120000,False,,,Josie Kreuzer,Josie Kreuzer,379349e0-15bf-41a1-88d5-13a35399576d,Josie Kreuzer,379349e0-15bf-41a1-88d5-13a35399576d,
da89c441-d9cf-47f1-875a-2a27079d0077,Cuida de Mim,,False,,,O Teatro Mágico,O Teatro Mágico,978531ce-8deb-4b27-9ada-991fa6f24065,O Teatro Mágico,978531ce-8deb-4b27-9ada-991fa6f24065,
a3c851af-8b00-4efe-a42d-e97d5a198603,Lullaby,229000,False,,,_ghost,_ghost,79756c31-83ab-494f-a082-f93aa16d6c14,_ghost,79756c31-83ab-494f-a082-f93aa16d6c14,
6abd7c8a-975f-4da9-8388-5253c8c76a5c,Everybody Hurts,289000,False,,,R.E.M.,R.E.M.,ea4dfa26-f633-4da6-a52a-f49ea4897b58,R.E.M.,ea4dfa26-f633-4da6-a52a-f49ea4897b58,
3770f2ad-1cf9-4875-811c-92d087c9c8ee,All the Pretty Girls,206000,False,,"live, 2009-21-09: Paste Studios, Decatur, GA, USA",fun.,Fun,136c4166-85b3-4994-aa04-59857c434199,Fun,136c4166-85b3-4994-aa04-59857c434199,
b54999be-8d91-4932-8583-98049971dc18,Melody,,False,,,Andy Gibb,Andy Gibb,f1d174fc-6bd9-41fe-b4c8-972ab578fb5c,Andy Gibb,f1d174fc-6bd9-41fe-b4c8-972ab578fb5c,
9743d3c2-1fd7-40ff-ba01-2e7a8013256e,Burn,287000,False,,,Chris Brown feat. Dame,Chris Brown|Dame,c234fa42-e6a6-443e-937e-2f4b073538a3|987048d1-6742-439f-bb61-ebebf0f7f624,Chris Brown,c234fa42-e6a6-443e-937e-2f4b073538a3,
c75b4360-8cf7-4d91-b989-e2d3a13f47d6,Teenage Dream,,False,,,T. Rex,T. Rex,c842d29f-a297-48cd-bb71-4f77fd672b16,T. Rex,c842d29f-a297-48cd-bb71-4f77fd672b16,
756acba5-6400-4b0a-8fe7-9959d7fb4336,Alpha and Omega,88000,False,,,Helios,Helios,50a32791-ee43-4c67-aabc-3dc65e4a9838,Helios,50a32791-ee43-4c67-aabc-3dc65e4a9838,
e4a02dd1-f72a-4ef5-8403-81dd9c530b08,Struggle No More,234000,False,,,Anthony Hamilton,Anthony Hamilton,af7f5e8e-ac05-4d55-b860-a4dc72c78e66,Anthony Hamilton,af7f5e8e-ac05-4d55-b860-a4dc72c78e66,
9d147f34-2e5c-4f5e-b82b-903012de3b29,Little Saint Nick,,False,,,The Beach Boys,The Beach Boys,ebfc1398-8d96-47e3-82c3-f782abcdb13d,The Beach Boys,ebfc1398-8d96-47e3-82c3-f782abcdb13d,
3afe2c41-8c3b-424a-8730-0c2396ff9da1,Love Hurts,201000,False,,,Damien Rice,Damien Rice,2119beb8-6ac5-4f21-82a4-b831c90c0024,Damien Rice,2119beb8-6ac5-4f21-82a4-b831c90c0024,
5a49fadb-bad9-4f14-a3ea-0020b842d5ed,Sweat,296000,False,,,Flo Rida feat. Chris Brown,Flo Rida|Chris Brown,4593d49a-7f67-46ba-9ec0-126bd676286f|c234fa42-e6a6-443e-937e-2f4b073538a3,Flo Rida,4593d49a-7f67-46ba-9ec0-126bd676286f,
a31c6807-0226-4dbd-ac56-3eb94e2b3685,Thief,,False,,,CAN,Can,13501c7d-d181-45ba-af52-5f101d8516a0,Can,13501c7d-d181-45ba-af52-5f101d8516a0,
8655b473-503a-49df-b125-c523b2b59ee9,White Wedding,,False,,,Faderhead,Faderhead,8044daa4-77d3-4971-a04f-b2eecc4e5f7c,Faderhead,8044daa4-77d3-4971-a04f-b2eecc4e5f7c,
84546070-a6f6-4280-bca0-546741a7ecae,The Beast,,False,,,Europe,Europe,ccfe7a3c-1a45-4984-a8d0-644549cefe61,Europe,ccfe7a3c-1a45-4984-a8d0-644549cefe61,
88100a36-e1dd-43b3-9480-65dfe5786c01,Welcome to the Jungle,,False,,,Guns N’ Roses,Guns N’ Roses,eeb1195b-f213-4ce1-b28c-8565211f8e43,Guns N’ Roses,eeb1195b-f213-4ce1-b28c-8565211f8e43,
579ae614-18fb-4aa9-add8-3c07808e5814,Hollywood,,False,,,Marina & the Diamonds,MARINA,7f3d82ee-3817-4367-9eec-f33a312247a1,MARINA,7f3d82ee-3817-4367-9eec-f33a312247a1,GBFFS0900131
f2d2f034-911e-4e57-b5ba-a2a0963e4763,Something Else,383000,False,,,Infected Mushroom,Infected Mushroom,eab76c9f-ff91-4431-b6dd-3b976c598020,Infected Mushroom,eab76c9f-ff91-4431-b6dd-3b976c598020,
4aac293a-89fa-468b-8e53-370fe4b09dcd,Passage,299000,False,,,B-Complex,B-Complex,470320f0-ac2c-43bb-98f6-b03d063e9cac,B-Complex,470320f0-ac2c-43bb-98f6-b03d063e9cac,
e6df1f75-4bb1-4478-b8c6-6d95c94fd1e5,Julius,306000,False,,,B-Complex,B-Complex,470320f0-ac2c-43bb-98f6-b03d063e9cac,B-Complex,470320f0-ac2c-43bb-98f6-b03d063e9cac,
3540508f-0ecf-4740-9c51-7467bb73178d,Questions,198000,False,,,B-Complex,B-Complex,470320f0-ac2c-43bb-98f6-b03d063e9cac,B-Complex,470320f0-ac2c-43bb-98f6-b03d063e9cac,
2af12132-0684-479b-91fa-605f21ff8110,Don't give up,359000,False,,,B-Complex,B-Complex,470320f0-ac2c-43bb-98f6-b03d063e9cac,B-Complex,470320f0-ac2c-43bb-98f6-b03d063e9cac,
2b481a0e-574b-44dc-a2bb-734188fdcfd2,You Make Me Feel Like Dancing,331000,False,,,B-Complex,B-Complex,470320f0-ac2c-43bb-98f6-b03d063e9cac,B-Complex,470320f0-ac2c-43bb-98f6-b03d063e9cac,
ddf4ccf3-33b7-4b85-959e-9b7cee5d6d8a,Raindrops,120000,False,,,B-Complex,B-Complex,470320f0-ac2c-43bb-98f6-b03d063e9cac,B-Complex,470320f0-ac2c-43bb-98f6-b03d063e9cac,
f6236a11-51b4-436d-87e9-0378ed57e556,China,363000,False,,,B-Complex,B-Complex,470320f0-ac2c-43bb-98f6-b03d063e9cac,B-Complex,470320f0-ac2c-43bb-98f6-b03d063e9cac,
1012bf48-d3fa-4088-9eb5-b18a70480b3a,Spirit,364000,False,,,B-Complex,B-Complex,470320f0-ac2c-43bb-98f6-b03d063e9cac,B-Complex,470320f0-ac2c-43bb-98f6-b03d063e9cac,
19fd773a-4da1-4c05-8c8b-ed5c3976eadb,Relax,300000,False,,,Limp Bizkit,Limp Bizkit,8f9d6bb2-dba4-4cca-9967-cc02b9f4820c,Limp Bizkit,8f9d6bb2-dba4-4cca-9967-cc02b9f4820c,
668dbf04-e48b-4046-8a1f-22a75855fd12,"Up Where We Belong (From ""An Officer and a Gentleman"")",,False,,,Joe Cocker & Jennifer Warnes,Joe Cocker|Jennifer Warnes,32f2d6bd-c22b-42cf-a7bc-0c4b48cd2bcb|2f140aa6-b99b-4f79-ae33-96018af87fa3,Joe Cocker,32f2d6bd-c22b-42cf-a7bc-0c4b48cd2bcb,
5cfca941-f561-4f91-acbe-f59e8b554565,I've Seen That Face Before (Libertango),,False,,,Grace Jones,Grace Jones,b1c124b3-cf60-41a6-8699-92728c8a3fe0,Grace Jones,b1c124b3-cf60-41a6-8699-92728c8a3fe0,
89589962-9a73-4e33-8ff1-db29eea0f696,Blew,,False,,,Nirvana,Nirvana,5b11f4ce-a62d-471e-81fc-a69a8278c7da,Nirvana,5b11f4ce-a62d-471e-81fc-a69a8278c7da,
251240ed-40fe-4a88-97a7-78a7b69ec763,Love Buzz,,False,,,Nirvana,Nirvana,5b11f4ce-a62d-471e-81fc-a69a8278c7da,Nirvana,5b11f4ce-a62d-471e-81fc-a69a8278c7da,
aa0fb890-23b9-43ba-880d-3acdabec647e,Sappy,,False,,,Nirvana,Nirvana,5b11f4ce-a62d-471e-81fc-a69a8278c7da,Nirvana,5b11f4ce-a62d-471e-81fc-a69a8278c7da,
4bd9babf-4cc9-43c3-9948-726d91e7d5bb,About a Girl,,False,,,Nirvana,Nirvana,5b11f4ce-a62d-471e-81fc-a69a8278c7da,Nirvana,5b11f4ce-a62d-471e-81fc-a69a8278c7da,
4e9a4774-fc8a-4460-9208-108301c4d3bd,She Moves,,False,,part of “2010-03-25: A State of Trance #449” DJ-mix,Andy Moor feat. Carrie Skipper,Andy Moor|Carrie Skipper,4c815fc0-2cac-457f-90a7-5f57c9dc3dcf|dca5b3c6-49c2-43d9-9eb6-cc48ce78d816,Andy Moor,4c815fc0-2cac-457f-90a7-5f57c9dc3dcf,
6f04b285-257e-4612-9fd2-4be551b8a9b9,Last Night,341000,False,,,Fleetwood Mac,Fleetwood Mac,bd13909f-1c29-4c27-a874-d4aaf27c5b1a,Fleetwood Mac,bd13909f-1c29-4c27-a874-d4aaf27c5b1a,
e4415a87-70c9-45f8-8baf-18b7f92cb81c,Save Me,,False,,part of “2010-04-15: A State of Trance #452” DJ-mix,Shogun feat. Emma Lock,Shogun|Emma Lock,cb99cdb6-55e0-47ed-ae60-6b4c2630a661|1e339c36-0f80-4816-9d2c-6449e5085088,Shogun,cb99cdb6-55e0-47ed-ae60-6b4c2630a661,
d20969c0-7b9d-4456-a9d3-40241350f20a,Taxi,,False,,part of “2010-04-08: A State of Trance #451” DJ-mix,Simon Patterson,Simon Patterson,b9c4d4af-dd2d-4374-962d-4e2dca189ca7,Simon Patterson,b9c4d4af-dd2d-4374-962d-4e2dca189ca7,
7da6b512-3f2c-4793-8b5f-c6ef1999fce4,O Come All Ye Faithful,143000,False,,,Pomplamoose,Pomplamoose,63d61461-ecfe-4057-896b-3ba3ff3111eb,Pomplamoose,63d61461-ecfe-4057-896b-3ba3ff3111eb,
4f698311-2b00-478e-b80b-933e0931eff1,Complex,,False,,,Gary Numan,Gary Numan,6cb79cb2-9087-44d4-828b-5c6fdff2c957,Gary Numan,6cb79cb2-9087-44d4-828b-5c6fdff2c957,
82ee46b5-b336-4fc9-a43f-8ba0ce2a42a7,Vanilla,,False,,part of “2010-05-06: A State of Trance #455” DJ-mix,tyDi,tyDi,589fd2c1-50b4-45f1-918c-cd678f3492f8,tyDi,589fd2c1-50b4-45f1-918c-cd678f3492f8,
cf9e48ec-75e5-49ba-9b63-b4b588cb4693,Save Me,,False,,part of “2010-05-20: A State of Trance #457” DJ-mix,Shogun feat. Emma Lock,Shogun|Emma Lock,cb99cdb6-55e0-47ed-ae60-6b4c2630a661|1e339c36-0f80-4816-9d2c-6449e5085088,Shogun,cb99cdb6-55e0-47ed-ae60-6b4c2630a661,
c80b6748-fb3d-42e1-b9c7-4e3721ae97d3,Vanilla,,False,,part of “2010-05-20: A State of Trance #457” DJ-mix,tyDi,tyDi,589fd2c1-50b4-45f1-918c-cd678f3492f8,tyDi,589fd2c1-50b4-45f1-918c-cd678f3492f8,
ae38d9da-896b-46a0-ac1d-a126005e5b53,Breeze,,False,,part of “2010-05-13: A State of Trance #456” DJ-mix,Aly & Fila feat. Jass,Aly & Fila|Jass,045bc733-e2f0-4f3b-8807-6a6d84505ea8|6a866f44-60c4-4796-a237-d2c369845ef5,Aly & Fila,045bc733-e2f0-4f3b-8807-6a6d84505ea8,
81ce8146-46fc-4978-b6f4-b9e90fd430f5,Hey Good Lookin',,False,,,Hank Williams,Hank Williams,906bddec-bc73-49f8-ac1e-eaee691c6cf9,Hank Williams,906bddec-bc73-49f8-ac1e-eaee691c6cf9,
84ea7751-6a18-4964-9fc8-6deba69025f0,Crazy,,False,,,Willie Nelson,Willie Nelson,668fd73c-bf54-4310-a139-305517f05311,Willie Nelson,668fd73c-bf54-4310-a139-305517f05311,
c2c74432-ebb2-4078-85b2-5345440bd3fd,Mother,,False,,,Danzig,Danzig,8925a01a-8608-411d-a90b-f3a52d061208,Danzig,8925a01a-8608-411d-a90b-f3a52d061208,
10ce0719-c832-4da3-8f4e-b26539ee2a2c,Perception,,False,,part of “2010-05-27: A State of Trance #458” DJ-mix,Markus Schulz feat. Justine Suissa,Markus Schulz|Justine Suissa,62558a6c-cbb1-4bee-a843-d07d187ddf55|d7bf93e8-0bad-4c4d-801d-f0aa58940244,Markus Schulz,62558a6c-cbb1-4bee-a843-d07d187ddf55,
be0f556f-8fc5-468f-a40f-6f9731545eef,Fiction,209000,False,,,coldrain,coldrain,eeee01ef-15b6-4741-9f42-9477c9ee0804,coldrain,eeee01ef-15b6-4741-9f42-9477c9ee0804,JPVP00905504
1218d20a-a16a-4b62-b81c-b7ce5236d528,Come Home,,False,,part of “2010-06-24: A State of Trance #462” DJ-mix,Alpha 9,Alpha 9,73571b2f-1cc3-4b6b-b46c-6c48856e7c2f,Alpha 9,73571b2f-1cc3-4b6b-b46c-6c48856e7c2f,
55d29d6a-279e-41cc-8f95-d699f4fefcb7,Calling,,False,,part of “2010-07-22: A State of Trance #466” DJ-mix,tyDi feat. Audrey Gallagher,tyDi|Audrey Gallagher,589fd2c1-50b4-45f1-918c-cd678f3492f8|ba65a099-8d5f-4605-bdbd-559c23d39570,tyDi,589fd2c1-50b4-45f1-918c-cd678f3492f8,
9f25ae7c-1572-4997-abd8-0c43c8d0b45d,Ave Maria,237000,False,,,Regina Spektor,Regina Spektor,fbb375f9-48bb-4635-824e-4120273b3ba7,Regina Spektor,fbb375f9-48bb-4635-824e-4120273b3ba7,
9c2b2954-34fd-4dc5-bf61-7d666d1193d7,Raindrops,158000,False,,,Regina Spektor,Regina Spektor,fbb375f9-48bb-4635-824e-4120273b3ba7,Regina Spektor,fbb375f9-48bb-4635-824e-4120273b3ba7,
1ad60b8d-31f0-41bb-8ef7-9bc4ca52c160,Genesis,,False,,,Justice,Justice,860b2707-6153-4e3a-aa57-74d2b42c55b5,Justice,860b2707-6153-4e3a-aa57-74d2b42c55b5,
6d29ac05-0b93-4226-bd39-5674fe59aac6,Movies,231000,False,,,Regina Spektor,Regina Spektor,fbb375f9-48bb-4635-824e-4120273b3ba7,Regina Spektor,fbb375f9-48bb-4635-824e-4120273b3ba7,
5b2ae876-fc37-4ddf-b41e-46b44701de30,Paris,153000,False,,,Regina Spektor,Regina Spektor,fbb375f9-48bb-4635-824e-4120273b3ba7,Regina Spektor,fbb375f9-48bb-4635-824e-4120273b3ba7,
4cc99c19-d273-47ff-a001-45bdfeb1cf77,Children,,False,,,Robert Miles,Robert Miles,e83144dd-bb95-49fe-b1dd-00bab25cca9e,Robert Miles,e83144dd-bb95-49fe-b1dd-00bab25cca9e,
e8b344ac-a869-4577-8e90-1921ef6826d5,Everything Sucks,,False,,,Reel Big Fish,Reel Big Fish,5e5480be-eded-44ad-9c45-f6136ec2f5db,Reel Big Fish,5e5480be-eded-44ad-9c45-f6136ec2f5db,
e09fc715-96fb-4829-be70-b55bb9d4ea13,Love Story,178000,False,,,Los Hermanos,Los Hermanos,557ac15e-7800-44c3-bb62-d4ab34ac1e28,Los Hermanos,557ac15e-7800-44c3-bb62-d4ab34ac1e28,
43faa051-8e37-4548-b446-328c5d58cbf2,Amor Perfeito,210000,False,,,Ana Carolina,Ana Carolina,f34f0700-1ae5-4b80-b506-252aeff31c71,Ana Carolina,f34f0700-1ae5-4b80-b506-252aeff31c71,
b258d214-3bd0-489b-8884-b1d432d3b016,Cells,360000,False,,,I Monster,I Monster,f3c3803a-3149-467a-a816-c667146f3bed,I Monster,f3c3803a-3149-467a-a816-c667146f3bed,
43547dab-8c7a-4fb1-aef3-fd0770384232,Blue Fear,,False,,"part of “2010-09-09: A State of Trance #473, “Mirage”” DJ-mix",Armin van Buuren,Armin van Buuren,477b8c0c-c5fc-4ad2-b5b2-191f0bf2a9df,Armin van Buuren,477b8c0c-c5fc-4ad2-b5b2-191f0bf2a9df,
32636ec8-9346-4109-b962-db35eff702ea,Mirage,,False,,"part of “2010-09-09: A State of Trance #473, “Mirage”” DJ-mix",Armin van Buuren,Armin van Buuren,477b8c0c-c5fc-4ad2-b5b2-191f0bf2a9df,Armin van Buuren,477b8c0c-c5fc-4ad2-b5b2-191f0bf2a9df,
da92d57f-c207-4a47-b5c8-9781998a8d5b,I Surrender,,False,,"part of “2010-09-09: A State of Trance #473, “Mirage”” DJ-mix",Armin van Buuren,Armin van Buuren,477b8c0c-c5fc-4ad2-b5b2-191f0bf2a9df,Armin van Buuren,477b8c0c-c5fc-4ad2-b5b2-191f0bf2a9df,
60efd970-c311-4f4d-8e3c-1e5eee177d6c,Blue Monday,,False,,,Fats Domino,Fats Domino,e787de5d-49e2-4b1f-9bde-1fd3a671b971,Fats Domino,e787de5d-49e2-4b1f-9bde-1fd3a671b971,
2fff74ec-f703-41c2-8e37-3d81edd13aa8,4ever,,False,,"part of “2008-12-25: A State of Trance #384, “Yearmix of 2008”” DJ-mix",Solarstone,Solarstone,1302c7ad-e6b5-433c-b172-0debf9f82d68,Solarstone,1302c7ad-e6b5-433c-b172-0debf9f82d68,
f359e7fc-31e2-48c9-b495-b664b8f95245,Turn It On,,False,,"part of “2008-12-25: A State of Trance #384, “Yearmix of 2008”” DJ-mix",Alex M.O.R.P.H. & Woody van Eyden feat. Michelle Citrin,Alex M.O.R.P.H.|Woody van Eyden|Michelle Citrin,e74d1be6-ed61-480f-bcbc-7f33530494fb|cfcd50a9-ac48-431b-9c46-ed51857668ad|29f67078-d5cd-47fb-894e-38057a2eb3fe,Alex M.O.R.P.H.,e74d1be6-ed61-480f-bcbc-7f33530494fb,
e9a49dfa-5ef6-46ea-9717-51c4f3068bc8,Imagine,,False,,"part of “2008-12-25: A State of Trance #384, “Yearmix of 2008”” DJ-mix",Armin van Buuren,Armin van Buuren,477b8c0c-c5fc-4ad2-b5b2-191f0bf2a9df,Armin van Buuren,477b8c0c-c5fc-4ad2-b5b2-191f0bf2a9df,
ad0c4eb7-1615-4cb5-949d-b1c0ff77615a,Hide & Seek,,False,,"part of “2008-12-25: A State of Trance #384, “Yearmix of 2008”” DJ-mix",Kyau & Albert,Kyau & Albert,088acc1e-6762-4350-8bd7-c8f6fb5178ec,Kyau & Albert,088acc1e-6762-4350-8bd7-c8f6fb5178ec,
c57b3129-d0a6-4343-bcdd-d619dcbc155e,Blue Fear,,False,,part of “2001-06-01: A State of Trance #1” DJ-mix,Armin van Buuren,Armin van Buuren,477b8c0c-c5fc-4ad2-b5b2-191f0bf2a9df,Armin van Buuren,477b8c0c-c5fc-4ad2-b5b2-191f0bf2a9df,
055afa50-7b86-41e5-bbc7-25823a09ee93,My Enemy,,False,,part of “2010-09-30: A State of Trance #476” DJ-mix,Super8 & Tab feat. Julie Thompson,Super8 & Tab|Julie Thompson,c54d9d94-e94f-4d8d-850d-1c314bd4ee15|8b826523-8db7-4984-89ef-0691324f1d99,Super8 & Tab,c54d9d94-e94f-4d8d-850d-1c314bd4ee15,
79de1028-13c5-4dc1-9064-270a57650e7d,Dreaming,164000,False,,,Joey Cape,Joey Cape,94879e7e-095a-44bf-8916-2246ea53e931,Joey Cape,94879e7e-095a-44bf-8916-2246ea53e931,
1c7141be-38d7-43d1-8709-30c3ff641ee4,Forever,,False,,1993 re-recording,The Beach Boys,The Beach Boys,ebfc1398-8d96-47e3-82c3-f782abcdb13d,The Beach Boys,ebfc1398-8d96-47e3-82c3-f782abcdb13d,
10408259-96d0-4092-86fe-5d878c231e28,Shout,264613,False,,,OneRepublic,OneRepublic,c33c2065-b1c3-4406-b066-d33a9e2ea71a,OneRepublic,c33c2065-b1c3-4406-b066-d33a9e2ea71a,
cb02dbe7-f870-4ec4-8774-3e39368759af,Deja Vu,149000,False,,,INNA feat. Bob Taylor,INNA|Bob Taylor,99efca32-eea1-45fb-92cb-8798976a9769|cf39d071-545f-412f-b832-8146ca2a5202,INNA,99efca32-eea1-45fb-92cb-8798976a9769,
e21a2cb6-e272-413b-a83b-09c9a4147297,Dear God,,False,,,XTC,XTC,97c86b2c-2765-46a2-aef8-76a7e24c430f,XTC,97c86b2c-2765-46a2-aef8-76a7e24c430f,
58c12c2d-96f5-4c54-b6ba-a94410616561,You Were There,120000,False,,,Michael Jackson,Michael Jackson,f27ec8db-af05-4f36-916e-3d57f91ecf5e,Michael Jackson,f27ec8db-af05-4f36-916e-3d57f91ecf5e,
cf4f6659-a020-40bf-9237-a366f37adff0,One,,False,,part of “2010-08-05: A State of Trance #468” DJ-mix,Swedish House Mafia,Swedish House Mafia,99075985-0d80-4692-a15e-b16f78831792,Swedish House Mafia,99075985-0d80-4692-a15e-b16f78831792,
84ab3a61-5415-47d7-8a6a-124a457403c4,Open Your Heart,,False,,"live, 2010-07-08: A State of Trance #464: Tuesdays Amnesia, Ibiza, Spain",Cosmic Gate feat. Tiff Lacey,Cosmic Gate|Tiff Lacey,5f3b32e5-efb5-4096-9260-587c155e50b7|5d7230df-5267-4a30-9c4f-414f04ea91a5,Cosmic Gate,5f3b32e5-efb5-4096-9260-587c155e50b7,
cfc8931a-8c65-409d-ab42-8d45b5db5aef,100,,False,,"live, 2010-07-08: A State of Trance #464: Tuesdays Amnesia, Ibiza, Spain",Rank 1 vs. Wippenberg & Nic Chagall,Rank 1|Wippenberg|Nic Chagall,bd5d07eb-dcb8-4d11-b873-908401e92ee4|0642f638-6415-49ea-97fc-8fa8757eb6cf|c22ee5d9-f64f-4c55-9ddb-d1e0e431ef1e,Rank 1,bd5d07eb-dcb8-4d11-b873-908401e92ee4,
a365e042-645f-49d4-a60f-712c1268b974,Mirage,,False,,"live, 2010-12-16: A State of Trance #487: Armin Only, Kiev, Ukraine",Armin van Buuren,Armin van Buuren,477b8c0c-c5fc-4ad2-b5b2-191f0bf2a9df,Armin van Buuren,477b8c0c-c5fc-4ad2-b5b2-191f0bf2a9df,
d677d5ad-d7b9-444c-ac03-abae7fb5f820,Saber amar,204666,False,,,Os Paralamas do Sucesso,Os Paralamas do Sucesso,f197a8df-ac2b-4e78-9913-4abf13741f12,Os Paralamas do Sucesso,f197a8df-ac2b-4e78-9913-4abf13741f12,
4bbe5b51-6454-4aae-b027-0a995542cda8,Save Me,,False,,"part of “2010-12-23: A State of Trance #488, ""Top 20 of 2010""” DJ-mix",Shogun feat. Emma Lock,Shogun|Emma Lock,cb99cdb6-55e0-47ed-ae60-6b4c2630a661|1e339c36-0f80-4816-9d2c-6449e5085088,Shogun,cb99cdb6-55e0-47ed-ae60-6b4c2630a661,
8aabf965-b069-4f37-bc12-88ce10a84b26,Coming Home,,False,,"part of “2010-12-23: A State of Trance #488, ""Top 20 of 2010""” DJ-mix",Armin van Buuren,Armin van Buuren,477b8c0c-c5fc-4ad2-b5b2-191f0bf2a9df,Armin van Buuren,477b8c0c-c5fc-4ad2-b5b2-191f0bf2a9df,
f4e46940-d90c-4af9-99bc-7c31061faf66,Perception,,False,,"part of “2010-12-23: A State of Trance #488, ""Top 20 of 2010""” DJ-mix",Markus Schulz feat. Justine Suissa,Markus Schulz|Justine Suissa,62558a6c-cbb1-4bee-a843-d07d187ddf55|d7bf93e8-0bad-4c4d-801d-f0aa58940244,Markus Schulz,62558a6c-cbb1-4bee-a843-d07d187ddf55,
c3769a4c-ec6f-4283-b63a-aa5513407f95,She Moves,,False,,"part of “2010-12-23: A State of Trance #488, ""Top 20 of 2010""” DJ-mix",Andy Moor feat. Carrie Skipper,Andy Moor|Carrie Skipper,4c815fc0-2cac-457f-90a7-5f57c9dc3dcf|dca5b3c6-49c2-43d9-9eb6-cc48ce78d816,Andy Moor,4c815fc0-2cac-457f-90a7-5f57c9dc3dcf,
6da9ae1e-42a7-43c4-bd77-6c160bac984b,Poison,70000,False,,,Glee Cast,Glee Cast,29542149-a818-4167-aa91-439adc9d61f5,Glee Cast,29542149-a818-4167-aa91-439adc9d61f5,
180bab1d-ea31-4255-a0f3-0ab08276afcc,The Great Escape,,False,,"part of “2010-12-30: A State of Trance #489, “Yearmix of 2010”” DJ-mix",Rank 1 vs. Jochen Miller,Rank 1|Jochen Miller,bd5d07eb-dcb8-4d11-b873-908401e92ee4|93a42d24-99c1-4a9f-98b9-b0f9b4a2e1f4,Rank 1,bd5d07eb-dcb8-4d11-b873-908401e92ee4,
788e6fba-12d4-4a29-b3a1-1eddf28f4c64,Calling,,False,,"part of “2010-12-30: A State of Trance #489, “Yearmix of 2010”” DJ-mix",tyDi feat. Audrey Gallagher,tyDi|Audrey Gallagher,589fd2c1-50b4-45f1-918c-cd678f3492f8|ba65a099-8d5f-4605-bdbd-559c23d39570,tyDi,589fd2c1-50b4-45f1-918c-cd678f3492f8,
47695159-7a0b-4f3f-b948-5d6b9e2f1cfb,Mirage,,False,,"part of “2010-12-30: A State of Trance #489, “Yearmix of 2010”” DJ-mix",Armin van Buuren,Armin van Buuren,477b8c0c-c5fc-4ad2-b5b2-191f0bf2a9df,Armin van Buuren,477b8c0c-c5fc-4ad2-b5b2-191f0bf2a9df,
17807a4b-8fa8-448a-8ece-a40a5775c695,Impact,,False,,part of “2011-01-13: A State of Trance #491” Dj-mix,W&W,W&W,5df88386-32bb-48b2-8eff-47a450079075,W&W,5df88386-32bb-48b2-8eff-47a450079075,
fe0ac1a9-d431-4727-a862-6b6b9b9e08ba,100,,False,,"part of “2010-12-30: A State of Trance #489, “Yearmix of 2010”” DJ-mix",Rank 1 vs. Wippenberg & Nic Chagall,Rank 1|Wippenberg|Nic Chagall,bd5d07eb-dcb8-4d11-b873-908401e92ee4|0642f638-6415-49ea-97fc-8fa8757eb6cf|c22ee5d9-f64f-4c55-9ddb-d1e0e431ef1e,Rank 1,bd5d07eb-dcb8-4d11-b873-908401e92ee4,
d7cd2c65-58f0-46dd-9896-8a88c842136c,One,,False,,"part of “2010-12-30: A State of Trance #489, “Yearmix of 2010”” DJ-mix",Swedish House Mafia,Swedish House Mafia,99075985-0d80-4692-a15e-b16f78831792,Swedish House Mafia,99075985-0d80-4692-a15e-b16f78831792,
1e5f12a3-b199-4478-bcaa-b8b0194c0216,Vanilla,,False,,"part of “2010-12-30: A State of Trance #489, “Yearmix of 2010”” DJ-mix",tyDi feat. Tania Zygar,tyDi|Tania Zygar,589fd2c1-50b4-45f1-918c-cd678f3492f8|58dac89e-3c5a-478e-94a4-b8f428542207,tyDi,589fd2c1-50b4-45f1-918c-cd678f3492f8,
880c8fd6-c397-47aa-af80-6633c0d1a70e,The Great Escape,,False,,"live, 2010-04-02: A State of Trance #450: Roseland Ballroom, New York City, USA",Rank 1 vs. Jochen Miller,Rank 1|Jochen Miller,bd5d07eb-dcb8-4d11-b873-908401e92ee4|93a42d24-99c1-4a9f-98b9-b0f9b4a2e1f4,Rank 1,bd5d07eb-dcb8-4d11-b873-908401e92ee4,
a2e58ac8-a1d5-4d98-9b73-86e912175200,[intro],,False,,"live, 2010-04-02: A State of Trance #450: Roseland Ballroom, New York City, USA",Rank 1,Rank 1,bd5d07eb-dcb8-4d11-b873-908401e92ee4,Rank 1,bd5d07eb-dcb8-4d11-b873-908401e92ee4,
5e9c512a-d204-4ce7-a014-4ab997d857dc,[intro],,False,,"live, 2010-04-03: A State of Trance #450: Roseland Ballroom, New York City, USA",Armin van Buuren,Armin van Buuren,477b8c0c-c5fc-4ad2-b5b2-191f0bf2a9df,Armin van Buuren,477b8c0c-c5fc-4ad2-b5b2-191f0bf2a9df,
0828443e-a35a-4dc6-8f50-cf3fe69780de,The Great Escape,,False,,"live, 2010-04-03: A State of Trance #450: Roseland Ballroom, New York City, USA",Rank 1 vs. Jochen Miller,Rank 1|Jochen Miller,bd5d07eb-dcb8-4d11-b873-908401e92ee4|93a42d24-99c1-4a9f-98b9-b0f9b4a2e1f4,Rank 1,bd5d07eb-dcb8-4d11-b873-908401e92ee4,
b736241e-a3e3-4579-942f-e7c2d5bd2cee,Paradise,,False,,part of “2011-02-03: A State of Trance #494” DJ-mix,Aly & Fila vs. Tiff Lacey,Aly & Fila|Tiff Lacey,045bc733-e2f0-4f3b-8807-6a6d84505ea8|5d7230df-5267-4a30-9c4f-414f04ea91a5,Aly & Fila,045bc733-e2f0-4f3b-8807-6a6d84505ea8,
298951fa-6b13-4a75-ad9e-bf08db04e39a,Rasputin,260000,False,,,Sonic Boom Six,Sonic Boom Six,133c4d11-825c-4077-8dbf-ade673a73696,Sonic Boom Six,133c4d11-825c-4077-8dbf-ade673a73696,
b05049c7-7438-4098-af76-ecf9c89f070a,Restless,,False,,,UNKLE,UNKLE,6648391e-7890-4f6c-b939-976f215195d3,UNKLE,6648391e-7890-4f6c-b939-976f215195d3,
2381b1bb-d48c-48ad-9acc-25ad649a057b,Injection,,False,,,Rise Against,Rise Against,606bf117-494f-4864-891f-09d63ff6aa4b,Rise Against,606bf117-494f-4864-891f-09d63ff6aa4b,
589463d2-9a07-4124-8317-8b8592677be2,Shift,211440,False,,,Grizzly Bear,Grizzly Bear,59a7fbcb-ff74-494d-abd0-9c82359040c9,Grizzly Bear,59a7fbcb-ff74-494d-abd0-9c82359040c9,
fe895fa4-30b0-4174-9b66-ce1d909d83a2,How Far We've Come,185000,False,,,Boyce Avenue,Boyce Avenue,0e517f4b-6d89-48f0-8a11-16416bd0fdcb,Boyce Avenue,0e517f4b-6d89-48f0-8a11-16416bd0fdcb,
283c0aab-79aa-4147-b716-89484ec2d7ec,Half of My Heart,,False,,,Boyce Avenue feat. Savannah Outen,Boyce Avenue|Savannah Outen,0e517f4b-6d89-48f0-8a11-16416bd0fdcb|82c079df-6589-4f24-82e5-5c75511b9ac2,Boyce Avenue,0e517f4b-6d89-48f0-8a11-16416bd0fdcb,
a05755aa-f3df-4aa0-bba1-a4e99869835b,With or Without You,,False,,,Boyce Avenue feat. Kina Grannis,Boyce Avenue|Kina Grannis,0e517f4b-6d89-48f0-8a11-16416bd0fdcb|7a1766ba-3d50-428f-b6f5-4d267248c744,Boyce Avenue,0e517f4b-6d89-48f0-8a11-16416bd0fdcb,
3b6bcec6-70b0-4f94-8153-1a5cb64ceeb5,Firework,,False,,,Boyce Avenue feat. David Choi,Boyce Avenue|David Choi,0e517f4b-6d89-48f0-8a11-16416bd0fdcb|451b12b6-5505-4c30-96a9-5fbe2d15c3d4,Boyce Avenue,0e517f4b-6d89-48f0-8a11-16416bd0fdcb,
349a1d9f-d784-4c2b-bfab-58ef6591056c,Fast Car,,False,,,Boyce Avenue feat. Kina Grannis,Boyce Avenue|Kina Grannis,0e517f4b-6d89-48f0-8a11-16416bd0fdcb|7a1766ba-3d50-428f-b6f5-4d267248c744,Boyce Avenue,0e517f4b-6d89-48f0-8a11-16416bd0fdcb,
3cf04b06-8243-4e7f-a2a2-b526cc5c285a,Need You Now,,False,,,Boyce Avenue feat. Savannah Outen,Boyce Avenue|Savannah Outen,0e517f4b-6d89-48f0-8a11-16416bd0fdcb|82c079df-6589-4f24-82e5-5c75511b9ac2,Boyce Avenue,0e517f4b-6d89-48f0-8a11-16416bd0fdcb,
831d8545-4edc-4b8e-b3b5-36c43338bd28,Those Were the Days,,False,,,The Ventures,The Ventures,b2cc8903-0077-4bef-8454-ac5cef53d126,The Ventures,b2cc8903-0077-4bef-8454-ac5cef53d126,
48807728-35f4-4bd6-9012-782a286f19dc,Turquoise Hexagon Sun,184000,False,,,Goldmund,Goldmund,6ea0f255-4920-44e4-89ff-586c27b219a0,Goldmund,6ea0f255-4920-44e4-89ff-586c27b219a0,
47c5e66a-0ef2-4485-8ff4-0df8d62a5416,Superman,173133,False,,,R.E.M.,R.E.M.,ea4dfa26-f633-4da6-a52a-f49ea4897b58,R.E.M.,ea4dfa26-f633-4da6-a52a-f49ea4897b58,
41ef89f8-eca6-4ba6-88f2-1debe2278848,Beautiful Things,,False,,"live, 2010-04-24: A State of Trance 450: Hala Stulecia, Wroclaw, Poland",Andain,Andain,3b40b4f6-070c-4433-86ff-c57c71046456,Andain,3b40b4f6-070c-4433-86ff-c57c71046456,
7180b91e-755d-4202-aa2c-9a3bbf8cc7c0,Moonlight Sonata,,False,,part of “2011-03-10: A State of Trance #499” DJ-mix,Ashley Wallbridge,Ashley Wallbridge,b6ef2abb-e1e7-4036-b63b-91f1a2974025,Ashley Wallbridge,b6ef2abb-e1e7-4036-b63b-91f1a2974025,
4efa5526-fc8c-4497-9cba-45040c7cac4c,[intro],,False,,"live, 2010-04-24: A State of Trance 450: Hala Stulecia, Wroclaw, Poland",Mat Zo,Mat Zo,c0fe9d3b-526c-491e-9814-a81571ebf2e5,Mat Zo,c0fe9d3b-526c-491e-9814-a81571ebf2e5,
94da45f0-29ca-4809-b5b3-6f5b68161de9,[intro],,False,,"live, 2010-04-24: A State of Trance 450: Hala Stulecia, Wroclaw, Poland",Super8 & Tab,Super8 & Tab,c54d9d94-e94f-4d8d-850d-1c314bd4ee15,Super8 & Tab,c54d9d94-e94f-4d8d-850d-1c314bd4ee15,
5203eb16-9df6-4765-9479-809594d1679b,Rebound,,False,,part of “2011-03-10: A State of Trance #499” DJ-mix,ARTY & Mat Zo,ARTY|Mat Zo,52491cf4-55df-4d0f-b4d4-c3652f7e122d|c0fe9d3b-526c-491e-9814-a81571ebf2e5,ARTY,52491cf4-55df-4d0f-b4d4-c3652f7e122d,
66c5e134-a37b-4c15-917c-d1d57b962770,[intro],,False,,"live, 2010-04-24: A State of Trance 450: Hala Stulecia, Wroclaw, Poland",Markus Schulz,Markus Schulz,62558a6c-cbb1-4bee-a843-d07d187ddf55,Markus Schulz,62558a6c-cbb1-4bee-a843-d07d187ddf55,
5b63ee43-d9ba-4063-839a-b5554fb16a4d,Somehow,,False,,part of “2009-05-14: A State of Trance #404” DJ-mix,tyDi & Dennis Sheperd feat. Marcie,tyDi|Dennis Sheperd|Marcie,589fd2c1-50b4-45f1-918c-cd678f3492f8|020fa778-0860-46df-8325-1ad9a6870ab5|ae663536-e178-4c9b-b2f7-80c46c72bf52,tyDi,589fd2c1-50b4-45f1-918c-cd678f3492f8,
52cbee1e-9f73-43ee-bcb1-a2c2619f6cc5,Somehow,,False,,part of “2009-04-30: A State of Trance #402” DJ-mix,tyDi & Dennis Sheperd feat. Marcie,tyDi|Dennis Sheperd|Marcie,589fd2c1-50b4-45f1-918c-cd678f3492f8|020fa778-0860-46df-8325-1ad9a6870ab5|ae663536-e178-4c9b-b2f7-80c46c72bf52,tyDi,589fd2c1-50b4-45f1-918c-cd678f3492f8,
450d6e8a-0708-41dc-8406-ea7d2229bec7,Back,,False,,part of “2009-05-21: A State of Trance #405” DJ-mix,Airbase,Airbase,d857e4eb-0ef6-49da-83ef-9de68e24e18c,Airbase,d857e4eb-0ef6-49da-83ef-9de68e24e18c,
dcee2d37-5191-4415-acca-0a91c221bc3d,Stronger,222000,False,,,Clean Bandit feat Ariel Moore,Clean Bandit|Ariel Moore,dacc2d64-7e59-42a8-87a9-10c53919aff2|4769d6e4-6b6e-4ea6-9c77-3774097c3cb4,Clean Bandit,dacc2d64-7e59-42a8-87a9-10c53919aff2,
3f277b06-c7d9-4eef-aa73-0ad943d363ba,Fireball,171000,False,,,Chuck Berry & Bo Diddley,Chuck Berry|Bo Diddley,592a3b6d-c42b-4567-99c9-ecf63bd66499|bf659d74-0b61-488c-8a7d-594f43bed9e0,Chuck Berry,592a3b6d-c42b-4567-99c9-ecf63bd66499,
9735702b-ad2a-4a49-80e4-ce760153b520,Stay,220000,False,,,Snoop Dogg,Snoop Dogg,f90e8b26-9e52-4669-a5c9-e28529c47894,Snoop Dogg,f90e8b26-9e52-4669-a5c9-e28529c47894,
e1f79ff0-7a91-4abf-a1f1-b3425a168236,Layla,,False,,,Derek and the Dominos,Derek and the Dominos,2155a81a-f0c6-417a-9b16-2f86f98bb8bc,Derek and the Dominos,2155a81a-f0c6-417a-9b16-2f86f98bb8bc,
f654e783-8d4c-4d06-9c85-4daa1f874756,Neon,,False,,instrumental,Doctor P,Doctor P,569f11cd-2d27-40da-9b01-237f7837db77,Doctor P,569f11cd-2d27-40da-9b01-237f7837db77,
7a34ff83-a878-4666-af90-04d767279244,Next Level,,False,,part of “2011-04-21: A State of Trance #505” DJ-mix,Estiva,Estiva,0b3dc639-6dcb-4ef0-93e6-3c66e95c5e9a,Estiva,0b3dc639-6dcb-4ef0-93e6-3c66e95c5e9a,
454f4e27-d82e-418f-9357-1d3064c60831,Awakening,,False,,part of “2001-12-13: A State of Trance #26” DJ-mix,Rank 1,Rank 1,bd5d07eb-dcb8-4d11-b873-908401e92ee4,Rank 1,bd5d07eb-dcb8-4d11-b873-908401e92ee4,
ebaad2e6-6697-4b85-90fd-53660ceff833,Awakening,,False,,part of “2001-12-20: A State of Trance #27” DJ-mix,Rank 1,Rank 1,bd5d07eb-dcb8-4d11-b873-908401e92ee4,Rank 1,bd5d07eb-dcb8-4d11-b873-908401e92ee4,
4edff3a2-9a2a-45d8-a74a-601eb13d2932,Phantom,,False,,part of “2011-04-21: A State of Trance #505” DJ-mix,W&W vs. Wezz Devall,W&W|Wezz Devall,5df88386-32bb-48b2-8eff-47a450079075|57489083-c551-4ce4-9a29-482e797260e4,W&W,5df88386-32bb-48b2-8eff-47a450079075,
0b810e8a-4317-408b-8b36-5d8fa36c7d0f,Feel It,,False,,"live, 2011-04-16: A State of Trance #500, Acer Arena, Sydney, Australia",Ferry Corsten,Ferry Corsten,47347cb8-ac34-4916-84b6-d85d4e5e5384,Ferry Corsten,47347cb8-ac34-4916-84b6-d85d4e5e5384,
1400e6b9-f72f-43a8-a46f-664267f35595,The Great Escape,,False,,,Rank 1 vs. Jochen Miller,Rank 1|Jochen Miller,bd5d07eb-dcb8-4d11-b873-908401e92ee4|93a42d24-99c1-4a9f-98b9-b0f9b4a2e1f4,Rank 1,bd5d07eb-dcb8-4d11-b873-908401e92ee4,
fc24da9d-0caf-4d69-abfb-59598fb3df41,Feel It,,False,,"live, 2011-04-09: A State of Trance #500, Brabanthallen, Den Bosch, Netherlands",Ferry Corsten,Ferry Corsten,47347cb8-ac34-4916-84b6-d85d4e5e5384,Ferry Corsten,47347cb8-ac34-4916-84b6-d85d4e5e5384,
cffeb843-c2eb-4b24-9677-e7acbc3246ec,Du hast,,False,,"live, 2011-03-27: A State of Trance 500: Ultra Music Festival, Miami, USA",Rammstein,Rammstein,b2d122f9-eadb-4930-a196-8f221eeb0c66,Rammstein,b2d122f9-eadb-4930-a196-8f221eeb0c66,
92cc7774-bea6-49eb-b2fe-c5d8fbb06c74,Feel It,,False,,,Ferry Corsten,Ferry Corsten,47347cb8-ac34-4916-84b6-d85d4e5e5384,Ferry Corsten,47347cb8-ac34-4916-84b6-d85d4e5e5384,
cce9a6d0-6249-4557-ac3d-2c4b28f7df0e,Smoke,,False,,,Ashley Wallbridge,Ashley Wallbridge,b6ef2abb-e1e7-4036-b63b-91f1a2974025,Ashley Wallbridge,b6ef2abb-e1e7-4036-b63b-91f1a2974025,
7bcf74e8-3e49-40ef-bef1-a639fa3524c4,Beautiful,,False,,"live, 2011-03-27: A State of Trance #500, Ultra Music Festival, Miami, USA",Ferry Corsten,Ferry Corsten,47347cb8-ac34-4916-84b6-d85d4e5e5384,Ferry Corsten,47347cb8-ac34-4916-84b6-d85d4e5e5384,
fcbe133b-4ca1-40a3-b9e5-43917fa991b2,Serenity,,False,,"live, 2011-04-09: A State of Trance #500, “Den Bosch, Netherlands, A State of Blue, Part 5: Armin van Buuren”: Brabanthallen, Den Bosch, Netherlands",Armin van Buuren feat. Jan Vayne,Armin van Buuren|Jan Vayne,477b8c0c-c5fc-4ad2-b5b2-191f0bf2a9df|47dc9326-81da-4f23-9e39-b4e5bc0d6bbd,Armin van Buuren,477b8c0c-c5fc-4ad2-b5b2-191f0bf2a9df,
57191ab4-c56c-4c77-9272-d56bf8c3b17c,Midnight Sun,,False,,"live, 2011-03-27: A State of Trance 500: Ultra Music Festival, Miami, USA",ATB,ATB,22a096ef-c70d-4d70-ae19-4fc2412d4986,ATB,22a096ef-c70d-4d70-ae19-4fc2412d4986,
bc2d2f31-f863-416c-9a67-ae09314781f6,Home (club mix),,False,,,Above & Beyond,Above & Beyond,370bd5a3-4abf-4356-8576-3a8fc0c11d65,Above & Beyond,370bd5a3-4abf-4356-8576-3a8fc0c11d65,
17b275a0-f42b-4ee6-a204-04490429c7cb,Better Days,,False,,"live, 2011-04-09: A State of Trance 500: Brabanthallen, Den Bosch, The Netherlands: A State of Red, Part 2: Estiva",Estiva feat. Josie,Estiva|Josie,0b3dc639-6dcb-4ef0-93e6-3c66e95c5e9a|06dec498-8f3a-4165-a05f-267522a87c64,Estiva,0b3dc639-6dcb-4ef0-93e6-3c66e95c5e9a,
b3f4a704-0a3f-4562-8d7a-68c35717850c,AK-47,,False,,"live, 2011-04-09: A State of Trance #500, Brabanthallen, Den Bosch, Netherlands",W&W,W&W,5df88386-32bb-48b2-8eff-47a450079075,W&W,5df88386-32bb-48b2-8eff-47a450079075,
cc8cd255-64c2-4ebb-8156-d1e7198d7741,The Great Escape,,False,,,Rank 1 vs. Jochen Miller,Rank 1|Jochen Miller,bd5d07eb-dcb8-4d11-b873-908401e92ee4|93a42d24-99c1-4a9f-98b9-b0f9b4a2e1f4,Rank 1,bd5d07eb-dcb8-4d11-b873-908401e92ee4,
101cede0-5158-458b-8c7c-446780e4b0e1,Feel It,,False,,,Ferry Corsten,Ferry Corsten,47347cb8-ac34-4916-84b6-d85d4e5e5384,Ferry Corsten,47347cb8-ac34-4916-84b6-d85d4e5e5384,
aec99ad7-bf89-4a35-8d21-f3eb0e406060,Next Level,,False,,"live, 2011-04-09: A State of Trance 500: Brabanthallen, Den Bosch, The Netherlands: A State of Red, Part 2: Estiva",Estiva,Estiva,0b3dc639-6dcb-4ef0-93e6-3c66e95c5e9a,Estiva,0b3dc639-6dcb-4ef0-93e6-3c66e95c5e9a,
de37b429-8f6b-41c3-8257-be0fe6262f74,Intro,197000,False,,,The xx,The xx,c5c2ea1c-4bde-4f4d-bd0b-47b200bf99d6,The xx,c5c2ea1c-4bde-4f4d-bd0b-47b200bf99d6,
dd859a13-a002-40ce-b9f3-eb9e64133457,Lights,318000,False,,,Ellie Goulding,Ellie Goulding,33ca19f4-18c8-4411-98df-ac23890ce9f5,Ellie Goulding,33ca19f4-18c8-4411-98df-ac23890ce9f5,
d3219799-d26a-4fa4-9334-70062dabfec1,[intro],,False,,"live, 2010-07-08: A State of Trance #464: Tuesdays Amnesia, Ibiza, Spain",Cosmic Gate,Cosmic Gate,5f3b32e5-efb5-4096-9260-587c155e50b7,Cosmic Gate,5f3b32e5-efb5-4096-9260-587c155e50b7,
1046193e-d9eb-4b7f-bee9-559227993adf,16,,False,,,Nach,Nach,ff734df1-6795-43ec-84a7-ae04b356dad1,Nach,ff734df1-6795-43ec-84a7-ae04b356dad1,
32017c43-7238-4cd1-96d4-f2753e4996a8,Don't Cry for Me Argentina,,False,,orphan,Andrew Lloyd Webber,Andrew Lloyd Webber,980ee2d8-2ee9-407b-b48e-48360fbc7437,Andrew Lloyd Webber,980ee2d8-2ee9-407b-b48e-48360fbc7437,
071b36d3-578f-4d4f-be8a-e2691262dfd9,Only You,,False,,,Andrew Lloyd Webber,Andrew Lloyd Webber,980ee2d8-2ee9-407b-b48e-48360fbc7437,Andrew Lloyd Webber,980ee2d8-2ee9-407b-b48e-48360fbc7437,
2102dd4b-f53f-49cf-a39d-98e5e0e65b85,Breathe,253000,False,,,Dennis,Dennis,db262e4c-cdef-45a5-9d3f-652151bf5fab,Dennis,db262e4c-cdef-45a5-9d3f-652151bf5fab,
e5adc79a-bf7b-40f6-8822-37bc3ed3d1b2,Vanish,333000,False,,,Datsik,Datsik,aefe89d2-84b0-4c13-bfbb-04ed9614ca7c,Datsik,aefe89d2-84b0-4c13-bfbb-04ed9614ca7c,
d0f5fe13-ae08-49b4-bd11-8aa1ecffca22,Opening,,False,,"live, 2011-01-28: Living Room Cafe, Dōgenzaka, Shibuya, Tokyo, Japan",Mr. Big,Mr. Big,bd1180c4-4252-461f-94dc-543906c02522,Mr. Big,bd1180c4-4252-461f-94dc-543906c02522,
43489241-fde6-4052-b112-120b96c98a88,Quantum,245000,False,,,Datsik,Datsik,aefe89d2-84b0-4c13-bfbb-04ed9614ca7c,Datsik,aefe89d2-84b0-4c13-bfbb-04ed9614ca7c,
bee65bb5-f5f8-4c97-87de-08b0d40dfd91,Prelude,,False,,part of “2011-06-09: A State of Trance #512” DJ-mix,Above & Beyond,Above & Beyond,370bd5a3-4abf-4356-8576-3a8fc0c11d65,Above & Beyond,370bd5a3-4abf-4356-8576-3a8fc0c11d65,
2be75cf9-120a-4278-8d3d-a4cb970a5130,Red,249000,False,,,Chevelle,Chevelle,8456e9f7-debf-4579-a86c-33a325a35d2d,Chevelle,8456e9f7-debf-4579-a86c-33a325a35d2d,
b43e1821-9607-4f95-b841-7da8ba6a59b4,Self Portrait,217000,False,,,Gonzales,Chilly Gonzales,9c306413-56b6-4ff6-982a-7e4b87d01340,Chilly Gonzales,9c306413-56b6-4ff6-982a-7e4b87d01340,
3848fc20-4453-4b54-805f-dbb9b7867c88,Go,,False,,,Hillsong,Hillsong Worship,dabaab7a-e807-435e-b2d7-1403fcdc0671,Hillsong Worship,dabaab7a-e807-435e-b2d7-1403fcdc0671,
bdf37bb8-7162-4e3c-91f2-bcc4bef6694e,Bitter Heart,120000,False,,,Daniela Andrade,Daniela Andrade,a70bb21e-f84f-4343-978c-346a2c01d38e,Daniela Andrade,a70bb21e-f84f-4343-978c-346a2c01d38e,
03011c2b-8930-4573-948b-5f11d97027f1,Everything,137000,False,,,Daniela Andrade,Daniela Andrade,a70bb21e-f84f-4343-978c-346a2c01d38e,Daniela Andrade,a70bb21e-f84f-4343-978c-346a2c01d38e,
93751ec5-95d5-4e7a-ad0e-9a92e715fdbe,Oração,363000,False,,,A Banda Mais Bonita da Cidade,A Banda Mais Bonita da Cidade,260bff77-1d4f-49b6-9e8c-1e2797ce0528,A Banda Mais Bonita da Cidade,260bff77-1d4f-49b6-9e8c-1e2797ce0528,
4bd6e376-26ff-4437-8919-8359877abbed,Old Man,181000,False,,,Redlight King,Redlight King,30228d9e-83f5-4369-840f-0b84d86e1ccb,Redlight King,30228d9e-83f5-4369-840f-0b84d86e1ccb,
98ce275d-127d-4e33-92de-07539a8fa952,Heaven,,False,,,Bryan Adams,Bryan Adams,4dbf5678-7a31-406a-abbe-232f8ac2cd63,Bryan Adams,4dbf5678-7a31-406a-abbe-232f8ac2cd63,
c4437c92-a93f-4039-9c5f-91b460b3a9cb,Check It Out,,False,,part of “2011-06-30: A State of Trance #515” DJ-mix,Ferry Corsten,Ferry Corsten,47347cb8-ac34-4916-84b6-d85d4e5e5384,Ferry Corsten,47347cb8-ac34-4916-84b6-d85d4e5e5384,
cbcb8d50-8d52-4525-8916-4741e8d7bcc6,Equilibrium,,False,,part of “2002-03-21: A State of Trance #40” DJ-mix,Rank 1,Rank 1,bd5d07eb-dcb8-4d11-b873-908401e92ee4,Rank 1,bd5d07eb-dcb8-4d11-b873-908401e92ee4,
4fdf5625-c5e0-40fb-9e7c-25652f5724cb,Sunburn,,False,,part of “2002-04-18: A State of Trance #44” DJ-mix,Armin van Buuren,Armin van Buuren,477b8c0c-c5fc-4ad2-b5b2-191f0bf2a9df,Armin van Buuren,477b8c0c-c5fc-4ad2-b5b2-191f0bf2a9df,
8a0bae3d-af65-4404-8d8c-f3a17a29387a,Awakening,,False,,part of “2002-03-14: A State of Trance #39” DJ-mix,Rank 1,Rank 1,bd5d07eb-dcb8-4d11-b873-908401e92ee4,Rank 1,bd5d07eb-dcb8-4d11-b873-908401e92ee4,
d306a14e-83ae-4a96-859c-01540733675e,Sunburn,,False,,part of “2002-05-09: A State of Trance #47” DJ-mix,Armin van Buuren,Armin van Buuren,477b8c0c-c5fc-4ad2-b5b2-191f0bf2a9df,Armin van Buuren,477b8c0c-c5fc-4ad2-b5b2-191f0bf2a9df,
fc191d90-7b9b-45e0-8efd-1df83d9d7c8d,Sunburn,,False,,part of “2002-04-04: A State of Trance #42” DJ-mix,Armin van Buuren,Armin van Buuren,477b8c0c-c5fc-4ad2-b5b2-191f0bf2a9df,Armin van Buuren,477b8c0c-c5fc-4ad2-b5b2-191f0bf2a9df,
e80f2fef-ff27-491e-8bdd-02a71c71046b,Southern Sun (DJ Tiesto remix),,False,,part of “2002-05-16: A State of Trance #48” DJ-mix,Paul Oakenfold,Paul Oakenfold,7bf1f441-ccf1-4258-9797-07c8d16eb44c,Paul Oakenfold,7bf1f441-ccf1-4258-9797-07c8d16eb44c,
6b7d99a3-93bf-4ead-a004-8ef901098e08,Sunburn,,False,,part of “2002-05-02: A State of Trance #46” DJ-mix,Armin van Buuren,Armin van Buuren,477b8c0c-c5fc-4ad2-b5b2-191f0bf2a9df,Armin van Buuren,477b8c0c-c5fc-4ad2-b5b2-191f0bf2a9df,
adbf00cb-900f-4cc5-9c17-4f9a416511b6,Awakening,,False,,,Rank 1,Rank 1,bd5d07eb-dcb8-4d11-b873-908401e92ee4,Rank 1,bd5d07eb-dcb8-4d11-b873-908401e92ee4,
31971d7c-f5c6-4788-933d-25312f81f624,Dreaming of You,,False,,part of “2002-04-25: A State of Trance #45” DJ-mix,The Thrillseekers,The Thrillseekers,e619d8c4-5d76-498a-9d6d-086eef5ea922,The Thrillseekers,e619d8c4-5d76-498a-9d6d-086eef5ea922,
227a091f-399b-4a74-a875-7f4169beb222,By Your Side,,False,,part of “2005-08-18: A State of Trance #210” DJ-mix,The Thrillseekers feat. Gina Dootson,The Thrillseekers|Gina Dootson,e619d8c4-5d76-498a-9d6d-086eef5ea922|3bee869f-0647-467d-b76c-72de7abafe0d,The Thrillseekers,e619d8c4-5d76-498a-9d6d-086eef5ea922,
51113bc6-f185-4736-9509-8d542989fdb0,Go Tell It on the Mountain,160000,False,,,The Staple Singers,The Staple Singers,3d49e36a-cc9e-411e-93c6-d1646ba5bd3a,The Staple Singers,3d49e36a-cc9e-411e-93c6-d1646ba5bd3a,
ac89332e-1c0d-42a9-8343-8aa07e84cb54,Crossroads,254000,False,,,Tracy Chapman,Tracy Chapman,1129817c-488a-4096-80c1-77fc1b107c93,Tracy Chapman,1129817c-488a-4096-80c1-77fc1b107c93,
29f48956-5d46-409e-b47d-044e64c4ecf2,Suite: Judy Blue Eyes,529000,False,,,"Crosby, Stills & Nash","Crosby, Stills & Nash",cfafad90-b736-4c74-8ded-f3f4d7b2c792,"Crosby, Stills & Nash",cfafad90-b736-4c74-8ded-f3f4d7b2c792,
46900190-44a0-409b-883d-03183e831ca7,Pressure (Alesso remix),,False,,"2011-07-21: A State of Trance #518: Club Space, Ibiza","Nadia Ali, Starkillers & Alex Kenji",Nadia Ali|Starkillers|Alex Kenji,e5d928e1-b020-4dd8-9497-7aaee1b337bd|3074084f-5ad3-480e-8beb-cef1f0f93c55|c1587768-8e4e-4417-ad39-a91b55b087c1,Nadia Ali,e5d928e1-b020-4dd8-9497-7aaee1b337bd,
8cfd0783-ee56-41ba-b551-703a5d0028cf,Santa-Fe,,False,,,Bob Dylan,Bob Dylan,72c536dc-7137-4477-a521-567eeb840fa8,Bob Dylan,72c536dc-7137-4477-a521-567eeb840fa8,
b6f36714-900d-4386-8521-e16527e09af7,Tell Me,,False,,,Bob Dylan,Bob Dylan,72c536dc-7137-4477-a521-567eeb840fa8,Bob Dylan,72c536dc-7137-4477-a521-567eeb840fa8,
09c9c7c9-f635-4cf2-a609-93cf479f57f0,Like a Rolling Stone,,False,,,Bob Dylan,Bob Dylan,72c536dc-7137-4477-a521-567eeb840fa8,Bob Dylan,72c536dc-7137-4477-a521-567eeb840fa8,
adecdf0c-9fdf-448e-bd62-de03a97889f8,The Times They Are A-Changin',,False,,,Bob Dylan,Bob Dylan,72c536dc-7137-4477-a521-567eeb840fa8,Bob Dylan,72c536dc-7137-4477-a521-567eeb840fa8,
37e4af55-4e10-485e-808c-83a029a0400b,Angelina,,False,,,Bob Dylan,Bob Dylan,72c536dc-7137-4477-a521-567eeb840fa8,Bob Dylan,72c536dc-7137-4477-a521-567eeb840fa8,
8c21d01d-5e80-4f65-b47b-df2785aa965a,Wallflower,,False,,,Bob Dylan,Bob Dylan,72c536dc-7137-4477-a521-567eeb840fa8,Bob Dylan,72c536dc-7137-4477-a521-567eeb840fa8,
76220de7-c633-44aa-be5f-24866a84363d,I Shall Be Released,,False,,,Bob Dylan,Bob Dylan,72c536dc-7137-4477-a521-567eeb840fa8,Bob Dylan,72c536dc-7137-4477-a521-567eeb840fa8,
3a92a32c-67d3-4a92-b9be-ec91311a38a0,Kalimba De Luna,230000,False,,,Tony Esposito,Tony Esposito,b776609b-a568-4234-bbc4-756f2a812186,Tony Esposito,b776609b-a568-4234-bbc4-756f2a812186,
e3c1dc05-a590-4697-b3b1-aa10a014facb,Voyage Voyage,,False,,,Desireless,Desireless,b9a23705-56e8-4fb6-9543-7f43ab62eac7,Desireless,b9a23705-56e8-4fb6-9543-7f43ab62eac7,
ca1470f2-8161-410a-aa59-5bd473345be7,Johnny B. Goode,,False,,,Grateful Dead,Grateful Dead,6faa7ca7-0d99-4a5e-bfa6-1fd5037520c6,Grateful Dead,6faa7ca7-0d99-4a5e-bfa6-1fd5037520c6,
d71ff713-8840-4301-bf8c-3fcbebd60fec,I’ve Been in Love Before,,False,,,Cutting Crew,Cutting Crew,2aa79fa9-7ac0-443b-b250-18d67227a1cb,Cutting Crew,2aa79fa9-7ac0-443b-b250-18d67227a1cb,
79255d69-54ee-4a09-95a7-f2948ea96604,Promises,270000,False,,,The Cranberries,The Cranberries,c98d40fd-f6cf-4b26-883e-eaa515ee2851,The Cranberries,c98d40fd-f6cf-4b26-883e-eaa515ee2851,
be7b8e1f-b519-4e03-bccf-382321d97983,Siempre,256000,True,,,Rapsusklei con Alba,Rapsusklei|Alba,c52233a2-664c-407d-b28c-a523370f8951|f5d1dd6a-4a77-4b62-890b-5f5f067087a5,Rapsusklei,c52233a2-664c-407d-b28c-a523370f8951,
b7dd315b-5397-4dc3-942d-c59a848b8872,Revolución,310000,True,,,ZPU,ZPU,869d9ea3-b622-4b37-9dde-8cb930c10533,ZPU,869d9ea3-b622-4b37-9dde-8cb930c10533,
986c117d-ecfd-4513-8715-babb9de28626,Palabras,194000,True,,,Nach,Nach,ff734df1-6795-43ec-84a7-ae04b356dad1,Nach,ff734df1-6795-43ec-84a7-ae04b356dad1,
8a3b4a85-e839-4e84-9c7c-b400bb522364,Down by the River,,False,,,Neil Young & The International Harvesters,Neil Young|International Harvesters,75167b8b-44e4-407b-9d35-effe87b223cf|8fbdeb2b-1e5f-4439-9e1e-5168e63154da,Neil Young,75167b8b-44e4-407b-9d35-effe87b223cf,
723616f5-4d27-486b-b452-c8652e4abfaa,Quiero volar,228000,True,,,Alberto Gambino,Alberto Gambino,6721c3f3-2ab0-49f1-b8dc-8529953d6e27,Alberto Gambino,6721c3f3-2ab0-49f1-b8dc-8529953d6e27,
3571a339-87c0-4c06-98ba-a690f792c42e,Down by the River,,False,,,Neil Young & The International Harvesters,Neil Young|International Harvesters,75167b8b-44e4-407b-9d35-effe87b223cf|8fbdeb2b-1e5f-4439-9e1e-5168e63154da,Neil Young,75167b8b-44e4-407b-9d35-effe87b223cf,
651a8ad9-14f0-4a58-b4a6-523a2cdd6952,Let Me In,175000,True,,,Orla Gartland,Orla Gartland,8094a83b-86ce-4a13-b25f-90af829c9ed6,Orla Gartland,8094a83b-86ce-4a13-b25f-90af829c9ed6,
90a4dc22-e91e-4b80-b31a-113838ac9d0e,Sweet Dreams (Are Made of This),,False,,"live, 1995-11-19: First Avenue, Minneapolis, MN, USA",Marilyn Manson,Marilyn Manson,5dfdca28-9ddc-4853-933c-8bc97d87beec,Marilyn Manson,5dfdca28-9ddc-4853-933c-8bc97d87beec,
04d22cc5-693d-4208-8eeb-021b65f67795,Down,,False,,"live, 2011-08-16: Red Rocks Amphitheatre, Morrison, Colorado, USA",311,311,bf600e2b-dc2d-4839-a1be-6ebef4087cd0,311,bf600e2b-dc2d-4839-a1be-6ebef4087cd0,
b213aebe-b345-4263-a953-4b9cd176f251,Lady in Black,,False,,,Uriah Heep,Uriah Heep,f1548c5b-329e-4036-921c-02213a04b525,Uriah Heep,f1548c5b-329e-4036-921c-02213a04b525,
95811d01-8111-419d-8d3b-e88ab2dbdae9,Bone Dry,221000,False,,,Blood Orange,Blood Orange,e43daa78-3cf3-4cf9-bc27-af4d4e675a02,Blood Orange,e43daa78-3cf3-4cf9-bc27-af4d4e675a02,
19004634-f5fa-49c3-a131-758d409201ff,Addicted to Love,,False,,,Robert Palmer,Robert Palmer,96b1d906-0fda-406d-beb6-19c6758998df,Robert Palmer,96b1d906-0fda-406d-beb6-19c6758998df,
c565297c-9ea4-46a6-916b-683c4dc14bde,Wish,321000,True,,"live, 2009-03-02: Soundwave Festival, Perth, Australia",Nine Inch Nails with The Dillinger Escape Plan,Nine Inch Nails|The Dillinger Escape Plan,b7ffd2af-418f-4be2-bdd1-22f8b48613da|1bc41dff-5397-4c53-bb50-469d2c277197,Nine Inch Nails,b7ffd2af-418f-4be2-bdd1-22f8b48613da,
bbf88fb5-deb8-4fbf-aba6-d49f2b95eade,Wish,296000,True,,"live, 2009-02-28: Soundwave Festival, Adelaide, Australia",Nine Inch Nails with Ben & Greg,Nine Inch Nails|Ben Weinman|Greg Puciato,b7ffd2af-418f-4be2-bdd1-22f8b48613da|7593a11b-e2bd-40f9-aaf0-6cbe4740d87c|2785a0d1-2abb-4d2e-baa6-1be39f55a54a,Nine Inch Nails,b7ffd2af-418f-4be2-bdd1-22f8b48613da,
48b3398e-b1e4-4dbc-a1e4-cb9d66929f25,Eraser,262000,True,,"live, 1995",Nine Inch Nails,Nine Inch Nails,b7ffd2af-418f-4be2-bdd1-22f8b48613da,Nine Inch Nails,b7ffd2af-418f-4be2-bdd1-22f8b48613da,
0f2c2633-2fa4-49cb-b7a9-69f5a41ec3aa,Cars,238000,True,,"live, 2009-07-15: O2 Arena, London, UK",Nine Inch Nails with Gary Numan,Nine Inch Nails|Gary Numan,b7ffd2af-418f-4be2-bdd1-22f8b48613da|6cb79cb2-9087-44d4-828b-5c6fdff2c957,Nine Inch Nails,b7ffd2af-418f-4be2-bdd1-22f8b48613da,
c51f93d4-5a21-4460-a87a-240a5c40ef9a,Burn,334000,True,,"live, 2009-02-25: Soundwave Festival, Melbourne, Australia",Nine Inch Nails,Nine Inch Nails,b7ffd2af-418f-4be2-bdd1-22f8b48613da,Nine Inch Nails,b7ffd2af-418f-4be2-bdd1-22f8b48613da,
a88f30b5-66b7-4b73-bc66-7211742e2362,Just Like You Imagined,291000,True,,"live, 2009-09-08: Henry Fonda Theater, Los Angeles, CA, USA",Nine Inch Nails,Nine Inch Nails,b7ffd2af-418f-4be2-bdd1-22f8b48613da,Nine Inch Nails,b7ffd2af-418f-4be2-bdd1-22f8b48613da,
317f8d16-b9aa-4a68-bfa9-4060da6ae1df,Last,298000,True,,"live, 2009-06-06: Holmdel, NJ, USA",Nine Inch Nails,Nine Inch Nails,b7ffd2af-418f-4be2-bdd1-22f8b48613da,Nine Inch Nails,b7ffd2af-418f-4be2-bdd1-22f8b48613da,
819c9471-85db-45aa-940f-d8686cb45997,The Great Destroyer,233000,True,,"live, 2007-08-07: Stockholm, Sweden",Nine Inch Nails,Nine Inch Nails,b7ffd2af-418f-4be2-bdd1-22f8b48613da,Nine Inch Nails,b7ffd2af-418f-4be2-bdd1-22f8b48613da,
98de0e92-6ae2-42b0-a1fe-9dd9b6f2d2b6,Burn,282000,True,,official music video,Nine Inch Nails,Nine Inch Nails,b7ffd2af-418f-4be2-bdd1-22f8b48613da,Nine Inch Nails,b7ffd2af-418f-4be2-bdd1-22f8b48613da,
c5c2a9d9-9ab1-4163-8a1f-d60727d8dce9,Wish,223000,True,,"live, 1995",Nine Inch Nails,Nine Inch Nails,b7ffd2af-418f-4be2-bdd1-22f8b48613da,Nine Inch Nails,b7ffd2af-418f-4be2-bdd1-22f8b48613da,
e9d2ba36-a4f0-4a74-87bf-cf2751483c22,Closer,280000,True,,censored version,Nine Inch Nails,Nine Inch Nails,b7ffd2af-418f-4be2-bdd1-22f8b48613da,Nine Inch Nails,b7ffd2af-418f-4be2-bdd1-22f8b48613da,
da4f1dc9-cd13-42f2-b267-8ecff43f2b4d,La despedida,248000,True,,,Daddy Yankee,Daddy Yankee,2f522f5c-111c-4ce8-8bd0-d82e97c227ad,Daddy Yankee,2f522f5c-111c-4ce8-8bd0-d82e97c227ad,
542c656b-f27c-4419-be2d-0ef87d88269a,Me estás tentando,246000,True,,"live: AXE Music ""Solamente una noche""",Wisin & Yandel,Wisin & Yandel,3deeb747-c228-4d33-9892-f0aa081783c3,Wisin & Yandel,3deeb747-c228-4d33-9892-f0aa081783c3,
6427d769-8b9e-4c99-9c1b-944db090c2e0,Un beso de desayuno,280000,True,,,Calle 13,Calle 13,5be7d200-5499-4bba-b29b-1ac554199d23,Calle 13,5be7d200-5499-4bba-b29b-1ac554199d23,
145193fc-8d2c-40f2-942c-aca2ccd12ab7,Pegao,230000,True,,"live: AXE Music ""Solamente una noche""",Wisin & Yandel,Wisin & Yandel,3deeb747-c228-4d33-9892-f0aa081783c3,Wisin & Yandel,3deeb747-c228-4d33-9892-f0aa081783c3,
632161b7-c009-4990-a45d-093fc3c51445,Electro movimiento,199000,True,,,Calle 13,Calle 13,5be7d200-5499-4bba-b29b-1ac554199d23,Calle 13,5be7d200-5499-4bba-b29b-1ac554199d23,
833b0695-db76-418d-9d67-648a875caf95,Se vale to-to,219000,True,,clean,Calle 13,Calle 13,5be7d200-5499-4bba-b29b-1ac554199d23,Calle 13,5be7d200-5499-4bba-b29b-1ac554199d23,
1518e5b9-70a9-4e8a-ac81-a19f3fd406e3,Ven conmigo,294000,True,,,Daddy Yankee feat. Prince Royce,Daddy Yankee|Prince Royce,2f522f5c-111c-4ce8-8bd0-d82e97c227ad|d1689304-23ac-4eae-a147-bd2e4100581a,Daddy Yankee,2f522f5c-111c-4ce8-8bd0-d82e97c227ad,
b1821fcb-d533-48da-948d-d9d14f156a85,Se vale to-to,219000,True,,,Calle 13,Calle 13,5be7d200-5499-4bba-b29b-1ac554199d23,Calle 13,5be7d200-5499-4bba-b29b-1ac554199d23,
b7b73a7d-b182-4242-a911-273b5fb305d9,Impacto,194000,True,,,Daddy Yankee,Daddy Yankee,2f522f5c-111c-4ce8-8bd0-d82e97c227ad,Daddy Yankee,2f522f5c-111c-4ce8-8bd0-d82e97c227ad,
4f51398a-a702-4536-8247-892a6ea6c0e1,Ven conmigo,346000,True,,live: VEVO Go Shows,Daddy Yankee,Daddy Yankee,2f522f5c-111c-4ce8-8bd0-d82e97c227ad,Daddy Yankee,2f522f5c-111c-4ce8-8bd0-d82e97c227ad,
90beeaf6-316f-4f88-8057-54941813f2c7,Suave,221000,True,,,Calle 13,Calle 13,5be7d200-5499-4bba-b29b-1ac554199d23,Calle 13,5be7d200-5499-4bba-b29b-1ac554199d23,
34b492ec-d54f-41cf-8f60-8a1147fb3a86,Fiesta de locos,298000,True,,"live: Buenos Aires, Argentina",Calle 13,Calle 13,5be7d200-5499-4bba-b29b-1ac554199d23,Calle 13,5be7d200-5499-4bba-b29b-1ac554199d23,
8fe0fc2d-7078-407d-b811-f30ec47fb574,Electro movimiento,199000,True,,clean,Calle 13,Calle 13,5be7d200-5499-4bba-b29b-1ac554199d23,Calle 13,5be7d200-5499-4bba-b29b-1ac554199d23,
92874463-9eb4-4e73-98ca-db4f2e04096c,Muerte en Hawaii,224000,True,,,Calle 13,Calle 13,5be7d200-5499-4bba-b29b-1ac554199d23,Calle 13,5be7d200-5499-4bba-b29b-1ac554199d23,
279fa92b-adf3-40b9-8747-cf5fa4eabcc4,Todo preso es político,,False,,"live, 1987-05-23: Cemento, Buenos Aires, Argentina",Patricio Rey y sus Redonditos de Ricota,Patricio Rey y sus Redonditos de Ricota,956301d0-4b3c-4ffc-9898-b39305d25112,Patricio Rey y sus Redonditos de Ricota,956301d0-4b3c-4ffc-9898-b39305d25112,
c4fae279-9f77-4eac-a45b-5ad526ea4f6a,Vencedores vencidos,,False,,"live, 1987-05-23: Cemento, Buenos Aires, Argentina",Patricio Rey y sus Redonditos de Ricota,Patricio Rey y sus Redonditos de Ricota,956301d0-4b3c-4ffc-9898-b39305d25112,Patricio Rey y sus Redonditos de Ricota,956301d0-4b3c-4ffc-9898-b39305d25112,
b0947728-c673-49d5-b4bd-d5807f7a4e60,Vamos las bandas,,False,,"live, 1987-05-23: Cemento, Buenos Aires, Argentina",Patricio Rey y sus Redonditos de Ricota,Patricio Rey y sus Redonditos de Ricota,956301d0-4b3c-4ffc-9898-b39305d25112,Patricio Rey y sus Redonditos de Ricota,956301d0-4b3c-4ffc-9898-b39305d25112,
aa81a43c-7a66-46b2-9729-78ac9a7018b6,Ella debe estar tan linda,,False,,"live, 1987-05-23: Cemento, Buenos Aires, Argentina",Patricio Rey y sus Redonditos de Ricota,Patricio Rey y sus Redonditos de Ricota,956301d0-4b3c-4ffc-9898-b39305d25112,Patricio Rey y sus Redonditos de Ricota,956301d0-4b3c-4ffc-9898-b39305d25112,
36fff621-7c7f-4a56-ac50-dfb44b2e50a7,Roto y mal parado,,False,,"live, 1987-05-23: Cemento, Buenos Aires, Argentina",Patricio Rey y sus Redonditos de Ricota,Patricio Rey y sus Redonditos de Ricota,956301d0-4b3c-4ffc-9898-b39305d25112,Patricio Rey y sus Redonditos de Ricota,956301d0-4b3c-4ffc-9898-b39305d25112,
92f6840e-ce4c-483f-b7ed-6d5350bf37ce,Bailando,,False,,,Loona,Loona,cb525a30-b590-448f-b94d-fab86e0e8756,Loona,cb525a30-b590-448f-b94d-fab86e0e8756,
ef8a91d2-2119-4c6f-9193-f447d7c18a26,Steps,364000,True,,,Orla Gartland,Orla Gartland,8094a83b-86ce-4a13-b25f-90af829c9ed6,Orla Gartland,8094a83b-86ce-4a13-b25f-90af829c9ed6,
28140527-a6ee-4822-91e1-b0f98d991c24,Bruised,248000,True,,,Orla Gartland,Orla Gartland,8094a83b-86ce-4a13-b25f-90af829c9ed6,Orla Gartland,8094a83b-86ce-4a13-b25f-90af829c9ed6,
d651763a-256f-4df5-ae52-8724001e6140,Postcards,262000,False,,,Orla Gartland,Orla Gartland,8094a83b-86ce-4a13-b25f-90af829c9ed6,Orla Gartland,8094a83b-86ce-4a13-b25f-90af829c9ed6,
d79c57a3-aeef-42ae-9b19-ca781cfb9879,Free,405000,True,,,Orla Gartland,Orla Gartland,8094a83b-86ce-4a13-b25f-90af829c9ed6,Orla Gartland,8094a83b-86ce-4a13-b25f-90af829c9ed6,
9752759a-031e-4ab0-9966-fa0c48dbf21b,Game Over,360000,False,,,Indivision,Indivision,a7fad5aa-9c24-48ac-8fe6-6641120cd0e5,Indivision,a7fad5aa-9c24-48ac-8fe6-6641120cd0e5,
ef021223-0d10-4627-8e5b-29e20291f684,Весна,,False,,"live, 1983-06: Квартирник у П. Краева, Moscow, USSR",Кино,Кино,064db6e8-fdfb-4acb-a327-fc2de75b37de,Кино,064db6e8-fdfb-4acb-a327-fc2de75b37de,
e8b23651-7cc9-4b3c-8a29-8952eb56da51,NASA,197000,True,,,Traffic,Traffic,e5a87eb9-44ae-4910-8dc2-aa74020c0b0d,Traffic,e5a87eb9-44ae-4910-8dc2-aa74020c0b0d,
4d64ccca-5844-46f6-aab1-d5de31b11155,Immortality,,False,,"live, 2003-02-11: Sydney Entertainment Centre, Sydney, Australia",Pearl Jam,Pearl Jam,83b9cbe7-9857-49e2-ab8e-b57b01038103,Pearl Jam,83b9cbe7-9857-49e2-ab8e-b57b01038103,
4a27419c-d393-4e39-b966-2e40e936066a,Hello Hello,245000,False,,,Elton John & Lady Gaga,Elton John|Lady Gaga,b83bc61f-8451-4a5d-8b8e-7e9ed295e822|650e7db6-b795-4eb5-a702-5ea2fc46c848,Elton John,b83bc61f-8451-4a5d-8b8e-7e9ed295e822,
d089c73d-71e6-4d80-a1a1-424866218628,Serenity,505000,False,,,Armin van Buuren feat. Jan Vayne,Armin van Buuren|Jan Vayne,477b8c0c-c5fc-4ad2-b5b2-191f0bf2a9df|47dc9326-81da-4f23-9e39-b4e5bc0d6bbd,Armin van Buuren,477b8c0c-c5fc-4ad2-b5b2-191f0bf2a9df,
95aa4368-a9ab-4f66-b130-c33ff23ebbef,Somebody That I Used to Know,268000,True,,,Orla Gartland,Orla Gartland,8094a83b-86ce-4a13-b25f-90af829c9ed6,Orla Gartland,8094a83b-86ce-4a13-b25f-90af829c9ed6,
7e845a93-130c-4577-9f29-ccdda0eafd32,Little Lion Man,191000,True,,,Orla Gartland,Orla Gartland,8094a83b-86ce-4a13-b25f-90af829c9ed6,Orla Gartland,8094a83b-86ce-4a13-b25f-90af829c9ed6,
2ae9aafa-0664-40d3-81d4-355bece00158,Samson,218000,False,,,Orla Gartland,Orla Gartland,8094a83b-86ce-4a13-b25f-90af829c9ed6,Orla Gartland,8094a83b-86ce-4a13-b25f-90af829c9ed6,
2bd3510a-0515-4b49-92bf-c66a6ebc3235,Jar of Hearts,272000,True,,,Orla Gartland feat. KeyWest,Orla Gartland|KeyWest,8094a83b-86ce-4a13-b25f-90af829c9ed6|cb30c1eb-d208-4438-bd8e-f280808cec8f,Orla Gartland,8094a83b-86ce-4a13-b25f-90af829c9ed6,
3ea48785-3549-4477-9a70-2cef650071c7,New York,231000,False,,"live, 2012-04-16: Montréal, QC, Canada",Snow Patrol and Ed Sheeran,Snow Patrol|Ed Sheeran,a66999a7-ae5c-460e-ba94-1a01143ae847|b8a7c51f-362c-4dcb-a259-bc6e0095f0a6,Snow Patrol,a66999a7-ae5c-460e-ba94-1a01143ae847,
fb0398ca-d663-41c1-a792-2b8e06c1817d,Kings And Queens,,False,,,Killing Joke,Killing Joke,f5aca88c-e3c1-4bc2-af33-68a9a9f7b56a,Killing Joke,f5aca88c-e3c1-4bc2-af33-68a9a9f7b56a,
3ac9cf5f-03f0-4c55-b80a-420891dc0e85,We Are Young,228000,False,,,Orla Gartland,Orla Gartland,8094a83b-86ce-4a13-b25f-90af829c9ed6,Orla Gartland,8094a83b-86ce-4a13-b25f-90af829c9ed6,
5a40e13f-f00c-4dd0-9b18-466ffcc6a0ba,Utopia,244000,False,,,Bernard Lavilliers,Bernard Lavilliers,8bef9bae-a250-4c4e-8e5e-b2f81607db2a,Bernard Lavilliers,8bef9bae-a250-4c4e-8e5e-b2f81607db2a,
2854e4ee-883a-49da-9882-46545d0df686,The Wait,,False,,,Killing Joke,Killing Joke,f5aca88c-e3c1-4bc2-af33-68a9a9f7b56a,Killing Joke,f5aca88c-e3c1-4bc2-af33-68a9a9f7b56a,
a8992b38-9852-494c-a370-3a73e40fd68c,Requiem,,False,,,Killing Joke,Killing Joke,f5aca88c-e3c1-4bc2-af33-68a9a9f7b56a,Killing Joke,f5aca88c-e3c1-4bc2-af33-68a9a9f7b56a,
f159c5bb-fa5b-4974-8d5b-9732f5bdae3b,Wardance,,False,,,Killing Joke,Killing Joke,f5aca88c-e3c1-4bc2-af33-68a9a9f7b56a,Killing Joke,f5aca88c-e3c1-4bc2-af33-68a9a9f7b56a,
b530f93f-4006-4da4-b9b6-37b793cbaef1,Funeral,1175000,False,,,Staind,Staind,777a21a8-0d0f-4cf3-86b4-65bc0eba5649,Staind,777a21a8-0d0f-4cf3-86b4-65bc0eba5649,
6ab4eb26-4683-435d-8621-9018b9b3e1ef,Instrumental,,False,,"live, 1971‐06‐19: Fillmore East, New York, NY, USA (late show)",B.B. King,B.B. King,dcb03ce3-67a5-4eb3-b2d1-2a12d93a38f3,B.B. King,dcb03ce3-67a5-4eb3-b2d1-2a12d93a38f3,
5fa8bf1a-0560-44d3-ad88-07d461ec4f68,London,238000,False,,"demo version, 22nd January 1997",Porcupine Tree,Porcupine Tree,169c4c28-858e-497b-81a4-8bc15e0026ea,Porcupine Tree,169c4c28-858e-497b-81a4-8bc15e0026ea,
6ebd656f-2a41-4d11-829b-b0e6d77fe6c4,Again,,False,,,Bruno Mars,Bruno Mars,afb680f2-b6eb-4cd7-a70b-a63b25c763d5,Bruno Mars,afb680f2-b6eb-4cd7-a70b-a63b25c763d5,
1d3cbe40-411f-47c6-b82c-b81d126e661f,Alright,195000,False,,,Five for Fighting,Five for Fighting,23eeaeaf-423d-4859-8c91-2175ece74287,Five for Fighting,23eeaeaf-423d-4859-8c91-2175ece74287,
cb3963a0-ec08-43f9-a127-ea37852a36cc,Aquarius,,False,,,Regina Spektor,Regina Spektor,fbb375f9-48bb-4635-824e-4120273b3ba7,Regina Spektor,fbb375f9-48bb-4635-824e-4120273b3ba7,
7e4f977a-d1de-4613-b886-d531a1bddb3a,Slow it Down,239000,True,,music video,Amy Macdonald,Amy Macdonald,6aa40207-fec8-43a7-991d-b872a42def05,Amy Macdonald,6aa40207-fec8-43a7-991d-b872a42def05,
529124f1-6a3c-4fd1-8963-29620822aac0,Euphoria,210000,True,,"live, 2012-05-24: Eurovision Song Contest Semi Final 2, Baku, Azerbaijan",Loreen,Loreen,1e234774-8e37-4378-b01d-b7dd6ced769c,Loreen,1e234774-8e37-4378-b01d-b7dd6ced769c,
4402c8cd-59f4-48f0-a118-f779f6d883ea,You've Got a Friend,268329,False,,,James Taylor feat. Carole King,James Taylor|Carole King,107d0c22-d051-4d98-8206-4e14de02132a|bf6c29f5-b69f-4842-9031-37f9645d365d,James Taylor,107d0c22-d051-4d98-8206-4e14de02132a,
132df542-f73c-4853-a179-472c8f2e2cb3,Euphoria,212000,True,,"live, 2012-05-26: Eurovision Song Contest Grand Final, Baku, Azerbaijan",Loreen,Loreen,1e234774-8e37-4378-b01d-b7dd6ced769c,Loreen,1e234774-8e37-4378-b01d-b7dd6ced769c,
7cad9726-b386-4a32-90d8-0ead0882b2fc,Build Me Up Buttercup,,False,,,The Foundations,The Foundations,5c316ada-0201-427f-8bb6-535ebe17cf85,The Foundations,5c316ada-0201-427f-8bb6-535ebe17cf85,
769af0c4-aec0-4a41-97ca-8c70b6b8c80c,Hello It's Me,,False,,,Todd Rundgren,Todd Rundgren,1a9a8ca0-ea8e-4e9e-96aa-288155bb2c5d,Todd Rundgren,1a9a8ca0-ea8e-4e9e-96aa-288155bb2c5d,
f0f2f1d2-a863-4c6c-886a-ac0cc9684847,Summer,250000,False,,,Hayden Calnin,Hayden Calnin,bbf00a5e-7a32-4946-8112-7e74dbc55541,Hayden Calnin,bbf00a5e-7a32-4946-8112-7e74dbc55541,
c8e96c50-3753-46b7-9641-c5339b43939e,Secret Society,289000,False,,,Snavs,Snavs,67952cb7-0869-45d7-b106-87d564ce9ef4,Snavs,67952cb7-0869-45d7-b106-87d564ce9ef4,
e2c049ad-67a2-42e3-98bb-570e91c2c076,Dominate,180000,False,,,Snavs,Snavs,67952cb7-0869-45d7-b106-87d564ce9ef4,Snavs,67952cb7-0869-45d7-b106-87d564ce9ef4,
687ea617-bea1-4fd6-a77d-3858ede78ec9,Apocalypse,260000,False,,,Snavs,Snavs,67952cb7-0869-45d7-b106-87d564ce9ef4,Snavs,67952cb7-0869-45d7-b106-87d564ce9ef4,
1ae584ed-c865-4af6-8b44-3f03e479ffba,Pumped Up Kicks,212000,False,,,Foster the People,Foster the People,e0e1a584-dd0a-4bd1-88d1-c4c62895039d,Foster the People,e0e1a584-dd0a-4bd1-88d1-c4c62895039d,
a07c840a-d0e2-413c-8a1f-4d85d80fd44d,Emptiness,,False,,,Gajendra Verma,Gajendra Verma,4f2ea2cb-923d-487e-a517-a2a03089546b,Gajendra Verma,4f2ea2cb-923d-487e-a517-a2a03089546b,
03a4df86-1a83-4bb9-a8e2-694d6b639776,Rock the Boat,,False,,,Bob Sinclar feat. Dragonfly & Fatman Scoop,Bob Sinclar|Dragonfly|Fatman Scoop,f9ab44f1-7b19-4ecb-830c-403abcf36cd1|3ee19160-1f46-4534-9cb9-07571d7ecf58|d3d20e96-5783-4126-9d64-075566611c5e,Bob Sinclar,f9ab44f1-7b19-4ecb-830c-403abcf36cd1,
3426e978-a324-4aaa-b7d8-54e1359f6a9b,This Is How We Do It,239000,True,,,Montell Jordan,Montell Jordan,cc1f4763-a306-4ae7-8ba7-331872199f9e,Montell Jordan,cc1f4763-a306-4ae7-8ba7-331872199f9e,
2b121173-3008-4ae1-a4bb-27be19e5cb1d,Bonita,,False,,,Elis Regina & Tom Jobim,Elis Regina|Antônio Carlos Jobim,e9e85a54-074c-4d29-a886-bcaaa9d44f9f|7a8dbe84-f4c0-4457-bfa3-edced1f8cde0,Elis Regina,e9e85a54-074c-4d29-a886-bcaaa9d44f9f,
c48db7bc-d8f6-4047-b6cb-6d5872706032,Paint It Black,,False,,,The Dirty Heads,Dirty Heads,0a9f8491-5f30-4678-8b11-066f32e9cf11,Dirty Heads,0a9f8491-5f30-4678-8b11-066f32e9cf11,
25ef7c1e-d3e5-44a8-98ba-903c34d3ffcc,Tunnel of Love,871746,False,,,Dire Straits,Dire Straits,614e3804-7d34-41ba-857f-811bad7c2b7a,Dire Straits,614e3804-7d34-41ba-857f-811bad7c2b7a,
610503d1-d13a-44c8-a70f-920d320cf384,Vishnu,259706,False,,,Bliss,Bliss,58f10cb9-7d01-4dbd-bd38-b5b943bba7b6,Bliss,58f10cb9-7d01-4dbd-bd38-b5b943bba7b6,
beef1360-0389-436d-aa19-0f7a197433db,Love Is Gone,,False,,,David Guetta,David Guetta,302bd7b9-d012-4360-897a-93b00c855680,David Guetta,302bd7b9-d012-4360-897a-93b00c855680,
8ea092d3-6d11-4511-b49a-c9add92194ab,The Christmas Song (Merry Christmas to You),,False,,,Nat King Cole,Nat King Cole,fbe054ec-a143-4101-9e9e-64abc5ff5ac9,Nat King Cole,fbe054ec-a143-4101-9e9e-64abc5ff5ac9,
d6e9ec47-657f-45c4-b1ae-7feacc617db5,On and On,319000,False,,,Indivision,Indivision,a7fad5aa-9c24-48ac-8fe6-6641120cd0e5,Indivision,a7fad5aa-9c24-48ac-8fe6-6641120cd0e5,
00f3a913-dd1e-4ed5-a9ca-a24db95188d8,Evolution,308000,False,,,Indivision,Indivision,a7fad5aa-9c24-48ac-8fe6-6641120cd0e5,Indivision,a7fad5aa-9c24-48ac-8fe6-6641120cd0e5,
af914092-3b19-4a51-805b-6b2a67dc83c9,Sunrise,338000,False,,,Indivision & Livewire,Indivision|Livewire,a7fad5aa-9c24-48ac-8fe6-6641120cd0e5|5da80a98-ea21-4cad-8e77-63a488bbe2fa,Indivision,a7fad5aa-9c24-48ac-8fe6-6641120cd0e5,
cb292fd5-86ba-4928-9332-d61da1ed203e,Obsession,336000,False,,,Indivision,Indivision,a7fad5aa-9c24-48ac-8fe6-6641120cd0e5,Indivision,a7fad5aa-9c24-48ac-8fe6-6641120cd0e5,
bc7cb556-9e3b-45b3-8e26-da3b7475df0e,When I Come Around,224000,False,,,Green Day,Green Day,084308bd-1654-436f-ba03-df6697104e19,Green Day,084308bd-1654-436f-ba03-df6697104e19,
d8cfb78f-b494-4a78-a980-8c8f6f9eb724,She,215000,False,,,Green Day,Green Day,084308bd-1654-436f-ba03-df6697104e19,Green Day,084308bd-1654-436f-ba03-df6697104e19,
a9acf79c-7a65-4e6e-9e74-5a5cfac0a909,Sometimes,253706,False,,,Miami Horror,Miami Horror,fa92553b-3cd5-4876-a7db-1d9dfcdf9fa9,Miami Horror,fa92553b-3cd5-4876-a7db-1d9dfcdf9fa9,
63fec27a-7f0a-4886-95f7-06b766ea5478,Warning,240000,False,,,Green Day,Green Day,084308bd-1654-436f-ba03-df6697104e19,Green Day,084308bd-1654-436f-ba03-df6697104e19,
572fa9a7-6abe-43c7-a2ca-59e344fc2faf,Soft Light,293893,False,,,Miami Horror,Miami Horror,fa92553b-3cd5-4876-a7db-1d9dfcdf9fa9,Miami Horror,fa92553b-3cd5-4876-a7db-1d9dfcdf9fa9,
f5509aa8-afca-4557-81cb-6a56a31d86e1,America,,False,,,Simon & Garfunkel,Simon & Garfunkel,5d02f264-e225-41ff-83f7-d9b1f0b1874a,Simon & Garfunkel,5d02f264-e225-41ff-83f7-d9b1f0b1874a,
c9dfd67d-e818-4790-9ee5-31f9c8dc5e65,What You Are,624000,False,,,Dave Matthews Band,Dave Matthews Band,07e748f1-075e-428d-85dc-ce3be434e906,Dave Matthews Band,07e748f1-075e-428d-85dc-ce3be434e906,
8d35f51b-6fe2-4fce-954b-53f5049d56a5,Feel,146000,False,,,Syd Barrett,Syd Barrett,12327d75-47d5-45d9-84c2-3760b9210c17,Syd Barrett,12327d75-47d5-45d9-84c2-3760b9210c17,
e572a398-140d-4e9c-8a26-5f26958992f8,What You Are,,False,,,Dave Matthews Band,Dave Matthews Band,07e748f1-075e-428d-85dc-ce3be434e906,Dave Matthews Band,07e748f1-075e-428d-85dc-ce3be434e906,
844bef91-0acf-4eea-af2d-4f511434b07c,Rock Salt And Nails,305000,False,,,[traditional],[traditional],9be7f096-97ec-4615-8957-8d40b5dcbc41,[traditional],9be7f096-97ec-4615-8957-8d40b5dcbc41,
0f7398b5-fb76-4fed-803f-1bd2a5d12752,All About Us,,False,,,He Is We feat. Jimmy Wong,He Is We|Jimmy Wong,fa8a83bc-d7cc-45f2-9403-46a1ff527b49|1aacb3c8-76d0-4a73-ac1e-4e1084a909c1,He Is We,fa8a83bc-d7cc-45f2-9403-46a1ff527b49,
94d15b46-c2f7-4fe9-87ee-75bc279c18da,From the Inside,,False,,"live, 2010: Sydney",Linkin Park,Linkin Park,f59c5520-5f46-4d2c-b2c4-822eabf53419,Linkin Park,f59c5520-5f46-4d2c-b2c4-822eabf53419,
dac61ef9-ac1f-4cab-a3d9-6eca36234d9f,Serenity,,False,,,Armin van Buuren feat. Jan Vayne,Armin van Buuren|Jan Vayne,477b8c0c-c5fc-4ad2-b5b2-191f0bf2a9df|47dc9326-81da-4f23-9e39-b4e5bc0d6bbd,Armin van Buuren,477b8c0c-c5fc-4ad2-b5b2-191f0bf2a9df,
f1f07dd6-3de9-458c-a52d-bfaff7bfc878,Touch Me,,False,,,Armin van Buuren,Armin van Buuren,477b8c0c-c5fc-4ad2-b5b2-191f0bf2a9df,Armin van Buuren,477b8c0c-c5fc-4ad2-b5b2-191f0bf2a9df,
2ebd16a3-3385-4582-aa2e-c3b3b4bba546,Losing Sleep,222000,False,,,Parachute,Parachute,20c7090f-3813-43e5-8535-7fcfd6fdf6e6,Parachute,20c7090f-3813-43e5-8535-7fcfd6fdf6e6,
b05b1620-f8fc-41f3-a55e-0d910831b85f,Night Shift,175000,False,,,The Birthday Massacre,The Birthday Massacre,83d8a06a-4145-444a-b4ae-49e1e986206f,The Birthday Massacre,83d8a06a-4145-444a-b4ae-49e1e986206f,
19536ead-038f-47d0-a694-50c7c003c522,Time,257000,False,,,MitiS,MitiS,593c7d05-825c-40f0-b5ff-153b3b6c605b,MitiS,593c7d05-825c-40f0-b5ff-153b3b6c605b,
b1feb589-b3d3-4838-b18e-4b112db8d7a8,Open Your Eyes,334000,False,,,Datsik with 12th Planet,Datsik|12th Planet,aefe89d2-84b0-4c13-bfbb-04ed9614ca7c|d113f6b4-f01f-4632-9cd3-743cc299574e,Datsik,aefe89d2-84b0-4c13-bfbb-04ed9614ca7c,
8f225e9e-cf0f-4d6e-b5be-502d0bec3043,Bliss,229000,False,,,Cookie Monsta,Cookie Monsta,28466217-e1ce-47d3-b0ea-7774dc4f3902,Cookie Monsta,28466217-e1ce-47d3-b0ea-7774dc4f3902,
774d288a-fd1e-45a9-8c55-724cd7161831,Little Queenie,,False,,,Jerry Lee Lewis and His Pumping Piano,Jerry Lee Lewis,b59ac58d-036e-4bba-8112-c32a34c4575b,Jerry Lee Lewis,b59ac58d-036e-4bba-8112-c32a34c4575b,
b47d845c-f14e-4e3c-95ca-f462d165b108,[intro],244000,False,,Fall 2010,Alice in Chains,Alice in Chains,4bd95eea-b9f6-4d70-a36c-cfea77431553,Alice in Chains,4bd95eea-b9f6-4d70-a36c-cfea77431553,
f288cb76-deef-46a7-abd7-1a807a826ade,Candy,229000,False,,,Far East Movement feat. Pitbull,Far East Movement|Pitbull,6bd5655c-b7fe-48ee-8925-c2d2d8798618|d262ea27-3ffe-40f7-b922-85c42d625e67,Far East Movement,6bd5655c-b7fe-48ee-8925-c2d2d8798618,
71e32f06-d23f-44fe-822a-e20ee3c16b79,Look at Me Now,248000,True,,music video,Chris Brown feat. Lil Wayne & Busta Rhymes,Chris Brown|Lil Wayne|Busta Rhymes,c234fa42-e6a6-443e-937e-2f4b073538a3|ac9a487a-d9d2-4f27-bb23-0f4686488345|10a9ff92-9637-4498-afea-7044b2ab0dc0,Chris Brown,c234fa42-e6a6-443e-937e-2f4b073538a3,
d5fa7a25-cab4-416e-9f28-b958f008bd4f,Guerrilla Radio,220000,False,,video edit,Rage Against the Machine,Rage Against the Machine,3798b104-01cb-484c-a3b0-56adc6399b80,Rage Against the Machine,3798b104-01cb-484c-a3b0-56adc6399b80,
27295110-aaa5-4218-9fe2-4c141e2f0ff3,Nothing Left to Say,395000,False,,,Imagine Dragons,Imagine Dragons,012151a8-0f9a-44c9-997f-ebd68b5389f9,Imagine Dragons,012151a8-0f9a-44c9-997f-ebd68b5389f9,
30c2ab6e-0c55-4245-a096-d6b61c32da3c,Telephone,212000,False,,demo,Britney Spears,Britney Spears,45a663b5-b1cb-4a91-bff6-2bef7bbfdd76,Britney Spears,45a663b5-b1cb-4a91-bff6-2bef7bbfdd76,
5b638427-1636-47f9-b9bf-26d129497020,Perfect Stranger,,False,,part of “2012-07-12: A State of Trance #569” DJ-mix,Cosmic Gate,Cosmic Gate,5f3b32e5-efb5-4096-9260-587c155e50b7,Cosmic Gate,5f3b32e5-efb5-4096-9260-587c155e50b7,
2e2fcb3a-4e50-4d99-b6a8-99fc6485f7b7,Eternal Flame,,False,,part of “2012-07-12: A State of Trance #569” DJ-mix,Alex M.O.R.P.H.,Alex M.O.R.P.H.,e74d1be6-ed61-480f-bcbc-7f33530494fb,Alex M.O.R.P.H.,e74d1be6-ed61-480f-bcbc-7f33530494fb,
d93f6b86-eb89-4e75-8e16-65593281b283,Language,,False,,part of “2012-07-12: A State of Trance #569” DJ-mix,Porter Robinson,Porter Robinson,4ae36ade-1798-48c4-b06b-cc68b7d3d83f,Porter Robinson,4ae36ade-1798-48c4-b06b-cc68b7d3d83f,
d60c891d-a24a-42a8-a96c-10c996745798,Rudolph the Red-Nosed Reindeer,69000,False,,,DMX,DMX,f3bf61f8-97d4-4e52-a73d-2ddbbe8196c8,DMX,f3bf61f8-97d4-4e52-a73d-2ddbbe8196c8,
e03b024c-78b4-485e-9213-9d2582ba5760,Rudolph the Red Nosed Reindeer,61000,False,,On the Beat remix,DMX feat. DJ Prince,DMX|DJ Prince,f3bf61f8-97d4-4e52-a73d-2ddbbe8196c8|d4606136-3493-4ee9-9e10-700d24ccd5cf,DMX,f3bf61f8-97d4-4e52-a73d-2ddbbe8196c8,
d7b10576-57ec-4b4f-94e2-e2464b47192a,Every Day,,False,,part of “2012-10-11: A State of Trance #582” DJ-mix,Eric Prydz,Eric Prydz,35dac7d2-0b1f-470f-9a5a-c53c8821f6d6,Eric Prydz,35dac7d2-0b1f-470f-9a5a-c53c8821f6d6,
60a83548-052d-45c2-b2a6-3b450bbb0f93,This Love,,False,,,Kyau & Albert,Kyau & Albert,088acc1e-6762-4350-8bd7-c8f6fb5178ec,Kyau & Albert,088acc1e-6762-4350-8bd7-c8f6fb5178ec,
8ae45ae4-ef97-4865-9a40-84ebd9ec1d49,Serenity,,False,,part of “2012-09-27: A State of Trance #580” DJ-mix,Armin van Buuren feat. Jan Vayne,Armin van Buuren|Jan Vayne,477b8c0c-c5fc-4ad2-b5b2-191f0bf2a9df|47dc9326-81da-4f23-9e39-b4e5bc0d6bbd,Armin van Buuren,477b8c0c-c5fc-4ad2-b5b2-191f0bf2a9df,
13bda361-3c36-4302-9d2a-8de71513b73c,The Funeral,,False,,part of “2012-09-06: A State of Trance #577” DJ-mix,Dash Berlin feat. Band of Horses,Dash Berlin|Band of Horses,ccfa0410-bd90-4fd1-ab85-8995a57e265b|07b6020a-c539-4d68-aeef-f159f3befc76,Dash Berlin,ccfa0410-bd90-4fd1-ab85-8995a57e265b,
6f6e601f-9b6c-4026-9dfb-3605ed3b6b96,Move On,,False,,"live, 2012-03-07: A State of Trance #550, “Moscow, Russia, Part 4: ATB”: Expocenter, Moscow, Russia",ATB feat. JanSoon,ATB|JanSoon,22a096ef-c70d-4d70-ae19-4fc2412d4986|34cd0b78-2e0e-41ed-81a1-c531b93430e7,ATB,22a096ef-c70d-4d70-ae19-4fc2412d4986,
35fc0b90-535f-4d08-a847-0156eaa39e05,The Great Escape,,False,,,Rank 1 vs. Jochen Miller,Rank 1|Jochen Miller,bd5d07eb-dcb8-4d11-b873-908401e92ee4|93a42d24-99c1-4a9f-98b9-b0f9b4a2e1f4,Rank 1,bd5d07eb-dcb8-4d11-b873-908401e92ee4,
641f2639-8591-46e3-bcba-b7f761335c68,Paranoia,184000,True,,,Natos y Waor feat. Magno,Natos y Waor|Magno,947f21fa-4244-433c-8d51-bf43513d3f71|3b457ebf-9911-48a7-bb6d-5c2163858e42,Natos y Waor,947f21fa-4244-433c-8d51-bf43513d3f71,
97f54834-f82c-4000-b1e7-38963dbd481c,Chas! Y aparezco a tu lado,,False,,,Supersubmarina,Supersubmarina,d1f8ab94-3e6b-487e-865d-bbbdf30312e7,Supersubmarina,d1f8ab94-3e6b-487e-865d-bbbdf30312e7,
0e824e96-1ec6-4cc2-a609-f1921754772e,Home,119000,False,,,Archive,Archive,bd513de0-e42f-425e-ae46-817d7bc5fb1c,Archive,bd513de0-e42f-425e-ae46-817d7bc5fb1c,
2f970810-17f5-478b-ae0c-65527abc01eb,Serenity,,False,,"live, 2012-03-10: A State of Trance #550, “Kiev, Ukraine, Part 6: Armin van Buuren”: Exhib Center, Kiev, Ukraine",Armin van Buuren,Armin van Buuren,477b8c0c-c5fc-4ad2-b5b2-191f0bf2a9df,Armin van Buuren,477b8c0c-c5fc-4ad2-b5b2-191f0bf2a9df,
6030d340-4b30-4c77-bd98-70fe9532a572,Don't Be Afraid,,False,,"live, 2012-03-25: A State of Trance #550, Ultra Music Festival, Miami, USA",Ferry Corsten,Ferry Corsten,47347cb8-ac34-4916-84b6-d85d4e5e5384,Ferry Corsten,47347cb8-ac34-4916-84b6-d85d4e5e5384,
10fc004b-041e-4899-8bbd-1d99197fbbe8,Language,,False,,,Porter Robinson,Porter Robinson,4ae36ade-1798-48c4-b06b-cc68b7d3d83f,Porter Robinson,4ae36ade-1798-48c4-b06b-cc68b7d3d83f,
20d3b92a-39c3-4adb-840f-3de0fa24c26b,Check It Out,,False,,"live, 2012-03-25: A State of Trance #550, Ultra Music Festival, Miami, USA",Ferry Corsten,Ferry Corsten,47347cb8-ac34-4916-84b6-d85d4e5e5384,Ferry Corsten,47347cb8-ac34-4916-84b6-d85d4e5e5384,
6428d7ba-0e81-43c2-b7f6-364aafa91d64,Midnight City (Eric Prydz Private remix),,False,,"part of “2012-03-10: A State of Trance #550: Exhib Center, Kiev, Ukraine” DJ‐mix",M83,M83,6d7b7cd4-254b-4c25-83f6-dd20f98ceacd,M83,6d7b7cd4-254b-4c25-83f6-dd20f98ceacd,
99069e34-f2a5-422a-9d11-b7108a3f07b4,Believe,,False,,"part of “2012-03-10: A State of Trance #550: Exhib Center, Kiev, Ukraine” DJ‐mix",The Chemical Brothers feat. Kele Okereke,The Chemical Brothers|Kele Okereke,1946a82a-f927-40c2-8235-38d64f50d043|20b93f37-ab3c-4ed0-bf70-b61978f00e99,The Chemical Brothers,1946a82a-f927-40c2-8235-38d64f50d043,
3ed639ca-eaee-4008-9c01-7815a2077c8d,Fire,,False,,,Ferry Corsten,Ferry Corsten,47347cb8-ac34-4916-84b6-d85d4e5e5384,Ferry Corsten,47347cb8-ac34-4916-84b6-d85d4e5e5384,
068669e2-5e4d-4eb1-bc77-227f1aa10c67,Live Forever,,False,,"live, 2012-03-25: A State of Trance #550, Ultra Music Festival, Miami, USA",Ferry Corsten,Ferry Corsten,47347cb8-ac34-4916-84b6-d85d4e5e5384,Ferry Corsten,47347cb8-ac34-4916-84b6-d85d4e5e5384,
0f321e7e-adbb-4699-b988-99298b1fbd0e,Criminal,,False,,"part of “2012-03-10: A State of Trance #550: Exhib Center, Kiev, Ukraine” DJ‐mix",tyDi feat. Protoculture & Meighan Nealon,tyDi|Protoculture|Meighan Nealon,589fd2c1-50b4-45f1-918c-cd678f3492f8|7e85fff1-eb98-4602-b057-d0c84f0994b8|ca953d69-3a68-4af3-b25e-76b2e09132fd,tyDi,589fd2c1-50b4-45f1-918c-cd678f3492f8,
5dc0443c-62e1-4762-a07e-db52995b0e3c,The Funeral,,False,,,Dash Berlin feat. Band of Horses,Dash Berlin|Band of Horses,ccfa0410-bd90-4fd1-ab85-8995a57e265b|07b6020a-c539-4d68-aeef-f159f3befc76,Dash Berlin,ccfa0410-bd90-4fd1-ab85-8995a57e265b,
02f3b6d2-d5f5-4d95-a600-b01e21d1cd8d,Greyhound,,False,,,Swedish House Mafia,Swedish House Mafia,99075985-0d80-4692-a15e-b16f78831792,Swedish House Mafia,99075985-0d80-4692-a15e-b16f78831792,
3f7d66f8-5f10-4dd0-81a9-adcceccdf0e1,The Box,,False,,part of “2012-05-24: A State of Trance #562” DJ-mix,Kyau & Albert,Kyau & Albert,088acc1e-6762-4350-8bd7-c8f6fb5178ec,Kyau & Albert,088acc1e-6762-4350-8bd7-c8f6fb5178ec,
3d0c10cd-68b7-44d6-b150-531bc7976a2d,Sunburn,,False,,"part of “2002-06-27: A State of Trance #53, “Guest Airwave”” DJ-mix",Armin van Buuren,Armin van Buuren,477b8c0c-c5fc-4ad2-b5b2-191f0bf2a9df,Armin van Buuren,477b8c0c-c5fc-4ad2-b5b2-191f0bf2a9df,
e960a47a-954a-4de7-bd20-ae3dc92ed7e0,Pure,,False,,part of “2012-05-17: A State of Trance #561” Dj-mix,Solarstone,Solarstone,1302c7ad-e6b5-433c-b172-0debf9f82d68,Solarstone,1302c7ad-e6b5-433c-b172-0debf9f82d68,
0beaa49c-95be-4296-8057-3555cea8e7c3,Serenity,,False,,"live, 2012-03-15: A State of Trance #552: Live from the International Expo Center in Kiev",Armin van Buuren,Armin van Buuren,477b8c0c-c5fc-4ad2-b5b2-191f0bf2a9df,Armin van Buuren,477b8c0c-c5fc-4ad2-b5b2-191f0bf2a9df,
e3960f81-b747-4232-a1c5-232fcb349893,Take Me,,False,,part of “2012-03-08: A State of Trance #551” DJ-mix,Ferry Corsten,Ferry Corsten,47347cb8-ac34-4916-84b6-d85d4e5e5384,Ferry Corsten,47347cb8-ac34-4916-84b6-d85d4e5e5384,
5c8ad6cd-f954-48bf-a0fd-eb0ceb360b24,Epic,,False,,"part of “2012-12-27: A State of Trance #593, ""Yearmix of 2012""” DJ-mix",Sandro Silva & Quintino,Sandro Silva|Quintino,7ff3d6cb-db9b-4c80-804c-49f4e40f1270|4c861d23-fc53-49ff-a64f-245dce70c779,Sandro Silva,7ff3d6cb-db9b-4c80-804c-49f4e40f1270,
ece70fa1-ecd9-4f76-83d7-d2a3319d612e,Dog Days Are Over,235000,False,,"acoustic, live, 2010-11-03: The Edge Studio, Toronto, Canada",Florence + the Machine,Florence + the Machine,5fee3020-513b-48c2-b1f7-4681b01db0c6,Florence + the Machine,5fee3020-513b-48c2-b1f7-4681b01db0c6,
4dd1c286-0d8f-414c-9f67-8b9a96db2817,Introduction,12000,False,,,Louis Armstrong,Louis Armstrong,eea8a864-fcda-4602-9569-38ab446decd6,Louis Armstrong,eea8a864-fcda-4602-9569-38ab446decd6,
aef424e8-ba25-4463-8cf7-d43923a1bfd2,This Love,,False,,,Kyau & Albert,Kyau & Albert,088acc1e-6762-4350-8bd7-c8f6fb5178ec,Kyau & Albert,088acc1e-6762-4350-8bd7-c8f6fb5178ec,
7988aabf-6bab-417a-90de-30a8743e9fdf,Spaceman,,False,,,Hardwell,Hardwell,170d6637-36e0-49dd-a225-c4fd5b77a285,Hardwell,170d6637-36e0-49dd-a225-c4fd5b77a285,
f0e9b8a8-0144-4f74-95c2-2c44d647d35a,Take Me,,False,,"live, 2012-03-31: A State of Trance #550: Brabanthallen, Den Bosch, Netherlands",Ferry Corsten,Ferry Corsten,47347cb8-ac34-4916-84b6-d85d4e5e5384,Ferry Corsten,47347cb8-ac34-4916-84b6-d85d4e5e5384,
11783418-aac9-486e-90d6-f1c70f851cd1,Don't Be Afraid,,False,,"live, 2012-03-31: A State of Trance #550: Brabanthallen, Den Bosch, Netherlands",Ferry Corsten,Ferry Corsten,47347cb8-ac34-4916-84b6-d85d4e5e5384,Ferry Corsten,47347cb8-ac34-4916-84b6-d85d4e5e5384,
a2a26d90-b755-4bda-880e-5ae82063c8d7,Check It Out,,False,,"live, 2012-03-31: A State of Trance #550: Brabanthallen, Den Bosch, Netherlands",Ferry Corsten,Ferry Corsten,47347cb8-ac34-4916-84b6-d85d4e5e5384,Ferry Corsten,47347cb8-ac34-4916-84b6-d85d4e5e5384,
8266fa41-d325-415d-8b63-2e4851ce78b6,Live Forever,,False,,"live, 2012-03-31: A State of Trance #550: Brabanthallen, Den Bosch, Netherlands",Ferry Corsten feat. Aruna,Ferry Corsten|Aruna,47347cb8-ac34-4916-84b6-d85d4e5e5384|05451073-eba6-4dee-8e49-4404f7cf720e,Ferry Corsten,47347cb8-ac34-4916-84b6-d85d4e5e5384,
c01c39c6-a648-49c2-a6ab-3da51af826cb,Criminal,,False,,part of “2011-08-18: A State of Trance #522” DJ-mix,tyDi feat. Protoculture & Meighan Nealon,tyDi|Protoculture|Meighan Nealon,589fd2c1-50b4-45f1-918c-cd678f3492f8|7e85fff1-eb98-4602-b057-d0c84f0994b8|ca953d69-3a68-4af3-b25e-76b2e09132fd,tyDi,589fd2c1-50b4-45f1-918c-cd678f3492f8,
5b126b31-6e8d-4039-83af-f5266d0aaa3a,In & Out of Love,,False,,"part of “2008-12-18: A State of Trance #383, “Top 20 of 2008”” DJ-mix",Armin van Buuren feat. Sharon den Adel,Armin van Buuren|Sharon den Adel,477b8c0c-c5fc-4ad2-b5b2-191f0bf2a9df|7f4195a2-c1ce-4dae-bbbc-3f5967f077ec,Armin van Buuren,477b8c0c-c5fc-4ad2-b5b2-191f0bf2a9df,
93854f47-c082-4ffa-ae7e-a73850a1b1f0,Awakening,,False,,"part of “2002-12-26: A State of Trance #78, “Top 20 of 2002”” DJ-mix",Rank 1,Rank 1,bd5d07eb-dcb8-4d11-b873-908401e92ee4,Rank 1,bd5d07eb-dcb8-4d11-b873-908401e92ee4,
3a3b8f8e-696e-4902-a12c-55b1e69e100c,Adagio for Strings,,False,,"part of “2004-12-30: A State of Trance #181, “Top 20 of 2004”” DJ-mix",Tiësto,Tiësto,aabb1d9f-be12-45b3-a84d-a1fc3e8181fd,Tiësto,aabb1d9f-be12-45b3-a84d-a1fc3e8181fd,
50e6cb05-c5ae-4114-ad55-ed084392544c,Home (club mix),,False,,"part of “2007-12-20: A State of Trance #331, “Top 20 of 2007”” DJ-mix",Above & Beyond,Above & Beyond,370bd5a3-4abf-4356-8576-3a8fc0c11d65,Above & Beyond,370bd5a3-4abf-4356-8576-3a8fc0c11d65,
636e6ca7-9ee6-438d-9fbe-eaf29994df13,Shivers,,False,,"part of “2005-12-22: A State of Trance #228, ""Top 20 of 2005""” DJ-mix",Armin van Buuren,Armin van Buuren,477b8c0c-c5fc-4ad2-b5b2-191f0bf2a9df,Armin van Buuren,477b8c0c-c5fc-4ad2-b5b2-191f0bf2a9df,
0b51d08b-549e-430d-b903-b2a5fa0d959e,Sun & Moon,,False,,"part of “2011-12-22: A State of Trance #540, “Top 20 of 2011”” DJ-mix",Above & Beyond feat. Richard Bedford,Above & Beyond|Richard Bedford,370bd5a3-4abf-4356-8576-3a8fc0c11d65|6aa077a2-7234-4520-a02a-053633c82312,Above & Beyond,370bd5a3-4abf-4356-8576-3a8fc0c11d65,
db966ca5-d94d-4de6-85d3-91098677ac48,Serenity,,False,,"part of “2005-12-22: A State of Trance #228, ""Top 20 of 2005""” DJ-mix",Armin van Buuren feat. Jan Vayne,Armin van Buuren|Jan Vayne,477b8c0c-c5fc-4ad2-b5b2-191f0bf2a9df|47dc9326-81da-4f23-9e39-b4e5bc0d6bbd,Armin van Buuren,477b8c0c-c5fc-4ad2-b5b2-191f0bf2a9df,
27550a46-da1c-46cb-83c6-4b44bcc65c96,Crush,,False,,part of “2011-08-18: A State of Trance #522” DJ-mix,Paul van Dyk,Paul van Dyk,092ca127-2e07-4cbd-9cba-e412b4ddddd9,Paul van Dyk,092ca127-2e07-4cbd-9cba-e412b4ddddd9,
a5675c0f-b4ee-4d07-99ac-b5f8ec3d54b0,The Great Escape,,False,,"live, 2012-03-31: A State of Trance #550, “Den Bosch, The Netherlands, A State of Pink, Part 11: Claudia Cazacu”: Brabanthallen, Den Bosch, Netherlands",Rank 1 vs. Jochen Miller,Rank 1|Jochen Miller,bd5d07eb-dcb8-4d11-b873-908401e92ee4|93a42d24-99c1-4a9f-98b9-b0f9b4a2e1f4,Rank 1,bd5d07eb-dcb8-4d11-b873-908401e92ee4,
484ed69a-a668-4a10-b3b2-84e627c23ae5,Tomahawk,,False,,,BT & Adam K,BT|Adam K,88e2147d-0332-46f6-85b2-b5f463ba957b|6a2aa2be-9575-4bef-8179-953aa3258031,BT,88e2147d-0332-46f6-85b2-b5f463ba957b,
0ba2b521-bec0-46db-9dea-af0c639bfe24,Ultraviolet,,False,,part of “2012-02-16: A State of Trance #548” DJ-mix,Solarstone & Haris C,Solarstone|Haris C,1302c7ad-e6b5-433c-b172-0debf9f82d68|bb2953c6-ed58-4e67-b9df-2a29f84ae70a,Solarstone,1302c7ad-e6b5-433c-b172-0debf9f82d68,
e1f680cb-4aff-4bc7-8323-7111f5188fdf,Take Me,,False,,part of “2012-02-09: A State of Trance #547” DJ-mix,Ferry Corsten,Ferry Corsten,47347cb8-ac34-4916-84b6-d85d4e5e5384,Ferry Corsten,47347cb8-ac34-4916-84b6-d85d4e5e5384,
8156241b-cf95-4234-a328-b072c388d3f4,Wknd,,False,,part of “2012-02-23: A State of Trance #549” DJ-mix,Ferry Corsten,Ferry Corsten,47347cb8-ac34-4916-84b6-d85d4e5e5384,Ferry Corsten,47347cb8-ac34-4916-84b6-d85d4e5e5384,
0cbf67e9-ce08-4287-947d-29d3aac63c9f,Teenage Dream,248000,False,,,Timeflies feat. Loggy,Timeflies|Loggy,4388976f-9e02-42d9-b66f-1b9e124e3ca6|1f149bc6-2dc7-46f4-8577-b698b8fb1756,Timeflies,4388976f-9e02-42d9-b66f-1b9e124e3ca6,
bbd7f6f0-792c-467d-b9ea-b5ee53d56bb5,Flash,,False,,"live, 2011-09-15: A State of Trance #526, ""Arty & Andy Moor Live"": Space, Ibiza",Gareth Emery & Ben Gold,Gareth Emery|Ben Gold,73549455-66cb-4570-b0bf-caf3d8d631fe|f338cde2-7cc4-49e0-83e4-a0ac1a3b6d46,Gareth Emery,73549455-66cb-4570-b0bf-caf3d8d631fe,
e62f222b-533e-48f4-a57e-020cd437a62f,Tomahawk,,False,,part of “2011-09-29: A State of Trance #528” DJ-mix,BT & Adam K,BT|Adam K,88e2147d-0332-46f6-85b2-b5f463ba957b|6a2aa2be-9575-4bef-8179-953aa3258031,BT,88e2147d-0332-46f6-85b2-b5f463ba957b,
f19b5495-b8ff-42e8-848a-a918a4fffb04,Calm Down,,False,,part of “2011-10-27: A State of Trance #532” DJ-mix,Cosmic Gate with Emma Hewitt,Cosmic Gate|Emma Hewitt,5f3b32e5-efb5-4096-9260-587c155e50b7|d84a9470-cae5-4d8a-aff8-25f86a93e282,Cosmic Gate,5f3b32e5-efb5-4096-9260-587c155e50b7,
67dc2900-1ffa-4e90-afa4-15357805fc99,Around the World,,False,,"live, 2011-09-15: A State of Trance #526, ""Arty & Andy Moor Live"": Space, Ibiza",ARTY,ARTY,52491cf4-55df-4d0f-b4d4-c3652f7e122d,ARTY,52491cf4-55df-4d0f-b4d4-c3652f7e122d,
c7916006-de59-49f1-9fff-ceb30dcc5b02,Tomahawk,,False,,"part of “2011-12-29: A State of Trance #541, “Yearmix of 2011”” DJ-mix",BT & Adam K,BT|Adam K,88e2147d-0332-46f6-85b2-b5f463ba957b|6a2aa2be-9575-4bef-8179-953aa3258031,BT,88e2147d-0332-46f6-85b2-b5f463ba957b,
bd2dfd48-7647-4dfb-a04a-5a86e88f3bef,Check It Out,,False,,"part of “2011-12-29: A State of Trance #541, “Yearmix of 2011”” DJ-mix",Ferry Corsten,Ferry Corsten,47347cb8-ac34-4916-84b6-d85d4e5e5384,Ferry Corsten,47347cb8-ac34-4916-84b6-d85d4e5e5384,
c446d837-7963-4aec-af01-b576a77876f5,Pressure (Alesso remix),,False,,"part of “2011-12-29: A State of Trance #541, “Yearmix of 2011”” DJ-mix","Nadia Ali, Starkillers & Alex Kenji",Nadia Ali|Starkillers|Alex Kenji,e5d928e1-b020-4dd8-9497-7aaee1b337bd|3074084f-5ad3-480e-8beb-cef1f0f93c55|c1587768-8e4e-4417-ad39-a91b55b087c1,Nadia Ali,e5d928e1-b020-4dd8-9497-7aaee1b337bd,
d9d075d7-1ffe-444a-98df-97ca67dab9d5,All Around You,,False,,part of “2011-11-10: A State of Trance #534” DJ-mix,Cosmic Gate feat. Myon & Shane 54 & Aruna,Cosmic Gate|Myon & Shane 54|Aruna,5f3b32e5-efb5-4096-9260-587c155e50b7|67ba178f-07a6-4638-a987-4c2398283480|05451073-eba6-4dee-8e49-4404f7cf720e,Cosmic Gate,5f3b32e5-efb5-4096-9260-587c155e50b7,
faf5b6b2-ad50-4d24-aa1b-5af3742f93a1,Feel It!,,False,,"part of “2011-12-29: A State of Trance #541, “Yearmix of 2011”” DJ-mix",Ferry Corsten,Ferry Corsten,47347cb8-ac34-4916-84b6-d85d4e5e5384,Ferry Corsten,47347cb8-ac34-4916-84b6-d85d4e5e5384,
01ec529d-cae1-474f-8ced-13c31b634026,This Is My Life,288000,False,,,Kano,Kano,2bf3971e-8595-4bd2-aace-8a71c42afb66,Kano,2bf3971e-8595-4bd2-aace-8a71c42afb66,
b2f85c11-8335-48da-b5e9-af87c3939b60,The Birds,,False,,part of “2009-04-18: A State of Trance #400” DJ-mix,Telefon Tel Aviv,Telefon Tel Aviv,453f1594-112e-4d3c-921a-8d14e9c97b2e,Telefon Tel Aviv,453f1594-112e-4d3c-921a-8d14e9c97b2e,
b478ee0d-f18d-4bea-94a3-07805d2dfd1a,Go,,False,,part of “2009-04-19: A State of Trance #400” DJ-mix,Moby,Moby,8970d868-0723-483b-a75b-51088913d3d4,Moby,8970d868-0723-483b-a75b-51088913d3d4,
61c27bc6-59bb-49b6-a289-5878a61bebbc,Adagio for Strings,,False,,"part of “2009-04-18: A State of Trance #400, ""72 Hours Radio, Part 7: ASOT 182: Yearmix of 2004""” DJ-mix",Tiësto,Tiësto,aabb1d9f-be12-45b3-a84d-a1fc3e8181fd,Tiësto,aabb1d9f-be12-45b3-a84d-a1fc3e8181fd,
c010d350-8da4-4d26-9fa4-341f4bf7d3b1,Crush,,False,,part of “2009-04-17: A State of Trance #400” DJ-mix,Paul van Dyk feat. Second Sun,Paul van Dyk|Second Sun,092ca127-2e07-4cbd-9cba-e412b4ddddd9|4f1ec5e3-cfc7-43fb-a0bd-9cc3e2850a6d,Paul van Dyk,092ca127-2e07-4cbd-9cba-e412b4ddddd9,
ff9c3e72-3d10-46cd-94bf-a9718fd6bec9,The Age of Love,,False,,part of “2009-04-19: A State of Trance #400” DJ-mix,Age of Love,Age of Love,0b1aed87-82b8-4e2a-a7d6-4c7141c427b6,Age of Love,0b1aed87-82b8-4e2a-a7d6-4c7141c427b6,
08f8b317-4bb8-49e6-a40f-964dab254411,Spastik,,False,,,Plastikman,Plastikman,abee98f6-5239-4abf-bbe6-e1e2815a0dd6,Plastikman,abee98f6-5239-4abf-bbe6-e1e2815a0dd6,
85ccf4ee-6265-475f-90e9-5f95015054cf,Blue Fear,,False,,"part of “2009-04-19: A State of Trance #400, “72 Hours Radio, Part 13: ASOT 001”” DJ-mix",Armin van Buuren,Armin van Buuren,477b8c0c-c5fc-4ad2-b5b2-191f0bf2a9df,Armin van Buuren,477b8c0c-c5fc-4ad2-b5b2-191f0bf2a9df,
46f3b547-b97b-4848-b00d-62c8818eb784,Somehow,,False,,"part of “2009-04-19: A State of Trance #400, “72 Hours Radio, Part 7: tyDi”” DJ-mix",tyDi & Dennis Sheperd feat. Marcie,tyDi|Dennis Sheperd|Marcie,589fd2c1-50b4-45f1-918c-cd678f3492f8|020fa778-0860-46df-8325-1ad9a6870ab5|ae663536-e178-4c9b-b2f7-80c46c72bf52,tyDi,589fd2c1-50b4-45f1-918c-cd678f3492f8,
b4fe17dd-e48b-403b-ba42-ed27a51c56f1,The Funeral,,False,,"part of ""A State of Trance #600 Mexico City, Part 6"" DJ mix",Dash Berlin feat. Band of Horses,Dash Berlin|Band of Horses,ccfa0410-bd90-4fd1-ab85-8995a57e265b|07b6020a-c539-4d68-aeef-f159f3befc76,Dash Berlin,ccfa0410-bd90-4fd1-ab85-8995a57e265b,
5ef1c77f-4e08-401d-869c-42172fdcbaf3,Till the Sky Falls Down,,False,,"part of ""A State of Trance #600 Mexico City, Part 6"" DJ mix",Dash Berlin,Dash Berlin,ccfa0410-bd90-4fd1-ab85-8995a57e265b,Dash Berlin,ccfa0410-bd90-4fd1-ab85-8995a57e265b,
875488a0-a3ff-480f-9447-f20437a48c43,Under the Sea,232000,False,,,Timeflies,Timeflies,4388976f-9e02-42d9-b66f-1b9e124e3ca6,Timeflies,4388976f-9e02-42d9-b66f-1b9e124e3ca6,
600e1f3c-99fd-484d-91a8-83070de9c874,Adagio for Strings,,False,,"live, 2013-03-01: A State of Trance #600, “São Paulo, Brazil, Part 3: Ørjan Nilsen”: São Paulo, Brazil",Tiësto,Tiësto,aabb1d9f-be12-45b3-a84d-a1fc3e8181fd,Tiësto,aabb1d9f-be12-45b3-a84d-a1fc3e8181fd,
b299fbac-51ff-4ae7-a213-0ab382845d0f,Hide & Seek,,False,,part of “2008-09-25: A State of Trance #372” DJ-mix,Kyau & Albert,Kyau & Albert,088acc1e-6762-4350-8bd7-c8f6fb5178ec,Kyau & Albert,088acc1e-6762-4350-8bd7-c8f6fb5178ec,
d09f1517-a3f4-48f3-aabe-2742045762ad,Life,,False,,2008-11-06: A State of Trance #377,Ferry Corsten,Ferry Corsten,47347cb8-ac34-4916-84b6-d85d4e5e5384,Ferry Corsten,47347cb8-ac34-4916-84b6-d85d4e5e5384,
1f480eb5-76f4-4c72-b4fe-158fb834d0a6,The Funeral,,False,,"part of ""A State of Trance #600 Minsk, Part 4"" DJ mix",Dash Berlin feat. Band of Horses,Dash Berlin|Band of Horses,ccfa0410-bd90-4fd1-ab85-8995a57e265b|07b6020a-c539-4d68-aeef-f159f3befc76,Dash Berlin,ccfa0410-bd90-4fd1-ab85-8995a57e265b,
c073843e-0e7c-4433-a5ee-115c0fa290ec,Till the Sky Falls Down,,False,,"part of ""A State of Trance #600 Minsk, Part 4"" DJ mix",Dash Berlin,Dash Berlin,ccfa0410-bd90-4fd1-ab85-8995a57e265b,Dash Berlin,ccfa0410-bd90-4fd1-ab85-8995a57e265b,
d195e9d8-0a99-4c8b-88e9-0863960fed21,Check It Out,,False,,"live, 2013-03-08: A State of Trance #600, Sofia, Bulgaria",Ferry Corsten,Ferry Corsten,47347cb8-ac34-4916-84b6-d85d4e5e5384,Ferry Corsten,47347cb8-ac34-4916-84b6-d85d4e5e5384,
89b5b645-b04b-4ce1-9a98-7a54d6205634,The Funeral,,False,,"part of ""A State of Trance #600 Beirut, Part 4"" DJ mix",Dash Berlin feat. Band of Horses,Dash Berlin|Band of Horses,ccfa0410-bd90-4fd1-ab85-8995a57e265b|07b6020a-c539-4d68-aeef-f159f3befc76,Dash Berlin,ccfa0410-bd90-4fd1-ab85-8995a57e265b,
88f37252-8ea2-43b6-923b-3a56edffa4f7,Collision,,False,,"live, 2012-03-24: A State of Trance #600, Miami, USA",Ferry Corsten & Bassjackers,Ferry Corsten|Bassjackers,47347cb8-ac34-4916-84b6-d85d4e5e5384|8b3b7346-ee3b-4e03-b747-0952aab46e61,Ferry Corsten,47347cb8-ac34-4916-84b6-d85d4e5e5384,
b08178be-88c0-4963-9d68-d0e52fdcb1d7,The Funeral,,False,,,Dash Berlin feat. Band of Horses,Dash Berlin|Band of Horses,ccfa0410-bd90-4fd1-ab85-8995a57e265b|07b6020a-c539-4d68-aeef-f159f3befc76,Dash Berlin,ccfa0410-bd90-4fd1-ab85-8995a57e265b,
2bf1ac8f-6764-4b08-82b7-dfaeaf7ca7c9,The Light,,False,,"live, 2013-03-24: A State of Trance #600: Miami, USA",Omnia,Omnia,7b6a8344-322e-4eb9-bc55-b658238d31fd,Omnia,7b6a8344-322e-4eb9-bc55-b658238d31fd,
9ffeee79-5df0-42af-96c3-338c6dd999a5,Still Here,,False,,"live, 2013-03-24: A State of Trance #600, “Miami, USA, Part 5: ATB”: Miami, USA",ATB,ATB,22a096ef-c70d-4d70-ae19-4fc2412d4986,ATB,22a096ef-c70d-4d70-ae19-4fc2412d4986,
247205fa-17b0-41e2-aa88-82577507b55a,Teardrops,,False,,"live, 2013-03-24: A State of Trance #600: Miami, USA",Super8 & Tab,Super8 & Tab,c54d9d94-e94f-4d8d-850d-1c314bd4ee15,Super8 & Tab,c54d9d94-e94f-4d8d-850d-1c314bd4ee15,
20eb58f3-4c0c-435c-83b1-1db6982c4807,From the Heart,,False,,part of “2013-03-21: A State of Trance #605” Dj-mix,Armin van Buuren feat. System F,Armin van Buuren|System F,477b8c0c-c5fc-4ad2-b5b2-191f0bf2a9df|4bee86b5-95c4-429a-8489-353516f815ab,Armin van Buuren,477b8c0c-c5fc-4ad2-b5b2-191f0bf2a9df,
917d467f-68d6-4742-a783-d92ce42b6efe,Crush,,False,,,Paul van Dyk feat. Second Sun,Paul van Dyk|Second Sun,092ca127-2e07-4cbd-9cba-e412b4ddddd9|4f1ec5e3-cfc7-43fb-a0bd-9cc3e2850a6d,Paul van Dyk,092ca127-2e07-4cbd-9cba-e412b4ddddd9,
c01e0921-a00b-4edd-82a6-28ecca86b72b,Slow Down,,False,,,Showtek,Showtek,5663c716-c38f-4454-99ce-5afb3c5af567,Showtek,5663c716-c38f-4454-99ce-5afb3c5af567,
924814f1-ff37-43f7-be9f-1a86049f43ac,Apollo,,False,,,Hardwell feat. Amba Shepherd,Hardwell|Amba Shepherd,170d6637-36e0-49dd-a225-c4fd5b77a285|6875d5ba-d700-4e2e-8a9f-ec049dbea6c3,Hardwell,170d6637-36e0-49dd-a225-c4fd5b77a285,
94516991-ef89-4a1a-a215-4d48c8ea2259,Take Me,,False,,,Ferry Corsten,Ferry Corsten,47347cb8-ac34-4916-84b6-d85d4e5e5384,Ferry Corsten,47347cb8-ac34-4916-84b6-d85d4e5e5384,
0d1cfaf9-e3d4-439f-b937-8a41d7e81d34,Reload,,False,,,Sebastian Ingrosso & Tommy Trash,Sebastian Ingrosso|Tommy Trash,dbf9177d-6b5f-4de8-b457-61fc73fbe543|e2b65c5b-c2a6-4f62-9c67-dbadcaa5955b,Sebastian Ingrosso,dbf9177d-6b5f-4de8-b457-61fc73fbe543,
382cbb69-7f12-45ab-8fb3-c59ca97da0be,Perfect Love,,False,,,Aly & Fila meet Roger Shah feat. Adrina Thorpe,Aly & Fila|Roger Shah|Adrina Thorpe,045bc733-e2f0-4f3b-8807-6a6d84505ea8|9e68e714-113e-44ab-9d73-06b8d36f4a3d|b95a70b4-7488-4324-98a6-563fb793ae83,Aly & Fila,045bc733-e2f0-4f3b-8807-6a6d84505ea8,
b4b497a5-ea61-4c8f-b091-e75ea8e6e601,Hit It!,,False,,,GTA & Digital Lab & Henrix,Good Times Ahead|Digital Lab|Henrix,e92d6330-65d2-445e-82e5-b98c683e727b|353b38e3-ce20-4a17-8871-eedf8752750b|018acfed-7360-42a0-a0af-a76df7454292,Good Times Ahead,e92d6330-65d2-445e-82e5-b98c683e727b,
913ce6e7-d776-40aa-85e6-f21f3a72d76a,Serenity,,False,,"live, 2013-04-06: A State of Trance #600, Den Bosch, Netherlands",Armin van Buuren feat. Jan Vayne,Armin van Buuren|Jan Vayne,477b8c0c-c5fc-4ad2-b5b2-191f0bf2a9df|47dc9326-81da-4f23-9e39-b4e5bc0d6bbd,Armin van Buuren,477b8c0c-c5fc-4ad2-b5b2-191f0bf2a9df,
fe494bfd-c468-44f4-8d31-54dad154de2f,The Funeral,,False,,"part of ""A State of Trance #600 New York, Part 5"" DJ mix",Dash Berlin feat. Band of Horses,Dash Berlin|Band of Horses,ccfa0410-bd90-4fd1-ab85-8995a57e265b|07b6020a-c539-4d68-aeef-f159f3befc76,Dash Berlin,ccfa0410-bd90-4fd1-ab85-8995a57e265b,
7a5afda3-9a63-4dc4-a4ae-f66a87644958,In My Mind,,False,,,Ivan Gough & Feenixpawl feat. Georgi Kay,Ivan Gough|Feenixpawl|Georgi Kay,0431a227-d6b6-44c0-9cdd-5d8c8371101e|da00f50e-6c55-4f06-bc88-e30725ec6566|98ecef0e-c075-45a3-b797-97832e13b65d,Ivan Gough,0431a227-d6b6-44c0-9cdd-5d8c8371101e,
d22c55a0-f51e-4580-926e-38cf88fa9d29,Epic,,False,,"live, 2013-04-06: A State of Trance #600, Den Bosch, Netherlands",Sandro Silva & Quintino,Sandro Silva|Quintino,7ff3d6cb-db9b-4c80-804c-49f4e40f1270|4c861d23-fc53-49ff-a64f-245dce70c779,Sandro Silva,7ff3d6cb-db9b-4c80-804c-49f4e40f1270,
9b525384-0233-405f-ae19-2095f2da6ffd,Easy,,False,,"live, 2013-04-06: A State of Trance #600, Den Bosch, Netherlands",Mat Zo & Porter Robinson,Mat Zo|Porter Robinson,c0fe9d3b-526c-491e-9814-a81571ebf2e5|4ae36ade-1798-48c4-b06b-cc68b7d3d83f,Mat Zo,c0fe9d3b-526c-491e-9814-a81571ebf2e5,
7ceca98a-3a0d-47d7-a059-e4bb3178e306,All Around You,,False,,,Cosmic Gate & Myon & Shane 54 feat. Aruna,Cosmic Gate|Myon & Shane 54|Aruna,5f3b32e5-efb5-4096-9260-587c155e50b7|67ba178f-07a6-4638-a987-4c2398283480|05451073-eba6-4dee-8e49-4404f7cf720e,Cosmic Gate,5f3b32e5-efb5-4096-9260-587c155e50b7,
54c4b51c-9ae3-4978-afeb-a0e56203de96,Get Loose,,False,,"live, 2013-03-30: A State of Trance #600, “New York, New York, USA, Part 3: W&W”: New York, New York, USA",Noisecontrollers & Showtek,Noisecontrollers|Showtek,6c4335db-e676-418f-98e2-f8037ac88576|5663c716-c38f-4454-99ce-5afb3c5af567,Noisecontrollers,6c4335db-e676-418f-98e2-f8037ac88576,
d8865603-f2c3-415e-8c8b-33fdacef9187,Collision,,False,,"live, 2013-03-30: A State of Trance #600, New York City, New York, USA",Ferry Corsten & Bassjackers,Ferry Corsten|Bassjackers,47347cb8-ac34-4916-84b6-d85d4e5e5384|8b3b7346-ee3b-4e03-b747-0952aab46e61,Ferry Corsten,47347cb8-ac34-4916-84b6-d85d4e5e5384,
8f62b23c-95c0-402f-b165-f237f8df58e5,Hit It!,,False,,"live, 2013-04-06: A State of Trance #600, “Den Bosch, Netherlands, Expedition Stage, Part 6: Faruk Sabanci”: Den Bosch, Netherlands",GTA & Digital Lab & Henrix,Good Times Ahead|Digital Lab|Henrix,e92d6330-65d2-445e-82e5-b98c683e727b|353b38e3-ce20-4a17-8871-eedf8752750b|018acfed-7360-42a0-a0af-a76df7454292,Good Times Ahead,e92d6330-65d2-445e-82e5-b98c683e727b,
74177300-e8af-4d8d-9f41-588a21397f1e,Easy,,False,,,Porter Robinson & Mat Zo,Porter Robinson|Mat Zo,4ae36ade-1798-48c4-b06b-cc68b7d3d83f|c0fe9d3b-526c-491e-9814-a81571ebf2e5,Porter Robinson,4ae36ade-1798-48c4-b06b-cc68b7d3d83f,
b76ee426-4881-4a8a-a35b-c826984a3ee9,Skyfall,,False,,"live, 2013-04-06: A State of Trance #600, “Den Bosch, Netherlands, Turn the World Into a Dance Floor, Part 5: Tenishia”: Den Bosch, Netherlands",Adele,Adele,cc2c9c3c-b7bc-4b8b-84d8-4fbd8779e493,Adele,cc2c9c3c-b7bc-4b8b-84d8-4fbd8779e493,
14c6ad51-e067-4567-8259-e16cadc921fe,In and Out of Love,219000,True,,music video,ATB with Rudee feat. Ramona Nerra,ATB|Rudee|Ramona Nerra,22a096ef-c70d-4d70-ae19-4fc2412d4986|c622fabe-badb-4595-bb82-ff67b2f1a2dc|41d82ca7-b8c8-43e7-bd28-74457d839c09,ATB,22a096ef-c70d-4d70-ae19-4fc2412d4986,
60115c23-9fdd-4982-8eba-4a382019455a,Spanish Eyes,,False,,,Al Di Meola,Al Di Meola,09c0f334-f9de-4970-b9ee-ef799cd093be,Al Di Meola,09c0f334-f9de-4970-b9ee-ef799cd093be,
4d0423d3-9f86-4427-9356-f10ccae2a8f8,"Pojkar, pojkar, pojkar",,False,,,Eldkvarn,Eldkvarn,0482b88f-bef1-4b98-8573-5d2cd81bd4c3,Eldkvarn,0482b88f-bef1-4b98-8573-5d2cd81bd4c3,
ba6123d7-099b-4657-9ecd-e0b7a8ef8bda,Protection,394000,False,,From official video,Massive Attack,Massive Attack,10adbe5e-a2c0-4bf3-8249-2b4cbf6e6ca8,Massive Attack,10adbe5e-a2c0-4bf3-8249-2b4cbf6e6ca8,
d238d1a2-80d0-4342-bab9-bf4101dafdd3,Live With Me,372000,True,,,Massive Attack,Massive Attack,10adbe5e-a2c0-4bf3-8249-2b4cbf6e6ca8,Massive Attack,10adbe5e-a2c0-4bf3-8249-2b4cbf6e6ca8,
253ba190-a674-49e8-b1e7-34091107556d,Karmacoma,256000,False,,from official video,Massive Attack,Massive Attack,10adbe5e-a2c0-4bf3-8249-2b4cbf6e6ca8,Massive Attack,10adbe5e-a2c0-4bf3-8249-2b4cbf6e6ca8,
fe9870fd-9d07-45dc-998b-487ace31eafc,Frances Farmer Will Have Her Revenge on Seattle,,False,,,Jay Reatard,Jay Reatard,6338a3a4-1676-4a99-b2fb-a3f0072f6b42,Jay Reatard,6338a3a4-1676-4a99-b2fb-a3f0072f6b42,
5b080721-7173-450e-b651-3e295cb93436,Now,270000,True,,official video,Paramore,Paramore,44cf61b8-5197-448a-b82b-cef6ee89fac5,Paramore,44cf61b8-5197-448a-b82b-cef6ee89fac5,
3ef7c095-c9e7-42fa-ad23-960334991c4b,Blue Suede Shoes,,False,,,Carl Perkins,Carl Perkins,068bd7ab-c38e-4fae-8ed2-cb0c153ed68f,Carl Perkins,068bd7ab-c38e-4fae-8ed2-cb0c153ed68f,
ad1e4a82-c89a-4a25-8d8f-233ad7a9e38a,Turn Around,,False,,,Carl Perkins,Carl Perkins,068bd7ab-c38e-4fae-8ed2-cb0c153ed68f,Carl Perkins,068bd7ab-c38e-4fae-8ed2-cb0c153ed68f,
528a796d-6f52-4e5c-a589-c92b65271e69,Country Boy,,False,,,Johnny Cash,Johnny Cash,d43d12a1-2dc9-4257-a2fd-0a3bb1081b86,Johnny Cash,d43d12a1-2dc9-4257-a2fd-0a3bb1081b86,
f9f34cd5-f3c8-4e5d-98b9-c39f4c7cc729,I Walk the Line,,False,,,Johnny Cash,Johnny Cash,d43d12a1-2dc9-4257-a2fd-0a3bb1081b86,Johnny Cash,d43d12a1-2dc9-4257-a2fd-0a3bb1081b86,
fcfbf16e-2233-403d-a9bd-23a99ba83c5d,Congratulations,,False,,,Cliff Richard,Cliff Richard,b5c2fdfc-d037-45b8-84f9-09ebb7ff8aa1,Cliff Richard,b5c2fdfc-d037-45b8-84f9-09ebb7ff8aa1,
2b01e29d-8432-4b94-b2c6-7b884cc32dd8,Hourglass,329000,False,,,Maduk,Maduk,eb01febc-e2ba-45ef-b873-2ccbef4b64cb,Maduk,eb01febc-e2ba-45ef-b873-2ccbef4b64cb,
fe0813e4-1c03-4793-8e1c-e9289dd5159c,En Vivo,,False,,,Alex Campos &,Alex Campos,e84eb940-810e-4fa2-a027-373fea779539,Alex Campos,e84eb940-810e-4fa2-a027-373fea779539,
ab29ef5a-b40f-42d8-8751-69674f6c6737,Find Me,,False,,part of “2013-05-30: A State of Trance #615” DJ-mix,Shogun feat. Tania Zygar,Shogun|Tania Zygar,cb99cdb6-55e0-47ed-ae60-6b4c2630a661|58dac89e-3c5a-478e-94a4-b8f428542207,Shogun,cb99cdb6-55e0-47ed-ae60-6b4c2630a661,
026b0f52-e4fc-41c5-8ae3-7223983a892e,Magenta,,False,,part of “2013-05-23: A State of Trance #614” DJ-mix,Giuseppe Ottaviani & Ferry Corsten,Giuseppe Ottaviani|Ferry Corsten,d7324881-11bf-4aa1-a394-34c1838c7baa|47347cb8-ac34-4916-84b6-d85d4e5e5384,Giuseppe Ottaviani,d7324881-11bf-4aa1-a394-34c1838c7baa,
69dc3c3f-a84a-4d8c-be63-6e4f388f20e1,Won't Let You Go,,False,,part of “2013-05-02: A State of Trance #611” DJ-mix,Armin van Buuren feat. Aruna,Armin van Buuren|Aruna,477b8c0c-c5fc-4ad2-b5b2-191f0bf2a9df|05451073-eba6-4dee-8e49-4404f7cf720e,Armin van Buuren,477b8c0c-c5fc-4ad2-b5b2-191f0bf2a9df,
4d70f4ed-eda1-449f-ab92-1c0d896777eb,Pulsar,,False,,part of “2013-05-02: A State of Trance #611” DJ-mix,Armin van Buuren,Armin van Buuren,477b8c0c-c5fc-4ad2-b5b2-191f0bf2a9df,Armin van Buuren,477b8c0c-c5fc-4ad2-b5b2-191f0bf2a9df,
4f34bc80-6774-48d4-8576-daa4c6854b60,Won't Let You Go,,False,,part of “2013-05-23: A State of Trance #614” DJ-mix,Armin van Buuren feat. Aruna,Armin van Buuren|Aruna,477b8c0c-c5fc-4ad2-b5b2-191f0bf2a9df|05451073-eba6-4dee-8e49-4404f7cf720e,Armin van Buuren,477b8c0c-c5fc-4ad2-b5b2-191f0bf2a9df,
a30038b1-d7bd-4444-a2b1-d425b49604f1,The One,,False,,part of “2013-05-30: A State of Trance #615” DJ-mix,Simon Patterson feat. Lucy Pullin,Simon Patterson|Lucy Pullin,b9c4d4af-dd2d-4374-962d-4e2dca189ca7|5b2d1371-4b3e-4f4b-9d4b-23770f5249d1,Simon Patterson,b9c4d4af-dd2d-4374-962d-4e2dca189ca7,
687cb732-ffb8-4499-8480-557ba1eda16a,Turn It On,,False,,part of “2013-05-30: A State of Trance #615” DJ-mix,Paul Oakenfold,Paul Oakenfold,7bf1f441-ccf1-4258-9797-07c8d16eb44c,Paul Oakenfold,7bf1f441-ccf1-4258-9797-07c8d16eb44c,
9cc2cb08-4352-4b86-9296-bf84e805930e,Intense,,False,,part of “2013-06-06: A State of Trance #616” DJ-mix,Armin van Buuren feat. Miri Ben‐Ari,Armin van Buuren|Miri Ben‐Ari,477b8c0c-c5fc-4ad2-b5b2-191f0bf2a9df|3e7d3eac-7789-493f-940d-8a4b8c14e72b,Armin van Buuren,477b8c0c-c5fc-4ad2-b5b2-191f0bf2a9df,
842e0971-7f28-4db3-bbb1-f08f35f15d01,"""The Calling""",2807000,False,,,Méav,Méav,480e9088-5edc-40fc-850d-975e06109e3f,Méav,480e9088-5edc-40fc-850d-975e06109e3f,
e75e8919-f729-48e5-8fc0-dedb0114bd2e,Sea of Love,246000,True,,official music video,The National,The National,664c3e0e-42d8-48c1-b209-1efca19c0325,The National,664c3e0e-42d8-48c1-b209-1efca19c0325,
005f158b-fb81-4221-b247-ab3f7acc821d,San Antonio Rose,,False,,,Jerry Lee Lewis,Jerry Lee Lewis,b59ac58d-036e-4bba-8112-c32a34c4575b,Jerry Lee Lewis,b59ac58d-036e-4bba-8112-c32a34c4575b,
b07938ac-6c8f-468c-bf9a-3246430daded,Party Time,,False,,,Jerry Lee Lewis & Kenneth Lovelace,Jerry Lee Lewis|Kenneth Lovelace,b59ac58d-036e-4bba-8112-c32a34c4575b|3ffff9e0-1716-4f69-8401-3a387c14fcda,Jerry Lee Lewis,b59ac58d-036e-4bba-8112-c32a34c4575b,
8355c376-148e-42f1-913d-87ee078b0d4e,Tage wie diese,272000,True,,,Die Toten Hosen,Die Toten Hosen,c3bc80a6-1f4a-4e17-8cf0-6b1efe8302f1,Die Toten Hosen,c3bc80a6-1f4a-4e17-8cf0-6b1efe8302f1,
0cfd30be-018d-458e-b533-fc42a4792c8b,Draußen vor der Tür,185000,True,,video,Die Toten Hosen,Die Toten Hosen,c3bc80a6-1f4a-4e17-8cf0-6b1efe8302f1,Die Toten Hosen,c3bc80a6-1f4a-4e17-8cf0-6b1efe8302f1,
b6f2ece9-8851-46e9-9b76-dd03665f08c4,Das ist der Moment,182000,True,,video,Die Toten Hosen,Die Toten Hosen,c3bc80a6-1f4a-4e17-8cf0-6b1efe8302f1,Die Toten Hosen,c3bc80a6-1f4a-4e17-8cf0-6b1efe8302f1,
da7c36cd-26ef-4cc1-b3b6-7263e2d384b0,The One,,False,,part of “2013-07-04: A State of Trance #620” DJ-mix,Simon Patterson feat. Lucy Pullin,Simon Patterson|Lucy Pullin,b9c4d4af-dd2d-4374-962d-4e2dca189ca7|5b2d1371-4b3e-4f4b-9d4b-23770f5249d1,Simon Patterson,b9c4d4af-dd2d-4374-962d-4e2dca189ca7,
aa7f81c0-a0ae-4507-98a7-230636374f35,Without You,,False,,part of “2013-06-27: A State of Trance #619” DJ-mix,Aly & Fila feat. Susana,Aly & Fila|Susana,045bc733-e2f0-4f3b-8807-6a6d84505ea8|dfb054dd-11fa-4362-acf4-aebca0105ba6,Aly & Fila,045bc733-e2f0-4f3b-8807-6a6d84505ea8,
b1e892ae-7a11-455a-8366-4b2b3e65c561,Pulsar,,False,,part of “2013-07-04: A State of Trance #620” DJ-mix,Armin van Buuren,Armin van Buuren,477b8c0c-c5fc-4ad2-b5b2-191f0bf2a9df,Armin van Buuren,477b8c0c-c5fc-4ad2-b5b2-191f0bf2a9df,
0bdf998c-d1e4-4b1d-8734-62dbf806af59,Beautiful,,False,,part of “2013-07-04: A State of Trance #620” DJ-mix,Ferry Corsten,Ferry Corsten,47347cb8-ac34-4916-84b6-d85d4e5e5384,Ferry Corsten,47347cb8-ac34-4916-84b6-d85d4e5e5384,
1f80bfca-ed3e-4ef7-8385-f347a841bfd0,Pulsar,,False,,part of “2013-06-27: A State of Trance #619” DJ-mix,Armin van Buuren,Armin van Buuren,477b8c0c-c5fc-4ad2-b5b2-191f0bf2a9df,Armin van Buuren,477b8c0c-c5fc-4ad2-b5b2-191f0bf2a9df,
466c8336-c973-4f3d-a752-d5f5419ac286,Find Me,,False,,part of “2013-06-27: A State of Trance #619” DJ-mix,Shogun feat. Tania Zygar,Shogun|Tania Zygar,cb99cdb6-55e0-47ed-ae60-6b4c2630a661|58dac89e-3c5a-478e-94a4-b8f428542207,Shogun,cb99cdb6-55e0-47ed-ae60-6b4c2630a661,
8c43596e-286e-4a4d-a11c-818fcc120866,Do I Wanna Know?,266000,True,,Official Video,Arctic Monkeys,Arctic Monkeys,ada7a83c-e3e1-40f1-93f9-3e73dbc9298a,Arctic Monkeys,ada7a83c-e3e1-40f1-93f9-3e73dbc9298a,
38f620ca-cd72-4d7b-8668-104478cf5af5,Mood Indigo,,False,,,Duke Ellington,Duke Ellington,3af06bc4-68ad-4cae-bb7a-7eeeb45e411f,Duke Ellington,3af06bc4-68ad-4cae-bb7a-7eeeb45e411f,
839c85bc-9609-4ba0-b688-8d4220268560,If I Lose Myself,,False,,,Alesso vs. One Republic,Alesso|OneRepublic,addb00fd-733c-4223-8fdf-f78be2488acd|c33c2065-b1c3-4406-b066-d33a9e2ea71a,Alesso,addb00fd-733c-4223-8fdf-f78be2488acd,
e5fe3270-7f6f-4232-8136-4a3892c81f7d,Boom Boom,220000,False,,,Caliajah & DJ Well,Caliajah|DJ Well,b0c14f8b-4786-43ff-b981-2ca6ffb12471|f2abba72-2374-407b-970c-9f276fe56944,Caliajah,b0c14f8b-4786-43ff-b981-2ca6ffb12471,
a760f801-a0bc-4a69-9092-fa7a591e5298,Never Never,220000,True,,,Korn,Korn,ac865b2e-bba8-4f5a-8756-dd40d5e39f46,Korn,ac865b2e-bba8-4f5a-8756-dd40d5e39f46,
af98e98c-dd73-4fef-9fc3-ed5aa2acb7fa,Eye of The Tiger,,False,,,Brigitte,Brigitte,47f1d0f3-9633-4e04-8b82-1fc7de31f6ab,Brigitte,47f1d0f3-9633-4e04-8b82-1fc7de31f6ab,
e881c088-925e-4cfc-970c-bc36d1a1966e,Playing With Fire,222000,False,,Fiery Remix,Alien Ant Farm,Alien Ant Farm,8ac6cc32-8ddf-43b1-9ac4-4b04f9053176,Alien Ant Farm,8ac6cc32-8ddf-43b1-9ac4-4b04f9053176,
993db83b-62d1-4428-b3af-d4b07dbf52e5,Playing With Fire,226000,False,,,Alien Ant Farm,Alien Ant Farm,8ac6cc32-8ddf-43b1-9ac4-4b04f9053176,Alien Ant Farm,8ac6cc32-8ddf-43b1-9ac4-4b04f9053176,
2c283814-fbaa-4b51-a3e4-f6e583a21c95,Wallflower,176000,True,,,Ashnikko,Ashnikko,6dee6b6f-aa72-424c-9c8c-0d31ba5ff673,Ashnikko,6dee6b6f-aa72-424c-9c8c-0d31ba5ff673,
e69769a5-d9e9-4f16-a31d-c9d26603ea1b,You,297000,True,,Music Video,Keaton Henson,Keaton Henson,f58e17e6-3c99-4a17-969e-fcbb9ee2720e,Keaton Henson,f58e17e6-3c99-4a17-969e-fcbb9ee2720e,
7b03b0a8-309e-44e9-9f2f-d5a18b07f96e,Small Hands,219000,True,,Music Video,Keaton Henson,Keaton Henson,f58e17e6-3c99-4a17-969e-fcbb9ee2720e,Keaton Henson,f58e17e6-3c99-4a17-969e-fcbb9ee2720e,
d2803ffa-a6ef-4c2b-9608-9a86dc17b1e7,You Don’t Know How Lucky You Are,242000,True,,Music Video,Keaton Henson,Keaton Henson,f58e17e6-3c99-4a17-969e-fcbb9ee2720e,Keaton Henson,f58e17e6-3c99-4a17-969e-fcbb9ee2720e,
4083cc92-069c-4bc6-a2b5-e737de62be55,Survival,185000,True,,,Eminem,Eminem,b95ce3ff-3d05-4e87-9e01-c97b66af13d4,Eminem,b95ce3ff-3d05-4e87-9e01-c97b66af13d4,
2e0cc0f2-f63f-4e7a-9928-63a8029a13f9,White Christmas,234093,False,,,Kiri Te Kanawa,Kiri Te Kanawa,1a78bb97-ad86-4f89-b4b4-cc10953103c3,Kiri Te Kanawa,1a78bb97-ad86-4f89-b4b4-cc10953103c3,
b854cabb-720b-47c6-956c-fd1e6d1416de,"Oh Come, All Ye Faithful",182293,False,,,Plácido Domingo & The Vienna Boys Choir,Plácido Domingo|Wiener Sängerknaben,521df2bd-01f6-456e-9d5f-f081068819c2|7badcc14-8d16-4734-acda-40645d156602,Plácido Domingo,521df2bd-01f6-456e-9d5f-f081068819c2,
53702983-a0c0-44ca-879e-1278fd725d85,Don't Walk Away,203358,False,,,Joe Pass,Joe Pass,2f43e416-f1bf-4f04-8853-a0019aa12441,Joe Pass,2f43e416-f1bf-4f04-8853-a0019aa12441,
a6ef4449-026b-41b2-954c-ac1cb9c3703b,Not Strong Enough,217000,True,,,Apocalyptica feat. Doug Robb,Apocalyptica|Doug Robb,788ad31c-bf0c-4a31-83f8-b8b130d79c76|57606666-3a64-4d43-a34d-9c5d7be39f07,Apocalyptica,788ad31c-bf0c-4a31-83f8-b8b130d79c76,
63d08981-3e26-406c-80cd-e3fb56c3c73f,Sweet Dreams,226000,False,,,Stereo Express,Stereo Express,b5659d49-bd8d-409f-9577-03cd63d4e4ef,Stereo Express,b5659d49-bd8d-409f-9577-03cd63d4e4ef,
50264907-7b19-4bef-86d6-d6a20642be54,Paris,197000,True,,Music Video,Black Atlass,Black Atlass,17a3433f-b1e6-44db-90da-2a905830ff06,Black Atlass,17a3433f-b1e6-44db-90da-2a905830ff06,
0dbbac7f-e032-4eb3-9528-8898f802fc61,DE CEUX,211000,True,,Music Video,Fauve,Fauve,f9e318ec-3c3f-4f20-9b37-d7bab24224a4,Fauve,f9e318ec-3c3f-4f20-9b37-d7bab24224a4,
73475344-0763-45f6-8cf7-637679e45fca,Teardrops,,False,,,Shakin’ Stevens,Shakin’ Stevens,e0195400-ad63-4a21-8d56-9a96647cb24e,Shakin’ Stevens,e0195400-ad63-4a21-8d56-9a96647cb24e,
e695655c-12a6-4b27-b1ca-a947ad3859b0,A Love Worth Waiting For,,False,,,Shakin’ Stevens,Shakin’ Stevens,e0195400-ad63-4a21-8d56-9a96647cb24e,Shakin’ Stevens,e0195400-ad63-4a21-8d56-9a96647cb24e,
a5262a39-2e95-4265-83a8-2b0a54d5fb9d,Hot Dog,,False,,,Shakin’ Stevens,Shakin’ Stevens,e0195400-ad63-4a21-8d56-9a96647cb24e,Shakin’ Stevens,e0195400-ad63-4a21-8d56-9a96647cb24e,
abe4586e-6528-4603-a79b-e0939ba26746,Give Me Your Heart Tonight,,False,,,Shakin’ Stevens,Shakin’ Stevens,e0195400-ad63-4a21-8d56-9a96647cb24e,Shakin’ Stevens,e0195400-ad63-4a21-8d56-9a96647cb24e,
53569df9-7e59-4854-aef7-0a64495d3b26,My Sacrifice,250000,False,,,Boyce Avenue,Boyce Avenue,0e517f4b-6d89-48f0-8a11-16416bd0fdcb,Boyce Avenue,0e517f4b-6d89-48f0-8a11-16416bd0fdcb,
6f8a76c5-ac7b-42dc-9207-0cf0fb05766a,Dangerous,,False,,,Within Temptation,Within Temptation,eace2373-31c8-4aba-9a5c-7bce22dd140a,Within Temptation,eace2373-31c8-4aba-9a5c-7bce22dd140a,
c873836b-d248-444b-b6c2-8a76ed47b40e,How I Feel,169000,False,,,Flo Rida,Flo Rida,4593d49a-7f67-46ba-9ec0-126bd676286f,Flo Rida,4593d49a-7f67-46ba-9ec0-126bd676286f,
acd9fbca-f595-463b-85ef-b88853bbd4cd,Give It All To Me,,False,,,Mavado,Mavado,82705f22-a8ec-499c-8f41-8ee6b47a9459,Mavado,82705f22-a8ec-499c-8f41-8ee6b47a9459,
a3cc170c-8891-4097-86b3-01930758b583,Carol,112000,False,,,Travis Bretzer,Travis Bretzer,171306a5-cfbf-4a93-a8ac-6145198b2489,Travis Bretzer,171306a5-cfbf-4a93-a8ac-6145198b2489,
2a78ad7f-eaa1-4c3d-a44e-03a8bbfa1043,Amazing Grace,,False,,,The Tenors,The Tenors,c6779ba5-db6b-458a-a21e-0b3d5861529c,The Tenors,c6779ba5-db6b-458a-a21e-0b3d5861529c,
ab9f205c-3ae2-4b71-9eaf-7f33c7f1bb0e,CONTROL,290000,True,,music video,capsule,CAPSULE,d5ce36be-fa9b-4caa-b148-a8526dd8ed04,CAPSULE,d5ce36be-fa9b-4caa-b148-a8526dd8ed04,
90b96709-f39f-411d-baa6-3b9b07ccbe5d,La noche de los dos,226000,True,,,Daddy Yankee feat. Natalia Jiménez,Daddy Yankee|Natalia Jiménez,2f522f5c-111c-4ce8-8bd0-d82e97c227ad|fe788ced-7566-45fa-8b01-c1e1e9c1554a,Daddy Yankee,2f522f5c-111c-4ce8-8bd0-d82e97c227ad,
e9c3daeb-8cbf-46b8-a69c-ccfa907bc902,Inside of Me,,False,,,Bad Boys Blue,Bad Boys Blue,ae32393f-b7db-479b-8728-8ea28c1edb16,Bad Boys Blue,ae32393f-b7db-479b-8728-8ea28c1edb16,
2bd6180b-0d34-4c3b-907c-4543356269b8,Fighter,246000,True,,,Cham feat. Damian “Jr Gong” Marley,Cham|Damian “Jr. Gong” Marley,02f412ba-daac-430f-a934-6e897b611472|cbfb9bcd-c5a0-4d7c-865f-2c641c171e1c,Cham,02f412ba-daac-430f-a934-6e897b611472,
2c2fd9ca-a5ad-43dd-be55-76ffd27c8659,Intruder,,False,,"part of “2005-01-16: A State of Trance #182, ""Yearmix of 2004""” DJ‐mix",Armin van Buuren vs. M.I.K.E.,Armin van Buuren|M.I.K.E.,477b8c0c-c5fc-4ad2-b5b2-191f0bf2a9df|c9dd9303-6a47-4677-85ff-552693d3d857,Armin van Buuren,477b8c0c-c5fc-4ad2-b5b2-191f0bf2a9df,
3dac8a5c-a287-43ad-b591-a53dc7955f2c,Adagio for Strings,,False,,part of a “MoS: Anthems Trance” DJ‐mix,Tiësto,Tiësto,aabb1d9f-be12-45b3-a84d-a1fc3e8181fd,Tiësto,aabb1d9f-be12-45b3-a84d-a1fc3e8181fd,
2267b4f3-cdb8-4ff6-9104-58fcd612b84b,Don't Shoot,194000,True,,,DEVO,DEVO,d2db1078-c170-4e22-b261-14f3ad60a690,DEVO,d2db1078-c170-4e22-b261-14f3ad60a690,
97af1a19-3f01-48cc-aa41-4b48cf228712,Always Like This,250000,True,,,Bombay Bicycle Club,Bombay Bicycle Club,0ae49abe-d6af-44fa-8ab0-b9ace5690e6f,Bombay Bicycle Club,0ae49abe-d6af-44fa-8ab0-b9ace5690e6f,
c5354b3c-631c-4c46-9de1-79c7e8511f36,Winnie the Pooh,70000,False,,"orphaned, likely in Italian, to fix",Richard M. Sherman & Robert B. Sherman,Richard M. Sherman|Robert B. Sherman,c47026a1-3300-4cf7-80df-8b9462a884e4|d378dedb-444f-48f5-a6e6-3e8e31ef6c14,Richard M. Sherman,c47026a1-3300-4cf7-80df-8b9462a884e4,
97001b08-691a-4c36-9fc7-811c58839343,Take It Back,234000,True,,,The Qemists feat. Enter Shikari,The Qemists|Enter Shikari,eae38719-96b6-4aa5-8303-5bb08f953c86|329f95db-f02e-40bf-a5f7-0dea11529ce3,The Qemists,eae38719-96b6-4aa5-8303-5bb08f953c86,
a57be9d8-3984-4d9d-8b5b-110e959792c3,Face to Face,231000,True,,,ATB feat. Stanfour,ATB|Stanfour,22a096ef-c70d-4d70-ae19-4fc2412d4986|96df08e4-3b01-4ec0-abe6-b96b272b8478,ATB,22a096ef-c70d-4d70-ae19-4fc2412d4986,
604cb479-fd6d-4aff-8557-4d0c14c0e5fb,Dance With Me,,False,,,Dougal & Vibes,Dougal|DJ Vibes,1deb5b30-b45d-468f-a8b9-3659b7efb45c|061e96f6-5b5b-4fc0-9861-47c6a6a8ab37,Dougal,1deb5b30-b45d-468f-a8b9-3659b7efb45c,
8abe2005-71e1-4a0a-bb0e-7e727c3d3c32,Magdalena,206000,True,,,Pixies,Pixies,b6b2bb8d-54a9-491f-9607-7b546023b433,Pixies,b6b2bb8d-54a9-491f-9607-7b546023b433,
3ecc0caa-a64c-42ff-81d1-0c10d5737414,Dreams,,False,,part of “2013-12-19: A State of Trance #644” DJ-mix,Alex M.O.R.P.H. feat. Natalie Gioia,Alex M.O.R.P.H.|Natalie Gioia,e74d1be6-ed61-480f-bcbc-7f33530494fb|f9db2841-0755-4ea0-b0d4-f6c64f7d8b08,Alex M.O.R.P.H.,e74d1be6-ed61-480f-bcbc-7f33530494fb,
74e3b0ce-4aef-4d7d-8171-57ff3df32ea5,Intense,,False,,part of “2013-12-19: A State of Trance #644” DJ-mix,Armin van Buuren feat. Miri Ben‐Ari,Armin van Buuren|Miri Ben‐Ari,477b8c0c-c5fc-4ad2-b5b2-191f0bf2a9df|3e7d3eac-7789-493f-940d-8a4b8c14e72b,Armin van Buuren,477b8c0c-c5fc-4ad2-b5b2-191f0bf2a9df,
dac3cd1b-7547-4710-a642-d31df4a18273,Maahi Ve,240000,False,,,A. R. Rahman,A. R. Rahman,e0bba708-bdd3-478d-84ea-c706413bedab,A. R. Rahman,e0bba708-bdd3-478d-84ea-c706413bedab,
bfdf4083-2ffc-4344-b662-207262210251,Red Lights,304000,False,,YouTube ThrillingMusic,Tiësto,Tiësto,aabb1d9f-be12-45b3-a84d-a1fc3e8181fd,Tiësto,aabb1d9f-be12-45b3-a84d-a1fc3e8181fd,
3ed03bb9-6c24-4237-a01e-5e261f1706f0,Dicen,261000,True,,,Dash Shamash,Dash,0180320f-25ca-4584-9378-71c83cf95056,Dash,0180320f-25ca-4584-9378-71c83cf95056,
28929a21-55c5-44a4-98b7-ea54c15cb01a,Baby Blue Eyes,,False,,,Guana Batz,Guana Batz,b250533d-2823-4f5d-81a6-615eaf1bf170,Guana Batz,b250533d-2823-4f5d-81a6-615eaf1bf170,
68cd15e1-6593-46aa-b627-e47e3a1e83a4,Theme For An Imaginary Western,414000,False,,"live: Lone Star Roadhouse, New York, NY, USA",Jack Bruce,Jack Bruce,94a24504-3548-4bde-a89b-273d277d194e,Jack Bruce,94a24504-3548-4bde-a89b-273d277d194e,
2f31f905-2c46-40eb-b8a8-399fa5f07d13,We Are the Future,238000,True,,,Rapsusklei & The Flow Fanatics,Rapsusklei|The Flow Fanatics,c52233a2-664c-407d-b28c-a523370f8951|9035b065-b33f-4223-9ab1-e26368fd77bc,Rapsusklei,c52233a2-664c-407d-b28c-a523370f8951,
714ddfe1-8d3e-4ac6-96c1-69171f05fd13,Reset,266000,True,,,Atari Teenage Riot,Atari Teenage Riot,fe404dd9-09b2-4ac8-a0e5-8da1c4027061,Atari Teenage Riot,fe404dd9-09b2-4ac8-a0e5-8da1c4027061,
bbfaf610-e70f-411b-948e-b091ebdedc4c,Stardust,237000,False,,,tyDi & Kerli,tyDi|Kerli,589fd2c1-50b4-45f1-918c-cd678f3492f8|acf295f0-a10c-4c6a-ad0b-b01f82009153,tyDi,589fd2c1-50b4-45f1-918c-cd678f3492f8,
0115837a-baef-4fdf-a70a-9e283d067627,Welcome to Paradise,225921,False,,live,Green Day,Green Day,084308bd-1654-436f-ba03-df6697104e19,Green Day,084308bd-1654-436f-ba03-df6697104e19,
00cf4aa8-2a54-48bc-aeec-ea1f703c753e,21 Guns,345638,False,,live,Green Day,Green Day,084308bd-1654-436f-ba03-df6697104e19,Green Day,084308bd-1654-436f-ba03-df6697104e19,
a57df956-56e3-4fa1-97b0-ccad4c022847,Eis-me Aqui,,False,,,Diante do Trono,Diante do Trono,a9f26073-ffec-4d18-b679-e3f5f4816571,Diante do Trono,a9f26073-ffec-4d18-b679-e3f5f4816571,BRMLH1000012
fb341dd8-de54-4348-a90a-26d4db788afa,Summertime,,True,,"live, 1968-04-07: New York City, NY, USA",Janis Joplin & Jimi Hendrix,Janis Joplin|Jimi Hendrix,76c9a186-75bd-436a-85c0-823e3efddb7f|06fb1c8b-566e-4cb2-985b-b467c90781d4,Janis Joplin,76c9a186-75bd-436a-85c0-823e3efddb7f,
19d4ec71-4d2a-4c85-91b2-0178c37bf162,Feel It,,False,,part of “2011-03-31: A State of Trance #502” DJ-mix,Ferry Corsten,Ferry Corsten,47347cb8-ac34-4916-84b6-d85d4e5e5384,Ferry Corsten,47347cb8-ac34-4916-84b6-d85d4e5e5384,
24bba307-a57b-4e56-97b6-6ab8a005d7b0,Collide,192000,False,,,Skrux & Bone N Skin feat. Duelle,Skrux|Bone N Skin|Duelle,1b415396-6fad-467a-abc1-8051bed49de1|6677da2a-ca48-4bec-b9a1-f00751ecfc9d|519f0d47-ed62-44d4-950c-d496d0211743,Skrux,1b415396-6fad-467a-abc1-8051bed49de1,
11a48bb8-f779-4ba5-acbd-3b3ae872cccf,While We Sleep,403000,True,,,Insomnium,Insomnium,c1f8e226-75ea-4fe6-83ce-59c122bcbca4,Insomnium,c1f8e226-75ea-4fe6-83ce-59c122bcbca4,
e1c992b7-cbea-4f89-aa30-d2f20c49f31b,March of the Pigs,253000,True,,"live, 2014-03-14: Melbourne",Nine Inch Nails,Nine Inch Nails,b7ffd2af-418f-4be2-bdd1-22f8b48613da,Nine Inch Nails,b7ffd2af-418f-4be2-bdd1-22f8b48613da,
a5f2a3c1-3d9b-4ab4-b5f3-2465c628f728,Only for the Weak,,False,,live,In Flames,In Flames,31745282-b1ea-4d62-939f-226b14d68e7c,In Flames,31745282-b1ea-4d62-939f-226b14d68e7c,
80d64ea1-5dad-4a61-af69-5dd319300263,Invincible,216000,True,,music video,Amaranthe,Amaranthe,eb380962-99bb-46c0-af40-1c7790a7822a,Amaranthe,eb380962-99bb-46c0-af40-1c7790a7822a,
06c2e980-4db8-4417-ac0a-4f5f4f04ecf6,Burn With Me,261000,True,,music video,Amaranthe,Amaranthe,eb380962-99bb-46c0-af40-1c7790a7822a,Amaranthe,eb380962-99bb-46c0-af40-1c7790a7822a,
fa178ce1-e92b-4069-a0e9-9047215290d6,Numb,,False,,,Portishead,Portishead,8f6bd1e4-fbe1-4f50-aa9b-94c450ec0f11,Portishead,8f6bd1e4-fbe1-4f50-aa9b-94c450ec0f11,
f61db544-10c1-4257-8e82-d8937056d3e5,Paradise,,False,,,Nat King Cole,Nat King Cole,fbe054ec-a143-4101-9e9e-64abc5ff5ac9,Nat King Cole,fbe054ec-a143-4101-9e9e-64abc5ff5ac9,
22adcaaf-9869-49ca-a016-cc386dc9dc74,Impossible,,False,,,Nat King Cole,Nat King Cole,fbe054ec-a143-4101-9e9e-64abc5ff5ac9,Nat King Cole,fbe054ec-a143-4101-9e9e-64abc5ff5ac9,
10872435-7257-421e-9717-6b5db1111264,Sour Times,,False,,,Portishead,Portishead,8f6bd1e4-fbe1-4f50-aa9b-94c450ec0f11,Portishead,8f6bd1e4-fbe1-4f50-aa9b-94c450ec0f11,
30b65b55-8f6e-42d1-8153-12f75fb33d85,Strangers,,False,,,Portishead,Portishead,8f6bd1e4-fbe1-4f50-aa9b-94c450ec0f11,Portishead,8f6bd1e4-fbe1-4f50-aa9b-94c450ec0f11,
4f4bff47-8efd-4bf4-829b-de7efef427c6,Don't Blame Me,,False,,,Nat King Cole,Nat King Cole,fbe054ec-a143-4101-9e9e-64abc5ff5ac9,Nat King Cole,fbe054ec-a143-4101-9e9e-64abc5ff5ac9,
c6d714c0-b4cb-445c-b619-9eaecc89218e,War Ensemble,311000,True,,,Rob Scallon,Rob Scallon,62649ad2-853c-4930-97c6-1011c71f021a,Rob Scallon,62649ad2-853c-4930-97c6-1011c71f021a,
9f03026e-bddf-4db3-9cdf-4adf9c7687cf,The Journey,,False,,,The Cranberries,The Cranberries,c98d40fd-f6cf-4b26-883e-eaa515ee2851,The Cranberries,c98d40fd-f6cf-4b26-883e-eaa515ee2851,
4a7df585-bcb7-47c0-8ef8-5245021da75b,Dreams,,False,,,The Cranberries,The Cranberries,c98d40fd-f6cf-4b26-883e-eaa515ee2851,The Cranberries,c98d40fd-f6cf-4b26-883e-eaa515ee2851,
a9370d60-6c61-4761-af78-c2a2cb35f83d,Enter Sandman,,False,,,Metallica,Metallica,65f4f0c5-ef9e-490c-aee3-909e7ae6b2ab,Metallica,65f4f0c5-ef9e-490c-aee3-909e7ae6b2ab,
fd696785-4c0e-4ddf-9abc-c77bb09fab5f,Sad but True,,False,,,Metallica,Metallica,65f4f0c5-ef9e-490c-aee3-909e7ae6b2ab,Metallica,65f4f0c5-ef9e-490c-aee3-909e7ae6b2ab,
8005d063-62fa-48af-8907-dfc77d5328d2,El general,246000,True,,,Chulito Camacho,Chulito Camacho,5a6c146d-0921-4bdb-881e-f5c6afdede02,Chulito Camacho,5a6c146d-0921-4bdb-881e-f5c6afdede02,
f794bf45-3b60-4eff-ba43-e712e8e65dba,I'll Be Back,,False,,,The Beatles,The Beatles,b10bbbfc-cf9e-42e0-be17-e2c3e1d2600d,The Beatles,b10bbbfc-cf9e-42e0-be17-e2c3e1d2600d,
e97104c3-d077-4dc9-8787-9edf22c6ef5d,Hangover,309000,True,,,PSY feat. Snoop Dogg,PSY|Snoop Dogg,f99b7d67-4e63-4678-aa66-4c6ac0f7d24a|f90e8b26-9e52-4669-a5c9-e28529c47894,PSY,f99b7d67-4e63-4678-aa66-4c6ac0f7d24a,
cbf3e098-0860-4bce-9773-167e72b65a60,Ahora o nunca,174000,True,,,Vera,Vera,883ccdd8-6121-4064-8bed-45e780a3924f,Vera,883ccdd8-6121-4064-8bed-45e780a3924f,
3a960651-550d-4bc9-a903-e6bd42d47eed,Payaso,278000,True,,,Héctor 'El Father',Héctor el Father,fef1c408-438f-460d-bd20-97ee40006faf,Héctor el Father,fef1c408-438f-460d-bd20-97ee40006faf,
50a220d3-dd98-4ca8-9d6b-4c7a2c272992,Soy,221000,True,,,Alberto Gambino feat. Legendario,Alberto Gambino|Legendario,6721c3f3-2ab0-49f1-b8dc-8529953d6e27|932ee926-d119-4bfd-b76a-6ba862670552,Alberto Gambino,6721c3f3-2ab0-49f1-b8dc-8529953d6e27,
924843ff-bdc4-494d-83c0-1ea85c8cdb5d,I wanna feel,331000,False,,,Secondcity,Secondcity,e06c109a-3477-43ed-a604-f7747b93818f,Secondcity,e06c109a-3477-43ed-a604-f7747b93818f,
0cb17fbc-f822-4782-a775-5630a33daae9,World in Motion,282000,True,,,New Order,New Order,f1106b17-dcbb-45f6-b938-199ccfab50cc,New Order,f1106b17-dcbb-45f6-b938-199ccfab50cc,
8cca2ac0-76fe-4b1e-87b3-52c96237cdb4,Empathy,397000,False,,,Pyramid,Pyramid,525fed08-c822-467e-9506-ca37fa730e25,Pyramid,525fed08-c822-467e-9506-ca37fa730e25,
351ab4b5-99db-4ce7-95d7-84bed3671ba7,Legion,310000,True,,music video,Fear of Domination,Fear of Domination,10045d18-3297-425e-a33a-5bf51ce25c5d,Fear of Domination,10045d18-3297-425e-a33a-5bf51ce25c5d,
0fc8cc0a-b5fb-4b5a-99d4-84b392a8d680,Una vaina loca,282000,True,,,Fuego feat. El Potro Álvarez,Fuego|El Potro Álvarez,1d333e32-4d56-4ada-9fce-e4167fd64022|648153b2-a601-414b-9bc9-fdb620b39e7d,Fuego,1d333e32-4d56-4ada-9fce-e4167fd64022,
631b910a-afb5-41fb-9dae-f605f72e5df0,Ya te olvidé,314000,True,,,Fuego,Fuego,1d333e32-4d56-4ada-9fce-e4167fd64022,Fuego,1d333e32-4d56-4ada-9fce-e4167fd64022,
aec7d7cd-56fe-423b-9b39-b8a8899f46fd,Perdón,237000,True,,,Fuego,Fuego,1d333e32-4d56-4ada-9fce-e4167fd64022,Fuego,1d333e32-4d56-4ada-9fce-e4167fd64022,
23109b0b-7f7c-4f23-82ac-4ab03fbef2ca,In The Army Now,,False,,,Status Quo,Status Quo,1884ed9c-6fe1-468d-a7f8-8d19c9c4e441,Status Quo,1884ed9c-6fe1-468d-a7f8-8d19c9c4e441,
e1466be4-aeeb-4422-b8ad-b0dc5ef41af4,All I Want,,False,,,LCD Soundsystem,LCD Soundsystem,2aaf7396-6ab8-40f3-9776-a41c42c8e26b,LCD Soundsystem,2aaf7396-6ab8-40f3-9776-a41c42c8e26b,
068bb806-ab49-43c0-8d08-e8805045e235,Free,68000,True,,,Dellafuente,Dellafuente,e2e593af-0b56-4a12-90fd-53611e14abcd,Dellafuente,e2e593af-0b56-4a12-90fd-53611e14abcd,
c5f220fb-39f1-43c8-92ed-a2bcc08446b9,Do I Wanna Know?,313000,True,,"live, 2014: Australia",CHVRCHES,CHVRCHES,6a93afbb-257f-4166-b389-9f2a1e5c5df8,CHVRCHES,6a93afbb-257f-4166-b389-9f2a1e5c5df8,
64d4bdc3-8fc1-43ab-9c2a-8dfe6b062961,Hype,243000,False,,,Deorro,Deorro,724ffc08-6987-40b0-b107-03bb95a82b80,Deorro,724ffc08-6987-40b0-b107-03bb95a82b80,
23a0a136-a17b-4dc7-b60b-736325226b6a,Wolf,221000,True,,,First Aid Kit,First Aid Kit,373faa02-74d7-4b1d-9b47-7574ad510f8d,First Aid Kit,373faa02-74d7-4b1d-9b47-7574ad510f8d,
b78cd661-eb14-4867-b986-2d137db128b1,Chandelier,232000,True,,,Sia,Sia,2f548675-008d-4332-876c-108b0c7ab9c5,Sia,2f548675-008d-4332-876c-108b0c7ab9c5,
2a138e37-edec-4262-9eeb-3f232ee68ddf,One,,False,,,Filter,Filter,6ae51665-8261-4ae5-883f-1899651ad31b,Filter,6ae51665-8261-4ae5-883f-1899651ad31b,
5c6a19fc-50e9-42de-84d9-32fc60b6ae05,Another Night,239000,True,,,Real McCoy,Real McCoy,7b0522f2-b808-4e48-82ce-fa9e32db06de,Real McCoy,7b0522f2-b808-4e48-82ce-fa9e32db06de,
9b09a901-ecc4-4f91-b336-81cdf757f664,Bulletproof,208000,True,,music video,La Roux,La Roux,88d1360a-bc2d-47df-90d1-d2de285560aa,La Roux,88d1360a-bc2d-47df-90d1-d2de285560aa,
1bc298ad-d313-4be0-9bb9-a88c35084ae5,Surrender,208000,True,,,Cash Cash,Cash Cash,dda162b4-f871-4e89-b081-b7b3470782f0,Cash Cash,dda162b4-f871-4e89-b081-b7b3470782f0,
dbf1cbc6-bdb8-4fb0-95bf-3acd902cb01b,Atlantis Is Calling (S.O.S. for Love),188000,True,,,Modern Talking,Modern Talking,98913495-8867-43b3-aa8d-db88ee4d4cdc,Modern Talking,98913495-8867-43b3-aa8d-db88ee4d4cdc,
25365203-8589-45c0-a9fe-cdb0dc9ba1d9,My Silver Lining,231000,True,,,First Aid Kit,First Aid Kit,373faa02-74d7-4b1d-9b47-7574ad510f8d,First Aid Kit,373faa02-74d7-4b1d-9b47-7574ad510f8d,
f40250e3-45c5-4e98-850a-9025ebe842fe,Life Goes On,114000,True,,,CTRL+Z,CTRL+Z,656c2ffc-ae0a-4602-880f-d91900927778,CTRL+Z,656c2ffc-ae0a-4602-880f-d91900927778,
2783d32b-70ad-407c-b148-304606163a76,My Way,246000,True,,,CTRL+Z,CTRL+Z,656c2ffc-ae0a-4602-880f-d91900927778,CTRL+Z,656c2ffc-ae0a-4602-880f-d91900927778,
e33476d1-cc89-4d3e-bec1-16aa83190582,"You’re Gonna Go Far, Kid",178000,False,,live; Days Go By japanese hidden track,The Offspring,The Offspring,23a03e33-a603-404e-bcbf-2c00159d7067,The Offspring,23a03e33-a603-404e-bcbf-2c00159d7067,
e2febf5f-7dbd-4b87-b76f-8cd37dc1f28a,The Kids Aren’t Alright,182000,False,,live; Days Go By japanese hidden track,The Offspring,The Offspring,23a03e33-a603-404e-bcbf-2c00159d7067,The Offspring,23a03e33-a603-404e-bcbf-2c00159d7067,
a0fe6256-26f6-4796-8905-3e41538c5aba,Self Esteem,264000,False,,live; Days Go By japanese hidden track,The Offspring,The Offspring,23a03e33-a603-404e-bcbf-2c00159d7067,The Offspring,23a03e33-a603-404e-bcbf-2c00159d7067,
845a3598-e8ef-46ab-89c3-6a1c443b82fb,wake up,,False,,,gravity,gravity,10fe1683-353c-4426-b2eb-8110caeb3067,gravity,10fe1683-353c-4426-b2eb-8110caeb3067,
77c0a7ff-839c-4783-aab9-0e70219497fa,Cirrus,203000,True,,,Bonobo,Bonobo,9a709693-b4f8-4da9-8cc1-038c911a61be,Bonobo,9a709693-b4f8-4da9-8cc1-038c911a61be,
c165b54f-da15-4a2d-bfcb-8424cb7a9f3d,Wings,215000,False,,,Hucci,Hucci,ad0406fb-4627-4b3e-bd63-4a7dabb02a04,Hucci,ad0406fb-4627-4b3e-bd63-4a7dabb02a04,
03b847cf-3e71-40f3-b2f6-8d80177cadb2,Dangerous,282000,True,,,Rumer,Rumer,a30e3a7b-cd14-4e63-ba22-04d02ee6fe26,Rumer,a30e3a7b-cd14-4e63-ba22-04d02ee6fe26,
79236fb9-0b36-4cc2-991e-86ac32b614f9,Muévelo,236000,True,,,Sofía Reyes feat. Wisin,Sofía Reyes|Wisin,d2f9426f-1dc9-4b95-9ed9-f101787378e4|6a6eea03-b435-446c-bab1-312b45580aee,Sofía Reyes,d2f9426f-1dc9-4b95-9ed9-f101787378e4,
8f99f9de-8188-498d-94b7-e656cf8bac5d,Have Yourself A Merry Little Christmas,168000,False,,,Greg Laswell,Greg Laswell,999fa2c4-d978-4c7d-8201-c746cbd5b23b,Greg Laswell,999fa2c4-d978-4c7d-8201-c746cbd5b23b,
c4b193fc-b7c1-494d-8311-6533a43d13a8,ID,,False,,,ID,ID,8a90099e-f73a-427e-a807-d32373c66fb0,ID,8a90099e-f73a-427e-a807-d32373c66fb0,
901cd258-de76-4faf-bbf1-988a02b6afc5,Oasis,176000,True,,,Juli,Juli,8bd51c1b-8ddb-4b68-bcd7-ec5d5319331a,Juli,8bd51c1b-8ddb-4b68-bcd7-ec5d5319331a,
2f3b3b7a-6955-4738-8e2d-a6cd31c539a5,Mary Had a Little Lamb,,False,,,The Countdown Kids,The Countdown Kids,96fb2a38-4628-49dc-8af4-c0d06a6a8000,The Countdown Kids,96fb2a38-4628-49dc-8af4-c0d06a6a8000,
f5b99715-dbfe-44a5-8941-ed666239f372,I’m on a Boat,189000,True,,“album version”,The Lonely Island feat. T‐Pain,The Lonely Island|T‐Pain,028e1863-cab4-4a3d-9dd9-91c682c91005|ce55e49a-32f4-4757-9849-bf04d06d5fcc,The Lonely Island,028e1863-cab4-4a3d-9dd9-91c682c91005,
9858ea8f-ed4a-49b6-92a8-8b56f86b9d94,Message in a Bottle,233000,False,,,Lower Than Atlantis,Lower Than Atlantis,511c4699-2c7c-4c59-a38c-325f5874d563,Lower Than Atlantis,511c4699-2c7c-4c59-a38c-325f5874d563,
a791385d-bcc8-4bb4-9ed4-fc5a6a0e0eb2,Here We Go,,True,,,Lower Than Atlantis,Lower Than Atlantis,511c4699-2c7c-4c59-a38c-325f5874d563,Lower Than Atlantis,511c4699-2c7c-4c59-a38c-325f5874d563,
b8a7577e-b0b5-4f00-a812-9c872956afad,Like a Boss,119000,True,,uncensored version,The Lonely Island feat. Seth Rogen,The Lonely Island|Seth Rogen,028e1863-cab4-4a3d-9dd9-91c682c91005|4ca7e81b-7152-40a4-bda2-7e726fd53130,The Lonely Island,028e1863-cab4-4a3d-9dd9-91c682c91005,
bacc47af-c892-4bcb-b77c-cc5c846e3209,Danny Boy,,False,,,Celtic Woman,Celtic Woman,4d483147-c871-48c4-8470-85e5a66381c5,Celtic Woman,4d483147-c871-48c4-8470-85e5a66381c5,
1dd29af4-dd0e-418e-8ed6-2cc7eb52d59c,Angel of Mercy,272000,True,,,Black Label Society,Black Label Society,a8e935c6-3fcc-414c-900c-77e8170e7e7c,Black Label Society,a8e935c6-3fcc-414c-900c-77e8170e7e7c,
fb26ba58-5444-46a5-bfa0-0ce48f74fa50,Lluvia,203000,True,,,Mala Rodríguez,Mala Rodríguez,7d6d748f-13fc-4f9c-adc8-087d34c4bdef,Mala Rodríguez,7d6d748f-13fc-4f9c-adc8-087d34c4bdef,
f775ff75-e645-4773-8037-f625888569e1,Monument,409000,True,,,Röyksopp & Robyn,Röyksopp|Robyn,1c70a3fc-fa3c-4be1-8b55-c3192db8a884|5a8e07d5-d932-4484-a7f7-e700793a9c94,Röyksopp,1c70a3fc-fa3c-4be1-8b55-c3192db8a884,
0d9152c7-e120-42e5-aa19-9c85e4a150fb,Rock or Bust,190000,True,,music video,AC/DC,AC/DC,66c662b6-6e2f-4930-8610-912e24c63ed1,AC/DC,66c662b6-6e2f-4930-8610-912e24c63ed1,
60685e64-77fe-4fbc-8866-9c2c31a9b771,White Christmas,,False,,,Heartless Bastards,Heartless Bastards,584eadcd-e493-4c59-a1f2-9eea9ee399a3,Heartless Bastards,584eadcd-e493-4c59-a1f2-9eea9ee399a3,
97261c8e-000f-4b12-84fd-62b8df2e2bd1,Tennessee Christmas,,False,,,Ashley Monroe,Ashley Monroe,63e42c4d-88b5-4d4e-b3a0-1330c14a6954,Ashley Monroe,63e42c4d-88b5-4d4e-b3a0-1330c14a6954,
6f16ea1d-719a-40cd-944b-e0496ca41c8a,Last Christmas,,False,,,Escort,Escort,d1905c22-27b7-4e14-8e04-caf9a31ec8b4,Escort,d1905c22-27b7-4e14-8e04-caf9a31ec8b4,
39d69e5f-3678-4375-879d-6c16c4dd1f9c,Die Alone,211000,False,,,Funker Vogt,Funker Vogt,d47c5ac6-f45c-4982-ae23-0d72fe35a503,Funker Vogt,d47c5ac6-f45c-4982-ae23-0d72fe35a503,
7bc33815-a322-466e-9c2c-794ddc8a7551,Rock Steady,312000,False,,,The Whispers,The Whispers,2e7afe0c-ec52-4c1d-9413-5d40f77922c7,The Whispers,2e7afe0c-ec52-4c1d-9413-5d40f77922c7,
29ba689e-7b77-4396-827d-288ccd676acf,Introduction,,True,,,Bon Jovi,Bon Jovi,5dcdb5eb-cb72-4e6e-9e63-b7bace604965,Bon Jovi,5dcdb5eb-cb72-4e6e-9e63-b7bace604965,
5564c641-11a8-43fc-82ca-0022924cd229,Heroes,,False,,,Philip Glass,Philip Glass,5ae54dee-4dba-49c0-802a-a3b3b3adfe9b,Philip Glass,5ae54dee-4dba-49c0-802a-a3b3b3adfe9b,
a31dddfb-0aae-4a98-b3cc-716ad0b86765,Alive,,False,,,Jennifer Lopez,Jennifer Lopez,f0602f55-1770-483d-89bd-4bae0d0ac086,Jennifer Lopez,f0602f55-1770-483d-89bd-4bae0d0ac086,
7151a247-07eb-4eeb-9522-61427fa1be44,Play,,False,,,Jennifer Lopez,Jennifer Lopez,f0602f55-1770-483d-89bd-4bae0d0ac086,Jennifer Lopez,f0602f55-1770-483d-89bd-4bae0d0ac086,
02cc8d3d-a489-4929-9b6a-b35783ad48bf,Dunked On,,False,,,Froggy Fresh,Froggy Fresh,31f7c78f-ecba-4128-b43e-65bdbfda6883,Froggy Fresh,31f7c78f-ecba-4128-b43e-65bdbfda6883,
20d4f32a-c57d-415a-99ec-65b96bd52a4f,Twice,241000,False,,In The Woods 2013 Barn Session,Lianne La Havas,Lianne La Havas,680466d6-f05b-44f6-858d-625d1b5087f6,Lianne La Havas,680466d6-f05b-44f6-858d-625d1b5087f6,
cc297a42-b59c-411a-af85-aa703fe378ee,Wagon Wheel,,False,,,Old Crow Medicine Show,Old Crow Medicine Show,0202af38-ac32-48d0-a546-87caaef2dee2,Old Crow Medicine Show,0202af38-ac32-48d0-a546-87caaef2dee2,
bb2a7ae2-95a2-4099-9270-a15b4162afbb,Broken Dreams,303000,False,,,Shaman’s Harvest,Shaman’s Harvest,8ac5a921-50d5-48b5-a784-eddd422070df,Shaman’s Harvest,8ac5a921-50d5-48b5-a784-eddd422070df,
74247db6-3d0c-48bd-9a6a-01c6ca611f55,You And I,,False,,Feat. Crystal Gayle,Eddie Rabbitt,Eddie Rabbitt,486d04cf-355f-4afb-a694-a895918c45ac,Eddie Rabbitt,486d04cf-355f-4afb-a694-a895918c45ac,
6dd325fd-5f85-4a41-b4c2-a656bfcd86a3,This Kiss,,False,,,Faith Hill,Faith Hill,406552d4-5ba1-4226-b7c0-367bc50fc767,Faith Hill,406552d4-5ba1-4226-b7c0-367bc50fc767,
b6edeccb-76d7-44bf-bde8-e68d9111572c,With Or Without You,220000,False,,,We Are the Fallen,We Are the Fallen,ffafc8e1-1190-4b9e-a406-203f70e2ec11,We Are the Fallen,ffafc8e1-1190-4b9e-a406-203f70e2ec11,
e7bfff26-8e76-443a-911b-ce4a727c84d1,All of Me,312000,True,,"official music video, includes outro",John Legend & Lindsey Stirling,John Legend|Lindsey Stirling,75a72702-a5ef-4513-bca5-c5b944903546|53e40f93-f4af-4f8c-819c-7bbe4b6f0a1c,John Legend,75a72702-a5ef-4513-bca5-c5b944903546,
3f398826-4d30-488f-9b48-ba26eecadf87,Jump,225000,True,,,Ozi,Ozi,a82d8534-537e-430c-ad49-00a084baf938,Ozi,a82d8534-537e-430c-ad49-00a084baf938,PLF471400001|PLF471400002|PLF471400003
9ef8cab8-ce9e-45aa-8792-b125194915bf,Remember (original mix),,False,,,Thomas Gold feat. Kaelyn Behr,Thomas Gold|Styalz Fuego,233164a1-a581-44f7-adac-cfdae2eefb66|75bf5269-656d-4def-8738-c1c071f26bbb,Thomas Gold,233164a1-a581-44f7-adac-cfdae2eefb66,
7a389232-6b03-442f-9f6b-7f8fb864e598,Red Right Hand,171000,False,,,PJ Harvey,PJ Harvey,e795e03d-b5d5-4a5f-834d-162cfb308a2c,PJ Harvey,e795e03d-b5d5-4a5f-834d-162cfb308a2c,
039cdfa6-2a2e-4fb2-ae9a-e34930973897,I kissed a girl,,False,,,Cœur de pirate,Cœur de pirate,130e7bd0-6d34-48a9-822f-03eff7ea95d4,Cœur de pirate,130e7bd0-6d34-48a9-822f-03eff7ea95d4,
e9561650-4636-4342-84e7-7122131873a0,Conquistador,,False,,,Procol Harum,Procol Harum,44119570-4d53-46e7-a447-bd18608c28d8,Procol Harum,44119570-4d53-46e7-a447-bd18608c28d8,
c48713c5-6646-4bb4-af43-051dbd44b58d,Leyenda,200000,True,,,Nach,Nach,ff734df1-6795-43ec-84a7-ae04b356dad1,Nach,ff734df1-6795-43ec-84a7-ae04b356dad1,
cdc78379-a6d3-487d-99fc-a6cd92f5cc82,Milonga sentimental,,False,,,Carlos Gardel,Carlos Gardel,bb54817c-6829-4ccc-bc58-030abb85c583,Carlos Gardel,bb54817c-6829-4ccc-bc58-030abb85c583,
a6cc4ec9-c1d8-41ed-bb12-edca13ef74e2,Slam,,False,,,Artificial Intelligence,Artificial Intelligence,862f369a-4139-48f9-af9c-eb4daadd804a,Artificial Intelligence,862f369a-4139-48f9-af9c-eb4daadd804a,
5f444fb7-206d-41d0-8ece-56bfa1acb352,Pum Pum,246000,True,,,Farina feat. Ñengo Flow,Farina|Ñengo Flow,f49933c8-da21-4c1e-af19-61b782ec50d5|b7f5054e-c9de-49d8-b0eb-6deefb89b86b,Farina,f49933c8-da21-4c1e-af19-61b782ec50d5,
401a3d8c-95bb-42dc-8896-4db64c2cbb53,Heads Will Roll (A-Trak remix),,False,,,Yeah Yeah Yeahs,Yeah Yeah Yeahs,584c04d2-4acc-491b-8a0a-e63133f4bfc4,Yeah Yeah Yeahs,584c04d2-4acc-491b-8a0a-e63133f4bfc4,
777b3186-6a06-4422-8602-a0ac392be91e,Karma,183000,True,,,Natos y Waor feat. Cheb Rubën,Natos y Waor|Cheb Rubën,947f21fa-4244-433c-8d51-bf43513d3f71|4be9706b-35a6-48e0-af18-fe2054435639,Natos y Waor,947f21fa-4244-433c-8d51-bf43513d3f71,
e7ef529f-67e3-4f29-bd1f-f736abbf79ef,Andas,146000,False,,,Hästpojken,Hästpojken,594b3d95-2548-4319-bb50-9bba9088be5c,Hästpojken,594b3d95-2548-4319-bb50-9bba9088be5c,
92aa857f-8d80-4a38-b4d4-9c47a373bc6c,Feel Right,224000,False,,Radio Edit,Mark Ronson feat. Mystikal,Mark Ronson|Mystikal,c3c82bdc-d9e7-4836-9746-c24ead47ca19|1cfe52d7-181a-4b3a-8041-d8bf9ccef57b,Mark Ronson,c3c82bdc-d9e7-4836-9746-c24ead47ca19,
92fce425-cedd-4b8b-adbc-92e519ce0f3e,DERP,205000,False,,,MAKJ & Bassjackers,MAKJ|Bassjackers,f8a693f1-6dcb-412b-bf70-cc8fca13f090|8b3b7346-ee3b-4e03-b747-0952aab46e61,MAKJ,f8a693f1-6dcb-412b-bf70-cc8fca13f090,
7063ca1c-1a3c-4df1-9f95-67af417002cc,Slow Down,357000,False,,Jack Morrison Remix,Showtek,Showtek,5663c716-c38f-4454-99ce-5afb3c5af567,Showtek,5663c716-c38f-4454-99ce-5afb3c5af567,
9606a8e0-d7a3-472f-8296-0836d68e28cc,In DA Club,287000,False,,Anthony Taratsas Remix,50 Cent,50 Cent,8e68819d-71be-4e7d-b41d-f1df81b01d3f,50 Cent,8e68819d-71be-4e7d-b41d-f1df81b01d3f,
02064bcd-8d4d-491b-8c76-decb54af9fa8,Shadows,,False,,,Chromatics,Chromatics,c89ea689-c053-4d97-bada-8b81a6236f58,Chromatics,c89ea689-c053-4d97-bada-8b81a6236f58,
f6a7cb04-6af4-4382-b565-193a7236b889,Jump!,242000,False,,Original Mix,Joel Fletcher,Joel Fletcher,40d7c058-51f1-4cc3-9eda-6d514b54a292,Joel Fletcher,40d7c058-51f1-4cc3-9eda-6d514b54a292,
9d837cf1-1b2e-45a3-94b2-469ac7f6282e,Cinderela,230000,False,,,Dalto,Dalto,2159f10c-cf78-4f04-bbc3-aa04d49828a6,Dalto,2159f10c-cf78-4f04-bbc3-aa04d49828a6,
769b6620-efd2-44b5-a001-b1b47088a066,Anjo,227000,False,,,Dalto,Dalto,2159f10c-cf78-4f04-bbc3-aa04d49828a6,Dalto,2159f10c-cf78-4f04-bbc3-aa04d49828a6,
2d922d5d-682c-49b9-a71b-c75a76d1b26c,Say Goodbye,232000,False,,,Krewella,Krewella,d87475fa-76a1-4e12-962c-fc9941fdda72,Krewella,d87475fa-76a1-4e12-962c-fc9941fdda72,
cbe4fbe7-791b-4e82-8f68-ad4e9df518f9,Wires,226000,False,,,Charli XCX,Charli xcx,260b6184-8828-48eb-945c-bc4cb6fc34ca,Charli xcx,260b6184-8828-48eb-945c-bc4cb6fc34ca,
ab6fe402-5536-4cd3-9263-e6e3fbede982,Younger (Kygo Remix),351000,False,,,Kygo & Seinabo Sey,Kygo|Seinabo Sey,ba0e7638-0cd6-4ff4-8987-c3e224d22c23|61946666-398b-4ba2-9a3d-e9a6b4d3077f,Kygo,ba0e7638-0cd6-4ff4-8987-c3e224d22c23,
c7130945-80cc-4d7d-864d-87f78f7b90da,Honest,182000,False,,,Yung Beef,Yung Beef,505e16b2-ef1b-42cc-b323-1a9664bcf69a,Yung Beef,505e16b2-ef1b-42cc-b323-1a9664bcf69a,
e4d62c8e-aa03-42df-a911-99682399d797,666,163000,False,,,Yung Beef Lavey,Yung Beef,505e16b2-ef1b-42cc-b323-1a9664bcf69a,Yung Beef,505e16b2-ef1b-42cc-b323-1a9664bcf69a,
54c9216b-e5f3-449e-8970-a867215aecd9,Trap Queen,245000,True,,,Fetty Wap,Fetty Wap,e3492ea0-5997-4241-a7bf-2fd7fb1bfad1,Fetty Wap,e3492ea0-5997-4241-a7bf-2fd7fb1bfad1,
4bb9d7d3-9144-4bce-b146-2aa4e15cd779,Dig,,False,,,Strung Out,Strung Out,0220a594-56a1-47ca-8288-001ead3a3546,Strung Out,0220a594-56a1-47ca-8288-001ead3a3546,
6b82b940-1fa1-4beb-964d-e2ea665d40ab,Blue Eyes,210000,False,,,Yo Yo Honey Singh,Yo Yo Honey Singh,0dc9c4bc-8bcc-42f1-9033-bec41160377f,Yo Yo Honey Singh,0dc9c4bc-8bcc-42f1-9033-bec41160377f,
306bed75-40c8-478e-8057-c97e09380b8e,Plush,,False,,"Live, 1994-11-1, The Paradiso, Amsterdam,",Stone Temple Pilots,Stone Temple Pilots,8c32bb01-58a3-453b-8050-8c0620edb0e5,Stone Temple Pilots,8c32bb01-58a3-453b-8050-8c0620edb0e5,
a153422c-ca48-4eab-90b8-6a797b3ff83a,Shellshock,261000,True,,Video edit,Noisia feat. Foreign Beggars,Noisia|Foreign Beggars,ec22a32b-acab-432e-a88c-ffe6ae68fa16|34dd3adc-f118-4106-bfac-71820a804f4c,Noisia,ec22a32b-acab-432e-a88c-ffe6ae68fa16,
b7cfa524-3a93-4f26-8376-11b97337eeef,And I Love Her,239000,False,,,Princess Chelsea,Princess Chelsea,4778e075-c59b-4455-be96-5c84fc458904,Princess Chelsea,4778e075-c59b-4455-be96-5c84fc458904,
a4d20f00-9bb7-46e4-9b7c-1edae5c3846f,Closer to Me,204000,True,,,The Outfield,The Outfield,5d400869-0471-42ee-afda-3addd73d0418,The Outfield,5d400869-0471-42ee-afda-3addd73d0418,
b7ef593d-e681-44d4-a240-9d42d047d5d3,Run,66000,True,,,Lambert,Lambert,ad6568eb-4f17-43dd-a799-46c7eb7e2fee,Lambert,ad6568eb-4f17-43dd-a799-46c7eb7e2fee,
2be217bc-4753-4850-a334-b8e23bf47572,Finally,143000,True,,,Lambert,Lambert,ad6568eb-4f17-43dd-a799-46c7eb7e2fee,Lambert,ad6568eb-4f17-43dd-a799-46c7eb7e2fee,
dfb23768-4051-492a-b96d-cf4c81791501,It’s Only Love,266000,True,,,Cheap Trick,Cheap Trick,9f870653-72b0-4c6d-8c59-439a95963e09,Cheap Trick,9f870653-72b0-4c6d-8c59-439a95963e09,
db0866d2-0b80-4925-aba8-bc5cc7e18efb,We Will Rock You,175000,True,,,Warrant,Warrant,9aa0d535-3efe-468c-afda-43bd17d44641,Warrant,9aa0d535-3efe-468c-afda-43bd17d44641,
2f0e0547-4aeb-4d6d-a448-122e928ee026,Brick by Brick,,False,,"live, 2009-07-22: “MTV Unplugged”, NEP Studios, New York, NY, USA",Katy Perry,Katy Perry,122d63fc-8671-43e4-9752-34e846d62a9c,Katy Perry,122d63fc-8671-43e4-9752-34e846d62a9c,
bd90fe5c-1d4a-4e1b-97a0-779271d95155,Lovin' So Hard,250000,True,,video,Becky G,Becky G,eb90c8b8-d733-4c14-a293-105c3d1ba9b3,Becky G,eb90c8b8-d733-4c14-a293-105c3d1ba9b3,
4f1060de-d586-4543-a880-6472c64814a8,For Whom the Bell Tolls,279000,False,,"Cover, Demo",Trivium,Trivium,1f5ff245-2837-4d4a-a609-e93e544478c3,Trivium,1f5ff245-2837-4d4a-a609-e93e544478c3,
397529e8-34a2-41ab-bfb7-58404e4d5391,Let It Be,245000,True,,,The Beatles,The Beatles,b10bbbfc-cf9e-42e0-be17-e2c3e1d2600d,The Beatles,b10bbbfc-cf9e-42e0-be17-e2c3e1d2600d,
f0f03b30-122c-4b59-a380-3f7ce15ee689,Like a Rolling Stone,,False,,,Bob Dylan,Bob Dylan,72c536dc-7137-4477-a521-567eeb840fa8,Bob Dylan,72c536dc-7137-4477-a521-567eeb840fa8,
23f56f3b-468b-4cfb-a550-5e81bbb3d36a,Blue Suede Shoes,,False,,,Carl Perkins,Carl Perkins,068bd7ab-c38e-4fae-8ed2-cb0c153ed68f,Carl Perkins,068bd7ab-c38e-4fae-8ed2-cb0c153ed68f,
44f0cd8c-f1a4-4a24-b3c5-730f8ec99b84,In the Night,,True,,,Cheryl Lynn,Cheryl Lynn,c2b8f775-455c-44c3-97ca-f377938da19e,Cheryl Lynn,c2b8f775-455c-44c3-97ca-f377938da19e,
69c8e419-8d31-4dcb-ab60-f3b6272c48db,Happiness,,False,,,Roland Clark,Roland Clark,3da8021a-6ceb-44f5-96cb-9bd38ddfc9b3,Roland Clark,3da8021a-6ceb-44f5-96cb-9bd38ddfc9b3,
349b518b-a90a-4b38-978b-c9c64f0acea5,Leave a Trace,237000,True,,music video,CHVRCHES,CHVRCHES,6a93afbb-257f-4166-b389-9f2a1e5c5df8,CHVRCHES,6a93afbb-257f-4166-b389-9f2a1e5c5df8,
6ba99189-9c52-42a4-aa89-7a2df040a5ce,Speed of Light,303000,True,,music video,Iron Maiden,Iron Maiden,ca891d65-d9b0-4258-89f7-e6ba29d83767,Iron Maiden,ca891d65-d9b0-4258-89f7-e6ba29d83767,
b0bb80ae-4cb2-44b9-af39-897a90e426d2,Main Agar Kahoon,234000,True,,,Sonu Nigam & Shreya Ghoshal,Sonu Nigam|Shreya Ghoshal,93622908-0806-4173-94c1-9e42597af011|a8740949-50a8-4e71-8133-17d31b7cf69c,Sonu Nigam,93622908-0806-4173-94c1-9e42597af011,
308cacf9-f748-4fc6-833c-02bcce35073b,Jag Soona Soona Lage,245000,True,,,Rahat Fateh Ali Khan & Richa Sharma,Rahat Fateh Ali Khan|Richa Sharma,014431e3-c5a3-4a57-b86b-fe8f2e3253ff|f1241aa8-65df-4998-9cc8-5b4856b12205,Rahat Fateh Ali Khan,014431e3-c5a3-4a57-b86b-fe8f2e3253ff,
d1e7a28a-11ac-46fc-b714-450cffd63784,Deewangi Deewangi,537000,True,,,"Shaan, Udit Narayan, Shreya Ghoshal, Sunidhi Chauhan & Rahul Saxena",Shaan|Udit Narayan|Shreya Ghoshal|Sunidhi Chauhan|Rahul Saxena,4586db61-284f-42dd-9b19-69111ea08149|43a90725-7432-4f08-baa6-4c939d6f69a9|a8740949-50a8-4e71-8133-17d31b7cf69c|934cc2a7-822e-4117-8e82-8e663d7d2daf|44d8497a-9100-4f27-9baa-990289be27cc,Shaan,4586db61-284f-42dd-9b19-69111ea08149,
d85c8fe0-7b89-4448-8359-7d12da0a9d01,Flash,253000,False,,,Attom,Attom,c6f09ec1-7173-42e2-8f29-30cbcbff8878,Attom,c6f09ec1-7173-42e2-8f29-30cbcbff8878,
665469cd-6e9a-43e9-a5f0-cb9fa7c85e22,Carry On,278000,True,,music video,Lisa Stansfield,Lisa Stansfield,8f632c44-c97f-4b12-b1cd-caf2c6e2ed06,Lisa Stansfield,8f632c44-c97f-4b12-b1cd-caf2c6e2ed06,
e67bb056-7de2-44e4-aebc-37323d2a3f88,Human Nature,225000,False,,"live, 2009-07-07: Staples Center, Los Angeles, USA",John Mayer,John Mayer,144ef525-85e9-40c3-8335-02c32d0861f3,John Mayer,144ef525-85e9-40c3-8335-02c32d0861f3,
5c13c175-04ee-4269-b98f-a46d60788812,Like Yuh Miss Me,183000,False,,,Collie Buddz,Collie Buddz,1eae8bc4-3907-41fd-b313-886632c56ce9,Collie Buddz,1eae8bc4-3907-41fd-b313-886632c56ce9,
52ae3854-1436-42c6-962a-9393da62e3c9,Talk!,172000,True,,,Lambert,Lambert,ad6568eb-4f17-43dd-a799-46c7eb7e2fee,Lambert,ad6568eb-4f17-43dd-a799-46c7eb7e2fee,
57b12de9-873d-4f94-b064-e700f01d64a4,Auld Lang Syne,,False,,,Jerry Garcia Band,Jerry Garcia Band,3f7a73e5-cb7f-4488-bd7e-f5e26c87fe1b,Jerry Garcia Band,3f7a73e5-cb7f-4488-bd7e-f5e26c87fe1b,
890a5e87-c02f-4e11-bce5-a19a7cd2065a,Reach for the Dead,298000,True,,video edit,Boards of Canada,Boards of Canada,69158f97-4c07-4c4e-baf8-4e4ab1ed666e,Boards of Canada,69158f97-4c07-4c4e-baf8-4e4ab1ed666e,
fd4cc59d-2f95-461b-b4bd-0cdaeb677d8c,Revolution,534000,False,,(Time in Motion remix),Liquid Soul,Liquid Soul,b2e9df97-3deb-4e4e-8193-ab1af10cfd83,Liquid Soul,b2e9df97-3deb-4e4e-8193-ab1af10cfd83,
d6a85166-21a1-4bb7-8cb7-63feba46b6f6,At the Hop,,False,,,Danny & the Juniors,Danny & the Juniors,93df1072-9d44-4aaf-a46d-ba53a097b287,Danny & the Juniors,93df1072-9d44-4aaf-a46d-ba53a097b287,
fa87dcd6-2a99-4b07-a3cf-8b4a25ba602b,No Particular Place to Go,,False,,,Chuck Berry,Chuck Berry,592a3b6d-c42b-4567-99c9-ecf63bd66499,Chuck Berry,592a3b6d-c42b-4567-99c9-ecf63bd66499,
42b3aa84-80b0-45b1-8a32-b5589f63173d,Let It Snow! Let It Snow! Let It Snow!,,False,,,Dean Martin,Dean Martin,5e6c760b-42e0-4df4-a221-0269355da00a,Dean Martin,5e6c760b-42e0-4df4-a221-0269355da00a,
4a3dce92-91ff-446a-8178-5b46ae9257b4,Tequila,,False,,,The Champs,The Champs,bbaa7a18-98ff-4540-9973-8f8340a83d3b,The Champs,bbaa7a18-98ff-4540-9973-8f8340a83d3b,
4eb9d753-5c61-4f5f-b46b-ff09b3e7dd90,Two Minds,231000,True,,music video,NERO,NERO,bd057a0c-a7b6-47bf-8dc3-45e0efac1798,NERO,bd057a0c-a7b6-47bf-8dc3-45e0efac1798,
c59e0036-59e8-4dc6-8c4d-64a5a3416316,What You Need,,False,,The Weeknd cover,BANKS,BANKS,faa28a33-5470-4b90-90c3-e71955d93a44,BANKS,faa28a33-5470-4b90-90c3-e71955d93a44,
8bae4113-6d3d-40d5-990e-c9da090bfdc4,Hello,367000,True,,video,Adele,Adele,cc2c9c3c-b7bc-4b8b-84d8-4fbd8779e493,Adele,cc2c9c3c-b7bc-4b8b-84d8-4fbd8779e493,GBH481500074
a7df8348-7ab1-4a94-8e06-d61072a9a739,Atmosphere,289000,True,,,Joy Division,Joy Division,9a58fda3-f4ed-4080-a3a5-f457aac9fcdd,Joy Division,9a58fda3-f4ed-4080-a3a5-f457aac9fcdd,
1de99258-6052-44cf-9e77-b3dd0b0a539c,Insane In The Brain,,False,,,m.o.p.,M.O.P.,dbe35fab-1b3a-469b-87f0-6a54ef8de3c4,M.O.P.,dbe35fab-1b3a-469b-87f0-6a54ef8de3c4,
55da552e-0eea-404f-915b-3a6a2e0e6e5b,I’m Not in Love,313000,True,,,10cc,10cc,f37c537b-3557-4031-bfd6-ab63ced32854,10cc,f37c537b-3557-4031-bfd6-ab63ced32854,
6c3f33ce-2d5c-4e8e-9e74-a6e520f0d8eb,The Things We Do for Love,187000,True,,,10cc,10cc,f37c537b-3557-4031-bfd6-ab63ced32854,10cc,f37c537b-3557-4031-bfd6-ab63ced32854,
1fe8aba4-cbe3-47b4-92fb-96db86c30a59,Set Fire To The Rain,233000,True,,,Echosmith,Echosmith,53317371-09a4-4bf4-a832-22a9c6704be2,Echosmith,53317371-09a4-4bf4-a832-22a9c6704be2,
095f545b-b249-415d-945b-937c115a7908,Lights,193000,True,,,Echosmith,Echosmith,53317371-09a4-4bf4-a832-22a9c6704be2,Echosmith,53317371-09a4-4bf4-a832-22a9c6704be2,
36edfb19-853c-45c7-b470-9a3cf93a52ea,The Power of Love,,True,,,10cc,10cc,f37c537b-3557-4031-bfd6-ab63ced32854,10cc,f37c537b-3557-4031-bfd6-ab63ced32854,
f4fb5b7a-8afe-43cb-9829-b45bb33255ba,Icky Thump,252000,True,,,The White Stripes,The White Stripes,11ae9fbb-f3d7-4a47-936f-4c0a04d3b3b5,The White Stripes,11ae9fbb-f3d7-4a47-936f-4c0a04d3b3b5,
1f4cbe39-0692-4e3b-b751-12049e0bcbbd,Guerrilla Radio,219000,True,,,Rage Against the Machine,Rage Against the Machine,3798b104-01cb-484c-a3b0-56adc6399b80,Rage Against the Machine,3798b104-01cb-484c-a3b0-56adc6399b80,
6bdf5e73-83d4-428e-919a-4a3ac6cfea47,Paddling Out,238000,True,,,Miike Snow,Miike Snow,753a1564-aaef-4d39-bc68-4a8d5e328cf7,Miike Snow,753a1564-aaef-4d39-bc68-4a8d5e328cf7,
3f37e38a-2cc8-439a-b634-9d366b98f385,Celestial,400000,False,,,Andrew Bayer,Andrew Bayer,37457e92-471b-469e-ae6d-448fdbbd0109,Andrew Bayer,37457e92-471b-469e-ae6d-448fdbbd0109,
344ea977-d190-4620-ae77-83b0a3f87721,679,,False,,,Fetty Wap & Montana Buckz,Fetty Wap|Montana Buckz,e3492ea0-5997-4241-a7bf-2fd7fb1bfad1|5638d350-5a21-4e4e-861d-bd57ae9accb4,Fetty Wap,e3492ea0-5997-4241-a7bf-2fd7fb1bfad1,
aceaad7e-b373-475d-ab84-2212e39cd888,Untitled,,False,,,Burial,Burial,9ddce51c-2b75-4b3e-ac8c-1db09e7c89c6,Burial,9ddce51c-2b75-4b3e-ac8c-1db09e7c89c6,
1a595ae3-b377-4a7a-9450-c5aaaf29d945,Sandstorm,233000,True,,,Darude,Darude,9ffad8aa-b671-4a9a-a527-a95bdaaa0ec4,Darude,9ffad8aa-b671-4a9a-a527-a95bdaaa0ec4,
13734927-7d47-466d-876d-b3b491839318,La Luna,,False,,7” version,Belinda Carlisle,Belinda Carlisle,2925aac9-5474-4030-b8a3-4151107010b2,Belinda Carlisle,2925aac9-5474-4030-b8a3-4151107010b2,
5488eee2-a2bb-4aac-8332-8412e46bb27e,Love Never Dies,,False,,7” version,Belinda Carlisle,Belinda Carlisle,2925aac9-5474-4030-b8a3-4151107010b2,Belinda Carlisle,2925aac9-5474-4030-b8a3-4151107010b2,
4339cc52-8de5-451b-9129-5007a994c940,ガラスのメモリーズ,,False,,,TUBE,TUBE,0fe8cccd-6da9-4916-a4b1-19bb2898492f,TUBE,0fe8cccd-6da9-4916-a4b1-19bb2898492f,
dcddd450-9fb0-45ba-9688-6fc8a44d961b,Wagon Wheel,,False,,,Bob Dylan & Ketch Secor,Bob Dylan|Ketch Secor,72c536dc-7137-4477-a521-567eeb840fa8|b6959730-4806-4787-9972-3d1ca9bef3d2,Bob Dylan,72c536dc-7137-4477-a521-567eeb840fa8,
bfc7eae8-50fa-4abf-8348-dcc81a2fb536,O Praise the Name (Anástasis),,False,,,Hillsong,Hillsong UNITED,a29ae051-283b-4703-be3d-2accfa3a75a2,Hillsong UNITED,a29ae051-283b-4703-be3d-2accfa3a75a2,
667b9ea3-82af-4423-aa25-3be313205898,Resurrection,,False,,,HIM,HIM,4cc51547-88ae-49a2-bf7e-0ef65ee7a94c,HIM,4cc51547-88ae-49a2-bf7e-0ef65ee7a94c,
3fcd4594-b262-42cc-9df2-2e152ce3b48a,Martha My Dear,,False,,,Fool’s Garden,Fools Garden,80c38d4f-7419-4ae9-8d4c-cf899df0d5cc,Fools Garden,80c38d4f-7419-4ae9-8d4c-cf899df0d5cc,
3a58e9d0-cbe7-4598-9205-a7ad3f2348b0,Emily,,False,,,Fool’s Garden,Fools Garden,80c38d4f-7419-4ae9-8d4c-cf899df0d5cc,Fools Garden,80c38d4f-7419-4ae9-8d4c-cf899df0d5cc,
09520787-1fbd-4ab2-9a01-bb3720a4ba52,Enter Sandman,,False,,,Metallica,Metallica,65f4f0c5-ef9e-490c-aee3-909e7ae6b2ab,Metallica,65f4f0c5-ef9e-490c-aee3-909e7ae6b2ab,
ae8c518f-f00f-4a18-8bf2-93248e5c70ae,Superstition,,False,,"live, 2011",Stevie Wonder,Stevie Wonder,1ee18fb3-18a6-4c7f-8ba0-bc41cdd0462e,Stevie Wonder,1ee18fb3-18a6-4c7f-8ba0-bc41cdd0462e,
8537c906-01f7-4967-9867-82a831fd7373,Welcome to the Jungle,,False,,,Guns N’ Roses,Guns N’ Roses,eeb1195b-f213-4ce1-b28c-8565211f8e43,Guns N’ Roses,eeb1195b-f213-4ce1-b28c-8565211f8e43,
795bb28d-86ef-442c-87a1-bef9132762f9,Amake Amar Moto Thakte Dao,,True,,,Anupam Roy,Anupam Roy,b1491faa-ec98-4082-a363-8c3e5bca6edd,Anupam Roy,b1491faa-ec98-4082-a363-8c3e5bca6edd,
0a78fecd-f9c4-4c45-b230-92bd37edf0ea,O Praise The Name (Anástasis),329000,False,,,Hillsong United,Hillsong UNITED,a29ae051-283b-4703-be3d-2accfa3a75a2,Hillsong UNITED,a29ae051-283b-4703-be3d-2accfa3a75a2,
1d31ff16-fabb-4127-9c58-1f8f85a0532b,As Ballad,292000,True,,,Lambert,Lambert,ad6568eb-4f17-43dd-a799-46c7eb7e2fee,Lambert,ad6568eb-4f17-43dd-a799-46c7eb7e2fee,
80168d93-cef9-429a-a5e3-1f326883e26d,Terminal,270000,True,,official music video,Paradise Lost,Paradise Lost,10bf95b6-30e3-44f1-817f-45762cdc0de0,Paradise Lost,10bf95b6-30e3-44f1-817f-45762cdc0de0,
40797f0a-c18b-42b9-879d-6bb4da24a145,Rise Again,365000,False,,,"Shaggy, Sean Paul, Sean Kingston, Etana, Tessanne Chin, Destra Garcia, Edwin Yearwood, Belo, Alison Hinds, David Rudder & Shontelle",Shaggy|Sean Paul|Sean Kingston|Etana|Tessanne Chin|Destra Garcia|Edwin Yearwood|Belo|Alison Hinds|David Rudder|Shontelle,fc63d806-ca89-4ea3-a404-ee6de695743f|c3da3346-2643-48a7-93cd-011f6834b3d7|f7eb3be3-1065-4a53-94d4-e2d0c15c0b33|012387c5-d780-469e-993a-5b67a723c672|e7fd6685-38da-4b3b-9796-09a2562e3cd7|96e675d3-2639-4d22-9ffa-c3e5463b23c2|128b2a7f-7220-4c48-93cb-55a4bcc402bb|6e9412c2-642b-404b-afa5-047ab0d6ce3f|4b03d5b0-e5e7-4ce8-9fbb-e09fc17f45f6|5007d876-cd84-4773-b55f-32353ba45a47|cfb2b49e-a921-4171-b089-853d9fc16d2c,Shaggy,fc63d806-ca89-4ea3-a404-ee6de695743f,
60f4e35b-ef8c-4d78-b0be-2cc57bd25854,April (Come She Will),108000,False,,,Coheed and Cambria,Coheed and Cambria,ae1b47d5-5128-431c-9d30-e08fd90e0767,Coheed and Cambria,ae1b47d5-5128-431c-9d30-e08fd90e0767,
14dd2302-f119-4c84-9b2f-db4c7b3591d6,Stop!,,False,,,Jane’s Addiction,Jane’s Addiction,e3434cc7-d348-491a-9dc8-325af3d9086d,Jane’s Addiction,e3434cc7-d348-491a-9dc8-325af3d9086d,
4affaf2c-3576-469c-8f4a-7b24a894af25,Paradise City,,False,,,Guns N’ Roses,Guns N’ Roses,eeb1195b-f213-4ce1-b28c-8565211f8e43,Guns N’ Roses,eeb1195b-f213-4ce1-b28c-8565211f8e43,
77cf17e1-845f-4352-8ff0-f741f04eac11,Stop!,,False,,,Jane’s Addiction,Jane’s Addiction,e3434cc7-d348-491a-9dc8-325af3d9086d,Jane’s Addiction,e3434cc7-d348-491a-9dc8-325af3d9086d,
5beffa46-560d-48b3-a5be-0a8823ea3da5,Woman,,False,,,Wolfmother,Wolfmother,f0c8f75f-8736-4b1d-b312-9349fcff321d,Wolfmother,f0c8f75f-8736-4b1d-b312-9349fcff321d,
788967e0-8f33-4e1d-80e9-c4b05fea509b,Thunder Kiss 65,,False,,,White Zombie,White Zombie,cfe572bf-840f-4bed-934a-f69f4b1e90d4,White Zombie,cfe572bf-840f-4bed-934a-f69f4b1e90d4,
dd0b13dd-9c05-4841-ba18-fcb9d32634d4,Electric Eye,,False,,,Judas Priest,Judas Priest,6b335658-22c8-485d-93de-0bc29a1d0349,Judas Priest,6b335658-22c8-485d-93de-0bc29a1d0349,
2228b571-0d37-42f8-891f-dacd670a1123,More Than a Feeling,,False,,,Boston,Boston,0d8b0d50-e4cf-4da4-965d-f24c58ec3268,Boston,0d8b0d50-e4cf-4da4-965d-f24c58ec3268,
65d14798-f3b1-4226-93b7-aa831fed01d2,Heart-Shaped Box,,False,,,Nirvana,Nirvana,5b11f4ce-a62d-471e-81fc-a69a8278c7da,Nirvana,5b11f4ce-a62d-471e-81fc-a69a8278c7da,
170527ad-801c-4de5-8d7f-205b179da387,Killer Queen,,False,,,Queen,Queen,0383dadf-2a4e-4d10-a46a-e9e041da8eb3,Queen,0383dadf-2a4e-4d10-a46a-e9e041da8eb3,
1faa13c8-7496-4e93-aec7-96cf4fb49dcf,Inlåst,246000,False,,,Färska Prinzen feat. O Ne Rawk & Pluralis,Färska Prinzen|O Ne Rawk|Pluralis,9f060cef-7d6e-4fbe-ab4a-ff7818be725b|f1033209-e17b-4db2-b8d6-d875400232be|621f82ee-3e24-42e2-8858-a31aa97c0480,Färska Prinzen,9f060cef-7d6e-4fbe-ab4a-ff7818be725b,
16443d4b-4175-4032-a99a-ba8e9d83d297,The Four Horsemen,,False,,,Metallica,Metallica,65f4f0c5-ef9e-490c-aee3-909e7ae6b2ab,Metallica,65f4f0c5-ef9e-490c-aee3-909e7ae6b2ab,
22a40251-3f20-410f-81db-11e4fe4269c9,The Four Horsemen,,False,,,Metallica,Metallica,65f4f0c5-ef9e-490c-aee3-909e7ae6b2ab,Metallica,65f4f0c5-ef9e-490c-aee3-909e7ae6b2ab,
893b99ef-8cd1-472b-a79d-492e91768b32,No Remorse,,False,,,Metallica with Ron McGovney,Metallica|Ron McGovney,65f4f0c5-ef9e-490c-aee3-909e7ae6b2ab|118ba687-ad7f-4c28-9355-67e14b18baeb,Metallica,65f4f0c5-ef9e-490c-aee3-909e7ae6b2ab,
3d42f6e3-2270-4899-99b3-80bcd6e3333f,November,177000,False,,,Säkert!,Säkert!,96064c1a-fef0-47f8-912b-98322c24af41,Säkert!,96064c1a-fef0-47f8-912b-98322c24af41,
c741b950-32ff-4072-8ac2-b0031997eb42,Talk,242000,True,,,Lambert,Lambert,ad6568eb-4f17-43dd-a799-46c7eb7e2fee,Lambert,ad6568eb-4f17-43dd-a799-46c7eb7e2fee,
b1ed31d4-46b6-4603-b18c-9169fdbcaacf,Hold On,,True,,video,Good Charlotte,Good Charlotte,b267ca80-034e-4dc1-9ed4-ec45f1fed41d,Good Charlotte,b267ca80-034e-4dc1-9ed4-ec45f1fed41d,
cfbbc9ee-73f1-4ba9-b2d0-994131ae60b9,Bring Me to Life,233000,False,,DJ Skrillex remix,Evanescence,Evanescence,f4a31f0a-51dd-4fa7-986d-3095c40c5ed9,Evanescence,f4a31f0a-51dd-4fa7-986d-3095c40c5ed9,
8654a8b4-ac5d-42d3-896b-98b5f1a3b8aa,Summer Rain,411000,False,,,Hybrid Minds,Hybrid Minds,ceb88a0c-81ca-461a-82d2-ad7769447e15,Hybrid Minds,ceb88a0c-81ca-461a-82d2-ad7769447e15,
48927f8e-ea3e-4c31-b575-d858369a3385,Come Alive,298000,False,,,Drumsound & Bassline Smith feat. Youngman,Drumsound & Bassline Smith,849511d6-5e08-425b-bc05-f2232ed220b3,Drumsound & Bassline Smith,849511d6-5e08-425b-bc05-f2232ed220b3,
deb10231-2664-4275-ac73-835a82da20ea,给我一个理由忘记,,True,,我是歌手,A-Lin,A-Lin,ba6b5808-3be3-42af-8296-8f4e826b2b64,A-Lin,ba6b5808-3be3-42af-8296-8f4e826b2b64,
0b5da307-5cb2-449f-a3d8-9a06fff078ae,All Day and All of the Night,,False,,"live, 1967-04-01: Kelvin Hall, Glasgow, UK; mono",The Kinks,The Kinks,17b53d9f-5c63-4a09-a593-dde4608e0db9,The Kinks,17b53d9f-5c63-4a09-a593-dde4608e0db9,
46c382a2-7880-4153-8e01-0cc3b1fdb273,Wish You Were Here,227000,True,,"live, 2016-02-28: Oslo Konserthus, Oslo, Norway",Dream Theater,Dream Theater,28503ab7-8bf2-4666-a7bd-2644bfc7cb1d,Dream Theater,28503ab7-8bf2-4666-a7bd-2644bfc7cb1d,
3d23c719-c130-455d-bfc7-2b00f69e17c1,Island,300000,True,,"live: Lightship95, London, UK",Coheed and Cambria,Coheed and Cambria,ae1b47d5-5128-431c-9d30-e08fd90e0767,Coheed and Cambria,ae1b47d5-5128-431c-9d30-e08fd90e0767,
0641fb7f-3723-47af-b6aa-5dbeaed6417f,Don’t Let Me Be Misunderstood,,False,,,Santa Esmeralda,Santa Esmeralda,b233a9a9-2538-4c5b-986a-5843650e2611,Santa Esmeralda,b233a9a9-2538-4c5b-986a-5843650e2611,
7b5d14f7-c528-4221-8860-b8ef9459dd54,You to Me Are Everything,,False,,,The Real Thing,The Real Thing,71668e88-208d-410f-ac5f-7a54ebee26cf,The Real Thing,71668e88-208d-410f-ac5f-7a54ebee26cf,
28217efb-f79f-4dcd-b59c-0ab16746e1c7,Only You,203000,True,,,Mac DeMarco,Mac DeMarco,f2492c31-54a8-4347-a1fc-f81f72873bbf,Mac DeMarco,f2492c31-54a8-4347-a1fc-f81f72873bbf,
2f43a788-23c6-40b1-8cb2-524dc6d23688,Give It Up,,False,,,Public Enemy,Public Enemy,bf2e15d0-4b77-469e-bfb4-f8414415baca,Public Enemy,bf2e15d0-4b77-469e-bfb4-f8414415baca,
1bebfc22-30d7-4a50-89b6-372ed473d3bd,Space,167000,False,,,P.O.D.,P.O.D.,57e79d57-b795-475e-9fa2-5dd9d5513b8c,P.O.D.,57e79d57-b795-475e-9fa2-5dd9d5513b8c,
897cc338-09a6-4570-9c5f-f88b6cf4e627,Sympathy,236000,False,,,Days of the New,Days of the New,10c8a5ad-4329-475a-a550-ff3c9cf19599,Days of the New,10c8a5ad-4329-475a-a550-ff3c9cf19599,
c2a95a8f-f4fc-4621-b44d-a51c6c272d0d,Paranoid,163000,True,,official music video,Black Sabbath,Black Sabbath,5182c1d9-c7d2-4dad-afa0-ccfeada921a8,Black Sabbath,5182c1d9-c7d2-4dad-afa0-ccfeada921a8,
fe65b9ad-67d0-4b0f-bf7b-ac86bf79b6f2,Volta,274000,True,,Official clip,T.C.,TC,847a3f67-c909-418b-bebc-88d6dbe197dc,TC,847a3f67-c909-418b-bebc-88d6dbe197dc,
56971a6c-28a4-4203-ac02-13e05fa721c4,Kiss Me,181000,False,,,Magic,Magic,663015bc-d646-4068-a676-e3f02537eaed,Magic,663015bc-d646-4068-a676-e3f02537eaed,
6c10d4e7-ed00-4569-8a90-cb8c5bda3f42,I Will Follow,289000,False,,,Collective Soul feat. Max Collins & Butch Walker,Collective Soul|Max Collins|Butch Walker,aa266ac7-d919-4132-982e-76cbd95591a7|c23c1eab-9ce1-41b3-bb18-c2dc90c189e9|30e8e6e2-7b79-4eef-ba91-8435d4ba0fac,Collective Soul,aa266ac7-d919-4132-982e-76cbd95591a7,
31fad555-643a-4172-9170-fbcf6d268886,Stranded,272000,True,,music video,Gojira,Gojira,1c5efd53-d6b6-4d63-9d22-a15025cf5f07,Gojira,1c5efd53-d6b6-4d63-9d22-a15025cf5f07,
f5db129c-31d9-4761-87da-ddc8ca090f1c,Shine,,False,,,Years & Years,Years & Years,9f23b7c3-baa6-4e38-b1a9-5c38359ad982,Years & Years,9f23b7c3-baa6-4e38-b1a9-5c38359ad982,
95a79966-3eda-4d23-b4fc-336e25aedb20,Silvera,214000,True,,music video,Gojira,Gojira,1c5efd53-d6b6-4d63-9d22-a15025cf5f07,Gojira,1c5efd53-d6b6-4d63-9d22-a15025cf5f07,
d29fd175-9d32-47e4-8575-be21903de31b,Movies,256000,True,,movie theatre,Alien Ant Farm,Alien Ant Farm,8ac6cc32-8ddf-43b1-9ac4-4b04f9053176,Alien Ant Farm,8ac6cc32-8ddf-43b1-9ac4-4b04f9053176,
8d1939b3-b964-4546-8191-a490111e6c95,Never Giving Up,220000,True,,official music video,Of Mice & Men,Of Mice & Men,82b6784e-8161-42a0-9b5c-b9d31e63fd85,Of Mice & Men,82b6784e-8161-42a0-9b5c-b9d31e63fd85,
a257cab8-b9f5-4126-9ffb-abd62e6ba8c0,Crossfire,241000,False,,,Cypress Hill,Cypress Hill,51508c1f-8d07-4a00-9cf1-26c570fe7b78,Cypress Hill,51508c1f-8d07-4a00-9cf1-26c570fe7b78,
7207e6ca-e321-45fd-b636-1ff57fa45045,Revelação,249000,False,,,Fagner,Fagner,d3d08827-5446-48c3-b795-a897ae6fe77f,Fagner,d3d08827-5446-48c3-b795-a897ae6fe77f,
ccf44401-2a3a-4b57-8979-21df5a16e0d6,Espumas ao Vento,243000,False,,,Fagner,Fagner,d3d08827-5446-48c3-b795-a897ae6fe77f,Fagner,d3d08827-5446-48c3-b795-a897ae6fe77f,
b9538dc9-0927-4b98-8435-5fe37deff808,"Meu Vaqueiro, Meu Peão",,False,,,Mastruz com Leite,Mastruz com Leite,df4aace3-a8dc-43fe-9e02-2b67fd5904dd,Mastruz com Leite,df4aace3-a8dc-43fe-9e02-2b67fd5904dd,
920b4333-3baa-4a92-b156-cd036fbd210e,Nothing Else Matters,271000,False,,,Metallica & London Symphony Orchestra,Metallica|London Symphony Orchestra,65f4f0c5-ef9e-490c-aee3-909e7ae6b2ab|38712b4c-0fd4-4c65-8c7a-45676fecc973,Metallica,65f4f0c5-ef9e-490c-aee3-909e7ae6b2ab,
da9991bc-8856-4e20-a401-323ce47ca853,Lifelines,,False,,,a‐ha,a‐ha,7364dea6-ca9a-48e3-be01-b44ad0d19897,a‐ha,7364dea6-ca9a-48e3-be01-b44ad0d19897,
0c681785-fbda-4c80-a36f-e6f4742a98b7,Stay on These Roads,,False,,,a‐ha,a‐ha,7364dea6-ca9a-48e3-be01-b44ad0d19897,a‐ha,7364dea6-ca9a-48e3-be01-b44ad0d19897,
bb9c0438-95a5-49b4-899e-bec9af1848ae,Skinny Love,223000,True,,,Ed Sheeran,Ed Sheeran,b8a7c51f-362c-4dcb-a259-bc6e0095f0a6,Ed Sheeran,b8a7c51f-362c-4dcb-a259-bc6e0095f0a6,
aae9c285-b05b-49b1-9515-1266e47b9ec7,Can't Help Falling in Love,177000,True,,,twenty one pilots,twenty one pilots,a6c6897a-7415-4f8d-b5a5-3a5e05f3be67,twenty one pilots,a6c6897a-7415-4f8d-b5a5-3a5e05f3be67,
eddcb853-6f1f-49c3-be0e-597ac00b025d,Dile,167000,True,,,Dellafuente,Dellafuente,e2e593af-0b56-4a12-90fd-53611e14abcd,Dellafuente,e2e593af-0b56-4a12-90fd-53611e14abcd,
60fa2c15-acaa-41c1-bd77-184a341570a8,Natural,328000,False,,,Maë,Maë,7403d5b4-5664-40b8-964c-b35bda461768,Maë,7403d5b4-5664-40b8-964c-b35bda461768,
7e1305cb-d33d-4a55-afde-a91319b64532,This Is the Life,196000,True,,,Amy Macdonald,Amy Macdonald,6aa40207-fec8-43a7-991d-b872a42def05,Amy Macdonald,6aa40207-fec8-43a7-991d-b872a42def05,
6e743f17-50ee-4f08-9680-b78307fc3881,Send Me on My Way,245000,True,,,Rusted Root,Rusted Root,eec37ec3-79f5-4158-bed8-370ccb4aa295,Rusted Root,eec37ec3-79f5-4158-bed8-370ccb4aa295,
b26e0ea8-2f96-4057-b20c-0567da4e0de7,Rise Up,199000,True,,,"Del the Funky Homosapien, Murs, Fashawn, ?uestlove, Black Thought & Domino",Del the Funky Homosapien|Murs|Fashawn|?uestlove|Black Thought|Domino,a31a5e0c-d37a-41a8-90d5-9e256a47d83b|29776960-786c-4086-8079-ef5b83a0054c|e65fdcd8-e02d-486b-ba9f-61fca43c37ab|9436fbf8-5498-43e9-9a8d-eccbe53df6ad|5f39d33c-a167-4a63-9c44-71d27618b712|99c589ee-ca24-445a-8085-0e68c86567f7,Del the Funky Homosapien,a31a5e0c-d37a-41a8-90d5-9e256a47d83b,
fe740a82-fa65-49e5-b977-1535be7c370e,Last Friday Night (T.G.I.F.),490000,True,,music video,Katy Perry,Katy Perry,122d63fc-8671-43e4-9752-34e846d62a9c,Katy Perry,122d63fc-8671-43e4-9752-34e846d62a9c,
ee9ad35d-7f40-4cd2-955d-e6366a358248,You Win Again,317000,False,,extended version,Bee Gees,Bee Gees,bf0f7e29-dfe1-416c-b5c6-f9ebc19ea810,Bee Gees,bf0f7e29-dfe1-416c-b5c6-f9ebc19ea810,
afea8bce-3357-4986-9e87-e7e7095a4360,Rock That Body,272000,True,,,The Black Eyed Peas,Black Eyed Peas,d5be5333-4171-427e-8e12-732087c6b78e,Black Eyed Peas,d5be5333-4171-427e-8e12-732087c6b78e,
ac16b85e-3740-4e17-9a2f-1068b51316c5,Like a G6,225000,True,,,Far East Movement,Far East Movement,6bd5655c-b7fe-48ee-8925-c2d2d8798618,Far East Movement,6bd5655c-b7fe-48ee-8925-c2d2d8798618,
f9b591f0-9a08-42d7-9da3-5cea80a3f628,Flashback,230000,True,,,Calvin Harris,Calvin Harris,8dd98bdc-80ec-4e93-8509-2f46bafc09a7,Calvin Harris,8dd98bdc-80ec-4e93-8509-2f46bafc09a7,
45b19ad2-0f55-4fac-9d21-dab9242103ae,Power,196000,True,,,Young Thug,Young Thug,800760de-bdf8-43a2-8fe0-44a2401a5515,Young Thug,800760de-bdf8-43a2-8fe0-44a2401a5515,
0912d3c9-b61e-4796-a5a2-0d11664cfc2f,Pai,173000,True,,,Bad Gyal,Bad Gyal,9cb2e99f-d0ba-4aa5-a371-0006b0d34090,Bad Gyal,9cb2e99f-d0ba-4aa5-a371-0006b0d34090,
046c0f46-4de8-454d-988d-60141a593095,Settle Down,202000,False,,"Uploaded on Oct 28, 2011 Mavado Settle Down Dir: Steven Bernard Edit: Kevin Lee JA Productions",Mavado,Mavado,82705f22-a8ec-499c-8f41-8ee6b47a9459,Mavado,82705f22-a8ec-499c-8f41-8ee6b47a9459,
b21b25dd-50cf-46c7-b3a5-9e79a506e7ca,All About You,165000,False,,Mavado - All About You [Island Life Riddim] July 2015,Mavado,Mavado,82705f22-a8ec-499c-8f41-8ee6b47a9459,Mavado,82705f22-a8ec-499c-8f41-8ee6b47a9459,
b5213454-74b2-4bc7-a0c3-837ca13d2a61,Midnight,195000,False,,,Take Five,Take Five,5491e6a8-edb8-4083-bb55-97b82cf28279,Take Five,5491e6a8-edb8-4083-bb55-97b82cf28279,
90dc3391-25a1-41a0-94d0-955fb7c2c1f3,Kingdom,229000,False,,,Ellie Goulding,Ellie Goulding,33ca19f4-18c8-4411-98df-ac23890ce9f5,Ellie Goulding,33ca19f4-18c8-4411-98df-ac23890ce9f5,
2cb3db3c-2e52-4c93-827a-5683fd2ea784,Deja vu,304000,True,,,Aria ft. Shy Siesta,Aria|Shy Siesta,9938dc54-968b-44d0-b4cb-f306c60038ab|7df5f53e-07d9-4c3b-805f-4568c1ceac33,Aria,9938dc54-968b-44d0-b4cb-f306c60038ab,
1a2d661f-d945-46fc-b4ce-bc25f9ce4dd6,Free Fallin',,False,,"live, 1988-09-06: MTV Music Awards, Los Angeles, CA, USA",Guns N’ Roses,Guns N’ Roses,eeb1195b-f213-4ce1-b28c-8565211f8e43,Guns N’ Roses,eeb1195b-f213-4ce1-b28c-8565211f8e43,
6de57e3a-15c8-4dbd-9b3d-a43dddc427e7,Rise,200000,True,,,Katy Perry,Katy Perry,122d63fc-8671-43e4-9752-34e846d62a9c,Katy Perry,122d63fc-8671-43e4-9752-34e846d62a9c,
17f69b94-c772-430a-aefb-94a81190cc7a,Lose It,270000,False,,,Deorro,Deorro,724ffc08-6987-40b0-b107-03bb95a82b80,Deorro,724ffc08-6987-40b0-b107-03bb95a82b80,
af174d52-5328-472e-a38c-c3d8b33dcdc2,Lucille,,False,,mono,The Hollies,The Hollies,d4305549-6b4e-4a57-b24d-8af0743fe191,The Hollies,d4305549-6b4e-4a57-b24d-8af0743fe191,
4bf34cbc-b5d3-45ce-8ecc-d7bba7492706,Um Dia,,False,,,Pablo,Pablo,795d2a92-c45c-4e80-ba24-03259f79f5f8,Pablo,795d2a92-c45c-4e80-ba24-03259f79f5f8,
528f6c8c-3f24-406e-9875-a65cf2fcfdd4,Sou Eu,,False,,,Pablo,Pablo,795d2a92-c45c-4e80-ba24-03259f79f5f8,Pablo,795d2a92-c45c-4e80-ba24-03259f79f5f8,
a9def0aa-62c3-41b3-b94d-9383a4a567f2,Sim,,False,,,Pablo,Pablo,795d2a92-c45c-4e80-ba24-03259f79f5f8,Pablo,795d2a92-c45c-4e80-ba24-03259f79f5f8,
bde55b9b-3289-465c-bb04-deccb3fccd00,Não Deu,,False,,,Pablo,Pablo,795d2a92-c45c-4e80-ba24-03259f79f5f8,Pablo,795d2a92-c45c-4e80-ba24-03259f79f5f8,
9c0844df-2f50-4995-bef2-f0d5bc285ef2,Bilu Bilu,,False,,,Pablo,Pablo,795d2a92-c45c-4e80-ba24-03259f79f5f8,Pablo,795d2a92-c45c-4e80-ba24-03259f79f5f8,
33cbcc4c-33a2-4a81-ade9-c24298238c67,Tá Fazendo Falta,,False,,,Pablo&Solange,Pablo|Solange Almeida,795d2a92-c45c-4e80-ba24-03259f79f5f8|58c0a3cc-4b54-4fa8-bbe3-2ff3c5b51e7d,Pablo,795d2a92-c45c-4e80-ba24-03259f79f5f8,
5c6dea9b-569f-41bc-a46a-61b2fa7e049f,Trapos e Farrapos,,False,,,Pablo,Pablo,795d2a92-c45c-4e80-ba24-03259f79f5f8,Pablo,795d2a92-c45c-4e80-ba24-03259f79f5f8,
f1d9919a-814c-42fc-a9d0-6ea45476b05e,Conto ou Não Conto,,False,,,Pablo,Pablo,795d2a92-c45c-4e80-ba24-03259f79f5f8,Pablo,795d2a92-c45c-4e80-ba24-03259f79f5f8,
62477079-55c8-47fb-a96b-da4c1bc34331,Embolou,,False,,,Pablo,Pablo,795d2a92-c45c-4e80-ba24-03259f79f5f8,Pablo,795d2a92-c45c-4e80-ba24-03259f79f5f8,
5fc2243b-f159-4b62-8254-e5a0e50204f5,Agora,,False,,,Pablo,Pablo,795d2a92-c45c-4e80-ba24-03259f79f5f8,Pablo,795d2a92-c45c-4e80-ba24-03259f79f5f8,
4a48b570-afd6-49ae-a118-f3096dd0c854,Vingança do Amor,,False,,,Pablo&Ivete Sangalo,Pablo|Ivete Sangalo,795d2a92-c45c-4e80-ba24-03259f79f5f8|d553e89c-3c2a-4f10-9ce1-9eaa74de0129,Pablo,795d2a92-c45c-4e80-ba24-03259f79f5f8,
6e24bf31-204a-46b4-8749-389aef5b0b26,Tá Tudo Terminado,,False,,,Pablo,Pablo,795d2a92-c45c-4e80-ba24-03259f79f5f8,Pablo,795d2a92-c45c-4e80-ba24-03259f79f5f8,
e3debafc-1d06-4f50-8542-997798d12522,Blue Velvet,,True,,"live at iTunes Festival, Roundhouse, London, England 25.09.2012",Lana Del Rey,Lana Del Rey,b7539c32-53e7-4908-bda3-81449c367da6,Lana Del Rey,b7539c32-53e7-4908-bda3-81449c367da6,
7add1db3-209e-477a-890b-18d877c3b887,Summertime Sadness,,True,,"live at iTunes Festival, Roundhouse, London, England 25.09.2012",Lana Del Rey,Lana Del Rey,b7539c32-53e7-4908-bda3-81449c367da6,Lana Del Rey,b7539c32-53e7-4908-bda3-81449c367da6,
bf396741-c9ef-4124-bbac-33a8a70862d9,Ride,,True,,"live at iTunes Festival, Roundhouse, London, England 25.09.2012",Lana Del Rey,Lana Del Rey,b7539c32-53e7-4908-bda3-81449c367da6,Lana Del Rey,b7539c32-53e7-4908-bda3-81449c367da6,
db62a07e-c87a-46a2-b84e-020d60ca8c61,Starships,,False,,,Nicki Minaj,Nicki Minaj,1036b808-f58c-4a3e-b461-a2c4492ecf1b,Nicki Minaj,1036b808-f58c-4a3e-b461-a2c4492ecf1b,
1a6a3cd4-084f-4b3a-85a1-3973fe65b2f2,BOOMBAYAH,244000,True,,Korean version,BLACKPINK,BLACKPINK,48646387-1664-4c9a-9139-9bfd091b823c,BLACKPINK,48646387-1664-4c9a-9139-9bfd091b823c,KRZ351600015
ed333bfe-7d2b-4bfa-b887-b7921780e7c5,Play for Real (Dirtyphonics Remix),308000,False,,,The Crystal Method,The Crystal Method,aaf09f31-bb5c-43e5-9f54-bb6554c33a71,The Crystal Method,aaf09f31-bb5c-43e5-9f54-bb6554c33a71,
e5ba1ea4-169b-4a5f-ab6f-6454018d3242,Aztec,148000,False,,,Spor,Spor,8b1ff40c-2f5c-4121-8f3b-3e8db0b80606,Spor,8b1ff40c-2f5c-4121-8f3b-3e8db0b80606,
34d956f2-891e-423c-beb3-515acec8b4ed,Gutter Girl,224000,False,,,Hot Flash Heat Wave,Hot Flash Heat Wave,db6f631d-898f-47a8-a119-a18d6ec636ea,Hot Flash Heat Wave,db6f631d-898f-47a8-a119-a18d6ec636ea,
9415d5a4-08e6-44df-a9eb-db141b700f9f,MayDay,294000,False,,Active 2/19/15,Luc',Luc',7605605b-ce58-4ce0-b924-352f71c05775,Luc',7605605b-ce58-4ce0-b924-352f71c05775,USCGH1567429
1d207bc6-5b58-4ca8-8980-2c7a6b3de886,Deja Vu,,True,,"live, 2009‐08‐02: Encore Las Vegas, Paradise, NV, USA",Beyoncé,Beyoncé,859d0860-d480-4efd-970c-c05d5f1776b8,Beyoncé,859d0860-d480-4efd-970c-c05d5f1776b8,
098fb968-2840-4e3a-8a1b-946d3d05fd46,Miracles,211000,False,,,Martin Jensen,Martin Jensen,7ecd398b-3278-4a7c-8ed9-7c3e786d9a02,Martin Jensen,7ecd398b-3278-4a7c-8ed9-7c3e786d9a02,
e438a43e-436b-48ef-89ac-8d5bb64789aa,What’s Up Suckaz,,False,,,TJR,TJR,ccf21509-41c5-418c-9832-351f0824fb39,TJR,ccf21509-41c5-418c-9832-351f0824fb39,
7d333fc6-cc03-46cc-ac90-b94b3fc7f504,Crazy,,False,,,Gnarls Barkley,Gnarls Barkley,a47c3aa2-7d87-475c-a2c7-1e2047dafb09,Gnarls Barkley,a47c3aa2-7d87-475c-a2c7-1e2047dafb09,
885a5f67-dc46-4059-8884-85a98d40a8c8,Magic,,False,,,Flo Rida,Flo Rida,4593d49a-7f67-46ba-9ec0-126bd676286f,Flo Rida,4593d49a-7f67-46ba-9ec0-126bd676286f,
00ec01c8-d85a-447d-9642-fa9033ccd776,Ocean Avenue,,True,,,Yellowcard,Yellowcard,3630fff3-52fc-4e97-ab01-d68fd88e4135,Yellowcard,3630fff3-52fc-4e97-ab01-d68fd88e4135,
ba44fdbc-eb15-481c-9fe0-fb290e8437bf,Blow,,False,,,Laidback Luke & Martin Solveig,Laidback Luke|Martin Solveig,281e12a2-ad6e-46e8-b813-bdcbbea5e35e|06db73fd-57e2-4a6f-bcd3-699fb7bb7af4,Laidback Luke,281e12a2-ad6e-46e8-b813-bdcbbea5e35e,
7b48c78f-facc-41a2-99ee-578412959947,Shalala,,False,,,Moses Gunn Collective,Moses Gunn Collective,324405e8-c264-4077-b3cc-26a5fa1ed713,Moses Gunn Collective,324405e8-c264-4077-b3cc-26a5fa1ed713,
dd8aa856-fe2a-4bb0-a0e7-408f61c9cd93,Flex,,False,,,Django DKZ,Django,30af2286-6617-4029-b623-345eae2fc801,Django,30af2286-6617-4029-b623-345eae2fc801,
8822b51c-a4df-4a88-8017-3818fcdd20e8,STAY,240000,True,,Korean version,BLACKPINK,BLACKPINK,48646387-1664-4c9a-9139-9bfd091b823c,BLACKPINK,48646387-1664-4c9a-9139-9bfd091b823c,KRZ351600029
5b04ee33-f4af-4434-922b-c2fa78f9185f,Atoma,262000,True,,music video,Dark Tranquillity,Dark Tranquillity,9d30e408-1559-448b-b491-2f8de1583ccf,Dark Tranquillity,9d30e408-1559-448b-b491-2f8de1583ccf,
5b5ca782-a5b7-4b44-a9e7-5442c9139c38,MONSTER,256000,True,,,Starset,STARSET,edf078bd-ab50-477a-9e3d-f4c0c1d3470b,STARSET,edf078bd-ab50-477a-9e3d-f4c0c1d3470b,
5d5640fa-0885-466d-be56-8888046b4d0c,Here I Am,,True,,,The Smashing Pumpkins,The Smashing Pumpkins,ba0d6274-db14-4ef5-b28d-657ebde1a396,The Smashing Pumpkins,ba0d6274-db14-4ef5-b28d-657ebde1a396,
a4aedc9d-750d-4fbf-8dd3-debf3e730e31,Drain,,True,,,The Smashing Pumpkins,The Smashing Pumpkins,ba0d6274-db14-4ef5-b28d-657ebde1a396,The Smashing Pumpkins,ba0d6274-db14-4ef5-b28d-657ebde1a396,
a0486943-0507-41f8-bc0e-6a3b72ca03bc,Vanity,,True,,,The Smashing Pumpkins,The Smashing Pumpkins,ba0d6274-db14-4ef5-b28d-657ebde1a396,The Smashing Pumpkins,ba0d6274-db14-4ef5-b28d-657ebde1a396,
1ed27d19-1ad4-4668-be9e-a4ecc5d0e88e,Leaving Me Now (extended version),,False,,,Level 42,Level 42,d69ee229-2f36-494c-b104-9ae0d8be506b,Level 42,d69ee229-2f36-494c-b104-9ae0d8be506b,
e6ef13aa-aaa5-4bc2-a5f3-3602e95df5fa,Autumn,,True,,,The Smashing Pumpkins,The Smashing Pumpkins,ba0d6274-db14-4ef5-b28d-657ebde1a396,The Smashing Pumpkins,ba0d6274-db14-4ef5-b28d-657ebde1a396,
165daf1f-8d90-4b17-a31f-0476860ab0c3,Over the Hill,,False,,,Ten Years After,Ten Years After,73faa89a-ee00-4e40-b68e-80e4891dbc45,Ten Years After,73faa89a-ee00-4e40-b68e-80e4891dbc45,
6c3317ad-6878-4a84-bb80-d4feb5016763,One of These Days,,False,,,Ten Years After,Ten Years After,73faa89a-ee00-4e40-b68e-80e4891dbc45,Ten Years After,73faa89a-ee00-4e40-b68e-80e4891dbc45,
cc845686-c589-4173-8b3e-0083cf38c29b,96 Tears,176000,False,,original stereo LP mix,? and the Mysterians,? and the Mysterians,912fcb75-fa16-49e6-9e19-becf0f7dea4d,? and the Mysterians,912fcb75-fa16-49e6-9e19-becf0f7dea4d,
07753f7d-f64a-47de-8a5a-d5c668fb2ac1,Tomboy,220000,True,,,Princess Nokia,Princess Nokia,4b93ee9e-e39d-4036-9527-551b2236f5af,Princess Nokia,4b93ee9e-e39d-4036-9527-551b2236f5af,
ab2cf776-fa23-4c45-8b79-4bed89d613b9,Brujas,244000,True,,,Princess Nokia,Princess Nokia,4b93ee9e-e39d-4036-9527-551b2236f5af,Princess Nokia,4b93ee9e-e39d-4036-9527-551b2236f5af,
e3877f1d-ed41-4516-b315-e46ac465e599,Love Me Two Times,197000,True,,,The Doors,The Doors,9efff43b-3b29-4082-824e-bc82f646f93d,The Doors,9efff43b-3b29-4082-824e-bc82f646f93d,
528dbd0d-c369-48fe-b839-c00c6554fb9e,Light My Fire,215000,True,,,The Doors,The Doors,9efff43b-3b29-4082-824e-bc82f646f93d,The Doors,9efff43b-3b29-4082-824e-bc82f646f93d,
41a76018-8168-4cb1-b500-41cfa16a5e8d,Starlight,280000,False,,studio version,Marina and the Diamonds,MARINA,7f3d82ee-3817-4367-9eec-f33a312247a1,MARINA,7f3d82ee-3817-4367-9eec-f33a312247a1,
28960754-570f-4517-be4f-53ba5d107913,Guardian,259000,False,,,HAWK,HAWK,40b75d0d-4ce7-404a-8aaf-cd8895baab9c,HAWK,40b75d0d-4ce7-404a-8aaf-cd8895baab9c,
c34425ad-eb44-4231-b8e6-693151e338d1,Can’t Stop Dancin’,222000,True,,,Becky G,Becky G,eb90c8b8-d733-4c14-a293-105c3d1ba9b3,Becky G,eb90c8b8-d733-4c14-a293-105c3d1ba9b3,
dcc9d716-c3bb-4104-b9f1-7392ba9db96e,Cevapsız Çınlama,214000,True,,,Emrah Karaduman feat. Aleyna Tilki,Emrah Karaduman|Aleyna Tilki,992530f5-6b1f-4bd7-a6cc-a08d59998e56|d353fd5a-e288-4668-a18e-7f6d6c6469ae,Emrah Karaduman,992530f5-6b1f-4bd7-a6cc-a08d59998e56,
2a9c2bfc-9a2f-47ae-b0e1-3349f0d6e12d,Lo Dudo,132000,False,,,Juanello,Juanello,8f67e20d-4152-4a3f-8a17-67cd84c09e29,Juanello,8f67e20d-4152-4a3f-8a17-67cd84c09e29,
1923591e-f3e8-43bd-9b5e-23e8743c98e5,No Eres Mi Guardián,167000,False,,,Sonia Rivas,Sonia Rivas,cd8276c2-0fb6-4465-a1a1-849b44ebdf7c,Sonia Rivas,cd8276c2-0fb6-4465-a1a1-849b44ebdf7c,
a2fd2d6c-3d92-4a03-9941-66c71791c45f,No Soy Como Tú,184000,False,,,Sonia Rivas,Sonia Rivas,cd8276c2-0fb6-4465-a1a1-849b44ebdf7c,Sonia Rivas,cd8276c2-0fb6-4465-a1a1-849b44ebdf7c,
b30b46f4-48e7-4459-9a3e-df29355ab725,Middle Finger,237000,True,,,Bohnes,Bohnes,3fba72d5-64d8-4796-8691-8cdfc85db37d,Bohnes,3fba72d5-64d8-4796-8691-8cdfc85db37d,
88ef73f5-789a-4c6a-82c9-d054c34ca5c8,Toyland,182426,False,,,Doris Day,Doris Day,3db5dfb1-1b91-4038-8268-ae04d15b6a3e,Doris Day,3db5dfb1-1b91-4038-8268-ae04d15b6a3e,
a72775ed-2070-4914-88b7-3d639950e792,Hark! The Herald Angels Sing,213293,False,,,Julie Andrews,Julie Andrews,16bdc7b3-6bfc-4f1c-89ad-d0756af40327,Julie Andrews,16bdc7b3-6bfc-4f1c-89ad-d0756af40327,
b5434d48-314e-47d8-b412-6cf0fc179a22,Hark! The Herald Angels Sing,213293,False,,,Julie Andrews,Julie Andrews,16bdc7b3-6bfc-4f1c-89ad-d0756af40327,Julie Andrews,16bdc7b3-6bfc-4f1c-89ad-d0756af40327,
6f7f8588-bd69-422e-a095-f6f9ba25c80e,Toyland,182426,False,,,Doris Day,Doris Day,3db5dfb1-1b91-4038-8268-ae04d15b6a3e,Doris Day,3db5dfb1-1b91-4038-8268-ae04d15b6a3e,
5d920de6-aa27-47c7-a0a4-09b55ada110d,Sealed With a Kiss,,False,,,Brian Hyland,Brian Hyland,1de9c97e-2409-409b-bf99-3ae711af6e4e,Brian Hyland,1de9c97e-2409-409b-bf99-3ae711af6e4e,
bb6ffc51-1621-4a48-91a9-9362477ccee5,Let Her Go,244000,True,,,Tyler Ward & Kurt Schneider,Tyler Ward|Kurt Hugo Schneider,21462e8d-d20b-4049-bcbd-57e0a4b9be5c|93ba42f8-10c5-4865-9ca1-e7e7a5c9f389,Tyler Ward,21462e8d-d20b-4049-bcbd-57e0a4b9be5c,
78e6cd2c-42af-4cd0-9c57-6662b07ed992,Like a G6,159000,True,,,Tyler Ward,Tyler Ward,21462e8d-d20b-4049-bcbd-57e0a4b9be5c,Tyler Ward,21462e8d-d20b-4049-bcbd-57e0a4b9be5c,
26ece4d2-3696-4166-8c56-3c72f2a5e47c,I'm A Man,626480,False,,,Bo Diddley,Bo Diddley,bf659d74-0b61-488c-8a7d-594f43bed9e0,Bo Diddley,bf659d74-0b61-488c-8a7d-594f43bed9e0,
9f3dfccb-d9a2-4fc1-b756-42b9118568f4,I'm A Man,626480,False,,,Bo Diddley,Bo Diddley,bf659d74-0b61-488c-8a7d-594f43bed9e0,Bo Diddley,bf659d74-0b61-488c-8a7d-594f43bed9e0,
9abea61f-b10b-4031-95cf-50c56832cc8e,I'm A Man,626480,False,,,Bo Diddley,Bo Diddley,bf659d74-0b61-488c-8a7d-594f43bed9e0,Bo Diddley,bf659d74-0b61-488c-8a7d-594f43bed9e0,
b08d5e72-f5ee-4c71-a158-d3ff5651d818,I'm A Man,626480,False,,,Bo Diddley,Bo Diddley,bf659d74-0b61-488c-8a7d-594f43bed9e0,Bo Diddley,bf659d74-0b61-488c-8a7d-594f43bed9e0,
977b0d5d-1cad-487e-9b81-46004259f207,I'm A Man,626480,False,,,Bo Diddley,Bo Diddley,bf659d74-0b61-488c-8a7d-594f43bed9e0,Bo Diddley,bf659d74-0b61-488c-8a7d-594f43bed9e0,
1fd6a3be-53c1-4248-8876-bc35c3de4fc7,Androgynous,240000,False,,"live, 2004-04-24: Boston, MA, USA",The Dresden Dolls,The Dresden Dolls,107c7983-0728-46ea-8550-77e698adf690,The Dresden Dolls,107c7983-0728-46ea-8550-77e698adf690,
c4f5bddd-8d37-41c1-a9f6-7431e73c7cc3,Colorblind,331000,False,,"live, unknown show",The Dresden Dolls,The Dresden Dolls,107c7983-0728-46ea-8550-77e698adf690,The Dresden Dolls,107c7983-0728-46ea-8550-77e698adf690,
98e67e07-e497-48b4-92d1-a0743e162cd2,Karma Police,244000,False,,"live, unknown show",The Dresden Dolls,The Dresden Dolls,107c7983-0728-46ea-8550-77e698adf690,The Dresden Dolls,107c7983-0728-46ea-8550-77e698adf690,
9afa62c3-dcee-4445-894f-a8a7eaff08b2,The Kill,355000,False,,"live, 2004-10-24: Orange Peel, Asheville, NC, USA",The Dresden Dolls,The Dresden Dolls,107c7983-0728-46ea-8550-77e698adf690,The Dresden Dolls,107c7983-0728-46ea-8550-77e698adf690,
ebc99d0e-2191-4123-88d5-d2254a019e4d,My Alcoholic Friends,242000,False,,"live, 2005-05-05: St. Louis, MO, USA",The Dresden Dolls,The Dresden Dolls,107c7983-0728-46ea-8550-77e698adf690,The Dresden Dolls,107c7983-0728-46ea-8550-77e698adf690,
8bc861b1-754f-4adf-8e28-33b0f656f102,When You Were Young,200000,True,,,Against the Current,Against the Current,c40a79e9-3b9e-492e-9469-0e5b952ad3e1,Against the Current,c40a79e9-3b9e-492e-9469-0e5b952ad3e1,
5ff4c8ba-de0f-4bd1-ae34-a01c5ebe1e07,Disappear,237000,False,,,Lilium,Lilium,21b7336f-44ef-4ee9-bd98-2b8c05fb0d86,Lilium,21b7336f-44ef-4ee9-bd98-2b8c05fb0d86,GBLFP1646828
f4b5fffd-47aa-4fdc-8ac2-5b8a0cc03e1a,Rico's Helly,191000,True,,,Two Lone Swordsmen,Two Lone Swordsmen,e3b208cf-b18f-450e-a661-79f4eabe8090,Two Lone Swordsmen,e3b208cf-b18f-450e-a661-79f4eabe8090,
f4f65a38-7a6c-40fb-b2f8-b748abbf0c2f,Daydream Believer,164000,True,,,The Monkees,The Monkees,b8549efe-f4fd-4dc0-8ef1-226e9c400233,The Monkees,b8549efe-f4fd-4dc0-8ef1-226e9c400233,
ff04e452-ebb3-4597-ab15-41ff187ffe5f,Build Me Up Buttercup,217000,True,,,The Foundations,The Foundations,5c316ada-0201-427f-8bb6-535ebe17cf85,The Foundations,5c316ada-0201-427f-8bb6-535ebe17cf85,
d02ba0fb-2290-484c-bfef-200e3b182b01,People Are Strange,133000,True,,,The Doors,The Doors,9efff43b-3b29-4082-824e-bc82f646f93d,The Doors,9efff43b-3b29-4082-824e-bc82f646f93d,
935fecec-de45-480a-bd6e-2b9c651b6648,She,125000,True,,,Tommy James & the Shondells,Tommy James & the Shondells,a13c01e2-7739-4b25-af65-38e2fcb560e2,Tommy James & the Shondells,a13c01e2-7739-4b25-af65-38e2fcb560e2,
7f4ae73e-45c2-453f-8b53-bd7f875f128f,Bad Medicine,,False,,"live: 2016-10-25: The Howard Stern Show, New York, NY, USA",Bon Jovi,Bon Jovi,5dcdb5eb-cb72-4e6e-9e63-b7bace604965,Bon Jovi,5dcdb5eb-cb72-4e6e-9e63-b7bace604965,
5989e35c-dc26-438c-8119-ab5c813575c4,Runaway,,False,,"live, 2016-10-25: The Howard Stern Show, New York, NY, USA",Bon Jovi,Bon Jovi,5dcdb5eb-cb72-4e6e-9e63-b7bace604965,Bon Jovi,5dcdb5eb-cb72-4e6e-9e63-b7bace604965,
fb1a3611-a366-4b70-9643-f3a422fcfefb,Higher Love,,False,,part of “2017-01-19: A State Of Trance #799” DJ-mix,Seven Lions & Jason Ross feat. Paul Meany,Seven Lions|Jason Ross|Paul Meany,75c016da-48e4-4992-8a10-b7128189b272|1eef0e12-6c2d-406b-9b3e-1ff50edd9d0c|166e70be-3ea7-4f1b-aa0a-c76b9396d146,Seven Lions,75c016da-48e4-4992-8a10-b7128189b272,
ea3fee50-c79b-4fb9-a951-f507458de514,Telescope,191000,True,,,Wiz Khalifa Feat. 50 Cent,Wiz Khalifa|50 Cent,f5dfa020-ad69-41cd-b3d4-fd7af0414e94|8e68819d-71be-4e7d-b41d-f1df81b01d3f,Wiz Khalifa,f5dfa020-ad69-41cd-b3d4-fd7af0414e94,
d5f5d377-cf70-48b7-b7d2-5bce761a248d,Long Black Veil,273000,False,,,Stoney LaRue,Stoney LaRue,e7f70247-bf9b-4bf2-96cc-433c6700ada0,Stoney LaRue,e7f70247-bf9b-4bf2-96cc-433c6700ada0,
9e389679-48f3-4b25-bd78-767556275a10,Te amaré,,False,,,Laura Pausini con Miguel Bosé,Laura Pausini|Miguel Bosé,472b9953-1f10-4aed-b1ec-d0c23ffb2cf1|98ad7a28-1949-4786-b1f6-4fa05b9b440c,Laura Pausini,472b9953-1f10-4aed-b1ec-d0c23ffb2cf1,
d22e68cc-ccf6-4484-a7d7-14e743f58abc,Trapped,318000,True,,,2Pac feat. Shock‐G,2Pac|Shock‐G,382f1005-e9ab-4684-afd4-0bdae4ee37f2|8eedee1a-2e52-4dc4-911f-3d2bd37d09aa,2Pac,382f1005-e9ab-4684-afd4-0bdae4ee37f2,
75fcc84c-d636-4505-8a32-73d807b5fa06,Welcome,,False,,,Slipknot,Slipknot,a466c2a2-6517-42fb-a160-1087c3bafd9f,Slipknot,a466c2a2-6517-42fb-a160-1087c3bafd9f,
04aa1617-6da9-4cf1-ad4d-4fa0665d0190,Omen,,False,,,The Prodigy,The Prodigy,4a4ee089-93b1-4470-af9a-6ff575d32704,The Prodigy,4a4ee089-93b1-4470-af9a-6ff575d32704,
844a726b-d3ce-4f05-b749-16f0b7d61a9c,Before I Forget,,False,,,Slipknot,Slipknot,a466c2a2-6517-42fb-a160-1087c3bafd9f,Slipknot,a466c2a2-6517-42fb-a160-1087c3bafd9f,
dcf4a01d-1130-4c01-b408-a993939db4e9,Miracle,241000,False,,,Puddle of Mudd,Puddle of Mudd,ff460a70-fdf4-4aa2-b021-8a04da76d88e,Puddle of Mudd,ff460a70-fdf4-4aa2-b021-8a04da76d88e,
862423c4-f83d-4ed4-96f7-beb6e8a8dd8b,Don’t Leave Me,264000,True,,,Blackstreet,Blackstreet,d72d000b-b860-44f4-9ac1-5d82e3fff9a9,Blackstreet,d72d000b-b860-44f4-9ac1-5d82e3fff9a9,
3ca38c36-af2a-4eed-9434-8d440d2d91bb,You’re Not Alone,,False,,,Olive,Olive,39e82ca1-733e-4203-a00f-c6a70a371625,Olive,39e82ca1-733e-4203-a00f-c6a70a371625,
c54dcdad-958b-4b1a-8019-8ec1dbe12f33,X,157000,False,,"Opening theme for ""X² ダブルエックス""",X JAPAN,X JAPAN,3f77449d-48e4-4ceb-b869-69af48da877b,X JAPAN,3f77449d-48e4-4ceb-b869-69af48da877b,
6e70addd-7c4d-4866-9b8e-0ac85e408bf9,Feeling Good,,True,,,Michelle McManus,Michelle,c8ac155d-62fb-4677-82c3-83b1a73d672a,Michelle,c8ac155d-62fb-4677-82c3-83b1a73d672a,
15f95a57-b931-496f-b92f-df88048d4a11,Delirium,195000,True,,music video,Lacuna Coil,Lacuna Coil,6fea1339-260c-40fe-bb7a-ace5c8438955,Lacuna Coil,6fea1339-260c-40fe-bb7a-ace5c8438955,
d708c4bc-64ad-4784-b86c-ee1a4cb9c279,California Gurls,290000,True,,,James Blunt,James Blunt,ebee61b4-bbdd-4087-9bcb-d5aa099088ec,James Blunt,ebee61b4-bbdd-4087-9bcb-d5aa099088ec,
33e66571-ceb7-43c7-80ab-7941597f289f,Cowboy Take Me Away,,False,,,Dixie Chicks,The Chicks,3248ed2d-bada-41b5-a7b6-ac88faa1f1ac,The Chicks,3248ed2d-bada-41b5-a7b6-ac88faa1f1ac,
882e1f37-2403-4a0d-a8c2-131e9794df25,I Can’t Stop Loving You,,False,,,Don Gibson,Don Gibson,870ab832-904b-4b49-ab72-7e6b0e0da65f,Don Gibson,870ab832-904b-4b49-ab72-7e6b0e0da65f,
77c4198c-d4a0-458b-9467-b6935f035e1b,Castle on the Hill,219000,False,,"live, 2017-03-07: The Howard Stern Show, New York, NY, USA",Ed Sheeran,Ed Sheeran,b8a7c51f-362c-4dcb-a259-bc6e0095f0a6,Ed Sheeran,b8a7c51f-362c-4dcb-a259-bc6e0095f0a6,
d25a221f-b009-4bad-bbb5-5a9b8facfd8c,PRIDE.,,False,,,Kendrick Lamar,Kendrick Lamar,381086ea-f511-4aba-bdf9-71c753dc5077,Kendrick Lamar,381086ea-f511-4aba-bdf9-71c753dc5077,
1403f69e-bf4f-4e99-bedc-3e0867187a9c,Misery,288000,True,,,Gallows,Gallows,4cb159df-bd09-4f42-bfec-09b6a248a52f,Gallows,4cb159df-bd09-4f42-bfec-09b6a248a52f,
b6ce30eb-010e-47d5-9bd5-6a18aa84560d,Haunt,209000,False,,live from the Troubadour,Bastille,Bastille,7808accb-6395-4b25-858c-678bbb73896b,Bastille,7808accb-6395-4b25-858c-678bbb73896b,
71a9c5db-2fe7-471c-8ac9-106b0a166814,Encore,283000,False,,,MAKJ & Henry Fong,MAKJ|Henry Fong,f8a693f1-6dcb-412b-bf70-cc8fca13f090|d54b5ff5-b204-4ad9-bca1-54f2600dd910,MAKJ,f8a693f1-6dcb-412b-bf70-cc8fca13f090,
f4b15d4b-25e0-48bf-893b-f1b3753ca512,Forever,,False,,,Crown the Empire,Crown the Empire,5cf3bae7-166f-44c2-b48f-63ddea9d4fb2,Crown the Empire,5cf3bae7-166f-44c2-b48f-63ddea9d4fb2,
acdcdda9-82f2-4d71-954d-1dddf3cb39c0,Welcome Home,,False,,,Tess Parks & Anton Newcombe,Tess Parks|Anton Newcombe,bbdf1e46-d4af-4b87-8ca9-dd3c707da4e2|2e5eb6d3-7cb3-4e02-9ed2-ea1853e6e637,Tess Parks,bbdf1e46-d4af-4b87-8ca9-dd3c707da4e2,
d6661613-b37f-4c76-9eb4-ac18f82a34e0,Photograph,283000,True,,,Boyce Avenue feat. Bea Miller,Boyce Avenue|Bea Miller,0e517f4b-6d89-48f0-8a11-16416bd0fdcb|5b0d71ae-eb06-4be1-adbe-89d8fb73a574,Boyce Avenue,0e517f4b-6d89-48f0-8a11-16416bd0fdcb,
2802d3c3-11eb-4d38-8048-164b331223ea,All the Young Dudes,,False,,,The Smashing Pumpkins,The Smashing Pumpkins,ba0d6274-db14-4ef5-b28d-657ebde1a396,The Smashing Pumpkins,ba0d6274-db14-4ef5-b28d-657ebde1a396,
b5e0ceda-1d8e-4225-8863-bed1eb881229,Khaab,202000,False,,,Akhil,Akhil,9f6ffecc-ee01-45ef-b6bd-31f3b37d254e,Akhil,9f6ffecc-ee01-45ef-b6bd-31f3b37d254e,
7df3f3f3-2fae-40f3-91a5-8ec4a4aaec2d,The Twist,233000,False,,,James Brown,James Brown,20ff3303-4fe2-4a47-a1b6-291e26aa3438,James Brown,20ff3303-4fe2-4a47-a1b6-291e26aa3438,
707d4264-d11c-4765-b984-84d3dc4a207d,The Mother We Share,,False,,from Forza Horizon 2 soundtrack,CHVRCHES,CHVRCHES,6a93afbb-257f-4166-b389-9f2a1e5c5df8,CHVRCHES,6a93afbb-257f-4166-b389-9f2a1e5c5df8,
111667d7-8ae0-473e-91a6-42f9f9d1e39f,I Got U,,False,,,Duke Dumont feat. Jax Jones,Duke Dumont|Jax Jones,6060d1bb-94f8-4863-89b9-425487f2f6b2|a2507d4d-3387-4d31-a6e8-f2c9794fb37e,Duke Dumont,6060d1bb-94f8-4863-89b9-425487f2f6b2,
0be971ee-760c-47d2-bb02-564669d89775,NRG,,False,,,Duck Sauce,Duck Sauce,5269d3d2-63c6-4b8f-8200-6908ffa365d5,Duck Sauce,5269d3d2-63c6-4b8f-8200-6908ffa365d5,
0723a2ac-3329-417b-b343-4c253161277e,Pretend,,False,,,Seinabo Sey,Seinabo Sey,61946666-398b-4ba2-9a3d-e9a6b4d3077f,Seinabo Sey,61946666-398b-4ba2-9a3d-e9a6b4d3077f,
98b83939-18b7-44cf-a937-d4d9f328dad9,Complicated,,False,,,Zedd feat. GRANT KNOCHE,Zedd|GRANT KNOCHE,56c4b861-0922-4c3a-a9b9-3bfcb00f8274|22804f50-38f7-4639-a2a8-a790c4c10108,Zedd,56c4b861-0922-4c3a-a9b9-3bfcb00f8274,
3c76a2b3-efc3-4f7a-807e-fd0287931388,Mountain at My Gates,,False,,,Foals,Foals,6a65d878-fcd0-42cf-aff9-ca1d636a8bcc,Foals,6a65d878-fcd0-42cf-aff9-ca1d636a8bcc,
c969d37d-ced1-46e3-9639-aebdc6562848,Cherry Blossom,,False,,short version,Lana Del Rey,Lana Del Rey,b7539c32-53e7-4908-bda3-81449c367da6,Lana Del Rey,b7539c32-53e7-4908-bda3-81449c367da6,
7b08b10e-d3ad-42a9-8137-db1ef495ee0b,We Gotta Get Out of This Place,,False,,"live, 1976‐11‐04: Palladium, New York City, NY, USA",Bruce Springsteen,Bruce Springsteen,70248960-cb53-4ea4-943a-edb18f7d336f,Bruce Springsteen,70248960-cb53-4ea4-943a-edb18f7d336f,
f35ec00b-699a-418d-bccc-9ac6cb6c2ea7,Say My Name,202000,True,,,Tove Styrke,Tove Styrke,4c5ff1ac-dce8-4815-90f9-232c5ea8d262,Tove Styrke,4c5ff1ac-dce8-4815-90f9-232c5ea8d262,
3d79fc82-227e-44a3-8e58-559c942b1aa5,She’s the One,,False,,"live, 1978‐12‐15: Winterland Ballroom, San Francisco, CA, USA",Bruce Springsteen & The “E” Streeters,Bruce Springsteen|The E Street Band,70248960-cb53-4ea4-943a-edb18f7d336f|d6652e7b-33fe-49ef-8336-4c863b4f996f,Bruce Springsteen,70248960-cb53-4ea4-943a-edb18f7d336f,
69d0e89d-3f5f-4c4f-8abb-0ec9c861362f,DAMN,,False,,Kannibalen Radio Ep.86 rip,JOYRYDE,JOYRYDE,80cfcb89-1425-4ea3-8481-fa8479a18aa0,JOYRYDE,80cfcb89-1425-4ea3-8481-fa8479a18aa0,
fe136716-4290-4ab9-b371-2920aff6ce28,Keep Ya Head Up,271000,True,,,2Pac,2Pac,382f1005-e9ab-4684-afd4-0bdae4ee37f2,2Pac,382f1005-e9ab-4684-afd4-0bdae4ee37f2,
b9dd3fef-f48a-40a7-b0b4-518c88b3f044,Man of the World,161000,True,,,Fleetwood Mac,Fleetwood Mac,bd13909f-1c29-4c27-a874-d4aaf27c5b1a,Fleetwood Mac,bd13909f-1c29-4c27-a874-d4aaf27c5b1a,
5a3a8287-b105-4a56-a0e9-854cf30728ae,Temptations,343000,True,,,2Pac,2Pac,382f1005-e9ab-4684-afd4-0bdae4ee37f2,2Pac,382f1005-e9ab-4684-afd4-0bdae4ee37f2,
d1618211-11e3-460d-b544-5a6ec52d1f1d,I Want You Back,179000,True,,,The Jackson 5,The Jacksons,e5257dc5-1edd-4fca-b7e6-1158e00522c8,The Jacksons,e5257dc5-1edd-4fca-b7e6-1158e00522c8,
840a538c-fd3a-483a-857b-dbbd5b9a1951,Sludge,465000,False,,"live, 1994-10-08: Brixton Academy, London, UK",Dinosaur Jr.,Dinosaur Jr.,77c167d2-4965-4421-830a-9815e4956475,Dinosaur Jr.,77c167d2-4965-4421-830a-9815e4956475,
ec72acc3-5890-4770-bfd1-899e342f1115,Get Up,121000,True,,,DOROTHY,Dorothy,d60b3cac-e434-469d-8965-ead164d82a3e,Dorothy,d60b3cac-e434-469d-8965-ead164d82a3e,
e06bd852-b664-4399-bfbf-ba94e6bd4804,Nossa Canção,211000,False,,,Capital do Sol,Capital do Sol,4ca0c65e-1dce-461e-91c5-7985e3b09bb4,Capital do Sol,4ca0c65e-1dce-461e-91c5-7985e3b09bb4,
28b5b324-ccb3-413a-98c4-ba7dea3e7ae9,The World Is Yours,315000,True,,music video,Arch Enemy,Arch Enemy,e631bb92-3e2b-43e3-a2cb-b605e2fb53bd,Arch Enemy,e631bb92-3e2b-43e3-a2cb-b605e2fb53bd,
d1712c24-90d3-4b38-9f57-6ca002976708,Cause We’ve Ended as Lovers,,True,,"live, 2004-06-04/06: The Cotton Bowl, Dallas, TX, USA",Jeff Beck & Eric Clapton,Jeff Beck|Eric Clapton,14a4bc78-1c2d-4ca7-8d1b-9b58076a2a17|618b6900-0618-4f1e-b835-bccb17f84294,Jeff Beck,14a4bc78-1c2d-4ca7-8d1b-9b58076a2a17,
98dfb13a-3472-475e-9fc7-d5a93ca9df18,Your Body Is a Wonderland,,True,,"live, 2004-06-04/06: The Cotton Bowl, Dallas, TX, USA",John Mayer,John Mayer,144ef525-85e9-40c3-8335-02c32d0861f3,John Mayer,144ef525-85e9-40c3-8335-02c32d0861f3,
154ca8bd-1e8c-459b-b06b-612f923ea1ac,I Can’t Feel My Face,,True,,,Alessia Cara,Alessia Cara,97e69730-3791-423b-9770-287261588854,Alessia Cara,97e69730-3791-423b-9770-287261588854,
3a1178b7-d202-4d50-9387-f5ca52a1b7a1,Primal,121000,False,,,Craig Xen,Craig Xen,60ef301c-bcd9-44b0-8450-20bc6852daf0,Craig Xen,60ef301c-bcd9-44b0-8450-20bc6852daf0,
190f8ff0-2587-43a9-a121-55c2b4383c52,Big In Japan,263000,True,,,Alphaville,Alphaville,31aa6f87-8d00-4ae9-a5cc-6d7eeea109d2,Alphaville,31aa6f87-8d00-4ae9-a5cc-6d7eeea109d2,
9477d81d-9b8b-42b9-9f0f-b9928f12adda,PARAQUEDAS,169000,False,,,Gabriel Diniz,Gabriel Diniz,6c4a5058-81b6-4ab1-9300-f1a774d44776,Gabriel Diniz,6c4a5058-81b6-4ab1-9300-f1a774d44776,
a3a7c94a-67f3-437e-9d39-228c4f7db1bc,K.O,187000,False,,,Gabriel Diniz,Gabriel Diniz,6c4a5058-81b6-4ab1-9300-f1a774d44776,Gabriel Diniz,6c4a5058-81b6-4ab1-9300-f1a774d44776,
8e5d5fb0-7c78-4538-9181-88cc0b832ee0,Somewhere I Belong,,True,,"live, 2012-06-05: Admiralspalast, Berlin, Germany",Linkin Park,Linkin Park,f59c5520-5f46-4d2c-b2c4-822eabf53419,Linkin Park,f59c5520-5f46-4d2c-b2c4-822eabf53419,USWBV1300087
15ebf743-7306-47da-b5d3-9c5853b8564f,Chico granada,,True,,,Carajo,Carajo,d311829b-e406-4071-bc5a-73258e7e79a3,Carajo,d311829b-e406-4071-bc5a-73258e7e79a3,
dd5b8748-ab3c-4c05-b069-92e610901e26,Star,209000,False,,,Bryan Adams,Bryan Adams,4dbf5678-7a31-406a-abbe-232f8ac2cd63,Bryan Adams,4dbf5678-7a31-406a-abbe-232f8ac2cd63,
91cdb8e4-f011-41b3-8d03-1042079f4928,Invincible,229000,False,,,Big Wild,Big Wild,dc72d14d-28ce-4663-842c-f0b083b4a83f,Big Wild,dc72d14d-28ce-4663-842c-f0b083b4a83f,
4bee87fe-fa13-49ef-b9fc-1a6e91b72a69,Faded (Lost Stories Remix),211000,False,,,Lost Stories,Lost Stories,c18980b6-a89b-4d9b-8467-7b2a98631fe3,Lost Stories,c18980b6-a89b-4d9b-8467-7b2a98631fe3,
8db4121e-3d73-4c84-ba51-bccf9c1b6bbc,Childhood,,False,,,Michael Jackson,Michael Jackson,f27ec8db-af05-4f36-916e-3d57f91ecf5e,Michael Jackson,f27ec8db-af05-4f36-916e-3d57f91ecf5e,
0b83c8fe-bf13-4cbe-9a8b-b853a8022ee5,Funky Beats,117000,False,,,Bad Boy Bill,Bad Boy Bill,48e352e5-bedb-437d-b6ce-376711bc2f4c,Bad Boy Bill,48e352e5-bedb-437d-b6ce-376711bc2f4c,
c94cca06-6b69-49a1-85e6-e0beb3c23551,Vandi Puncture,,True,,,Street Academics,Street Academics,b9ecd82a-3c15-4cb8-9287-1e4c2af7763f,Street Academics,b9ecd82a-3c15-4cb8-9287-1e4c2af7763f,
f929db87-81ce-4fa6-8e8b-cb3fff221dc9,Juras de Amor,196000,False,,,Cavalo de Pau,Cavalo de Pau,e46be4b3-166f-45bd-8a7b-2048fbf91ee1,Cavalo de Pau,e46be4b3-166f-45bd-8a7b-2048fbf91ee1,
c2815358-0ebd-4bc7-9762-88cbf0415818,Aathmasphere,,True,,,Street Academics,Street Academics,b9ecd82a-3c15-4cb8-9287-1e4c2af7763f,Street Academics,b9ecd82a-3c15-4cb8-9287-1e4c2af7763f,
565edbca-12ab-4a6d-93fb-87248a75a1d6,Running in the Night,271000,True,,,FM-84 feat. Ollie Wride,FM-84|Ollie Wride,1bc76772-45fe-4f14-92b5-c4f9ff567fcf|7f36c662-11e4-4ab6-bb8a-6dcedbbf64f2,FM-84,1bc76772-45fe-4f14-92b5-c4f9ff567fcf,
d7aecfd3-040e-4dc3-bad9-e306ecc7fa41,Blueberry Hill,,False,,,Fats Domino,Fats Domino,e787de5d-49e2-4b1f-9bde-1fd3a671b971,Fats Domino,e787de5d-49e2-4b1f-9bde-1fd3a671b971,
97816ce7-6b4e-42be-ba55-9e34db9a1e91,Blue Monday,,False,,,Fats Domino,Fats Domino,e787de5d-49e2-4b1f-9bde-1fd3a671b971,Fats Domino,e787de5d-49e2-4b1f-9bde-1fd3a671b971,
23a79852-fe20-4598-bb7b-11b6db8a18e9,I'm in the Mood for Love,,False,,,Fats Domino,Fats Domino,e787de5d-49e2-4b1f-9bde-1fd3a671b971,Fats Domino,e787de5d-49e2-4b1f-9bde-1fd3a671b971,
3a4b7bd2-43e1-49a5-8e2f-ed2caf424a6f,Unforgettable,,False,,,French Montana,French Montana,45dc5f07-6609-4760-a933-8c9e0f858d05,French Montana,45dc5f07-6609-4760-a933-8c9e0f858d05,
d96921e1-a555-4957-8f55-7c44dc2bdb36,No One Like You,194000,False,,,DJ Regard,Regard,85f11607-6ed7-4a36-af69-dcadd32ad277,Regard,85f11607-6ed7-4a36-af69-dcadd32ad277,
09ecab47-4e58-4b36-830f-52629b93e937,broken,126000,False,,,Killstation,Killstation,d100076c-3fb2-4854-a1da-315ba216b9a2,Killstation,d100076c-3fb2-4854-a1da-315ba216b9a2,
362d1606-6d56-4291-a9cc-61508c53b95d,Santa Claus Is Coming to Town,,False,,"live, 1984‐11‐19: Kemper Arena, Kansas City, MO, USA",Bruce Springsteen & The E Street Band,Bruce Springsteen|The E Street Band,70248960-cb53-4ea4-943a-edb18f7d336f|d6652e7b-33fe-49ef-8336-4c863b4f996f,Bruce Springsteen,70248960-cb53-4ea4-943a-edb18f7d336f,
0b18c76c-15f0-4bdb-9488-fc26fa7f88f0,Sober,216000,True,,,Mahalia,Mahalia,5751a689-8b70-4ba0-a9e6-f8a10f4f8531,Mahalia,5751a689-8b70-4ba0-a9e6-f8a10f4f8531,
794ca16a-483c-41eb-834c-a06555b8e202,Back It Up,177000,False,,,Talib Kweli / Cardiak hosted by DJ Smallz,Talib Kweli|Cardiak|DJ Smallz,bb3cbea2-5ad4-4917-bc84-8a1975d40315|339a7eb7-7c47-4d1c-898f-ec0cdf9d8cf9|7807f3c5-1ac0-4c40-b1c5-f1d766095e84,Talib Kweli,bb3cbea2-5ad4-4917-bc84-8a1975d40315,
3927bc09-ca9d-47db-93b7-c8b5609d515a,Anything Goes,,False,,,Major Lazer & Turbulence,Major Lazer|Turbulence,75be165a-ad83-4d12-bd28-f589a15c479f|8558cf26-966b-46df-a152-bf6bf5617a3f,Major Lazer,75be165a-ad83-4d12-bd28-f589a15c479f,
0f7b68e4-0370-4ac1-a281-b5e426e38f29,Funk #49,,False,,,James Gang,James Gang,4167b497-1ae5-4502-a8e6-e1546ffbe514,James Gang,4167b497-1ae5-4502-a8e6-e1546ffbe514,
530c1276-72dc-4661-a019-a879f3634492,"Sugar, Sugar",182000,True,,,The Archies,The Archies,623d5f3f-3093-4711-881f-ed33eda10882,The Archies,623d5f3f-3093-4711-881f-ed33eda10882,
a765de6a-7e8d-4fae-b08d-5b955876b2d8,The Weekend,,False,,,Michael Gray,Michael Gray,cbb81bc6-fc8f-4d90-8a56-b5e0b357de3a,Michael Gray,cbb81bc6-fc8f-4d90-8a56-b5e0b357de3a,
8049b259-2589-406f-9e44-418bdcaf56b0,Wanted Dead or Alive,,False,,,Bon Jovi,Bon Jovi,5dcdb5eb-cb72-4e6e-9e63-b7bace604965,Bon Jovi,5dcdb5eb-cb72-4e6e-9e63-b7bace604965,
0ee5b360-417a-4305-bfb2-d5307a2f0b0b,Remedy,,False,,,The Black Crowes,The Black Crowes,02ceff75-7363-493e-a78d-912dc86c7460,The Black Crowes,02ceff75-7363-493e-a78d-912dc86c7460,
fdedf365-7756-436d-aaf2-a4a23bc0779c,Wait,,False,,,The Blow Monkeys & Kym Mazelle,The Blow Monkeys|Kym Mazelle,07f60268-1fe1-457b-8586-e6b2504076ff|5caf18ba-44db-44d4-a6a3-828970a685f4,The Blow Monkeys,07f60268-1fe1-457b-8586-e6b2504076ff,
f0540afc-c339-4556-817d-3548af8827b2,I Want It That Way,,False,,,Backstreet Boys,Backstreet Boys,2f569e60-0a1b-4fb9-95a4-3dc1525d1aad,Backstreet Boys,2f569e60-0a1b-4fb9-95a4-3dc1525d1aad,
b3cb994f-1979-4b43-956e-5a31e4cb9b01,Sometimes,,False,,,Miami Horror,Miami Horror,fa92553b-3cd5-4876-a7db-1d9dfcdf9fa9,Miami Horror,fa92553b-3cd5-4876-a7db-1d9dfcdf9fa9,
4bd4fd05-71b7-4e23-855c-d8224841464a,Night Nurse,,False,,,Gregory Isaacs,Gregory Isaacs,9abff216-e204-4dbc-9849-d1dbe1fbbda8,Gregory Isaacs,9abff216-e204-4dbc-9849-d1dbe1fbbda8,
fc61fc08-00bf-460c-8a13-ba697ce63afb,Dear Mama,280000,True,,,2Pac,2Pac,382f1005-e9ab-4684-afd4-0bdae4ee37f2,2Pac,382f1005-e9ab-4684-afd4-0bdae4ee37f2,
7c6336c4-aa34-43d9-a761-80dc5b7ca136,Get With It,,False,,,Charlie Feathers,Charlie Feathers,2189f0ca-a063-4c33-8f48-1dd12c6ef6b6,Charlie Feathers,2189f0ca-a063-4c33-8f48-1dd12c6ef6b6,
57d2eac8-99a0-4ff1-87c9-dfad8bd47c45,Appetite for Destruction,,False,,,N.W.A,N.W.A,3a54bffa-2314-44a2-927b-60144119c780,N.W.A,3a54bffa-2314-44a2-927b-60144119c780,
87a0d793-265b-442e-b1fe-cc3d6e49a4a4,Send Me an Angel,,False,,,Real Life,Real Life,dd90dbb1-296a-4675-84ae-4e1c613ca69d,Real Life,dd90dbb1-296a-4675-84ae-4e1c613ca69d,
fbf32b65-709b-4426-85e3-910c9bbfd6a3,Moonlight In Vermont,,False,,,Ella Fitzgerald & Louis Armstrong,Ella Fitzgerald|Louis Armstrong,54799c0e-eb45-4eea-996d-c4d71a63c499|eea8a864-fcda-4602-9569-38ab446decd6,Ella Fitzgerald,54799c0e-eb45-4eea-996d-c4d71a63c499,
e6906ad8-9575-480d-bed3-67687f1da861,Cooler Than Me,,False,,,Mike Posner,Mike Posner,5b64e344-b2fb-47bd-bd7b-4c793b17d472,Mike Posner,5b64e344-b2fb-47bd-bd7b-4c793b17d472,
e17b731f-ba37-41d9-ab0a-11296644b8c8,Back and Forth,,False,,,Cameo,Cameo,ef4d808a-2113-44c3-9b44-1b31f026ef1e,Cameo,ef4d808a-2113-44c3-9b44-1b31f026ef1e,
94155fa6-550c-4cab-ba51-29920b621d79,West End Girls,,False,,,Pet Shop Boys,Pet Shop Boys,be540c02-7898-4b79-9acc-c8122c7d9e83,Pet Shop Boys,be540c02-7898-4b79-9acc-c8122c7d9e83,
9bed9863-c1fb-4fb8-8724-c835777eb861,Still D.R.E.,,False,,,Dr. Dre & Snoop Dogg,Dr. Dre|Snoop Dogg,5f6ab597-f57a-40da-be9e-adad48708203|f90e8b26-9e52-4669-a5c9-e28529c47894,Dr. Dre,5f6ab597-f57a-40da-be9e-adad48708203,
adf99fd0-3f2d-4c17-87e2-66bddac6de79,The Time Is Now,,False,,,Moloko,Moloko,2f94016a-3880-4d8c-9af9-0e197ee77189,Moloko,2f94016a-3880-4d8c-9af9-0e197ee77189,
0bf50550-4625-4fbe-8827-9359af4699bd,On Our Own,,False,,,Bobby Brown,Bobby Brown,d11f9c07-0eac-4a1f-a443-19cd0f63d5f0,Bobby Brown,d11f9c07-0eac-4a1f-a443-19cd0f63d5f0,
a04d389e-b7f3-4996-98e4-c611c97f2654,April in Paris,,False,,,Ella Fitzgerald & Louis Armstrong,Ella Fitzgerald|Louis Armstrong,54799c0e-eb45-4eea-996d-c4d71a63c499|eea8a864-fcda-4602-9569-38ab446decd6,Ella Fitzgerald,54799c0e-eb45-4eea-996d-c4d71a63c499,
6a3d80e2-4d9b-401e-a867-7c0d95d0536d,Living in a Box,,False,,,Living in a Box,Living in a Box,340758ac-4df8-4986-b605-8016f58c1f7f,Living in a Box,340758ac-4df8-4986-b605-8016f58c1f7f,
dfee4465-0074-4ee4-be30-9d8849950fdf,6 Underground,,False,,,Sneaker Pimps,Sneaker Pimps,696d8523-39a0-44e2-9add-afaa183a2f46,Sneaker Pimps,696d8523-39a0-44e2-9add-afaa183a2f46,
2f69146d-8f6f-4d76-98de-e9fcf80f6755,Give It to Me Baby,,False,,,Rick James,Rick James,cba9cec2-be8d-41bd-91b4-a1cd7de39b0c,Rick James,cba9cec2-be8d-41bd-91b4-a1cd7de39b0c,
c5251bd2-e09b-42dc-8f92-66d4fafbfc10,Flashback,,False,,,Imagination,Imagination,f4038a4a-77af-4363-a2a8-5d847bb7f1ba,Imagination,f4038a4a-77af-4363-a2a8-5d847bb7f1ba,
1b45165b-0a29-4b2e-8366-d4865bf3097f,Numb,,False,,,Portishead,Portishead,8f6bd1e4-fbe1-4f50-aa9b-94c450ec0f11,Portishead,8f6bd1e4-fbe1-4f50-aa9b-94c450ec0f11,
2b5ea6b7-3192-445d-ac96-22d5482ec50e,Ambitionz Az a Ridah,,False,,,2Pac,2Pac,382f1005-e9ab-4684-afd4-0bdae4ee37f2,2Pac,382f1005-e9ab-4684-afd4-0bdae4ee37f2,
c9217d27-bef4-404a-b5e7-bc1cb9dab88b,Midnight City,,False,,,M83,M83,6d7b7cd4-254b-4c25-83f6-dd20f98ceacd,M83,6d7b7cd4-254b-4c25-83f6-dd20f98ceacd,
3299a297-987d-44be-88b0-fa68e9cba1c2,Crazy Arms,,False,,,Ray Price,Ray Price,c91823bc-3074-48f7-b6fe-ccda9310d2f5,Ray Price,c91823bc-3074-48f7-b6fe-ccda9310d2f5,
5f8c8889-1dc7-48ad-8f47-3fe7d4990423,Subliminal,,False,,,Suicidal Tendencies,Suicidal Tendencies,e9e2a634-984f-4c10-bf7b-7970179e1ef1,Suicidal Tendencies,e9e2a634-984f-4c10-bf7b-7970179e1ef1,
833d4ff7-e737-4f6d-85d2-550ab4d20e9a,The Next Episode,,False,,,"Dr. Dre, Snoop Dogg, Kurupt & Nate Dogg",Dr. Dre|Snoop Dogg|Kurupt|Nate Dogg,5f6ab597-f57a-40da-be9e-adad48708203|f90e8b26-9e52-4669-a5c9-e28529c47894|9034f787-3e79-44fe-89c1-8a082d556eec|405528df-2632-4730-80fc-83e775a97651,Dr. Dre,5f6ab597-f57a-40da-be9e-adad48708203,
542b535b-6d6f-4396-8992-05e04710d96d,Everything She Wants,,False,,,Wham!,Wham!,d570bb31-b9ca-45a4-a2d9-11b186d9c159,Wham!,d570bb31-b9ca-45a4-a2d9-11b186d9c159,
016ed34d-df07-4428-a635-67e4673a20e1,Como antes,216000,True,,,Wisin & Yandel,Wisin & Yandel,3deeb747-c228-4d33-9892-f0aa081783c3,Wisin & Yandel,3deeb747-c228-4d33-9892-f0aa081783c3,
42a32106-3916-407b-9ac0-fe305d4405cb,Pour Some Sugar on Me,,False,,,Def Leppard,Def Leppard,7249b899-8db8-43e7-9e6e-22f1e736024e,Def Leppard,7249b899-8db8-43e7-9e6e-22f1e736024e,
536e9ad2-62be-4049-9c5e-78511de71527,Hum With Me,168000,False,,,John de Sohn,John de Sohn,a695f35d-099c-4841-a1af-3c2c06011c4f,John de Sohn,a695f35d-099c-4841-a1af-3c2c06011c4f,
a8f53c52-88e7-41e7-817a-3229f9323a19,Put Your Hands Where My Eyes Could See,,False,,,Busta Rhymes,Busta Rhymes,10a9ff92-9637-4498-afea-7044b2ab0dc0,Busta Rhymes,10a9ff92-9637-4498-afea-7044b2ab0dc0,
929444f9-d5f8-436f-a596-dceda9af58e6,Take It Easy,510000,True,,"live, 2017-09-21: PNC Bank Arts Center, Holmdel, NJ, USA",Jackson Browne,Jackson Browne,88527d26-7496-47c5-8358-ebdb1868a90f,Jackson Browne,88527d26-7496-47c5-8358-ebdb1868a90f,
74a36807-94af-4dea-a252-b80c3679b1a5,Friday Night,204000,False,,,Juan Magán & Josepo,Juan Magán|Josepo,fe2d4768-80a4-4a00-b606-4872b6996a6a|e4895655-675b-4539-a9cf-a10098010e39,Juan Magán,fe2d4768-80a4-4a00-b606-4872b6996a6a,
3d1b2982-136a-4636-8346-f1048e40b3af,cracks,131000,False,,,killstation & joei razook,Killstation|Joei Razook,d100076c-3fb2-4854-a1da-315ba216b9a2|d4f5da80-4381-4bc1-ad1f-e1b9cfa4e1ee,Killstation,d100076c-3fb2-4854-a1da-315ba216b9a2,
22b709ff-8269-4ee7-b0ab-12ca12fe3615,Moon Rocks,453000,False,,,Enrico Sangiuliano,Enrico Sangiuliano,fe69b211-d470-48e7-a7a0-64cecb5bc991,Enrico Sangiuliano,fe69b211-d470-48e7-a7a0-64cecb5bc991,
2b90df10-296b-4af0-8e4f-eec96938707a,真的愛妳,275000,False,,,Beyond,Beyond,d84d02ad-d74c-4227-8073-6f13a039cfac,Beyond,d84d02ad-d74c-4227-8073-6f13a039cfac,HKG079900413
ff3617a3-919c-4c3a-8d2d-404586cb8b47,Pleure pas Stupeflip,,False,,,Stupeflip,Stupeflip,754abc13-d242-4585-8276-2c8c45aa37cf,Stupeflip,754abc13-d242-4585-8276-2c8c45aa37cf,
308f528c-c03f-4dd7-af6b-7b25488d7e82,Stuck on You,,False,,,Elvis Presley,Elvis Presley,01809552-4f87-45b0-afff-2c6f0730a3be,Elvis Presley,01809552-4f87-45b0-afff-2c6f0730a3be,
eb4c3b02-5f43-4b6d-86de-773d52b1b3ee,(Marie’s the Name) His Latest Flame,,False,,,Elvis Presley,Elvis Presley,01809552-4f87-45b0-afff-2c6f0730a3be,Elvis Presley,01809552-4f87-45b0-afff-2c6f0730a3be,
3cd765d9-96d7-4f40-9841-c23000a4cfda,Can’t Help Falling in Love,,False,,,Elvis Presley,Elvis Presley,01809552-4f87-45b0-afff-2c6f0730a3be,Elvis Presley,01809552-4f87-45b0-afff-2c6f0730a3be,
60acd547-4834-4ee8-b9d2-1b81e2453d23,She’s Not You,,False,,,Elvis Presley,Elvis Presley,01809552-4f87-45b0-afff-2c6f0730a3be,Elvis Presley,01809552-4f87-45b0-afff-2c6f0730a3be,
5ca9f2ad-bf96-4b86-a11d-b5b2fb5de40d,Surrender,,False,,,Elvis Presley,Elvis Presley,01809552-4f87-45b0-afff-2c6f0730a3be,Elvis Presley,01809552-4f87-45b0-afff-2c6f0730a3be,
9ee9f9ab-a9e9-44b0-bf8b-fdfcd59ed778,Love Me,,False,,,Elvis Presley,Elvis Presley,01809552-4f87-45b0-afff-2c6f0730a3be,Elvis Presley,01809552-4f87-45b0-afff-2c6f0730a3be,
c0b5b10a-2c84-4c56-9a6e-bd1432e14cfe,It’s Now or Never,,False,,,Elvis Presley,Elvis Presley,01809552-4f87-45b0-afff-2c6f0730a3be,Elvis Presley,01809552-4f87-45b0-afff-2c6f0730a3be,
4b892684-e672-4200-a1fe-51b6bd8046f7,Return to Sender,,False,,,Elvis Presley,Elvis Presley,01809552-4f87-45b0-afff-2c6f0730a3be,Elvis Presley,01809552-4f87-45b0-afff-2c6f0730a3be,
07ebff6c-af25-4bfe-9882-11597097811a,You Can’t Stop Me,254000,False,,,Laura Benanti,Laura Benanti,077c8981-8296-4bc5-99b8-1cf0b64813ab,Laura Benanti,077c8981-8296-4bc5-99b8-1cf0b64813ab,
a730fcca-9da5-4050-a15b-47d484233f18,Joga o Bum Bum Tam Tam,155000,False,,,MC Fioti,MC Fioti,b1fff892-2d4d-4819-b577-c68091802e85,MC Fioti,b1fff892-2d4d-4819-b577-c68091802e85,
0a26ebae-dae9-47a6-8b44-0ad7aad0c1c7,One World,,False,,,John Martyn,John Martyn,e821a756-487f-4931-a02f-27cf11cec7bf,John Martyn,e821a756-487f-4931-a02f-27cf11cec7bf,
d587904a-0d97-436b-91b2-351d47876197,All or Nothing,,False,,,Lost Frequencies feat. Axel Ehnstrom,Lost Frequencies|Axel Ehnström,ea7260de-e1b1-43f1-bb11-f78274a36308|f257189c-ce26-4cd1-b776-3f1b8ee2ada4,Lost Frequencies,ea7260de-e1b1-43f1-bb11-f78274a36308,
0829c40b-93f7-4da9-a076-d9fde1d31d1c,Bang Bang,,False,,,"DJ Fresh vs. Diplo feat. R. City, Selah Sue & Craig David",DJ Fresh|Diplo|R. City|Selah Sue|Craig David,77049387-0580-4a3a-a05f-d12b5d6b5042|a56bd8f9-8ef8-4d63-89a4-794ed1360dd2|759d57ae-ac3a-4b42-b965-314617a75e4f|fefeb63b-9430-4fe8-a332-0c400351af50|89e39f67-65cc-4f90-b145-b1b56c209f8a,DJ Fresh,77049387-0580-4a3a-a05f-d12b5d6b5042,
26fe5827-3f7f-43de-a53d-a7c75a8ddd65,Ave Maria,,False,,,Kiri Te Kanawa,Kiri Te Kanawa,1a78bb97-ad86-4f89-b4b4-cc10953103c3,Kiri Te Kanawa,1a78bb97-ad86-4f89-b4b4-cc10953103c3,
ef433744-8b69-459b-a66e-983b8689ec6a,Mom and Dad,446000,False,,,Jocelyn Shaw,Jocelyn Brown,6a628a50-1c5c-4d29-a13a-79a73eb012d9,Jocelyn Brown,6a628a50-1c5c-4d29-a13a-79a73eb012d9,
e338a968-1c22-447e-8d5a-d805669df3cc,Destroyer,248000,True,,,TR/ST,TR/ST,b8e3d1ae-5983-4af1-b226-aa009b294111,TR/ST,b8e3d1ae-5983-4af1-b226-aa009b294111,
decc2327-5b5b-448d-930b-99327a074e28,Tribute,,False,,,Manfred Mann’s Earth Band,Manfred Mann’s Earth Band,83e9c775-84ea-4cf6-abdf-b9ffa8c3d060,Manfred Mann’s Earth Band,83e9c775-84ea-4cf6-abdf-b9ffa8c3d060,
10ab354b-5a21-416c-9d52-2a4d62ec6436,Hold That Thought,316000,False,,,The Brian Jonestown Massacre,The Brian Jonestown Massacre,381e8434-109a-439c-8acc-5d328359f2e0,The Brian Jonestown Massacre,381e8434-109a-439c-8acc-5d328359f2e0,
d061b981-aa5a-4cfc-bebe-df7c6550ef9f,My Love,388000,False,,,The Brian Jonestown Massacre,The Brian Jonestown Massacre,381e8434-109a-439c-8acc-5d328359f2e0,The Brian Jonestown Massacre,381e8434-109a-439c-8acc-5d328359f2e0,
63800aef-6a96-408a-832f-a78f1c2d688c,Skin and Bones,248000,False,,,The Brian Jonestown Massacre,The Brian Jonestown Massacre,381e8434-109a-439c-8acc-5d328359f2e0,The Brian Jonestown Massacre,381e8434-109a-439c-8acc-5d328359f2e0,
cb0355e8-ec50-46d2-b164-76b68c024919,Hackensack,,False,,,Thelonious Monk,Thelonious Monk,8e8c7417-c905-46b1-b42a-5260b4274ed4,Thelonious Monk,8e8c7417-c905-46b1-b42a-5260b4274ed4,
1b390ad9-7ac8-4f84-ae4f-53b70d7d7b07,Lush Life,,False,,,Stan Getz,Stan Getz,8f2422ab-0ec6-4c92-80c4-afe9622fab32,Stan Getz,8f2422ab-0ec6-4c92-80c4-afe9622fab32,
92c5f3c1-a12a-427f-8df1-d6271a6f9bc1,Chocolate,174000,True,,#ALCARRER10,La Pegatina & El niño de la hipoteca,La Pegatina|El niño de la hipoteca,be21bd32-0edc-4075-8872-1ca274a14893|e2bfced3-d6be-4407-a04e-184e80cd18d8,La Pegatina,be21bd32-0edc-4075-8872-1ca274a14893,
25439bc0-a617-492d-97fd-f6c5e404bb8b,No Role Modelz,,False,,,J. Cole,J. Cole,875203e1-8e58-4b86-8dcb-7190faf411c5,J. Cole,875203e1-8e58-4b86-8dcb-7190faf411c5,
a5ddb7dd-8600-4427-a0c4-dddea22d290e,Hello,,False,,,J. Cole,J. Cole,875203e1-8e58-4b86-8dcb-7190faf411c5,J. Cole,875203e1-8e58-4b86-8dcb-7190faf411c5,
db95e661-69cd-472a-9a4a-64a8113fd8da,St. Tropez,,False,,,J. Cole,J. Cole,875203e1-8e58-4b86-8dcb-7190faf411c5,J. Cole,875203e1-8e58-4b86-8dcb-7190faf411c5,
783a8946-0362-40ca-9ece-cd9082395ab3,Ratamahatta,200000,True,,,Sepultura,Sepultura,1d93c839-22e7-4f76-ad84-d27039efc048,Sepultura,1d93c839-22e7-4f76-ad84-d27039efc048,
e409657e-330d-407b-be91-8cc09487aab8,A Marshmallow World,120000,True,,,Dean Martin & Frank Sinatra,Dean Martin|Frank Sinatra,5e6c760b-42e0-4df4-a221-0269355da00a|197450cd-0124-4164-b723-3c22dd16494d,Dean Martin,5e6c760b-42e0-4df4-a221-0269355da00a,
9d5e7f4d-95d9-4036-b282-877361d905a0,ABC's,206000,True,,,K’naan feat. Chubb Rock,K’naan|Chubb Rock,ee421ee4-f861-405d-8730-29cb512dfdbd|54a783d6-1066-4a3d-b3ee-d12547ea5daa,K’naan,ee421ee4-f861-405d-8730-29cb512dfdbd,
6ba6e870-f1f5-4ab4-b9dc-48fde70458ee,We’re in This Together,378000,True,,official music video,Nine Inch Nails,Nine Inch Nails,b7ffd2af-418f-4be2-bdd1-22f8b48613da,Nine Inch Nails,b7ffd2af-418f-4be2-bdd1-22f8b48613da,
a1f038fe-d723-44c7-aa1e-7d1c0d815e18,Say You Love Me,,False,,,Fleetwood Mac,Fleetwood Mac,bd13909f-1c29-4c27-a874-d4aaf27c5b1a,Fleetwood Mac,bd13909f-1c29-4c27-a874-d4aaf27c5b1a,
695a8167-b241-45ff-b7af-d0223a29bde0,Sugar Daddy,,False,,,Fleetwood Mac,Fleetwood Mac,bd13909f-1c29-4c27-a874-d4aaf27c5b1a,Fleetwood Mac,bd13909f-1c29-4c27-a874-d4aaf27c5b1a,
042085c3-9fbf-44b0-af4e-c61ef43b24aa,Badlands,,False,,"live, 1978‐07‐07: The Roxy Theatre, West Hollywood, CA, USA",Bruce Springsteen,Bruce Springsteen,70248960-cb53-4ea4-943a-edb18f7d336f,Bruce Springsteen,70248960-cb53-4ea4-943a-edb18f7d336f,
d6e26346-0930-4e04-9042-3ce805d39355,I'm In The Mood For LOve,,False,,,Fats Domino,Fats Domino,e787de5d-49e2-4b1f-9bde-1fd3a671b971,Fats Domino,e787de5d-49e2-4b1f-9bde-1fd3a671b971,
30ae45a7-5820-42a8-aba5-5447346cebe7,Blue Monday,,False,,,Fats Domino,Fats Domino,e787de5d-49e2-4b1f-9bde-1fd3a671b971,Fats Domino,e787de5d-49e2-4b1f-9bde-1fd3a671b971,
da2b4df7-805a-47f0-ac2b-cb620492e251,All the Things She Said,210000,True,,,Halflives feat. Mercedes from Courage My Love,Halflives|Courage My Love,e3a0c5a5-e666-4d6f-8d92-8d0b92a7f9de|1d864f08-b408-4e3a-881f-2d428b55b4a1,Halflives,e3a0c5a5-e666-4d6f-8d92-8d0b92a7f9de,
fa75b8dc-2461-4ea8-809a-15559fa11b87,Blackbird,,False,,,Paul McCartney,Paul McCartney,ba550d0e-adac-4864-b88b-407cab5e76af,Paul McCartney,ba550d0e-adac-4864-b88b-407cab5e76af,
bd975544-e290-4b61-b347-3a8c92bbbede,True Faith,,True,,,New Order,New Order,f1106b17-dcbb-45f6-b938-199ccfab50cc,New Order,f1106b17-dcbb-45f6-b938-199ccfab50cc,
c6a5e16b-8f5f-49a4-9be4-edcf32cde831,Love Will Tear Us Apart,,True,,,New Order,New Order,f1106b17-dcbb-45f6-b938-199ccfab50cc,New Order,f1106b17-dcbb-45f6-b938-199ccfab50cc,
b1a26b39-abea-4729-b925-fec2ca07b385,Regret,,True,,,New Order,New Order,f1106b17-dcbb-45f6-b938-199ccfab50cc,New Order,f1106b17-dcbb-45f6-b938-199ccfab50cc,
a9561b8c-9faa-4789-8e44-1a6c69a818cb,Temptation,,True,,,New Order,New Order,f1106b17-dcbb-45f6-b938-199ccfab50cc,New Order,f1106b17-dcbb-45f6-b938-199ccfab50cc,
fc683167-624b-447e-82f8-3ff5e99738f4,Turn,,True,,,New Order,New Order,f1106b17-dcbb-45f6-b938-199ccfab50cc,New Order,f1106b17-dcbb-45f6-b938-199ccfab50cc,
0328d1fc-f3e3-438c-a5d1-8190f9581933,Transmission,,True,,,New Order,New Order,f1106b17-dcbb-45f6-b938-199ccfab50cc,New Order,f1106b17-dcbb-45f6-b938-199ccfab50cc,
863454a2-f535-4765-8fb2-eaae23f7d015,Eleanor Rigby,248000,False,,,Paul McCartney,Paul McCartney,ba550d0e-adac-4864-b88b-407cab5e76af,Paul McCartney,ba550d0e-adac-4864-b88b-407cab5e76af,
20cfd5ee-39b6-4b2e-8cfa-16ba01feaa5e,A Whiter Shade of Pale,,False,,,Procol Harum,Procol Harum,44119570-4d53-46e7-a447-bd18608c28d8,Procol Harum,44119570-4d53-46e7-a447-bd18608c28d8,
8f310e2d-3284-4be1-93fe-b3d031164397,Superman (It's Not Easy),,False,,,Five for Fighting,Five for Fighting,23eeaeaf-423d-4859-8c91-2175ece74287,Five for Fighting,23eeaeaf-423d-4859-8c91-2175ece74287,
332a819d-a9a4-400a-a2a2-d11e084da41d,Its My Life,227000,False,,"live; The Howard Stern Show: New York, NY, USA",Bon Jovi,Bon Jovi,5dcdb5eb-cb72-4e6e-9e63-b7bace604965,Bon Jovi,5dcdb5eb-cb72-4e6e-9e63-b7bace604965,
056ef7c4-9f68-4051-bd47-db12b2d4f4e6,Lucky,,False,,,Radiohead,Radiohead,a74b1b7f-71a5-4011-9441-d0b5e4122711,Radiohead,a74b1b7f-71a5-4011-9441-d0b5e4122711,
5e598280-3508-46f9-846f-ba1b97c8b81b,Colors,,False,,,Amos Lee,Amos Lee,332228ce-fe8c-4a5e-90e0-e1361553e5ff,Amos Lee,332228ce-fe8c-4a5e-90e0-e1361553e5ff,
7c979018-3941-494c-973b-79d57628588e,What the Fuck?,2000,False,,,Madonna,Madonna,79239441-bfd5-4981-a70c-55c3f15c1287,Madonna,79239441-bfd5-4981-a70c-55c3f15c1287,
da2a01f1-3fff-462d-ab98-841536f1a3ab,"Simple Symphony, op. 4: II. Playful Pizzicato",,False,,,Benjamin Britten,Benjamin Britten,49ae5227-605a-47a8-9b8e-cd89bf01a97c,Benjamin Britten,49ae5227-605a-47a8-9b8e-cd89bf01a97c,
289521e9-9654-4bb5-b2e8-8b481208f313,Heavy,174000,False,,Cover,Our Last Night feat. Living in Fiction,Our Last Night|Living in Fiction,5466b02a-4465-4e87-b372-584cd5f97bff|11ec8396-f04e-4588-9533-fcc735d01244,Our Last Night,5466b02a-4465-4e87-b372-584cd5f97bff,
d231c3fa-c000-40bb-ab06-00d2507f3bc4,Billionaire,223000,True,,,Lisa Stansfield,Lisa Stansfield,8f632c44-c97f-4b12-b1cd-caf2c6e2ed06,Lisa Stansfield,8f632c44-c97f-4b12-b1cd-caf2c6e2ed06,
4c7c9846-4802-40fa-8f4d-8cd27c5bbb7b,When I Paint My Masterpiece,246000,False,,"live, 2011-10-27: Le Poisson Rouge, Greenwich Village, New York, NY, USA",Glen Hansard,Glen Hansard,57f89cad-d2ef-48df-9119-8287b106716a,Glen Hansard,57f89cad-d2ef-48df-9119-8287b106716a,
9158cea6-07b4-4bf3-a684-94fbf6911906,Aurora,,False,,"2011-02-07: Live at the Roxy, West Hollywood, CA, USA",Foo Fighters,Foo Fighters,67f66c07-6e61-4026-ade5-7e782fad3a5d,Foo Fighters,67f66c07-6e61-4026-ade5-7e782fad3a5d,
02380d8d-ad97-4ede-9a24-751026bb8dcb,Rope,,False,,"2011-02-07: Live at the Roxy, West Hollywood, CA, USA",Foo Fighters,Foo Fighters,67f66c07-6e61-4026-ade5-7e782fad3a5d,Foo Fighters,67f66c07-6e61-4026-ade5-7e782fad3a5d,
0887dea8-86d4-4649-b0c5-123ffee3c753,Generator,,False,,"2011-02-07: Live at the Roxy, West Hollywood, CA, USA",Foo Fighters,Foo Fighters,67f66c07-6e61-4026-ade5-7e782fad3a5d,Foo Fighters,67f66c07-6e61-4026-ade5-7e782fad3a5d,
68cc419e-df2b-4666-9036-b01c02fe3d2e,Back & Forth,,False,,"2011-02-07: Live at the Roxy, West Hollywood, CA, USA",Foo Fighters,Foo Fighters,67f66c07-6e61-4026-ade5-7e782fad3a5d,Foo Fighters,67f66c07-6e61-4026-ade5-7e782fad3a5d,
e0fc5a54-89c3-447f-85be-f05f3aafaa61,Encore,,False,,"2011-02-07: Live at the Roxy, West Hollywood, CA, USA",Foo Fighters,Foo Fighters,67f66c07-6e61-4026-ade5-7e782fad3a5d,Foo Fighters,67f66c07-6e61-4026-ade5-7e782fad3a5d,
bcdd0b77-b5f3-4ba7-9f3b-88150a5d09d7,These Days,,False,,"2011-02-07: Live at the Roxy, West Hollywood, CA, USA",Foo Fighters,Foo Fighters,67f66c07-6e61-4026-ade5-7e782fad3a5d,Foo Fighters,67f66c07-6e61-4026-ade5-7e782fad3a5d,
8b1cff78-3f69-40a5-9450-8e825d6294d1,Big Me,,False,,"2011-02-07: Live at the Roxy, West Hollywood, CA, USA",Foo Fighters,Foo Fighters,67f66c07-6e61-4026-ade5-7e782fad3a5d,Foo Fighters,67f66c07-6e61-4026-ade5-7e782fad3a5d,
f3a03a6a-206b-4c36-8812-14f5cf1c97d2,Walk,,False,,"2011-02-07: Live at the Roxy, West Hollywood, CA, USA",Foo Fighters,Foo Fighters,67f66c07-6e61-4026-ade5-7e782fad3a5d,Foo Fighters,67f66c07-6e61-4026-ade5-7e782fad3a5d,
055c5dfd-4024-4edc-b19e-cfad427b7144,The Pretender,,False,,"2011-02-07: Live at the Roxy, West Hollywood, CA, USA",Foo Fighters,Foo Fighters,67f66c07-6e61-4026-ade5-7e782fad3a5d,Foo Fighters,67f66c07-6e61-4026-ade5-7e782fad3a5d,
1f7f7514-506c-4237-92cb-8b0ca15216bb,Monkey Wrench,,False,,"2011-02-07: Live at the Roxy, West Hollywood, CA, USA",Foo Fighters,Foo Fighters,67f66c07-6e61-4026-ade5-7e782fad3a5d,Foo Fighters,67f66c07-6e61-4026-ade5-7e782fad3a5d,
0ef352ae-5dc7-41c0-b606-2cb055faf4c6,All My Life,,False,,"2011-02-07: Live at the Roxy, West Hollywood, CA, USA",Foo Fighters,Foo Fighters,67f66c07-6e61-4026-ade5-7e782fad3a5d,Foo Fighters,67f66c07-6e61-4026-ade5-7e782fad3a5d,
b648a554-4746-47b0-b060-b0b9cb8258cb,Times Like These,,False,,"2011-02-07: Live at the Roxy, West Hollywood, CA, USA",Foo Fighters,Foo Fighters,67f66c07-6e61-4026-ade5-7e782fad3a5d,Foo Fighters,67f66c07-6e61-4026-ade5-7e782fad3a5d,
3380961e-0b2b-41f6-ac96-8c916d224692,My Hero,,False,,"2011-02-07: Live at the Roxy, West Hollywood, CA, USA",Foo Fighters,Foo Fighters,67f66c07-6e61-4026-ade5-7e782fad3a5d,Foo Fighters,67f66c07-6e61-4026-ade5-7e782fad3a5d,
e6ca293d-2724-4994-81e6-30351db4ed57,Everlong,,False,,"2011-02-07: Live at the Roxy, West Hollywood, CA, USA",Foo Fighters,Foo Fighters,67f66c07-6e61-4026-ade5-7e782fad3a5d,Foo Fighters,67f66c07-6e61-4026-ade5-7e782fad3a5d,
f0cbf75e-63ed-4097-9c1c-5638568ab304,Learn to Fly,,False,,"2011-02-07: Live at the Roxy, West Hollywood, CA, USA",Foo Fighters,Foo Fighters,67f66c07-6e61-4026-ade5-7e782fad3a5d,Foo Fighters,67f66c07-6e61-4026-ade5-7e782fad3a5d,
5bdf6b0b-e8a5-4b2b-8d06-4baef5e5e8fe,Matter of Time,,False,,"2011-02-07: Live at the Roxy, West Hollywood, CA, USA",Foo Fighters,Foo Fighters,67f66c07-6e61-4026-ade5-7e782fad3a5d,Foo Fighters,67f66c07-6e61-4026-ade5-7e782fad3a5d,
da70f150-5538-4a75-9f36-28e516e395fb,D.A.N.C.E.,181000,True,,,Justice,Justice,860b2707-6153-4e3a-aa57-74d2b42c55b5,Justice,860b2707-6153-4e3a-aa57-74d2b42c55b5,
c6545114-c968-4517-aa63-3e2f4dde88a6,Jimmy,208000,True,,,M.I.A.,M.I.A.,7cf0ea9d-86b9-4dad-ba9e-2355a64899ea,M.I.A.,7cf0ea9d-86b9-4dad-ba9e-2355a64899ea,
96138540-82fc-45d9-86a5-7e1308bb705d,Someone Like You,296000,True,,,Sierra Hull,Sierra Hull,81b38118-c135-4ac4-8334-c57a2455b798,Sierra Hull,81b38118-c135-4ac4-8334-c57a2455b798,
77d7ab92-f2bf-486d-9516-7188d0e0556e,Basket Case,246000,True,,"live, 2012-09-26: Jimmy Kimmel Live",Alanis Morissette,Alanis Morissette,4bdcee62-4902-4773-8cd1-e252e2e31225,Alanis Morissette,4bdcee62-4902-4773-8cd1-e252e2e31225,
11167ba0-87a5-47f7-b117-6f401a555f6d,I Miss the Misery,471000,False,,"(live, 2015: Budapest, Hungary)",Halestorm,Halestorm,eaed2193-e026-493b-ac57-113360407b06,Halestorm,eaed2193-e026-493b-ac57-113360407b06,
e6d0f5ef-7e0e-4ee2-98f2-e03501cecfd9,Pick Up,,False,,,DJ Koze,DJ Koze,dd4458c8-6728-4a44-980c-48107fa72bb8,DJ Koze,dd4458c8-6728-4a44-980c-48107fa72bb8,
d2b3dfb1-e4c3-49d2-82fe-e37cf8f39a0b,Gotti,267000,True,,,6ix9ine,6ix9ine,2282c539-05a2-477c-82b7-fe40798d37f3,6ix9ine,2282c539-05a2-477c-82b7-fe40798d37f3,
6058aa86-ffa8-42b2-ae5d-83ca0ff45d76,Unchained Melody,246000,True,,,Susan Boyle,Susan Boyle,eefcf168-6b1b-46ec-9b75-f8a01161abb5,Susan Boyle,eefcf168-6b1b-46ec-9b75-f8a01161abb5,
058f3826-92e7-497f-8272-8f841704842c,Knockin' on Heaven's Door,,False,,,Guns N’ Roses,Guns N’ Roses,eeb1195b-f213-4ce1-b28c-8565211f8e43,Guns N’ Roses,eeb1195b-f213-4ce1-b28c-8565211f8e43,
8d319ed1-54c2-417a-85f0-fbc60a30f86b,The House of the Rising Sun,,False,,,The Animals,The Animals,4d8afa16-4018-4ca8-8b5e-ede8f9314562,The Animals,4d8afa16-4018-4ca8-8b5e-ede8f9314562,
cf74c083-7e86-47f5-aa2b-4dc571a4637e,Descending,281000,False,,"live, 2015-10-31: Tempe, AZ",Tool,Tool,66fc5bf8-daa4-4241-b378-9bc9077939d2,Tool,66fc5bf8-daa4-4241-b378-9bc9077939d2,
8a12ae9b-7336-4efc-bd2d-f6e87d819fd3,Something Beautiful,318000,False,,,Alexi Murdoch,Alexi Murdoch,750e9439-2e5d-4afd-92cc-d23183cd7606,Alexi Murdoch,750e9439-2e5d-4afd-92cc-d23183cd7606,
f01061bb-6b25-48a7-a9b3-d7b212281c39,Find Yourself,,False,,part of “ATM Worldwide Issue 71 Mix” dj-mix,Calyx & TeeBee,Calyx & TeeBee,43b161b8-4fb7-4aed-8056-d927e3c17be2,Calyx & TeeBee,43b161b8-4fb7-4aed-8056-d927e3c17be2,
6091604f-cbd7-4762-9b03-30cf5f098342,Y.M.C.A.,241000,True,,,Village People,Village People,f19d3d49-be22-4ca6-9903-64d86984fbf2,Village People,f19d3d49-be22-4ca6-9903-64d86984fbf2,
1ef0a929-a900-4bd1-8314-34b052a92969,Don’t Go Breaking My Heart,229000,True,,,Backstreet Boys,Backstreet Boys,2f569e60-0a1b-4fb9-95a4-3dc1525d1aad,Backstreet Boys,2f569e60-0a1b-4fb9-95a4-3dc1525d1aad,
dc9d4081-69e8-434d-82c3-311d6ace033a,Poseidon,,False,,,MIKE,MIKE,da943be1-5611-4bf9-ac4c-0eef1bc0c16b,MIKE,da943be1-5611-4bf9-ac4c-0eef1bc0c16b,
663ee668-9f59-4339-ab14-3f8c93303fb3,Bir Of Çeksem,,False,,,Cem Karaca,Cem Karaca,802247cc-77a2-4671-a02d-ad25bf90e23c,Cem Karaca,802247cc-77a2-4671-a02d-ad25bf90e23c,
19b66d75-d91a-4760-acbf-7e6840dcd407,Tatli Dillim,,False,,,Cem Karaca,Cem Karaca,802247cc-77a2-4671-a02d-ad25bf90e23c,Cem Karaca,802247cc-77a2-4671-a02d-ad25bf90e23c,
71b3796b-3439-4961-a785-155a2ed261f6,Kalender,,False,,,Cem Karaca,Cem Karaca,802247cc-77a2-4671-a02d-ad25bf90e23c,Cem Karaca,802247cc-77a2-4671-a02d-ad25bf90e23c,
184d3e15-1ccf-4a31-9bed-e686f7174d80,Baba,,False,,,Cem Karaca,Cem Karaca,802247cc-77a2-4671-a02d-ad25bf90e23c,Cem Karaca,802247cc-77a2-4671-a02d-ad25bf90e23c,
18f89097-02e2-4ae8-87c4-4d2965f2c3be,Ay Karanlik,,False,,,Cem Karaca,Cem Karaca,802247cc-77a2-4671-a02d-ad25bf90e23c,Cem Karaca,802247cc-77a2-4671-a02d-ad25bf90e23c,
f1d3cfbb-7913-45dd-870f-df59e118f927,Unut Beni,,False,,,Cem Karaca,Cem Karaca,802247cc-77a2-4671-a02d-ad25bf90e23c,Cem Karaca,802247cc-77a2-4671-a02d-ad25bf90e23c,
574527be-4cbd-4c6d-b9d6-1fec0f77d402,Nas Is Like,238000,True,,clean video,Nas,Nas,cfbc0924-0035-4d6c-8197-f024653af823,Nas,cfbc0924-0035-4d6c-8197-f024653af823,
b8eab959-42e6-45a5-92cc-ef9f6ef9015c,One Love,329000,True,,clean video,Nas,Nas,cfbc0924-0035-4d6c-8197-f024653af823,Nas,cfbc0924-0035-4d6c-8197-f024653af823,
314f0082-21b9-4a64-b3f4-161455bfe64d,Brazil,262000,False,,live; SiriusXM Studios,Declan McKenna,Declan McKenna,8b98035f-fbd2-4fb3-9c2f-263c7506680d,Declan McKenna,8b98035f-fbd2-4fb3-9c2f-263c7506680d,
ae050a8e-24bb-4bdf-a18d-259902189949,Royals,215000,False,,live; SiriusXM Studios,Sheppard,Sheppard,6390e20f-bacf-474e-954e-5b12da73350e,Sheppard,6390e20f-bacf-474e-954e-5b12da73350e,
01d4d9fd-6096-426c-8cbc-fecf67c63aef,Stolen Dance,220000,False,,live; SiriusXM Studios,Milky Chance,Milky Chance,6d230d98-fb8d-4421-a6e8-daca4e55d53e,Milky Chance,6d230d98-fb8d-4421-a6e8-daca4e55d53e,
30039afb-553d-4a26-b22d-877e82023d7c,Geronimo,222000,False,,live; SiriusXM Studios,Sheppard,Sheppard,6390e20f-bacf-474e-954e-5b12da73350e,Sheppard,6390e20f-bacf-474e-954e-5b12da73350e,
6f95071f-2806-4c2a-92b6-bc0347f5b63d,Shut Up and Dance,194000,False,,live acoustic; SiriusXM Studios,WALK THE MOON,WALK THE MOON,d4aad415-9cd0-4845-9b05-0416fdcc9fc4,WALK THE MOON,d4aad415-9cd0-4845-9b05-0416fdcc9fc4,
a7a488fd-9c03-45ec-a882-3271312293e5,Mess Around,170000,False,,live; SiriusXM Studios,Cage the Elephant,Cage the Elephant,b41b38d4-ef3e-4f37-8c75-cfe9af999696,Cage the Elephant,b41b38d4-ef3e-4f37-8c75-cfe9af999696,
81f783c6-38a2-4b2e-88a5-4ce68242399f,Cold Cold Cold,214000,True,,live; SiriusXM Studios,Cage the Elephant,Cage the Elephant,b41b38d4-ef3e-4f37-8c75-cfe9af999696,Cage the Elephant,b41b38d4-ef3e-4f37-8c75-cfe9af999696,
23387d45-7e04-41da-adbc-a2ac4330fb53,Handclap,215000,True,,live; SiriusXM Studios,Fitz and the Tantrums,Fitz and the Tantrums,8560d4e8-05e2-4c20-980b-ad2db445dd5d,Fitz and the Tantrums,8560d4e8-05e2-4c20-980b-ad2db445dd5d,
38775faa-c7e7-426b-a57f-cbfeda1981c6,só você,209000,False,,,Capital Inicial,Capital Inicial,f168e033-2d59-401a-a9b1-2d704b24c17d,Capital Inicial,f168e033-2d59-401a-a9b1-2d704b24c17d,
336fbacd-a721-4cb4-8ecc-6787473294b6,Wind It Up,,False,,,The Prodigy,The Prodigy,4a4ee089-93b1-4470-af9a-6ff575d32704,The Prodigy,4a4ee089-93b1-4470-af9a-6ff575d32704,
3e25373f-e20f-430e-89b8-b35b71766dfa,Do for Love,264000,True,,,2Pac,2Pac,382f1005-e9ab-4684-afd4-0bdae4ee37f2,2Pac,382f1005-e9ab-4684-afd4-0bdae4ee37f2,
2ff6b429-8646-4e94-8ff7-c18df5df488c,In the Summertime,211000,True,,,Mungo Jerry,Mungo Jerry,d99a6247-94ab-4685-87df-572ba6ef44b7,Mungo Jerry,d99a6247-94ab-4685-87df-572ba6ef44b7,
6a96e50c-2b09-4f2e-a071-1746c599bc85,That’s the Way Love Is,,False,,,Paul Young & Alison Moyet,Paul Young|Alison Moyet,967002b0-58ef-4b22-a58c-fbc631ff695c|79feb79b-8f0d-4306-b30a-e28bd88c9323,Paul Young,967002b0-58ef-4b22-a58c-fbc631ff695c,
2ba68919-7a59-41f9-8c9a-806fd8506f18,Musclebound,,False,,,Spandau Ballet,Spandau Ballet,4c0d9acf-a8a1-4765-9c56-05f92f68c048,Spandau Ballet,4c0d9acf-a8a1-4765-9c56-05f92f68c048,
6d6e9388-3543-42de-be21-7f1fca7bc800,Crawling,289000,False,,HHH/Crawling Live Project Revolution 2008 Milton Keynes,Linkin Park feat. Chris Cornell,Linkin Park|Chris Cornell,f59c5520-5f46-4d2c-b2c4-822eabf53419|cbf9738d-8f81-4a92-bc64-ede09341652d,Linkin Park,f59c5520-5f46-4d2c-b2c4-822eabf53419,
fcc502cd-6167-4fb5-8873-097d94b33235,Hawaii Five‐O,,False,,,The Ventures,The Ventures,b2cc8903-0077-4bef-8454-ac5cef53d126,The Ventures,b2cc8903-0077-4bef-8454-ac5cef53d126,
832d8703-2881-460d-844a-77e6aaa22426,Sleepwalk,,False,,,The Ventures,The Ventures,b2cc8903-0077-4bef-8454-ac5cef53d126,The Ventures,b2cc8903-0077-4bef-8454-ac5cef53d126,
52a4cc71-5b2e-4ecd-804e-de67268161bf,House of the Rising Sun,,False,,,The Ventures,The Ventures,b2cc8903-0077-4bef-8454-ac5cef53d126,The Ventures,b2cc8903-0077-4bef-8454-ac5cef53d126,
8255e8e3-acb3-472d-a103-3c63185905be,Bye Bye Love,,False,,,The Everly Brothers,The Everly Brothers,091ec508-877f-4e3c-92a3-10903bbbc7ad,The Everly Brothers,091ec508-877f-4e3c-92a3-10903bbbc7ad,
c95b3749-d62f-483a-8923-ac5ab5497851,Daydream,,False,,,The Smashing Pumpkins,The Smashing Pumpkins,ba0d6274-db14-4ef5-b28d-657ebde1a396,The Smashing Pumpkins,ba0d6274-db14-4ef5-b28d-657ebde1a396,
c0a6e3e4-64b9-469b-a1fc-757f217bdb9e,With You,,False,,,The Smashing Pumpkins,The Smashing Pumpkins,ba0d6274-db14-4ef5-b28d-657ebde1a396,The Smashing Pumpkins,ba0d6274-db14-4ef5-b28d-657ebde1a396,
e153db99-8901-4760-8dca-d0decb8f32ac,Sun,,False,,,The Smashing Pumpkins,The Smashing Pumpkins,ba0d6274-db14-4ef5-b28d-657ebde1a396,The Smashing Pumpkins,ba0d6274-db14-4ef5-b28d-657ebde1a396,
c2956eb4-71a1-4b89-aa33-291e9363880e,Heading Home,263000,True,,,Gryffin ft. Josef Salvat,Gryffin|Josef Salvat,f1348139-efb5-43c7-9204-199827efad3c|0ee82c4c-f201-4281-b1da-c43c40d168ba,Gryffin,f1348139-efb5-43c7-9204-199827efad3c,
8f5804f1-d355-412f-abce-e739a8e507cb,Feel Good,247000,True,,,"Gryffin, Illenium ft. Daya",Gryffin|ILLENIUM|Daya,f1348139-efb5-43c7-9204-199827efad3c|5f43abf6-92a5-468a-a633-b73f94627972|9e8a4e92-1598-47d9-80f7-646802abce76,Gryffin,f1348139-efb5-43c7-9204-199827efad3c,
d3805216-d6d2-43b8-ab99-d3a5b779aa1c,Crawl Outta Love,243000,True,,,Illenium feat. Annika Wells,ILLENIUM|Annika Wells,5f43abf6-92a5-468a-a633-b73f94627972|a0b7d4d8-f54a-4c12-9616-46b0adb61a63,ILLENIUM,5f43abf6-92a5-468a-a633-b73f94627972,
ebb1f3da-ef27-4122-9c04-729765631869,Take on Me,181000,False,,,Sara Bareilles,Sara Bareilles,e54be6b7-5c26-4b47-bb3f-c137429b9b55,Sara Bareilles,e54be6b7-5c26-4b47-bb3f-c137429b9b55,
5c1ecef9-e756-4234-9a47-a34d89a5a89c,Everyday Stranger,196000,False,,Live,Sara Bareilles,Sara Bareilles,e54be6b7-5c26-4b47-bb3f-c137429b9b55,Sara Bareilles,e54be6b7-5c26-4b47-bb3f-c137429b9b55,
58678016-be92-4c66-837f-4d2d50b8cde8,Bittersweet,277000,False,,Live,Sara Bareilles,Sara Bareilles,e54be6b7-5c26-4b47-bb3f-c137429b9b55,Sara Bareilles,e54be6b7-5c26-4b47-bb3f-c137429b9b55,
76978efb-2646-42ed-99d3-836232dc4e66,Good Girls,313000,False,,Live,Sara Bareilles,Sara Bareilles,e54be6b7-5c26-4b47-bb3f-c137429b9b55,Sara Bareilles,e54be6b7-5c26-4b47-bb3f-c137429b9b55,
4a98c649-e02f-4f41-ad24-0d2f435834b8,Pretend,211000,False,,Live,Sara Bareilles,Sara Bareilles,e54be6b7-5c26-4b47-bb3f-c137429b9b55,Sara Bareilles,e54be6b7-5c26-4b47-bb3f-c137429b9b55,
3a7452d0-66d4-4fb1-b3a6-381c87e5d375,This Love,184000,True,,,Bailey Pelkman,Bailey Pelkman,1bb951c4-75a0-4923-8c5a-169a6d8e7314,Bailey Pelkman,1bb951c4-75a0-4923-8c5a-169a6d8e7314,
eca0990f-9226-4d73-bb0b-930a8ca9e287,Stay,334000,True,,,Kina Grannis,Kina Grannis,7a1766ba-3d50-428f-b6f5-4d267248c744,Kina Grannis,7a1766ba-3d50-428f-b6f5-4d267248c744,
3451b662-81a2-428b-bf3d-9ab811c1364a,Joy,,True,,,Against Me!,Against Me!,a66ebddc-ff04-46b8-820a-15c63e80dba1,Against Me!,a66ebddc-ff04-46b8-820a-15c63e80dba1,
dd6d4f69-4014-4c04-9de2-5df134bc4c72,We Will Rock You,,True,,,Queen,Queen,0383dadf-2a4e-4d10-a46a-e9e041da8eb3,Queen,0383dadf-2a4e-4d10-a46a-e9e041da8eb3,
2e67a9e5-365d-4437-8f8e-6b9ea86a43e1,Home,260000,False,,,Mumford & Sons,Mumford & Sons,c44e9c22-ef82-4a77-9bcd-af6c958446d6,Mumford & Sons,c44e9c22-ef82-4a77-9bcd-af6c958446d6,
d3a42b4b-705d-4ae3-9c2b-b5a011bc51f4,Born This Way,439000,True,,,Lady Gaga,Lady Gaga,650e7db6-b795-4eb5-a702-5ea2fc46c848,Lady Gaga,650e7db6-b795-4eb5-a702-5ea2fc46c848,
2b80e3cb-516f-4af7-947f-c8881781ede5,Shine a Light,,False,,,The Rolling Stones,The Rolling Stones,b071f9fa-14b0-4217-8e97-eb41da73f598,The Rolling Stones,b071f9fa-14b0-4217-8e97-eb41da73f598,
fc933237-3878-4827-801f-35fccd155186,Ace of Spades,,False,,2008,Motörhead,Motörhead,57961a97-3796-4bf7-9f02-a985a8979ae9,Motörhead,57961a97-3796-4bf7-9f02-a985a8979ae9,
e66489d9-51a8-4fe6-ae67-383a887a69e1,No Expectations,,False,,,The Rolling Stones,The Rolling Stones,b071f9fa-14b0-4217-8e97-eb41da73f598,The Rolling Stones,b071f9fa-14b0-4217-8e97-eb41da73f598,
abf322ea-002c-4c4d-b718-19a09fe99acb,Locked Out of Heaven,,True,,,Bruno Mars,Bruno Mars,afb680f2-b6eb-4cd7-a70b-a63b25c763d5,Bruno Mars,afb680f2-b6eb-4cd7-a70b-a63b25c763d5,
7347472e-a25b-4c4a-8317-f5f9c5e998d1,Natural,189000,True,,,Imagine Dragons,Imagine Dragons,012151a8-0f9a-44c9-997f-ebd68b5389f9,Imagine Dragons,012151a8-0f9a-44c9-997f-ebd68b5389f9,
b95c9e3b-9739-4d3a-9725-677f2522c01d,The Unforgiven II,322000,False,,"live, 1997-12-08: The Billboard Awards",Metallica,Metallica,65f4f0c5-ef9e-490c-aee3-909e7ae6b2ab,Metallica,65f4f0c5-ef9e-490c-aee3-909e7ae6b2ab,
a9489876-8cc2-418b-a953-24bc74aa01fa,Baptism,169000,True,,,Crystal Castles,Crystal Castles,b1570544-93ab-4b2b-8398-131735394202,Crystal Castles,b1570544-93ab-4b2b-8398-131735394202,
f3138e9e-265f-4a5e-a6be-56ce5a1e62ee,Locked Out Of Heaven,233000,False,,,Bastille,Bastille,7808accb-6395-4b25-858c-678bbb73896b,Bastille,7808accb-6395-4b25-858c-678bbb73896b,
a353500d-0e4f-4ad9-bef3-da5f21107819,Just Like Heaven,213000,True,,live; SiriusXM Studios,Fitz and the Tantrums,Fitz and the Tantrums,8560d4e8-05e2-4c20-980b-ad2db445dd5d,Fitz and the Tantrums,8560d4e8-05e2-4c20-980b-ad2db445dd5d,
8b6982f9-0aee-4f5f-84d9-27143d956205,Hunger,232000,True,,live; SiriusXM Studios,Florence + the Machine,Florence + the Machine,5fee3020-513b-48c2-b1f7-4681b01db0c6,Florence + the Machine,5fee3020-513b-48c2-b1f7-4681b01db0c6,
4c44641f-a2a8-4228-82a3-4f307048e157,My Type,225000,True,,live; SiriusXM Studios,Saint Motel,Saint Motel,5c2593bc-1621-4c4d-821b-b7bb6ff213b5,Saint Motel,5c2593bc-1621-4c4d-821b-b7bb6ff213b5,
dd42047e-b078-480a-b07f-65c6898296fe,I Wanna Love You,,False,,"live, AOL Sessions",Akon,Akon,1138a764-2212-4d0a-b02d-0dc14df91e08,Akon,1138a764-2212-4d0a-b02d-0dc14df91e08,USUM70737134
3400fb38-38da-4375-b515-a62a1973fb03,Mama Africa,,False,,"(live, AOL Sessions)",Akon,Akon,1138a764-2212-4d0a-b02d-0dc14df91e08,Akon,1138a764-2212-4d0a-b02d-0dc14df91e08,USUM70737133
38c9f86a-7133-42ad-9556-eeed153ceb2a,Borderline,208000,False,,with extended Intro,Ariana Grande feat. Missy Elliott,Ariana Grande|Missy Elliott,f4fdbb4c-e4b7-47a0-b83b-d91bbfcfa387|a0b8cb9e-7532-45fe-a74c-30e7c4009a39,Ariana Grande,f4fdbb4c-e4b7-47a0-b83b-d91bbfcfa387,
d14b0878-bd48-4255-86a9-df169bb62bc6,Promises,250000,False,,with extended Intro,Calvin Harris & Sam Smith,Calvin Harris|Sam Smith,8dd98bdc-80ec-4e93-8509-2f46bafc09a7|5a85c140-dcf9-4dd2-b2c8-aff0471549f3,Calvin Harris,8dd98bdc-80ec-4e93-8509-2f46bafc09a7,
1d112427-e52e-4b1d-864d-f377b8338eec,no tears left to cry,,False,,,Ariana Grande (feat. Jimmy Fallon & The Roots),Ariana Grande|Jimmy Fallon|The Roots,f4fdbb4c-e4b7-47a0-b83b-d91bbfcfa387|78b7c31c-97cb-4f06-be5c-5c2e5a7c87bc|80b3cf5e-18fe-4c59-98c7-e5bb87210710,Ariana Grande,f4fdbb4c-e4b7-47a0-b83b-d91bbfcfa387,
4ee1e419-6cfc-4962-bbaa-801728533adb,The Call of the Mountains,256000,True,,,Eluveitie,Eluveitie,8000598a-5edb-401c-8e6d-36b167feaf38,Eluveitie,8000598a-5edb-401c-8e6d-36b167feaf38,
fa57e196-17a0-45dd-8406-f02208560ff1,Satisfied,,False,,,Galantis,Galantis,a7229e38-bab7-48c1-9f35-9b4c49738b0f,Galantis,a7229e38-bab7-48c1-9f35-9b4c49738b0f,USAT21804179
566f18b4-a21d-4eb3-bf3d-61e36a9cf172,Ex’s & Oh’s,188000,True,,live: SiriusXM Studios,Elle King,Elle King,e7287972-ca8d-4133-a1d6-5446486ed075,Elle King,e7287972-ca8d-4133-a1d6-5446486ed075,
320bb33f-f4aa-4966-960f-f418405f3c1c,Ordinary World,,False,,,AURORA,Aurora,923e649b-21d3-4b45-b109-50e4978002b6,Aurora,923e649b-21d3-4b45-b109-50e4978002b6,
f2a8c770-af81-4351-98bc-d4a55a1828d0,O HOLY NIGHT,366000,True,,Ken Medema performance,Matt Johnson,Matt Johnson,23d8458f-dcc0-4a51-9d09-af933af07eec,Matt Johnson,23d8458f-dcc0-4a51-9d09-af933af07eec,USUX31512092
119b424a-03d5-48a5-9a83-bbce807a1336,Bridge Over Troubled Water,,False,,,Simon and Garfunkel,Simon & Garfunkel,5d02f264-e225-41ff-83f7-d9b1f0b1874a,Simon & Garfunkel,5d02f264-e225-41ff-83f7-d9b1f0b1874a,
7062455e-b90e-4bfc-9788-22a043356d5b,You Could Be Mine,,False,,,Guns N’ Roses,Guns N’ Roses,eeb1195b-f213-4ce1-b28c-8565211f8e43,Guns N’ Roses,eeb1195b-f213-4ce1-b28c-8565211f8e43,
51e578a6-399d-4a38-815d-20ee1df603b8,Welcome to the Jungle,,False,,,Guns N’ Roses,Guns N’ Roses,eeb1195b-f213-4ce1-b28c-8565211f8e43,Guns N’ Roses,eeb1195b-f213-4ce1-b28c-8565211f8e43,
c76ef726-587e-49ea-8f1a-49447af01b06,Bye Bye,,False,,"live, 2006-08-24: Rip Curl Festival, Hossegor, France",Dub Inc,Dub Inc,c3aad6b3-4462-4dcd-a7d9-b2f81c6211b3,Dub Inc,c3aad6b3-4462-4dcd-a7d9-b2f81c6211b3,
e3ea781c-d205-4244-bcb9-56742672a13b,Life,,False,,"live, 2006-08-24: Rip Curl Festival, Hossegor, France",Dub Inc,Dub Inc,c3aad6b3-4462-4dcd-a7d9-b2f81c6211b3,Dub Inc,c3aad6b3-4462-4dcd-a7d9-b2f81c6211b3,
b9fd3ca1-2427-45de-8466-5e156c17c29d,Leave a Light On,,True,,,Tom Walker,Tom Walker,84354abd-2ead-48a3-9690-6627d917b605,Tom Walker,84354abd-2ead-48a3-9690-6627d917b605,
ceb6b492-e10d-4d4b-aabd-3bcfb6655c02,Thank You,274000,True,,live; SiriusXM Studios,Alanis Morissette,Alanis Morissette,4bdcee62-4902-4773-8cd1-e252e2e31225,Alanis Morissette,4bdcee62-4902-4773-8cd1-e252e2e31225,
c4b766c6-8147-4965-bb2e-5d4728a8c396,Pompeii,211000,True,,live; SiriusXM Studios,Bastille,Bastille,7808accb-6395-4b25-858c-678bbb73896b,Bastille,7808accb-6395-4b25-858c-678bbb73896b,
e0b1f009-2a75-4cb2-8ade-923f84995611,Motherhood,,False,,,"Kate Baldwin, Bette Midler & Beanie Feldstein",Kate Baldwin|Bette Midler|Beanie Feldstein,ed297e96-7365-4ac0-9ed9-c53d544c3620|ed333e8b-d18a-49fc-b361-4ec9731dfdba|b0ed7c40-f1f6-4a72-9cd6-c1fb717449a8,Kate Baldwin,ed297e96-7365-4ac0-9ed9-c53d544c3620,
8e031340-cd47-40de-8926-eddb53398038,Elegance,,False,,,"Kate Baldwin, Taylor Trensch, Beanie Feldstein & Gavin Creel",Kate Baldwin|Taylor Trensch|Beanie Feldstein|Gavin Creel,ed297e96-7365-4ac0-9ed9-c53d544c3620|7921afae-9dd8-4d9c-a0ef-8319c5464a88|b0ed7c40-f1f6-4a72-9cd6-c1fb717449a8|013c78e2-79f2-4833-9f0f-b13460a7ae8d,Kate Baldwin,ed297e96-7365-4ac0-9ed9-c53d544c3620,
dab232fa-ce4d-4d7b-b40a-74aad730fd67,Ribbons Down My Back,,False,,,Kate Baldwin,Kate Baldwin,ed297e96-7365-4ac0-9ed9-c53d544c3620,Kate Baldwin,ed297e96-7365-4ac0-9ed9-c53d544c3620,
a430ab9c-cec2-47e7-ba8c-ecc579e2daa2,Finale,,False,,,"David Hyde Pierce, Bette Midler & Hello, Dolly! Ensemble",David Hyde Pierce|Bette Midler|[theatre],f56f5dad-29be-44e2-95d2-ea1870910038|ed333e8b-d18a-49fc-b361-4ec9731dfdba|a0ef7e1d-44ff-4039-9435-7d5fefdeecc9,David Hyde Pierce,f56f5dad-29be-44e2-95d2-ea1870910038,
633535cb-6719-4766-a511-fa76e8c9e663,It Takes a Woman,,False,,,"David Hyde Pierce & Hello, Dolly! Ensemble",David Hyde Pierce|[theatre],f56f5dad-29be-44e2-95d2-ea1870910038|a0ef7e1d-44ff-4039-9435-7d5fefdeecc9,David Hyde Pierce,f56f5dad-29be-44e2-95d2-ea1870910038,
6ba8efcc-11a3-4e98-833c-3f56bd6007d2,Turn Me On,383000,False,,,Gemini,Gemini,3f3ca113-eee5-433b-9e62-7c7a5af5c603,Gemini,3f3ca113-eee5-433b-9e62-7c7a5af5c603,
8b2fcc5b-cf61-4821-bf88-30738fa387ef,Frosty the Snowman,199000,False,,live; SiriusXM Studios,The Wombats,The Wombats,e105c272-b5d7-4135-82ef-d60bded54345,The Wombats,e105c272-b5d7-4135-82ef-d60bded54345,
b5949e34-0717-45b8-80d7-12358c828797,Ex’s & Oh’s,204000,True,,live: New Year’s Rockin’ Eve,Elle King,Elle King,e7287972-ca8d-4133-a1d6-5446486ed075,Elle King,e7287972-ca8d-4133-a1d6-5446486ed075,
b6a7dbc2-e18d-4d0c-bbfb-47602b720001,Shame,175000,True,,live: Vevo,Elle King,Elle King,e7287972-ca8d-4133-a1d6-5446486ed075,Elle King,e7287972-ca8d-4133-a1d6-5446486ed075,
3fbe9bd7-0091-4caa-acac-b5fe3b026b3d,Superhero,171000,False,,live; SiriusXM Studios,Lauv,Lauv,c0ef2ba5-a7b7-40ea-bd27-30acccfcac11,Lauv,c0ef2ba5-a7b7-40ea-bd27-30acccfcac11,
a59d9b45-c182-4efd-bbfe-b5139984de36,Whispers in the Dark,196000,False,,live; SiriusXM Studios,Mumford & Sons,Mumford & Sons,c44e9c22-ef82-4a77-9bcd-af6c958446d6,Mumford & Sons,c44e9c22-ef82-4a77-9bcd-af6c958446d6,
33b0c4f6-1df0-4568-a9b9-8ab3cb5ecf6e,Afraid,219000,False,,live; 2014-01: SiriusXM Studios,The Neighbourhood,The Neighbourhood,97b8d224-5660-419c-8dff-4b3bf0c33983,The Neighbourhood,97b8d224-5660-419c-8dff-4b3bf0c33983,
fb98bcfe-6a60-4584-8eec-dcaff59ebf2a,Aquelarre,,True,,,Mägo de Oz,Mägo de Oz,fa3b825f-7c85-4377-b393-d28a2016e293,Mägo de Oz,fa3b825f-7c85-4377-b393-d28a2016e293,
4dc98484-9ce2-4c20-a331-0fb8cb20f342,Desde mi cielo,,True,,,Mägo de Oz,Mägo de Oz,fa3b825f-7c85-4377-b393-d28a2016e293,Mägo de Oz,fa3b825f-7c85-4377-b393-d28a2016e293,
86138c99-2cf9-4810-bfc2-332f53041e49,Changes,280000,True,,,2Pac feat. Talent,2Pac|Talent,382f1005-e9ab-4684-afd4-0bdae4ee37f2|e045ae94-5fcf-449c-8990-2f2699edc580,2Pac,382f1005-e9ab-4684-afd4-0bdae4ee37f2,
52b04c89-36d3-4045-83a1-a39141dd4069,Dragonfly,186000,True,,,Fleetwood Mac,Fleetwood Mac,bd13909f-1c29-4c27-a874-d4aaf27c5b1a,Fleetwood Mac,bd13909f-1c29-4c27-a874-d4aaf27c5b1a,
b86b77af-f5e2-4f05-a175-1e7b898c96c3,Night Song,,False,,,Sammy Davis Jr.,Sammy Davis Jr.,4bc9e8c3-7eae-454f-a56c-bccf96f3926b,Sammy Davis Jr.,4bc9e8c3-7eae-454f-a56c-bccf96f3926b,
9a9b835c-beb2-4262-a450-d47c11394dbc,Kokomo,212000,True,,,The Beach Boys,The Beach Boys,ebfc1398-8d96-47e3-82c3-f782abcdb13d,The Beach Boys,ebfc1398-8d96-47e3-82c3-f782abcdb13d,
f6cd270f-9d5c-4f0f-978f-63582d6bb98e,I Fall in Love Too Easily,,False,,3.0 mix,Miles Davis,Miles Davis,561d854a-6a28-4aa7-8c99-323e6ce46c2a,Miles Davis,561d854a-6a28-4aa7-8c99-323e6ce46c2a,
74fe87c9-52c3-443c-802f-cf54de56ee79,If I Ruled the World,,False,,,Sammy Davis Jr.,Sammy Davis Jr.,4bc9e8c3-7eae-454f-a56c-bccf96f3926b,Sammy Davis Jr.,4bc9e8c3-7eae-454f-a56c-bccf96f3926b,
eff6f8fe-96fd-4158-b89e-ee692d5e03f6,Save A Life,280000,False,,,Shaggy & Friends,Shaggy,fc63d806-ca89-4ea3-a404-ee6de695743f,Shaggy,fc63d806-ca89-4ea3-a404-ee6de695743f,
2634fd5a-a39a-4634-8252-a1fd1eff210f,Darkness Within,253000,False,,,Michael Logen,Michael Logen,beaf37b3-9ace-43ee-9a77-259e076d13ff,Michael Logen,beaf37b3-9ace-43ee-9a77-259e076d13ff,
8be141c2-eeed-415c-9ecf-2a4d76ea78f9,I Bet You Look Good on the Dancefloor,178000,True,,,Arctic Monkeys,Arctic Monkeys,ada7a83c-e3e1-40f1-93f9-3e73dbc9298a,Arctic Monkeys,ada7a83c-e3e1-40f1-93f9-3e73dbc9298a,
c801419c-03bb-43a8-b898-100cd20774d4,O Come All Ye Faithful,253000,True,,,Audrey Assad,Audrey Assad,280e4d8f-4ed1-43ae-8927-cd040ad58655,Audrey Assad,280e4d8f-4ed1-43ae-8927-cd040ad58655,
404b9142-13d8-41b5-ba71-1299533f004c,Santa Baby,158000,False,,,Me First and the Gimme Gimmes,Me First and the Gimme Gimmes,9478e346-7c52-4780-9555-3d1577f0b905,Me First and the Gimme Gimmes,9478e346-7c52-4780-9555-3d1577f0b905,
ac9615d9-7afa-4150-b24a-bab5c7584045,Majesty,302000,True,,Kari Jobe - Majesty (Michael W Smith) (Lyrics),Kari Jobe,Kari Jobe,9f38e1f2-36f9-4989-a6bb-03c671b08a38,Kari Jobe,9f38e1f2-36f9-4989-a6bb-03c671b08a38,
4f3b5730-93e9-4f19-bd2d-bbb4dec8f61f,Centuries,216000,True,,FALL OUT BOY - Centuries (Metalcore cover by Solence & Jonathan Young),Jonathan Young & Solence,Jonathan Young|Solence,5ec79d60-04dc-4e3e-84d4-67357759049e|ee944257-940d-44c3-abae-2aae243b9373,Jonathan Young,5ec79d60-04dc-4e3e-84d4-67357759049e,
c790b0fa-2329-4cee-832c-30afb6f2ecdb,Hold Up,212000,False,,,French Montana feat. Migos & Chris Brown,French Montana|Migos|Chris Brown,45dc5f07-6609-4760-a933-8c9e0f858d05|0221734a-35a8-40f7-b5c5-2f61a200bc7c|c234fa42-e6a6-443e-937e-2f4b073538a3,French Montana,45dc5f07-6609-4760-a933-8c9e0f858d05,
258d8776-8cca-450c-b7c9-77e30f4f57b0,Outro,,True,,,Amon Amarth,Amon Amarth,5b687684-ad34-4a9f-b425-0e7aa81fbd38,Amon Amarth,5b687684-ad34-4a9f-b425-0e7aa81fbd38,
fe265667-ad88-4e84-baff-721a4aaa6f8f,when the party’s over,216000,False,,live; SiriusXM Studios,Billie Eilish,Billie Eilish,f4abc0b5-3f7a-4eff-8f78-ac078dbce533,Billie Eilish,f4abc0b5-3f7a-4eff-8f78-ac078dbce533,
5e1ab30f-4f55-4834-b80f-47043cb1fbc2,Nobody,177000,False,,live; SiriusXM Studios,Mitski,Mitski,fa58cf24-0e44-421d-8519-8bf461dcfaa5,Mitski,fa58cf24-0e44-421d-8519-8bf461dcfaa5,
9b03bab4-817c-4b77-a911-12371d3555c4,Intro,,True,,,Amon Amarth,Amon Amarth,5b687684-ad34-4a9f-b425-0e7aa81fbd38,Amon Amarth,5b687684-ad34-4a9f-b425-0e7aa81fbd38,
2f8caa71-5e8f-40d7-9b56-0cf10d02ed82,Go!,238000,True,,,Public Service Broadcasting,Public Service Broadcasting,93834e82-3a0b-4ec2-a2e4-6eca0a497e6d,Public Service Broadcasting,93834e82-3a0b-4ec2-a2e4-6eca0a497e6d,
3f7d2b54-4517-410d-86b4-92377e16dc6e,R U Mine,224000,True,,,Arctic Monkeys,Arctic Monkeys,ada7a83c-e3e1-40f1-93f9-3e73dbc9298a,Arctic Monkeys,ada7a83c-e3e1-40f1-93f9-3e73dbc9298a,
1e9e25db-45a7-44ea-9e24-39a7444bc3a8,Why’d You Only Call Me When You’re High (live),194000,True,,live,Arctic Monkeys,Arctic Monkeys,ada7a83c-e3e1-40f1-93f9-3e73dbc9298a,Arctic Monkeys,ada7a83c-e3e1-40f1-93f9-3e73dbc9298a,
179e3905-39c9-43b8-aead-5e342e00b954,Why’d You Only Call Me When You’re High,288000,True,,,Arctic Monkeys,Arctic Monkeys,ada7a83c-e3e1-40f1-93f9-3e73dbc9298a,Arctic Monkeys,ada7a83c-e3e1-40f1-93f9-3e73dbc9298a,
7aa6a065-9cb0-4a8a-a418-7fbcb04e67d7,Rockabye,254000,True,,,Clean Bandit feat. Sean Paul & Anne‐Marie,Clean Bandit|Sean Paul|Anne‐Marie,dacc2d64-7e59-42a8-87a9-10c53919aff2|c3da3346-2643-48a7-93cd-011f6834b3d7|e3d5b5ec-101a-4529-9f2d-01dca64cf44e,Clean Bandit,dacc2d64-7e59-42a8-87a9-10c53919aff2,
a7f43bbe-cd6d-4886-8230-b97eeaf03ed6,Closing Time,240000,True,,,Semisonic,Semisonic,3037bd18-0079-4e4b-9ce1-758689e210d8,Semisonic,3037bd18-0079-4e4b-9ce1-758689e210d8,
c4c032e6-8a47-4580-b3db-377c2e110d27,Feels,223000,True,,,"Calvin Harris feat. Pharrell Williams, Katy Perry & Big Sean",Calvin Harris|Pharrell Williams|Katy Perry|Big Sean,8dd98bdc-80ec-4e93-8509-2f46bafc09a7|149f91ef-1287-46da-9a8e-87fee02f1471|122d63fc-8671-43e4-9752-34e846d62a9c|942a9807-9c1a-4a0e-a285-1fde2c5be9d1,Calvin Harris,8dd98bdc-80ec-4e93-8509-2f46bafc09a7,
6683fed5-b4ea-44a8-a1d8-d6a7a5e28760,The Last of the Real Ones,236000,False,,live; SiriusXM Studios,Fall Out Boy,Fall Out Boy,516cef4d-0718-4007-9939-f9b38af3f784,Fall Out Boy,516cef4d-0718-4007-9939-f9b38af3f784,
1266cf58-0798-4533-9c22-3b8a0e85a919,Sun’s Gonna Shine,166000,False,,live; SiriusXM Studios,Steve Martin & Edie Brickell,Steve Martin|Edie Brickell,0da08c43-c04c-4016-968d-b9d3eb9b7751|070473e5-b214-4d6f-a7ca-bc7b84c94fca,Steve Martin,0da08c43-c04c-4016-968d-b9d3eb9b7751,
8d0e4b88-3be9-4822-a39a-9fb7c9db2c3e,Like a Rolling Stone,201000,False,,"Live, Cover",Jimi Hendrix,Jimi Hendrix,06fb1c8b-566e-4cb2-985b-b467c90781d4,Jimi Hendrix,06fb1c8b-566e-4cb2-985b-b467c90781d4,
c5945305-d459-44d0-93b7-9fb0a8dcb2ee,If I Could,230000,False,,,12 Stones,12 Stones,6f81a7dc-be31-4498-ae95-6d994ffec614,12 Stones,6f81a7dc-be31-4498-ae95-6d994ffec614,
39ca3a40-0429-409b-9ffa-b8186d510596,Femme fatale,,False,,,IRA,IRA,74edda96-7197-42cb-8e80-488a82ad666c,IRA,74edda96-7197-42cb-8e80-488a82ad666c,
69ddeeb7-e60c-49f0-9815-e7c9dc381e0c,Woman,186000,True,,,BoA,BoA,a16d1433-ba89-4f72-a47b-a370add0bb55,BoA,a16d1433-ba89-4f72-a47b-a370add0bb55,
6fc7cad4-eb43-4058-a160-69ddf45cd568,One Day,,False,,,Wankelmut,Wankelmut,a6af027a-9c80-4e6f-ba2d-8d7641832a72,Wankelmut,a6af027a-9c80-4e6f-ba2d-8d7641832a72,
5b7a42d9-7fb7-4ffe-b7f4-12867eb80591,Bella ciao,220000,True,,,Chumbawamba,Chumbawamba,7b7b1e6f-e73e-41a0-9d72-8f0b30c6992d,Chumbawamba,7b7b1e6f-e73e-41a0-9d72-8f0b30c6992d,
b5aa4ddb-df13-40a2-9b9a-32d15f8cdb9b,Halloween,166000,False,,,The Creepshow,The Creepshow,edbe30f8-0460-470d-9569-f39a58194397,The Creepshow,edbe30f8-0460-470d-9569-f39a58194397,
93b13a17-5035-4f6e-8e4a-8437579e6ff9,Hidden T,,False,,,Enrico Sangiuliano,Enrico Sangiuliano,fe69b211-d470-48e7-a7a0-64cecb5bc991,Enrico Sangiuliano,fe69b211-d470-48e7-a7a0-64cecb5bc991,
bc26314f-5def-43a3-8317-62cc6dffd9ac,Going Down,,False,,,Adam Beyer,Adam Beyer,0d6daf47-0be9-44ee-a9e8-fb5a7b718538,Adam Beyer,0d6daf47-0be9-44ee-a9e8-fb5a7b718538,
20c56c43-b300-4d23-8a3b-448d22f60b89,Your Mind,,False,,,Adam Beyer & Bart Skils,Adam Beyer|Bart Skils,0d6daf47-0be9-44ee-a9e8-fb5a7b718538|a1128a27-45c6-4363-8297-6d97317f3a9f,Adam Beyer,0d6daf47-0be9-44ee-a9e8-fb5a7b718538,
cd00fc9d-955b-4853-a206-f3107aa14ac7,Wonder,,False,,,Victor Ruiz & Thomas Schumacher,Victor Ruiz|Thomas Schumacher,068df31f-729b-4179-b82c-1d8aef61bd0b|25fdd039-edad-466e-b150-d7405c4da995,Victor Ruiz,068df31f-729b-4179-b82c-1d8aef61bd0b,
0a6ada77-a22c-49ea-9a79-7a93e2136826,Monster,,False,,,Matthew Dear,Matthew Dear,3d191c12-be64-4f90-94d8-ac324b2b3544,Matthew Dear,3d191c12-be64-4f90-94d8-ac324b2b3544,
38463416-465f-4e30-ae97-ffe99187dbb2,Heaven,249000,True,,,The Blaze,The Blaze,d18a2838-05fa-4e4e-bbb5-284a4cfb13f5,The Blaze,d18a2838-05fa-4e4e-bbb5-284a4cfb13f5,
6bfd7204-638d-449f-aee1-bcc4cae7be16,Wake Me Up,,False,,,Avicii feat. Aloe Blacc,Avicii|Aloe Blacc,c85cfd6b-b1e9-4a50-bd55-eb725f04f7d5|4bf89e02-6c30-4603-9f6a-52619b1bea1a,Avicii,c85cfd6b-b1e9-4a50-bd55-eb725f04f7d5,
d204d458-f1b2-4441-8588-0156b13146c1,Reload,,False,,,Sebastian Ingrosso & Tommy Trash,Sebastian Ingrosso|Tommy Trash,dbf9177d-6b5f-4de8-b457-61fc73fbe543|e2b65c5b-c2a6-4f62-9c67-dbadcaa5955b,Sebastian Ingrosso,dbf9177d-6b5f-4de8-b457-61fc73fbe543,
bd170778-c277-4259-8b7a-5825d71e0367,Queens,235000,True,,,The Blaze,The Blaze,d18a2838-05fa-4e4e-bbb5-284a4cfb13f5,The Blaze,d18a2838-05fa-4e4e-bbb5-284a4cfb13f5,
cc4f26c6-6f89-47bd-a94d-7881f6d1e297,Turn It Up,,False,,,"Dimitri Vegas, Like Mike & GTA feat. Wolfpack",Dimitri Vegas & Like Mike|Good Times Ahead|Wolfpack,c5931849-7c9d-465e-b717-29e2af974c6b|e92d6330-65d2-445e-82e5-b98c683e727b|cd488676-5509-4ed5-b988-c220c7fe9c6f,Dimitri Vegas & Like Mike,c5931849-7c9d-465e-b717-29e2af974c6b,
65a42a3d-dbd7-4854-9e46-d3b22d1a8fe6,Virile,297000,True,,,The Blaze,The Blaze,d18a2838-05fa-4e4e-bbb5-284a4cfb13f5,The Blaze,d18a2838-05fa-4e4e-bbb5-284a4cfb13f5,
895dc74b-80e9-4a06-844f-df53d1506b97,Locked Out of Heaven (Sultan & Ned Shepard remix),,False,,,Bruno Mars,Bruno Mars,afb680f2-b6eb-4cd7-a70b-a63b25c763d5,Bruno Mars,afb680f2-b6eb-4cd7-a70b-a63b25c763d5,
44a7edf0-7180-4f74-87ed-75dd0f091816,Project T (Martin Garrix remix),,False,,,Dimitri Vegas & Like Mike vs. Sander van Doorn,Dimitri Vegas & Like Mike|Sander van Doorn,c5931849-7c9d-465e-b717-29e2af974c6b|733a2394-e003-43cb-88a6-02f3b57e345b,Dimitri Vegas & Like Mike,c5931849-7c9d-465e-b717-29e2af974c6b,
14ab6366-c0f9-4bb2-b0d9-09ce16caa873,Territory,337000,True,,,The Blaze,The Blaze,d18a2838-05fa-4e4e-bbb5-284a4cfb13f5,The Blaze,d18a2838-05fa-4e4e-bbb5-284a4cfb13f5,
3b5f5a19-c7fd-4c94-9747-e762f5c171aa,Tick Tock,205000,False,,,Eugy,Eugy,20155eb9-939b-4ffe-8d43-386ac539d75e,Eugy,20155eb9-939b-4ffe-8d43-386ac539d75e,
fb86fcde-1bd3-4232-ad39-1a573b076592,Rat Race,,False,,,Skindred,Skindred,36e371e9-e76b-4b66-b813-e1d1af6d7128,Skindred,36e371e9-e76b-4b66-b813-e1d1af6d7128,
cd50262d-1f9b-458a-8d19-a0600f6c22fe,Sail Away,,False,,demo,Charlie Rich & [unknown],Charlie Rich|[unknown],9fb7fe77-4e8b-4cbd-ba8f-84bcd80a24bc|125ec42a-7229-4250-afc5-e057484327fe,Charlie Rich,9fb7fe77-4e8b-4cbd-ba8f-84bcd80a24bc,
b05df4db-d2c9-4725-8cd4-1c66c7199098,Dancing In The Moonlight (feat. NEIMY),164000,False,,,Jubel,Jubël,02da8816-ceb8-445b-85a6-f619327d2c7f,Jubël,02da8816-ceb8-445b-85a6-f619327d2c7f,
c1eb4da8-144a-4756-99c9-f1d576fd8ba9,Esperando,173000,False,,,Nil Moliner,Nil Moliner,80a8dd38-31a7-4d04-84f2-e605a512f7c2,Nil Moliner,80a8dd38-31a7-4d04-84f2-e605a512f7c2,
8db4bf1a-d9a7-492c-a38f-6ec31dd1feef,Warehouse,613000,False,,,Dave Matthews Band,Dave Matthews Band,07e748f1-075e-428d-85dc-ce3be434e906,Dave Matthews Band,07e748f1-075e-428d-85dc-ce3be434e906,
8fba9cdf-749d-46ca-adc5-e57a2a499da6,Can't Stop,315000,False,,,Dave Matthews Band,Dave Matthews Band,07e748f1-075e-428d-85dc-ce3be434e906,Dave Matthews Band,07e748f1-075e-428d-85dc-ce3be434e906,
004f7d07-6aaf-49df-994f-3def78f004df,Don't Go,,False,,,Gregory Isaacs,Gregory Isaacs,9abff216-e204-4dbc-9849-d1dbe1fbbda8,Gregory Isaacs,9abff216-e204-4dbc-9849-d1dbe1fbbda8,
a0372fe2-f5d3-42c9-8209-e661b3c60f08,Sorry,299000,False,,,Third Eye Blind,Third Eye Blind,92a42e82-b36f-4308-82c1-68bad2e03c89,Third Eye Blind,92a42e82-b36f-4308-82c1-68bad2e03c89,
9ef0eb61-7a10-496d-ba52-9fb13e027c56,Good Times,,False,,,Jimi Hendrix,Jimi Hendrix,06fb1c8b-566e-4cb2-985b-b467c90781d4,Jimi Hendrix,06fb1c8b-566e-4cb2-985b-b467c90781d4,
09d92157-9903-400b-a069-a72f6d0e7043,Away,226000,False,,,Third Eye Blind,Third Eye Blind,92a42e82-b36f-4308-82c1-68bad2e03c89,Third Eye Blind,92a42e82-b36f-4308-82c1-68bad2e03c89,
d15f3068-777d-465f-8cae-cd3d44837baa,Riptide,204000,True,,"live, 2014-10-09: BBC Radio 1 Live Lounge, London, England, UK",Taylor Swift,Taylor Swift,20244d07-534f-4eff-b4d4-930878889970,Taylor Swift,20244d07-534f-4eff-b4d4-930878889970,
acf47f1a-af0f-4c49-a50a-6844ef80bee3,I Guess I Just Feel Like,211000,False,,"live, 2018-10-24: iHeartRadio Theater LA, Burbank, CA, USA",John Mayer,John Mayer,144ef525-85e9-40c3-8335-02c32d0861f3,John Mayer,144ef525-85e9-40c3-8335-02c32d0861f3,
02f50ea9-a7de-40d2-a7c3-908c5e57c2c9,Solo Te e Me,,False,,,GionnyScandal,GionnyScandal,4f332da8-a346-4549-ab2e-fab15a785560,GionnyScandal,4f332da8-a346-4549-ab2e-fab15a785560,
9af20475-4a2f-4252-81ed-66d332eb2b4e,Reset,,False,,,GionnyScandal,GionnyScandal,4f332da8-a346-4549-ab2e-fab15a785560,GionnyScandal,4f332da8-a346-4549-ab2e-fab15a785560,
8a768fce-3c54-4c11-bbde-918e963ca43b,Sour Times,,False,,,Portishead,Portishead,8f6bd1e4-fbe1-4f50-aa9b-94c450ec0f11,Portishead,8f6bd1e4-fbe1-4f50-aa9b-94c450ec0f11,
82980f23-b83e-4307-9664-d8979503b609,24/7,216000,True,,,Musso feat. Rojas,Musso|Rojas,350a14ae-24da-4643-9cf4-86a2f56312e9|cad9325f-7b7c-4a72-adcb-c8fcd2fe8a73,Musso,350a14ae-24da-4643-9cf4-86a2f56312e9,
ecb7f7dd-0b55-4954-85e5-c14b5609f59f,Rebound,43000,False,,version 1: false starts,Charlie Rich,Charlie Rich,9fb7fe77-4e8b-4cbd-ba8f-84bcd80a24bc,Charlie Rich,9fb7fe77-4e8b-4cbd-ba8f-84bcd80a24bc,
1227e90d-18e3-4de1-8c3e-b773b0a6c1e2,Brave,237000,True,,,Josh Groban,Josh Groban,12be5b16-915f-44bc-978a-8ddfab235b79,Josh Groban,12be5b16-915f-44bc-978a-8ddfab235b79,
09bc1add-413f-4748-b459-05410c3e274d,Halo,199000,True,,,Hinder,Hinder,39b22a9e-59dd-412b-ac3c-0725c807c72b,Hinder,39b22a9e-59dd-412b-ac3c-0725c807c72b,
4abca80d-06bd-4841-ac90-bb10a01eee13,911,266000,True,,,Hoody,Hoody,73e23f17-7510-456e-9e90-04b186dda72c,Hoody,73e23f17-7510-456e-9e90-04b186dda72c,
32936fbf-abe4-4001-abcc-daa4236b5c16,Dangerous,181000,False,,,Zayde Wølf,Zayde Wølf,2824caef-047e-4cb4-8496-13be2dfa9148,Zayde Wølf,2824caef-047e-4cb4-8496-13be2dfa9148,
eae10790-1216-4104-8056-7737aff71bf4,Alles anders,297000,True,,,Feine Sahne Fischfilet,Feine Sahne Fischfilet,18fd16ff-1807-4951-bfcf-700018019edb,Feine Sahne Fischfilet,18fd16ff-1807-4951-bfcf-700018019edb,
79de70a1-83e4-4b79-bbf8-1566ca4a46e4,Interlude,,False,,,Aura Vortex & Blazy,Aura Vortex|Blazy,b2843cab-bc0f-410a-8b1a-3a4c59791e9c|d7fe6337-c128-48b4-91ef-afc4287918f1,Aura Vortex,b2843cab-bc0f-410a-8b1a-3a4c59791e9c,
6a6731c8-7fc4-4fa4-ab08-000d74c9e391,United,,False,,,Armin van Buuren & Vini Vici,Armin van Buuren|Vini Vici,477b8c0c-c5fc-4ad2-b5b2-191f0bf2a9df|14276a83-d21d-41ab-b809-09b494645645,Armin van Buuren,477b8c0c-c5fc-4ad2-b5b2-191f0bf2a9df,
512f1a37-bb6e-4222-9a33-26ae198ba34e,Gaia,,False,,,Vini Vici & Blastoyz,Vini Vici|Blastoyz,14276a83-d21d-41ab-b809-09b494645645|cf1d0ddf-9794-4c7b-9758-a43b261f5a97,Vini Vici,14276a83-d21d-41ab-b809-09b494645645,
9b6d93b2-4b8d-45e2-9c6d-a0ed37ec89e6,Breathe,,False,,,Atmozfears,Atmozfears,415fd900-607c-477f-b6ae-d4a713cff083,Atmozfears,415fd900-607c-477f-b6ae-d4a713cff083,
844e8bfe-c137-47b9-a514-f9d09a57f34c,The Sun,,False,,,Neelix,Neelix,86acb593-2bd8-41cb-8edc-fc8ba3620b15,Neelix,86acb593-2bd8-41cb-8edc-fc8ba3620b15,
66e54789-acce-44f0-9bf6-f5665b7467de,Up All Night,166000,True,,,R3HAB x MOTi ft. Fiora,R3HAB|MOTi|Fiora,eb0fbe2c-6eb7-40bc-900b-3e056c158125|e8680bfe-e216-491b-a8d4-44e6cbfa77a5|848d4a7f-8213-46c8-9936-e58b83e8a1d1,R3HAB,eb0fbe2c-6eb7-40bc-900b-3e056c158125,
b2de9691-7658-41bc-b7dd-b646d68518c6,Lights On,,False,,,Ranji,Ranji,2347072b-5553-4fc4-a677-7a41ab893f32,Ranji,2347072b-5553-4fc4-a677-7a41ab893f32,
df216b30-97a2-4a2d-93fc-32350ba8c349,On the Edge,,False,,,Adrenalize,Adrenalize,183b3df1-9ded-4277-ab11-a6fcb9a7cf44,Adrenalize,183b3df1-9ded-4277-ab11-a6fcb9a7cf44,
f9b48b9e-fee4-4bff-8b50-646aca297b80,Sweet but Psycho,208000,True,,,Ava Max,Ava Max,add5f522-25df-41c4-815e-0ca9f60b83e4,Ava Max,add5f522-25df-41c4-815e-0ca9f60b83e4,
be340807-abd1-411b-b137-adddae8684fb,Feel Good,308000,True,,,G‐Unit,G‐Unit,3a212655-d7d5-4570-9d31-4b7b1ef02629,G‐Unit,3a212655-d7d5-4570-9d31-4b7b1ef02629,
1a203e49-0152-4b56-83ff-6c478916cace,I Know,,False,,,Frontliner,Frontliner,68a2c082-aa5a-4138-a445-506ed0790176,Frontliner,68a2c082-aa5a-4138-a445-506ed0790176,
f1e59562-fe30-4d60-9cd8-2389951e8040,All My Love,,False,,live; The Honeymoon Tour,Ariana Grande feat. Major Lazer,Ariana Grande|Major Lazer,f4fdbb4c-e4b7-47a0-b83b-d91bbfcfa387|75be165a-ad83-4d12-bd28-f589a15c479f,Ariana Grande,f4fdbb4c-e4b7-47a0-b83b-d91bbfcfa387,
3fa4d221-dfed-42b4-869a-387ff834df44,One Last Time,,False,,,Ariana Grande,Ariana Grande,f4fdbb4c-e4b7-47a0-b83b-d91bbfcfa387,Ariana Grande,f4fdbb4c-e4b7-47a0-b83b-d91bbfcfa387,
cca3bc1c-86c0-433d-929f-c5420ba6db1e,Intro,,False,,,Ariana Grande,Ariana Grande,f4fdbb4c-e4b7-47a0-b83b-d91bbfcfa387,Ariana Grande,f4fdbb4c-e4b7-47a0-b83b-d91bbfcfa387,
de522e86-31e4-479e-ae78-909547e063f6,My Own Worst Enemy,200000,False,,live; SiriusXM Studios,Wallows,Wallows,9fae44ec-b95c-4b0f-a0a6-f0008613eabf,Wallows,9fae44ec-b95c-4b0f-a0a6-f0008613eabf,
852af4a3-d21d-4c4f-9fff-f7c09eff83ef,Come Together,205000,False,,live; SiriusXM Studios,Gary Clark Jr.,Gary Clark Jr.,c733c4e6-22a2-499d-ace7-17b832356aff,Gary Clark Jr.,c733c4e6-22a2-499d-ace7-17b832356aff,
1477f7c0-18d1-41d0-8f4c-58dfad28e0c0,Holding on to You,360000,True,,live; SiriusXM Studios,twenty one pilots,twenty one pilots,a6c6897a-7415-4f8d-b5a5-3a5e05f3be67,twenty one pilots,a6c6897a-7415-4f8d-b5a5-3a5e05f3be67,
9bdc668f-055e-4f48-980a-dda864e1740d,Nothing Compares 2 U,315000,False,,live; SiriusXM Studios,Chris Cornell,Chris Cornell,cbf9738d-8f81-4a92-bc64-ede09341652d,Chris Cornell,cbf9738d-8f81-4a92-bc64-ede09341652d,
0e115e5e-f01f-440c-add9-ca11431f5fa7,Teenage Dream,223000,False,,live; SiriusXM Studios,5 Seconds of Summer,5 Seconds of Summer,830e5c4e-6b7d-431d-86ab-00c751281dc5,5 Seconds of Summer,830e5c4e-6b7d-431d-86ab-00c751281dc5,
9e81840b-cba8-4ab8-998c-15c54607cb8d,Spotlight,175000,False,,,Upchurch,Upchurch,513602fe-202a-4583-afb9-2a2aca8af55b,Upchurch,513602fe-202a-4583-afb9-2a2aca8af55b,
345157a1-3fad-4a22-9380-96e3d4c060d6,Deutschland,562000,True,,,Rammstein,Rammstein,b2d122f9-eadb-4930-a196-8f221eeb0c66,Rammstein,b2d122f9-eadb-4930-a196-8f221eeb0c66,
9ca77174-f8a2-464b-820b-97654e3bce14,I Want You,,False,,,Break,Break,41c90904-5440-445d-b7f3-f95c9095b266,Break,41c90904-5440-445d-b7f3-f95c9095b266,
c65d68ad-ef81-40b1-a219-38bc16e54f40,Higher,,False,,,Crystal Mad,Crystal Mad,302dc738-a844-4817-bb7e-7f74b4645a11,Crystal Mad,302dc738-a844-4817-bb7e-7f74b4645a11,
65b6a998-81f0-4441-81a4-bd812b1b5616,Arcade,,True,,,Duncan Laurence,Duncan Laurence,20faff08-d3b7-45ca-a8aa-a85f6bb9eb78,Duncan Laurence,20faff08-d3b7-45ca-a8aa-a85f6bb9eb78,
e25ed84c-c04d-481e-ad63-a41260fa2bcc,Astral Projection,,False,,,Enrico Sangiuliano,Enrico Sangiuliano,fe69b211-d470-48e7-a7a0-64cecb5bc991,Enrico Sangiuliano,fe69b211-d470-48e7-a7a0-64cecb5bc991,
b73f5194-e37e-4783-aae4-deb1126a4a18,If,359000,False,,,Skold,Skold,66d8b7c7-8096-4096-b528-04489969e452,Skold,66d8b7c7-8096-4096-b528-04489969e452,
91f7a833-3585-4528-a240-929bc81f8b57,Intro,139000,True,,Der letzte Tag deines Lebens,Farid Bang,Farid Bang,06eceb73-b79e-4f93-9709-d72782a4a916,Farid Bang,06eceb73-b79e-4f93-9709-d72782a4a916,
83d15ccd-d60f-44ca-ac7c-8b7f9fa95a15,Voices,489000,False,,,Makoto,Makoto,c854e1fa-5063-4a74-ac5a-59e8a88ecd2c,Makoto,c854e1fa-5063-4a74-ac5a-59e8a88ecd2c,
a26683b2-57ec-4ee4-9a2e-143adf42dcb4,Radio,290000,True,,,Rammstein,Rammstein,b2d122f9-eadb-4930-a196-8f221eeb0c66,Rammstein,b2d122f9-eadb-4930-a196-8f221eeb0c66,
59221508-dd8b-4869-9d7e-91e09e16ca29,Please Forgive Me,,False,,"live, 2013: Sydney, Australia",Bryan Adams,Bryan Adams,4dbf5678-7a31-406a-abbe-232f8ac2cd63,Bryan Adams,4dbf5678-7a31-406a-abbe-232f8ac2cd63,
ce4bb831-8ee4-4d47-b53f-84cefcd5fd99,Let’s Make a Night to Remember,,False,,"live, 2013: Sydney, Australia",Bryan Adams,Bryan Adams,4dbf5678-7a31-406a-abbe-232f8ac2cd63,Bryan Adams,4dbf5678-7a31-406a-abbe-232f8ac2cd63,
5ea2a81f-6bea-4ac7-9b38-435b9dc7223c,End of the World,191000,False,,,Connie Francis,Connie Francis,5fcd7daf-25e1-47fd-9ba1-830b42708f84,Connie Francis,5fcd7daf-25e1-47fd-9ba1-830b42708f84,
e9dc5e24-61a0-48db-b53c-0828201c6608,The Twist,115000,False,,,The Drifters,The Drifters,9e2d3f58-0653-4007-bcb7-1746fcdd9363,The Drifters,9e2d3f58-0653-4007-bcb7-1746fcdd9363,
6139c76c-75d2-4c6a-bd2a-755ae18c71a5,The Twist,176000,False,,,Chubby Checker,Chubby Checker,920febb2-ea05-4339-8a08-17294e60c736,Chubby Checker,920febb2-ea05-4339-8a08-17294e60c736,
2357b243-d357-4df1-b108-b24930fb2f52,Break It to Me Gently,185000,False,,,Connie Francis,Connie Francis,5fcd7daf-25e1-47fd-9ba1-830b42708f84,Connie Francis,5fcd7daf-25e1-47fd-9ba1-830b42708f84,
c2daa92d-aeec-41e7-b8a8-765466f78eb5,Maggie May,255000,True,,,Rod Stewart,Rod Stewart,a35237a0-4f47-40a6-b6f3-1e786db23402,Rod Stewart,a35237a0-4f47-40a6-b6f3-1e786db23402,
2eb77db0-b36b-4cc8-a5d5-0a8c4ede0ae0,Do It Like This,,False,,,Biscits,Biscits,a996a131-7975-4a94-a99f-d4912e0bd427,Biscits,a996a131-7975-4a94-a99f-d4912e0bd427,
13b96b9c-e6b3-402c-8088-318a2249e913,Future,,False,,,Adam Beyer & Dense & Pika,Adam Beyer|Dense & Pika,0d6daf47-0be9-44ee-a9e8-fb5a7b718538|cbd41299-d081-4918-8b78-56f6d2edfe1f,Adam Beyer,0d6daf47-0be9-44ee-a9e8-fb5a7b718538,
a30f339e-2dfd-4647-b94d-a74bac30ee0f,Space Raiders (Charlotte De Witte Remix),,False,,,Eats Everything,Eats Everything,dd64ccdc-8087-47ab-8774-a40a4c37a3d9,Eats Everything,dd64ccdc-8087-47ab-8774-a40a4c37a3d9,
13ba4c95-749e-4f92-b847-450f31e90b7b,Thinking About You,,False,,,Spektre & Juliet Fox,Spektre|Juliet Fox,8e4ed082-188b-4f23-8b77-d65591c407f8|2e57e497-6432-482a-b370-799108cf18b5,Spektre,8e4ed082-188b-4f23-8b77-d65591c407f8,
20c2508a-2e53-40d1-a5f9-70f55bea9dc9,Drop,,False,,,Pappenheimer & Matt Mus,Pappenheimer|Matt Mus,7ef04e49-9af2-46e8-89d9-18dab4729289|b49bc075-f917-4b53-94dc-ad1533fc17f1,Pappenheimer,7ef04e49-9af2-46e8-89d9-18dab4729289,
08022a51-3678-4333-bc53-41106a904c0f,Switch,227000,False,,main,"Afrojack, Jewelz & Sparks feat. Emmalyn",Afrojack|Jewelz & Sparks|Emmalyn Estrada,a3ee920f-4e7f-4993-8aca-4b8538cfaa4a|b1252f32-44ef-4466-b5ae-c540c73d6128|c82f4e01-d0cf-46bb-8414-082bc42e9258,Afrojack,a3ee920f-4e7f-4993-8aca-4b8538cfaa4a,
23a6890f-523c-4de7-8af5-7c1ec474b91d,Jumpin’ Jack Flash,239000,True,,,The Rolling Stones,The Rolling Stones,b071f9fa-14b0-4217-8e97-eb41da73f598,The Rolling Stones,b071f9fa-14b0-4217-8e97-eb41da73f598,
c1c0c445-bcc0-420e-989c-8c511ac5adf4,Hash Pipe,212000,True,,live: SiriusXM Studios,Todd Rundgren,Todd Rundgren,1a9a8ca0-ea8e-4e9e-96aa-288155bb2c5d,Todd Rundgren,1a9a8ca0-ea8e-4e9e-96aa-288155bb2c5d,
07cc36c8-e1fc-4636-afe6-d4fa90045fd8,Everybody Wants To Go To Heaven (Victor Ruiz Remix),,False,,,Boris Brejcha,Boris Brejcha,ae0d1794-c9d3-4436-94fc-ceff6130da2c,Boris Brejcha,ae0d1794-c9d3-4436-94fc-ceff6130da2c,
70ba8abb-7479-422c-8256-d32370b3fb5a,West Coast,,False,,clean,G-Eazy,G‐Eazy,db48610c-6d8f-4d10-90ca-c4d14bb1a8b1,G‐Eazy,db48610c-6d8f-4d10-90ca-c4d14bb1a8b1,
535c937a-f884-445c-8388-ba1a361028a7,Ausländer,280000,True,,,Rammstein,Rammstein,b2d122f9-eadb-4930-a196-8f221eeb0c66,Rammstein,b2d122f9-eadb-4930-a196-8f221eeb0c66,
54b70685-16ef-48e8-a0ef-014a20065f9b,Nothing Else Matters,3094000,False,,,Twinkle Twinkle Little Rock Star,Twinkle Twinkle Little Rock Star,5cc9cce8-5d13-44de-8492-87ec0e5f8749,Twinkle Twinkle Little Rock Star,5cc9cce8-5d13-44de-8492-87ec0e5f8749,
8c9cb507-b4cf-4134-9c78-7a83c6ad9641,bohemian rhapsody,,True,,,Hayseed Dixie,Hayseed Dixie,fea8db99-8c38-4ee3-bd20-36fb5e3a0839,Hayseed Dixie,fea8db99-8c38-4ee3-bd20-36fb5e3a0839,
32742ad3-70aa-421f-94e3-faf761a497e7,Better With You,,False,,,3LAU,3LAU,6461d3e3-2886-4ad4-90c9-a43e3202ebaf,3LAU,6461d3e3-2886-4ad4-90c9-a43e3202ebaf,
a107b670-40c5-433a-ba41-7e8a5aa9fe01,Ammunition,212000,False,,,Fear Factory,Fear Factory,c17f08f4-2542-46fb-97f3-3202d60c225a,Fear Factory,c17f08f4-2542-46fb-97f3-3202d60c225a,
deb0f220-997c-442b-91e4-761683e5b5fc,Imagine,,True,,"live, 2015‐06‐12: Baku Olympic Stadium, Bakı, Azerbaijan",Lady Gaga,Lady Gaga,650e7db6-b795-4eb5-a702-5ea2fc46c848,Lady Gaga,650e7db6-b795-4eb5-a702-5ea2fc46c848,
ad5d02aa-a245-4c76-8d15-89740d3d0a37,Smile,,False,,,Nat “King” Cole with Orchestra conducted by Nelson Riddle,Nat King Cole|Nelson Riddle and His Orchestra|Nelson Riddle,fbe054ec-a143-4101-9e9e-64abc5ff5ac9|a75df285-0e05-4d81-9939-5f86f15babf9|4308fdc4-7f8a-42f0-aaea-a8b397da5e3c,Nat King Cole,fbe054ec-a143-4101-9e9e-64abc5ff5ac9,
8a96ef36-2869-40af-866d-4d631e8932c6,Gorgeous,,True,,"live, 2018-10-06: AT&T Stadium, Arlington, TX, USA",Taylor Swift,Taylor Swift,20244d07-534f-4eff-b4d4-930878889970,Taylor Swift,20244d07-534f-4eff-b4d4-930878889970,
da54b550-f71e-46db-a936-8f41cb597cc6,Shake It Off,,True,,"live, 2018-10-06: AT&T Stadium, Arlington, TX, USA","Taylor Swift, Camila Cabello & Charli XCX",Taylor Swift|Camila Cabello|Charli xcx,20244d07-534f-4eff-b4d4-930878889970|01b8b5bf-06cb-45da-85fb-61ada72fcd69|260b6184-8828-48eb-945c-bc4cb6fc34ca,Taylor Swift,20244d07-534f-4eff-b4d4-930878889970,
e12aebf5-f9d1-4040-82b5-918641c4bb55,Say Anything,230000,False,,,Anderson East feat.Jill Andrews,Anderson East|Jill Andrews,16c6cf5a-a493-417d-8afd-7e4e2bc56164|b0eb621d-40c6-476f-9054-9778b2150ab6,Anderson East,16c6cf5a-a493-417d-8afd-7e4e2bc56164,
76722e31-37a5-4c2a-8ce8-f3f907a39321,Delicate,,True,,"live, 2018-10-06: AT&T Stadium, Arlington, TX, USA",Taylor Swift,Taylor Swift,20244d07-534f-4eff-b4d4-930878889970,Taylor Swift,20244d07-534f-4eff-b4d4-930878889970,
444783ff-be05-486e-a94c-49b4ebc8cd3d,Someone You Loved,199000,False,,live; SiriusXM Studios,Lewis Capaldi,Lewis Capaldi,526aab94-697f-44a9-b630-41d1c0505953,Lewis Capaldi,526aab94-697f-44a9-b630-41d1c0505953,
b744001b-4529-42ed-8a77-e06821143c0e,Without Me,183000,False,,live; SiriusXM Studios,Lewis Capaldi,Lewis Capaldi,526aab94-697f-44a9-b630-41d1c0505953,Lewis Capaldi,526aab94-697f-44a9-b630-41d1c0505953,
eeb6b4b3-a9b9-4f49-92eb-e7e5c25fc8bb,Don’t Blame Me,,True,,"live, 2018-10-06: AT&T Stadium, Arlington, TX, USA",Taylor Swift,Taylor Swift,20244d07-534f-4eff-b4d4-930878889970,Taylor Swift,20244d07-534f-4eff-b4d4-930878889970,
79ddd820-a3a1-431c-b801-8f4689c39b35,Don't Give Up On Me,197000,False,,live; SiriusXM Studios,Andy Grammer,Andy Grammer,9e60ea29-9607-4f7d-aa96-2092ef41f0d3,Andy Grammer,9e60ea29-9607-4f7d-aa96-2092ef41f0d3,
18d46b4d-cb3f-436d-9133-fe1cd138ba88,Isn't She Lovely,155000,False,,live; SiriusXM Studios,Andy Grammer,Andy Grammer,9e60ea29-9607-4f7d-aa96-2092ef41f0d3,Andy Grammer,9e60ea29-9607-4f7d-aa96-2092ef41f0d3,
54a51360-f733-4df4-834c-a2ae0dc2d256,King of My Heart,,True,,"live, 2018-10-06: AT&T Stadium, Arlington, TX, USA",Taylor Swift,Taylor Swift,20244d07-534f-4eff-b4d4-930878889970,Taylor Swift,20244d07-534f-4eff-b4d4-930878889970,
cbe87a0d-88ea-427a-9289-59079961275c,Blank Space,,True,,"live, 2018-10-06: AT&T Stadium, Arlington, TX, USA",Taylor Swift,Taylor Swift,20244d07-534f-4eff-b4d4-930878889970,Taylor Swift,20244d07-534f-4eff-b4d4-930878889970,
289a54e5-4d46-41eb-a796-2f5fb3a8ff99,For Real,,False,,,Gianni Bismark ft. Dani Faiv,Gianni Bismark|Dani Faiv,c16e6e94-8673-4fec-bfb4-803595e19303|a46f806b-9d03-4e86-92ef-526b45a9b049,Gianni Bismark,c16e6e94-8673-4fec-bfb4-803595e19303,
84143d3f-32fd-49c2-a59f-861c3ae37096,The Brain,,True,,,Lady Gaga,Lady Gaga,650e7db6-b795-4eb5-a702-5ea2fc46c848,Lady Gaga,650e7db6-b795-4eb5-a702-5ea2fc46c848,
d4ea9e66-0f91-49c8-9cb4-9de749dd150d,Wanted,229000,False,,,Charlie Puth,Charlie Puth,525f1f1c-03f0-4bc8-8dfd-e7521f87631b,Charlie Puth,525f1f1c-03f0-4bc8-8dfd-e7521f87631b,
ec83830f-f6c0-4597-b937-bcf13828dc07,Amsterdam,262000,False,,"live, 2004-09-21: Melkweg Oude Zaal, Amsterdam, Netherlands",The Dresden Dolls,The Dresden Dolls,107c7983-0728-46ea-8550-77e698adf690,The Dresden Dolls,107c7983-0728-46ea-8550-77e698adf690,
82244419-d650-43f9-917a-a18fdf71f2c0,Hallelujah,546000,False,,"live, 2005-04-24: Paradise Rock Club, Boston, MA, USA",The Dresden Dolls,The Dresden Dolls,107c7983-0728-46ea-8550-77e698adf690,The Dresden Dolls,107c7983-0728-46ea-8550-77e698adf690,
46b8b912-3ca8-4e6c-b603-de35cfd2b5c4,Straight Outta Compton,336000,False,,"live, 2010-05: Jimmy Fallon Show",Ice Cube & The Roots,Ice Cube|The Roots,1d11e2a1-4531-4d61-a8c7-7b5c6a608fd2|80b3cf5e-18fe-4c59-98c7-e5bb87210710,Ice Cube,1d11e2a1-4531-4d61-a8c7-7b5c6a608fd2,
117a4295-74c0-4349-b38d-76abb16f22c1,Satan Is Real,272000,False,,"live, 2006-08-05: Lollapaooza 2006, Grant Park, Chicago, IL, USA",The Dresden Dolls,The Dresden Dolls,107c7983-0728-46ea-8550-77e698adf690,The Dresden Dolls,107c7983-0728-46ea-8550-77e698adf690,
2edcb39f-e24e-4b3f-9b79-7af8744e74c3,Varför Vill Du Inte Ha Mig?,,False,,,Drängarna,Drängarna,eab69289-45ca-4e2a-bb66-080a2a1f3d4b,Drängarna,eab69289-45ca-4e2a-bb66-080a2a1f3d4b,
2aa98aa6-97b9-40f3-a7a6-268150b59249,Morning Light,,True,,,Palaye Royale,Palaye Royale,669b08a0-2144-4800-a446-1522cfef228c,Palaye Royale,669b08a0-2144-4800-a446-1522cfef228c,
51fcef0e-1716-4a1c-997d-b9c739c304cb,Teardrop,198000,True,,,José González,José González,cd8c5019-5d75-4d5c-bc28-e1e26a7dd5c8,José González,cd8c5019-5d75-4d5c-bc28-e1e26a7dd5c8,
929f3ee3-de97-42af-aea7-01a3a4a0e2cf,Sab Tera,,False,,,Armaan Malik & Shraddha Kapoor,Armaan Malik|Shraddha Kapoor,1424c238-6c25-4871-a40d-25205a5e44e0|dee64579-b266-49f0-9c6b-f0f2b32a9f19,Armaan Malik,1424c238-6c25-4871-a40d-25205a5e44e0,
0f83b44d-4e3a-41b8-a866-c490bef570cc,Vienna,199000,True,,,Lambert,Lambert,ad6568eb-4f17-43dd-a799-46c7eb7e2fee,Lambert,ad6568eb-4f17-43dd-a799-46c7eb7e2fee,
83741a84-b1a8-47a6-8fd2-e74ff4fb0e57,Stay With Me,192000,False,,live; SiriusXM Studios,Sam Smith,Sam Smith,5a85c140-dcf9-4dd2-b2c8-aff0471549f3,Sam Smith,5a85c140-dcf9-4dd2-b2c8-aff0471549f3,
f4619586-7d6e-44c8-be50-aad20aa37323,Nirvana,200000,False,,,Dosseh,Dosseh,1d69ce47-7ec6-4fac-a82e-40e66dfd34f6,Dosseh,1d69ce47-7ec6-4fac-a82e-40e66dfd34f6,
8ce638d1-1334-4a39-af7a-989e2c92f649,Loco Contigo,218000,True,,,DJ Snake with J Balvin & Tyga,DJ Snake|J Balvin|Tyga,31445b1e-96f3-4c7f-84ec-dd02e647e690|5bdeb32d-56a5-4b6d-a768-264101fa0a0a|ce09ea31-3d4a-4487-a797-e315175457a0,DJ Snake,31445b1e-96f3-4c7f-84ec-dd02e647e690,
fcab7f5d-4b75-47fa-8704-8ca2ffebef2d,Flash,,False,,part of “2011-08-11: A State of Trance #521” DJ-mix,Gareth Emery & Ben Gold,Gareth Emery|Ben Gold,73549455-66cb-4570-b0bf-caf3d8d631fe|f338cde2-7cc4-49e0-83e4-a0ac1a3b6d46,Gareth Emery,73549455-66cb-4570-b0bf-caf3d8d631fe,
71c55b40-1513-4a34-b7d9-80616113f31d,Hunger,242000,True,,,Skeez,Skeez,a352e3cc-5174-41a8-b0c5-78bedd9b3be6,Skeez,a352e3cc-5174-41a8-b0c5-78bedd9b3be6,
14108e6c-820f-44c7-ba7f-772789953b48,Lone Wolf,205000,True,,,Skeez,Skeez,a352e3cc-5174-41a8-b0c5-78bedd9b3be6,Skeez,a352e3cc-5174-41a8-b0c5-78bedd9b3be6,
542ff41c-e4cb-405f-9ca5-744ae205285e,Zombie (Gammer Flip),,False,,,Ran-D,Ran‐D,aa901f16-b91a-476f-ad41-ad09348c2244,Ran‐D,aa901f16-b91a-476f-ad41-ad09348c2244,
eeeaf84f-96ac-4289-a7b2-fedc33225793,Old Town Road (remix),173000,False,,,"Lil Nas X feat. Billy Ray Cyrus, Young Thug & Lil Wayne",Lil Nas X|Billy Ray Cyrus|Young Thug|Lil Wayne,0b30341b-b59d-4979-8130-b66c0e475321|63e8d6f9-e247-45c9-aaf2-e079cddbdd54|800760de-bdf8-43a2-8fe0-44a2401a5515|ac9a487a-d9d2-4f27-bb23-0f4686488345,Lil Nas X,0b30341b-b59d-4979-8130-b66c0e475321,
073d1caf-c2ac-44dd-a821-3995116dd60f,Down,171000,True,,,311,311,bf600e2b-dc2d-4839-a1be-6ebef4087cd0,311,bf600e2b-dc2d-4839-a1be-6ebef4087cd0,
e50ed3be-5d2b-4fb3-b7a2-69781125d593,Right Here,378000,True,,,Rudimental feat. Foxes,Rudimental|Foxes,b09ced80-aa65-43c1-9aa7-58b1e982eada|19fccfa3-84ad-42b2-b52d-d5d9a5a6046e,Rudimental,b09ced80-aa65-43c1-9aa7-58b1e982eada,
da264e4a-de77-4bde-9747-556f9efc6325,I Wanna Feel,210000,True,,,Secondcity,Secondcity,e06c109a-3477-43ed-a604-f7747b93818f,Secondcity,e06c109a-3477-43ed-a604-f7747b93818f,
c3656bcf-5a34-4d2b-bf62-67454094cf96,Thinking About You,276000,True,,,Calvin Harris ft. Ayah Marar,Calvin Harris|Ayah Marar,8dd98bdc-80ec-4e93-8509-2f46bafc09a7|3813a063-9d78-435e-afde-e996053dcc65,Calvin Harris,8dd98bdc-80ec-4e93-8509-2f46bafc09a7,
a6019c58-4fbe-45d0-b8bf-bafb64894f51,LSD,,False,,,Document One,Document One,2cd77751-5537-43ba-bffb-eea0b619f0ca,Document One,2cd77751-5537-43ba-bffb-eea0b619f0ca,
0c9013b9-b07d-4302-b394-f08018562b0c,Joy,205000,False,,live; SiriusXM Studios,Bastille,Bastille,7808accb-6395-4b25-858c-678bbb73896b,Bastille,7808accb-6395-4b25-858c-678bbb73896b,
2a78f9eb-f416-43bb-8023-ca75d103ecbc,Wedding Song,164000,False,,live; SiriusXM Studios,Reeve Carney & Eva Noblezada,Reeve Carney|Eva Noblezada,aa11c4f2-4205-4f48-b9b5-ce49e14d0d89|da5cd367-04ab-4ae8-9346-84ba9047417d,Reeve Carney,aa11c4f2-4205-4f48-b9b5-ce49e14d0d89,
128b699e-4334-4264-9e20-d10a539213dc,Shine,217000,False,,live; SiriusXM Studios,Collective Soul,Collective Soul,aa266ac7-d919-4132-982e-76cbd95591a7,Collective Soul,aa266ac7-d919-4132-982e-76cbd95591a7,
e492dae1-4b2a-4dd6-b1f1-ed1cc1bc21d8,Dilemma,,False,,main edit,Sigma,Sigma,89ec6f82-1ad7-42d5-983e-ebf90f6868c8,Sigma,89ec6f82-1ad7-42d5-983e-ebf90f6868c8,
30e703ba-45f6-4aea-8979-d956000ff2ae,Medley,207000,False,,live; SiriusXM Studios,Bastille,Bastille,7808accb-6395-4b25-858c-678bbb73896b,Bastille,7808accb-6395-4b25-858c-678bbb73896b,
1696800c-cb5c-4b04-a579-e258d2008ed3,Dancing in the Dark,222000,True,,live; SiriusXM Studios,Of Monsters and Men,Of Monsters and Men,9e103f85-7af7-41d7-b83b-49ba8f0c5abf,Of Monsters and Men,9e103f85-7af7-41d7-b83b-49ba8f0c5abf,
e899783b-f832-4e63-b73e-ca5f5481817e,The World I Know,246000,False,,live; SiriusXM Studios,Collective Soul,Collective Soul,aa266ac7-d919-4132-982e-76cbd95591a7,Collective Soul,aa266ac7-d919-4132-982e-76cbd95591a7,
fd488f74-9f97-4934-b89f-057743f1ffa5,Bad Blood,208000,False,,live; SiriusXM Studios,Bastille,Bastille,7808accb-6395-4b25-858c-678bbb73896b,Bastille,7808accb-6395-4b25-858c-678bbb73896b,
95ac61f7-c45a-4448-b6df-b3910d8b349c,the fall,187000,True,,,half•alive,half•alive,00d0f0fa-a48c-416d-b4ff-25a290ce82d8,half•alive,00d0f0fa-a48c-416d-b4ff-25a290ce82d8,
f2d371ad-3c87-4092-b277-c98f522824ad,RUNAWAY,161000,True,,,half•alive,half•alive,00d0f0fa-a48c-416d-b4ff-25a290ce82d8,half•alive,00d0f0fa-a48c-416d-b4ff-25a290ce82d8,
2a6bfa0a-5645-43fe-aaca-cb584820e56b,still feel.,255000,True,,,half•alive,half•alive,00d0f0fa-a48c-416d-b4ff-25a290ce82d8,half•alive,00d0f0fa-a48c-416d-b4ff-25a290ce82d8,
bb06b11e-58a1-48af-9120-8619da366ab9,arrow,239000,True,,,half•alive,half•alive,00d0f0fa-a48c-416d-b4ff-25a290ce82d8,half•alive,00d0f0fa-a48c-416d-b4ff-25a290ce82d8,
f4fbb852-aada-4eba-ab42-cbb502c941c4,Options,224000,True,,,Hippie Sabotage,Hippie Sabotage,d226c337-ab8f-4409-9010-fb0d58e7cf69,Hippie Sabotage,d226c337-ab8f-4409-9010-fb0d58e7cf69,
b6724c8b-d725-4a3e-92b6-4abd00747e55,Last Nite,168000,False,,The Strokes cover,Adele,Adele,cc2c9c3c-b7bc-4b8b-84d8-4fbd8779e493,Adele,cc2c9c3c-b7bc-4b8b-84d8-4fbd8779e493,
0360a797-130e-4c45-b9b8-d8d439e6a3ea,Invincible,,False,,,Tool,Tool,66fc5bf8-daa4-4241-b378-9bc9077939d2,Tool,66fc5bf8-daa4-4241-b378-9bc9077939d2,
b2a948a8-bdcd-4209-934a-f17a1a0fd120,Descending,,False,,,Tool,Tool,66fc5bf8-daa4-4241-b378-9bc9077939d2,Tool,66fc5bf8-daa4-4241-b378-9bc9077939d2,
9c91b74d-6327-43f7-bd54-f46b6143b211,Pneuma,,False,,,Tool,Tool,66fc5bf8-daa4-4241-b378-9bc9077939d2,Tool,66fc5bf8-daa4-4241-b378-9bc9077939d2,
08c137a0-382d-4776-b035-185ee4fe6512,Schmetterling,231000,True,,,Tarek Kannibale & Terrorgruppe,Tarek K.I.Z|Terrorgruppe,d82999b0-818e-4b72-b08c-769a3975fb88|da800cf0-c35e-4337-83f6-a55a9a943738,Tarek K.I.Z,d82999b0-818e-4b72-b08c-769a3975fb88,
f248c945-ae72-48df-9be1-692e00f16509,Ellenbogengesellschaft (Pogen),244000,True,,,K.I.Z.,K.I.Z,13c9c494-09aa-4518-8572-9f41dbdff461,K.I.Z,13c9c494-09aa-4518-8572-9f41dbdff461,
aebed283-d923-45b2-86d2-828b15ff59d0,Urlaub fürs Gehirn,283000,True,,,K.I.Z.,K.I.Z,13c9c494-09aa-4518-8572-9f41dbdff461,K.I.Z,13c9c494-09aa-4518-8572-9f41dbdff461,
bab7ab9c-1a3d-4e86-bf31-6430ec1927bc,Patient Zero,,False,,,Sub Zero Project,Sub Zero Project,a4c4ba39-14e7-44a3-a121-e86244c13f95,Sub Zero Project,a4c4ba39-14e7-44a3-a121-e86244c13f95,
c67f9e1f-175c-4fbe-88a5-4ec2ec4688e0,The Source,,False,,,Frequencerz & Sub Zero Project,Frequencerz|Sub Zero Project,498fa10e-8b19-4170-8ae3-6da8a53073f5|a4c4ba39-14e7-44a3-a121-e86244c13f95,Frequencerz,498fa10e-8b19-4170-8ae3-6da8a53073f5,
fb04f043-aecc-47bb-bad1-79c44e439539,"Adios, Adios",296000,True,,,Joaquín Sabina con Javier Gurruchaga,Joaquín Sabina|Javier Gurruchaga,a992aada-7108-455d-9747-0b7b6a089e8d|416c739b-1ebb-480b-afcc-17c6b6dd591a,Joaquín Sabina,a992aada-7108-455d-9747-0b7b6a089e8d,
afe890c5-9db6-429c-b7ee-29ca7f00887f,Yeh Dooriyan,211000,True,,,Chamath Sangeeth & Pranav Chandran,Chamath Sangeeth|Pranav Chandran,28d6e161-2a23-4fd4-a72b-5785afe7b910|79957aa5-8c97-4524-87dd-f5e0555517f5,Chamath Sangeeth,28d6e161-2a23-4fd4-a72b-5785afe7b910,
ef7e9b22-3d98-48d2-840a-76230e6f8b76,Hallelujah,210000,False,,,Chamath Sangeeth,Chamath Sangeeth,28d6e161-2a23-4fd4-a72b-5785afe7b910,Chamath Sangeeth,28d6e161-2a23-4fd4-a72b-5785afe7b910,
aec36845-fde3-4459-86e8-04217545c621,Awake,201000,True,,,Lambert,Lambert,ad6568eb-4f17-43dd-a799-46c7eb7e2fee,Lambert,ad6568eb-4f17-43dd-a799-46c7eb7e2fee,
dddd40f6-f248-4348-8307-41794215c6b0,When I Come Around,,False,,,Green Day,Green Day,084308bd-1654-436f-ba03-df6697104e19,Green Day,084308bd-1654-436f-ba03-df6697104e19,
6be916e1-4cd2-42ae-99be-8cdecbd9077d,Basket Case,,False,,,Green Day,Green Day,084308bd-1654-436f-ba03-df6697104e19,Green Day,084308bd-1654-436f-ba03-df6697104e19,
16f27987-2285-412d-97cf-87f0bdb8a355,The Remedy,,False,,,TNT,TNT,e0255228-30ff-4e2f-be50-23419f22dd7a,TNT,e0255228-30ff-4e2f-be50-23419f22dd7a,
8ce2abd6-37c0-4330-b1e4-af645171cbc2,All My Life,,False,,"2002-12-03: Hovet, Stockholm, Sweden",Foo Fighters,Foo Fighters,67f66c07-6e61-4026-ade5-7e782fad3a5d,Foo Fighters,67f66c07-6e61-4026-ade5-7e782fad3a5d,
60a4cdf6-edbd-47e6-b05d-eac9ac9f52a5,Shutdown,203000,False,,main mix,Majestic feat. Troublesome,Majestic|Troublesome,5f7e56d9-1792-4e01-93cb-e41109a532d3|6c529cd4-9ded-494b-8083-4d09823ab4f4,Majestic,5f7e56d9-1792-4e01-93cb-e41109a532d3,
b74d499a-857e-40da-a395-2dd3f09b79ac,In the Flesh,,False,,"2012-09-05: The Fillmore, Charlotte, NC",Foo Fighters,Foo Fighters,67f66c07-6e61-4026-ade5-7e782fad3a5d,Foo Fighters,67f66c07-6e61-4026-ade5-7e782fad3a5d,
eaff7749-e7bd-4d45-b927-18216279c8a8,Have It All,,False,,"2002-08-19: Gebaude 9, Cologne, Germany",Foo Fighters,Foo Fighters,67f66c07-6e61-4026-ade5-7e782fad3a5d,Foo Fighters,67f66c07-6e61-4026-ade5-7e782fad3a5d,
04093d13-bb1e-405b-aa74-df02bb305944,Learn to Fly,,False,,"2002-12-03: Hovet, Stockholm, Sweden",Foo Fighters,Foo Fighters,67f66c07-6e61-4026-ade5-7e782fad3a5d,Foo Fighters,67f66c07-6e61-4026-ade5-7e782fad3a5d,
7ea71c26-7473-4283-ac99-7e783ce9fb4f,Jet,,False,,"2012-09-05: The Fillmore, Charlotte, NC",Foo Fighters,Foo Fighters,67f66c07-6e61-4026-ade5-7e782fad3a5d,Foo Fighters,67f66c07-6e61-4026-ade5-7e782fad3a5d,
9c738468-2b68-4e9b-bd97-1a7cf06367eb,Rope,,False,,"2012-09-05: The Fillmore, Charlotte, NC",Foo Fighters,Foo Fighters,67f66c07-6e61-4026-ade5-7e782fad3a5d,Foo Fighters,67f66c07-6e61-4026-ade5-7e782fad3a5d,
787bb355-6366-477c-9c1f-cd76b65ca365,Generator,,False,,"2002-08-19: Gebaude 9, Cologne, Germany",Foo Fighters,Foo Fighters,67f66c07-6e61-4026-ade5-7e782fad3a5d,Foo Fighters,67f66c07-6e61-4026-ade5-7e782fad3a5d,
4c625666-142b-43d5-8884-bd38e1aff205,Tired of You,,False,,"2002-12-03: Hovet, Stockholm, Sweden",Foo Fighters,Foo Fighters,67f66c07-6e61-4026-ade5-7e782fad3a5d,Foo Fighters,67f66c07-6e61-4026-ade5-7e782fad3a5d,
e7903180-756e-4d6f-933f-f79deb14490d,Walk,,False,,"2012-09-05: The Fillmore, Charlotte, NC",Foo Fighters,Foo Fighters,67f66c07-6e61-4026-ade5-7e782fad3a5d,Foo Fighters,67f66c07-6e61-4026-ade5-7e782fad3a5d,
94daeb9b-915f-45a0-8d10-762bd23d6884,Breakdown,,False,,"2012-09-05: The Fillmore, Charlotte, NC",Foo Fighters,Foo Fighters,67f66c07-6e61-4026-ade5-7e782fad3a5d,Foo Fighters,67f66c07-6e61-4026-ade5-7e782fad3a5d,
aa3fc485-64b1-4e7c-96db-d63b7619c930,All My Life,,False,,"2002-08-19: Gebaude 9, Cologne, Germany",Foo Fighters,Foo Fighters,67f66c07-6e61-4026-ade5-7e782fad3a5d,Foo Fighters,67f66c07-6e61-4026-ade5-7e782fad3a5d,
a4c98ffc-ddcc-4f92-a85d-2c17508602d4,My Hero,,False,,"2002-12-03: Hovet, Stockholm, Sweden",Foo Fighters,Foo Fighters,67f66c07-6e61-4026-ade5-7e782fad3a5d,Foo Fighters,67f66c07-6e61-4026-ade5-7e782fad3a5d,
5bb6fb49-f39e-44ed-b318-47eeb52289d0,Best of You,,False,,"2012-09-05: The Fillmore, Charlotte, NC",Foo Fighters,Foo Fighters,67f66c07-6e61-4026-ade5-7e782fad3a5d,Foo Fighters,67f66c07-6e61-4026-ade5-7e782fad3a5d,
a11280ff-f79f-4af3-b8b6-3ca579500429,Skin and Bones,,False,,"2012-09-05: The Fillmore, Charlotte, NC",Foo Fighters,Foo Fighters,67f66c07-6e61-4026-ade5-7e782fad3a5d,Foo Fighters,67f66c07-6e61-4026-ade5-7e782fad3a5d,
5d675dcb-9a43-48e8-ba03-19ccbffb3b4f,Big Me,,False,,"2012-09-05: The Fillmore, Charlotte, NC",Foo Fighters,Foo Fighters,67f66c07-6e61-4026-ade5-7e782fad3a5d,Foo Fighters,67f66c07-6e61-4026-ade5-7e782fad3a5d,
935cc2af-7778-4838-bee3-1ca872a5fe1d,Monkey Wrench,,False,,"2012-09-05: The Fillmore, Charlotte, NC",Foo Fighters,Foo Fighters,67f66c07-6e61-4026-ade5-7e782fad3a5d,Foo Fighters,67f66c07-6e61-4026-ade5-7e782fad3a5d,
cd189bfd-acbb-4802-bdad-c93f26501e38,Low,,False,,"2002-12-03: Hovet, Stockholm, Sweden",Foo Fighters,Foo Fighters,67f66c07-6e61-4026-ade5-7e782fad3a5d,Foo Fighters,67f66c07-6e61-4026-ade5-7e782fad3a5d,
8cee2bf6-b1bb-4fb2-9ea0-394cc69d9897,The One,,False,,"2002-12-03: Hovet, Stockholm, Sweden",Foo Fighters,Foo Fighters,67f66c07-6e61-4026-ade5-7e782fad3a5d,Foo Fighters,67f66c07-6e61-4026-ade5-7e782fad3a5d,
9538eec4-74ac-4927-9429-fcec45f0c2a2,The Pretender,,False,,"2012-09-05: The Fillmore, Charlotte, NC",Foo Fighters,Foo Fighters,67f66c07-6e61-4026-ade5-7e782fad3a5d,Foo Fighters,67f66c07-6e61-4026-ade5-7e782fad3a5d,
e07a56f0-c9c8-4683-ba2d-1c21f4573041,Aurora,,False,,"live, 2012-09-05: The Fillmore, Charlotte, NC, USA",Foo Fighters,Foo Fighters,67f66c07-6e61-4026-ade5-7e782fad3a5d,Foo Fighters,67f66c07-6e61-4026-ade5-7e782fad3a5d,
ad6ca251-9051-4c9e-a9b3-7c2875e63249,These Days,,False,,"2012-09-05: The Fillmore, Charlotte, NC",Foo Fighters,Foo Fighters,67f66c07-6e61-4026-ade5-7e782fad3a5d,Foo Fighters,67f66c07-6e61-4026-ade5-7e782fad3a5d,
2320dbdf-7d22-40a6-b8ce-8bc6b0046320,Times Like These,,False,,"2002-08-19: Gebaude 9, Cologne, Germany",Foo Fighters,Foo Fighters,67f66c07-6e61-4026-ade5-7e782fad3a5d,Foo Fighters,67f66c07-6e61-4026-ade5-7e782fad3a5d,
a5521d1b-5acf-4172-ad3f-b034afe0abe6,Exhausted,,False,,"2012-09-05: The Fillmore, Charlotte, NC",Foo Fighters,Foo Fighters,67f66c07-6e61-4026-ade5-7e782fad3a5d,Foo Fighters,67f66c07-6e61-4026-ade5-7e782fad3a5d,
09d2be02-12be-487d-848e-fc4b98ac778b,Generator,,False,,"2002-12-03: Hovet, Stockholm, Sweden",Foo Fighters,Foo Fighters,67f66c07-6e61-4026-ade5-7e782fad3a5d,Foo Fighters,67f66c07-6e61-4026-ade5-7e782fad3a5d,
23185946-781a-46f4-90dd-65d33c2e7e8a,My Hero,,False,,"2002-08-19: Gebaude 9, Cologne, Germany",Foo Fighters,Foo Fighters,67f66c07-6e61-4026-ade5-7e782fad3a5d,Foo Fighters,67f66c07-6e61-4026-ade5-7e782fad3a5d,
7475fd26-55cd-4c11-bb6c-0eaf219596be,All My Life,,False,,"2012-09-05: The Fillmore, Charlotte, NC",Foo Fighters,Foo Fighters,67f66c07-6e61-4026-ade5-7e782fad3a5d,Foo Fighters,67f66c07-6e61-4026-ade5-7e782fad3a5d,
0a718bf8-25cb-4bb9-a7a3-1905c5f7762d,Learn to Fly,,False,,"2012-09-05: The Fillmore, Charlotte, NC",Foo Fighters,Foo Fighters,67f66c07-6e61-4026-ade5-7e782fad3a5d,Foo Fighters,67f66c07-6e61-4026-ade5-7e782fad3a5d,
f5fc81fa-dc76-46e7-b3f7-01e268aa2a1e,My Hero,,False,,"2012-09-05: The Fillmore, Charlotte, NC",Foo Fighters,Foo Fighters,67f66c07-6e61-4026-ade5-7e782fad3a5d,Foo Fighters,67f66c07-6e61-4026-ade5-7e782fad3a5d,
5b30fe4f-05a0-4692-a65c-7a22a5025b33,Times Like These,,False,,"2012-09-05: The Fillmore, Charlotte, NC",Foo Fighters,Foo Fighters,67f66c07-6e61-4026-ade5-7e782fad3a5d,Foo Fighters,67f66c07-6e61-4026-ade5-7e782fad3a5d,
e5388815-bbb4-4eaf-a70d-dee1212ec6f3,Learn to Fly,,False,,"2002-08-19: Gebaude 9, Cologne, Germany",Foo Fighters,Foo Fighters,67f66c07-6e61-4026-ade5-7e782fad3a5d,Foo Fighters,67f66c07-6e61-4026-ade5-7e782fad3a5d,
0f9b1874-1ee3-4c22-8da5-489dca208a06,Everlong,,False,,"2012-09-05: The Fillmore, Charlotte, NC",Foo Fighters,Foo Fighters,67f66c07-6e61-4026-ade5-7e782fad3a5d,Foo Fighters,67f66c07-6e61-4026-ade5-7e782fad3a5d,
9b7244a2-bfce-479b-863a-52bedf5dc938,Breeze,,False,,,Skazi & Berg,Skazi|Berg,8d62a782-3c12-4067-9bce-80fd91ddd5c0|02b3a9b0-a39d-4a16-a477-48cba270292f,Skazi,8d62a782-3c12-4067-9bce-80fd91ddd5c0,
d1a1e4a1-e242-4a6e-a376-444b6e714d60,Everlong,,False,,"1997-07-07: The Warehouse, Toronto, Canada",Foo Fighters,Foo Fighters,67f66c07-6e61-4026-ade5-7e782fad3a5d,Foo Fighters,67f66c07-6e61-4026-ade5-7e782fad3a5d,
dc49b30f-aad4-4b3e-bec4-1d470c6ed36f,Big Me,,False,,"1997-07-07: The Warehouse, Toronto, Canada",Foo Fighters,Foo Fighters,67f66c07-6e61-4026-ade5-7e782fad3a5d,Foo Fighters,67f66c07-6e61-4026-ade5-7e782fad3a5d,
fb923e88-bd2b-4a26-ab3d-8347dad78e04,Butterflies,,False,,"1997-07-07: The Warehouse, Toronto, Canada",Foo Fighters,Foo Fighters,67f66c07-6e61-4026-ade5-7e782fad3a5d,Foo Fighters,67f66c07-6e61-4026-ade5-7e782fad3a5d,
70ab70e4-18f1-4a5d-956f-cfd8766b1453,Monkey Wrench,,False,,"1997-07-07: The Warehouse, Toronto, Canada",Foo Fighters,Foo Fighters,67f66c07-6e61-4026-ade5-7e782fad3a5d,Foo Fighters,67f66c07-6e61-4026-ade5-7e782fad3a5d,
481cea93-9f00-41df-a56b-5b11ca4cae31,Don't Call Me Up,,False,,,"DJ Nelson, Mabel & FTampa",DJ Nelson|Mabel|FTampa,e714edca-6673-4cde-af91-76a12697b04a|3a592f93-5c88-4b7c-a10f-8eb3dcbadde7|6149d03e-16ab-45b9-aba7-1f813788873a,DJ Nelson,e714edca-6673-4cde-af91-76a12697b04a,
734cd759-c136-49ea-811c-232383d9b7e2,Everlong,,False,,"2002-08-19: Gebaude 9, Cologne, Germany",Foo Fighters,Foo Fighters,67f66c07-6e61-4026-ade5-7e782fad3a5d,Foo Fighters,67f66c07-6e61-4026-ade5-7e782fad3a5d,
47446da3-e846-4758-a61a-897705cc0f19,Tired of You,,False,,"2002-08-19: Gebaude 9, Cologne, Germany",Foo Fighters,Foo Fighters,67f66c07-6e61-4026-ade5-7e782fad3a5d,Foo Fighters,67f66c07-6e61-4026-ade5-7e782fad3a5d,
603219a4-cbdd-48e9-9803-96f155117dc1,Monkey Wrench,,False,,"2002-08-19: Gebaude 9, Cologne, Germany",Foo Fighters,Foo Fighters,67f66c07-6e61-4026-ade5-7e782fad3a5d,Foo Fighters,67f66c07-6e61-4026-ade5-7e782fad3a5d,
cc769e7c-b6ed-44d9-918b-cee0d2757484,Low,,False,,"2002-08-19: Gebaude 9, Cologne, Germany",Foo Fighters,Foo Fighters,67f66c07-6e61-4026-ade5-7e782fad3a5d,Foo Fighters,67f66c07-6e61-4026-ade5-7e782fad3a5d,
80e13436-f417-4bc2-98cc-15f59a4c306b,Crying in the Rain,,False,,,a‐ha,a‐ha,7364dea6-ca9a-48e3-be01-b44ad0d19897,a‐ha,7364dea6-ca9a-48e3-be01-b44ad0d19897,
ae46f46d-b1d0-45bb-aaf7-5af07f3f7620,Velvet,,False,,,a‐ha,a‐ha,7364dea6-ca9a-48e3-be01-b44ad0d19897,a‐ha,7364dea6-ca9a-48e3-be01-b44ad0d19897,
381b3950-ed1a-47a7-8cae-50beb4562c55,Lifelines,,False,,,a‐ha,a‐ha,7364dea6-ca9a-48e3-be01-b44ad0d19897,a‐ha,7364dea6-ca9a-48e3-be01-b44ad0d19897,
7ecb43a6-b9e4-4df4-806e-3ad4f33ff9cc,Crying in the Rain,,False,,,a‐ha,a‐ha,7364dea6-ca9a-48e3-be01-b44ad0d19897,a‐ha,7364dea6-ca9a-48e3-be01-b44ad0d19897,
0a98b6cf-17ec-4ffc-8c9d-bb33a8e81971,Old Town Road,308000,True,,,Lil Nas X,Lil Nas X,0b30341b-b59d-4979-8130-b66c0e475321,Lil Nas X,0b30341b-b59d-4979-8130-b66c0e475321,
d5ab05c4-aadf-4d80-9ec9-a5ac4214c2fc,I’ve Been Losing You,,False,,,a‐ha,a‐ha,7364dea6-ca9a-48e3-be01-b44ad0d19897,a‐ha,7364dea6-ca9a-48e3-be01-b44ad0d19897,
d70fd8ac-14cd-475b-af29-c3761db8b518,Locust,,False,,,a‐ha,a‐ha,7364dea6-ca9a-48e3-be01-b44ad0d19897,a‐ha,7364dea6-ca9a-48e3-be01-b44ad0d19897,
8d1fa9d5-41a8-4a2d-bd4d-262ccc584ec6,In Control,,False,,,Deadly Guns & Delete,Deadly Guns|Delete,b259dd6d-26e8-4ec2-a5e0-2a1b1814fbad|ff73b026-61f2-47b8-83df-78d34a4c171c,Deadly Guns,b259dd6d-26e8-4ec2-a5e0-2a1b1814fbad,
01caa3a2-084c-49d6-be09-fd1519df842c,Moonlight,325000,True,,feat Marwa,Alex,Alex,9bbac215-cd9b-44bb-a788-98680f8a8c6c,Alex,9bbac215-cd9b-44bb-a788-98680f8a8c6c,
1adfe502-c668-431a-b6be-5a67c12ce65e,Sweet Child O' Mine,302000,True,,,Guns N’ Roses,Guns N’ Roses,eeb1195b-f213-4ce1-b28c-8565211f8e43,Guns N’ Roses,eeb1195b-f213-4ce1-b28c-8565211f8e43,
3d40cce9-4384-48b9-aead-1c802f1e2821,The Runner,271000,True,,official music video,Foals,Foals,6a65d878-fcd0-42cf-aff9-ca1d636a8bcc,Foals,6a65d878-fcd0-42cf-aff9-ca1d636a8bcc,
27816618-8f05-4ab5-89ef-a76d8a206a40,The Way We Were,166000,False,,live; Steinway Hall,Kristin Chenoweth,Kristin Chenoweth,9031b393-ced7-4685-9e25-d0b43996158a,Kristin Chenoweth,9031b393-ced7-4685-9e25-d0b43996158a,
d3ad7daa-e304-49ea-9f03-1a4d42febbe2,Crossroads,235000,False,,,that dog.,that dog.,e3660b01-dd9f-48f3-90f4-5158f2b8917f,that dog.,e3660b01-dd9f-48f3-90f4-5158f2b8917f,
4e90eafa-e3f6-4f92-b16f-62844b94a622,Run,,False,,"live, 2019-09-28: Rock in Rio Festival, Rio de Janeiro, Brazil",Foo Fighters,Foo Fighters,67f66c07-6e61-4026-ade5-7e782fad3a5d,Foo Fighters,67f66c07-6e61-4026-ade5-7e782fad3a5d,
df989335-8216-4608-b741-8c74164f48d3,All My Life,,False,,"live, 2019-09-28: Rock in Rio Festival, Rio de Janeiro, Brazil",Foo Fighters,Foo Fighters,67f66c07-6e61-4026-ade5-7e782fad3a5d,Foo Fighters,67f66c07-6e61-4026-ade5-7e782fad3a5d,
e7f02a78-24f5-444b-8e22-1762ef7861e1,Times Like These,,False,,"live, 2019-09-28: Rock in Rio Festival, Rio de Janeiro, Brazil",Foo Fighters,Foo Fighters,67f66c07-6e61-4026-ade5-7e782fad3a5d,Foo Fighters,67f66c07-6e61-4026-ade5-7e782fad3a5d,
09fa56cf-43f3-49e9-8bab-23376656a7b5,Wheels,,False,,"live, 2019-09-28: Rock in Rio Festival, Rio de Janeiro, Brazil",Foo Fighters,Foo Fighters,67f66c07-6e61-4026-ade5-7e782fad3a5d,Foo Fighters,67f66c07-6e61-4026-ade5-7e782fad3a5d,
850b4647-0a0b-4915-bef1-55e691cf16dd,These Days,,False,,"live, 2019-09-28: Rock in Rio Festival, Rio de Janeiro, Brazil",Foo Fighters,Foo Fighters,67f66c07-6e61-4026-ade5-7e782fad3a5d,Foo Fighters,67f66c07-6e61-4026-ade5-7e782fad3a5d,
c44dc98c-2380-4148-9df7-fd7a82607e31,Best of You,,False,,"live, 2019-09-28: Rock in Rio Festival, Rio de Janeiro, Brazil",Foo Fighters,Foo Fighters,67f66c07-6e61-4026-ade5-7e782fad3a5d,Foo Fighters,67f66c07-6e61-4026-ade5-7e782fad3a5d,
354ef9c3-9fb4-4a52-8bc9-e5fb32d588e3,The Pretender,,False,,"live, 2019-09-28: Rock in Rio Festival, Rio de Janeiro, Brazil",Foo Fighters,Foo Fighters,67f66c07-6e61-4026-ade5-7e782fad3a5d,Foo Fighters,67f66c07-6e61-4026-ade5-7e782fad3a5d,
068ed5ed-eb6b-46dd-a1b2-ffbeba211480,Monkey Wrench,,False,,"live, 2019-09-28: Rock in Rio Festival, Rio de Janeiro, Brazil",Foo Fighters,Foo Fighters,67f66c07-6e61-4026-ade5-7e782fad3a5d,Foo Fighters,67f66c07-6e61-4026-ade5-7e782fad3a5d,
d1374586-82d5-4ea0-8eaa-0c7e47ec8339,Everlong,,False,,"live, 2019-09-28: Rock in Rio Festival, Rio de Janeiro, Brazil",Foo Fighters,Foo Fighters,67f66c07-6e61-4026-ade5-7e782fad3a5d,Foo Fighters,67f66c07-6e61-4026-ade5-7e782fad3a5d,
97082b06-52ce-424f-8530-54e62d8ced60,Learn to Fly,,False,,"live, 2019-09-28: Rock in Rio Festival, Rio de Janeiro, Brazil",Foo Fighters,Foo Fighters,67f66c07-6e61-4026-ade5-7e782fad3a5d,Foo Fighters,67f66c07-6e61-4026-ade5-7e782fad3a5d,
f7545cf6-430f-41a6-9e84-3207cacfc849,Walk,,False,,"live, 2019-09-28: Rock in Rio Festival, Rio de Janeiro, Brazil",Foo Fighters,Foo Fighters,67f66c07-6e61-4026-ade5-7e782fad3a5d,Foo Fighters,67f66c07-6e61-4026-ade5-7e782fad3a5d,
d5bf092b-78c2-4c93-9ba6-710c6dcfcf5d,The Sky Is a Neighborhood,,False,,"live, 2019-09-28: Rock in Rio Festival, Rio de Janeiro, Brazil",Foo Fighters,Foo Fighters,67f66c07-6e61-4026-ade5-7e782fad3a5d,Foo Fighters,67f66c07-6e61-4026-ade5-7e782fad3a5d,
d16b463d-f950-4af5-a053-554adf0a5bd9,My Hero,,False,,"live, 2019-09-28: Rock in Rio Festival, Rio de Janeiro, Brazil",Foo Fighters,Foo Fighters,67f66c07-6e61-4026-ade5-7e782fad3a5d,Foo Fighters,67f66c07-6e61-4026-ade5-7e782fad3a5d,
9335f5cf-83c9-46c9-b2bd-0d781b64a33b,The House of the Rising Sun,,False,,,The Animals,The Animals,4d8afa16-4018-4ca8-8b5e-ede8f9314562,The Animals,4d8afa16-4018-4ca8-8b5e-ede8f9314562,
fd025c32-d7f3-43b8-802c-dda5c7498ad8,Dream On,282000,True,,,Aerosmith,Aerosmith,3d2b98e5-556f-4451-a3ff-c50ea18d57cb,Aerosmith,3d2b98e5-556f-4451-a3ff-c50ea18d57cb,
7c34a7be-9b7c-4309-909e-a42adfa041de,Angie,279000,True,,"version 1: sitting on a stage, flowers on guitars",The Rolling Stones,The Rolling Stones,b071f9fa-14b0-4217-8e97-eb41da73f598,The Rolling Stones,b071f9fa-14b0-4217-8e97-eb41da73f598,
2e83e5ed-4e63-4f5e-b42c-3690bf058a7d,Angie,278000,True,,version 2: Jagger in white hat,The Rolling Stones,The Rolling Stones,b071f9fa-14b0-4217-8e97-eb41da73f598,The Rolling Stones,b071f9fa-14b0-4217-8e97-eb41da73f598,
7e2c1307-4f28-4447-b4f4-9270631b4ba9,Special,,True,,,Ashnikko,Ashnikko,6dee6b6f-aa72-424c-9c8c-0d31ba5ff673,Ashnikko,6dee6b6f-aa72-424c-9c8c-0d31ba5ff673,
29f2c9dc-620d-44ea-97e6-94d7ad93ecc8,Tusa,,True,,,Karol G & Nicki Minaj,KAROL G|Nicki Minaj,de22adae-f8ac-414f-b653-b0162611bd60|1036b808-f58c-4a3e-b461-a2c4492ecf1b,KAROL G,de22adae-f8ac-414f-b653-b0162611bd60,
6e2e3f22-fb38-49af-a61b-754568e8848b,Everyday Life,,True,,lyric,Coldplay,Coldplay,cc197bad-dc9c-440d-a5b5-d52ba2e14234,Coldplay,cc197bad-dc9c-440d-a5b5-d52ba2e14234,
93b870c7-1481-4a61-b64c-bcdedd4e4c73,Everyday Life,216000,True,,live at Saturday Night Live,Coldplay,Coldplay,cc197bad-dc9c-440d-a5b5-d52ba2e14234,Coldplay,cc197bad-dc9c-440d-a5b5-d52ba2e14234,
4f612694-caa3-42b1-b40b-9cb891e1120a,Quantum Flux,64000,True,,,Dopplereffekt,Dopplereffekt,9a1994c7-40b8-49a2-a53a-03e8313bf17c,Dopplereffekt,9a1994c7-40b8-49a2-a53a-03e8313bf17c,
7da4329f-caed-490f-8459-ba4d23079fce,BREAKFAST,312000,True,,,half•alive,half•alive,00d0f0fa-a48c-416d-b4ff-25a290ce82d8,half•alive,00d0f0fa-a48c-416d-b4ff-25a290ce82d8,
7ea734d8-4c97-4769-b0b1-4918ea83f87c,Remember,225000,False,,"live, SiriusXM Studios",Gryffin & ZOHARA,Gryffin|ZOHARA,f1348139-efb5-43c7-9204-199827efad3c|c8aea404-67a0-4857-9f89-9c8ebd2751be,Gryffin,f1348139-efb5-43c7-9204-199827efad3c,
7121dfc7-3a84-468b-b6aa-8f2d5e61b7d8,Nothing Like You,184000,False,,"live, SiriusXM Studios",Gryffin & HANA,Gryffin|HANA,f1348139-efb5-43c7-9204-199827efad3c|8632eeb4-33f4-460d-9288-f54f4cb160f5,Gryffin,f1348139-efb5-43c7-9204-199827efad3c,
4b61557c-07a5-42fa-bc7f-81e4335b5cdc,Wonderwall,244000,False,,"live, Howard Stern studios",Gin Blossoms,Gin Blossoms,1c42b705-d3fc-452e-93ee-d0030bdd70f3,Gin Blossoms,1c42b705-d3fc-452e-93ee-d0030bdd70f3,
4bd6b4fc-ca61-43d1-bf80-c0bc70e71665,Chaos,,False,,,Gavin Greenaway,Gavin Greenaway,272241d9-95de-464d-a3d0-e43fa568f43c,Gavin Greenaway,272241d9-95de-464d-a3d0-e43fa568f43c,
e1b01622-0659-4de5-8d62-e6327b279f9b,Life,,False,,,Gavin Greenaway,Gavin Greenaway,272241d9-95de-464d-a3d0-e43fa568f43c,Gavin Greenaway,272241d9-95de-464d-a3d0-e43fa568f43c,
74844859-f926-44c5-9144-a40a801b480e,Home,,False,,,Gavin Greenaway,Gavin Greenaway,272241d9-95de-464d-a3d0-e43fa568f43c,Gavin Greenaway,272241d9-95de-464d-a3d0-e43fa568f43c,
8a66633d-2266-48c8-90a7-120599451a33,Celebration,,False,,,Gavin Greenaway,Gavin Greenaway,272241d9-95de-464d-a3d0-e43fa568f43c,Gavin Greenaway,272241d9-95de-464d-a3d0-e43fa568f43c,
d75d20fe-b036-4c93-a09a-7f496f803f1c,Engleesu Lovesu,,False,,,Dhanush,Dhanush,5b3f4bc6-eec4-40b2-bcac-98efbfb38089,Dhanush,5b3f4bc6-eec4-40b2-bcac-98efbfb38089,
7ee9a8f3-4dcb-49bd-8e31-d71a2078b9f8,Heartbreaker,,False,,"live, 1975‐03‐19: Pacific Coliseum, Vancouver, BC, Canada",Led Zeppelin,Led Zeppelin,678d88b2-87b0-403b-b63d-5da7465aecc3,Led Zeppelin,678d88b2-87b0-403b-b63d-5da7465aecc3,
2ff2ae25-30b0-4359-8598-0cd1767d37f5,Where Is the Party,,False,,,Mukesh & Priyadarshini,Mukesh|Priyadarshini,0e060e04-dadf-4fa9-81b8-bd3f18134417|7c97ccff-6514-4a3d-b77e-a712ae34b31e,Mukesh,0e060e04-dadf-4fa9-81b8-bd3f18134417,
0951664b-1340-4f5d-8f6d-2eb8b5ac3cbc,Heartless,242000,True,,,The Weeknd,The Weeknd,c8b03190-306c-4120-bb0b-6f2ebfc06ea9,The Weeknd,c8b03190-306c-4120-bb0b-6f2ebfc06ea9,
a00eccd7-b0de-4647-a4b6-ec12974c05f9,What a Party,127000,False,,"stereo, with chat at start & at end",Fats Domino,Fats Domino,e787de5d-49e2-4b1f-9bde-1fd3a671b971,Fats Domino,e787de5d-49e2-4b1f-9bde-1fd3a671b971,
8f0ba7f4-8794-4935-84a3-3af3c33df075,Bless the Lord,185000,False,,,Lindsay Mendez & Godspell (The New Broadway Cast Recording),Lindsay Mendez|[theatre],39543bdc-921a-4f64-9b14-10d19bbb852e|a0ef7e1d-44ff-4039-9435-7d5fefdeecc9,Lindsay Mendez,39543bdc-921a-4f64-9b14-10d19bbb852e,
00b2cdd3-77ef-4356-a98a-e1be2e0bc160,Tell Me Lies,192000,False,,,Natalie Cole,Natalie Cole,eb45032c-80da-469c-be20-1d09f08ef37f,Natalie Cole,eb45032c-80da-469c-be20-1d09f08ef37f,
c9ead8c9-f501-4e6a-9b96-13d798a928e7,You Win Again,145000,False,,stereo,Fats Domino,Fats Domino,e787de5d-49e2-4b1f-9bde-1fd3a671b971,Fats Domino,e787de5d-49e2-4b1f-9bde-1fd3a671b971,
89f2b30f-29de-4991-a341-7e1422d6256d,Dirty Paws,276000,True,,Live on Radio Nova - Nova Stage,Of Monsters and Men,Of Monsters and Men,9e103f85-7af7-41d7-b83b-49ba8f0c5abf,Of Monsters and Men,9e103f85-7af7-41d7-b83b-49ba8f0c5abf,
25c49871-4f3a-414d-aeeb-6273413ab33f,After Hours,162000,False,,edited,Fats Domino,Fats Domino,e787de5d-49e2-4b1f-9bde-1fd3a671b971,Fats Domino,e787de5d-49e2-4b1f-9bde-1fd3a671b971,
59ee000d-466a-4112-b6f9-78d762707b2d,Bartender,,False,,"live, 2014‐08‐22: Greek Theatre, Berkeley, California, USA",Dave Matthews Band,Dave Matthews Band,07e748f1-075e-428d-85dc-ce3be434e906,Dave Matthews Band,07e748f1-075e-428d-85dc-ce3be434e906,
c6d310ea-b369-4d41-a469-4a423009d464,Spaceman,,False,,"live, 2014‐08‐22: Greek Theatre, Berkeley, California, USA",Dave Matthews Band,Dave Matthews Band,07e748f1-075e-428d-85dc-ce3be434e906,Dave Matthews Band,07e748f1-075e-428d-85dc-ce3be434e906,
0ca97f7e-427e-4494-9909-86342b5a2702,XTC,189000,True,,,Solardo x Eli Brown,Solardo|Eli Brown,11157cd2-8ab0-4bdc-9468-db1ee371ee63|61bb4f68-d1a3-4a04-aa36-536c36135408,Solardo,11157cd2-8ab0-4bdc-9468-db1ee371ee63,
0899c3f5-c623-4370-8ed0-9df675de994b,Bang Bang,180000,True,,,Tarek K.I.Z,Tarek K.I.Z,d82999b0-818e-4b72-b08c-769a3975fb88,Tarek K.I.Z,d82999b0-818e-4b72-b08c-769a3975fb88,
094fa1d9-6266-4699-88d1-9d62bfb3e8d7,Missing,491000,False,,Missing (DJ Orion Lost and Found remix),Everything but the Girl,Everything but the Girl,959cf5bf-ee29-4af6-a85a-0b480181d988,Everything but the Girl,959cf5bf-ee29-4af6-a85a-0b480181d988,
21f0c4e1-fdff-4cec-a390-fa29fb76ad13,Honky Tonk Women,,False,,,The Rolling Stones,The Rolling Stones,b071f9fa-14b0-4217-8e97-eb41da73f598,The Rolling Stones,b071f9fa-14b0-4217-8e97-eb41da73f598,
4352d408-5901-42f1-b657-130a8c2dc291,Jumpin' Jack Flash,,False,,,The Rolling Stones,The Rolling Stones,b071f9fa-14b0-4217-8e97-eb41da73f598,The Rolling Stones,b071f9fa-14b0-4217-8e97-eb41da73f598,
fe2782e0-dd66-4533-88cd-4d7f1b2be8e8,Shattered,,False,,,The Rolling Stones,The Rolling Stones,b071f9fa-14b0-4217-8e97-eb41da73f598,The Rolling Stones,b071f9fa-14b0-4217-8e97-eb41da73f598,
ef4da9c1-3c54-4fd5-8f31-1f7bcd1ab232,Love Is Strong,,False,,,The Rolling Stones,The Rolling Stones,b071f9fa-14b0-4217-8e97-eb41da73f598,The Rolling Stones,b071f9fa-14b0-4217-8e97-eb41da73f598,
92324a6e-ea99-4d58-aac5-023a304a2dbc,Tumbling Dice,,False,,,The Rolling Stones,The Rolling Stones,b071f9fa-14b0-4217-8e97-eb41da73f598,The Rolling Stones,b071f9fa-14b0-4217-8e97-eb41da73f598,
00203824-2aac-4ffa-b672-ac7f62ef13e8,Street Fighting Man,,False,,,The Rolling Stones,The Rolling Stones,b071f9fa-14b0-4217-8e97-eb41da73f598,The Rolling Stones,b071f9fa-14b0-4217-8e97-eb41da73f598,
e43335f8-f43b-4fa8-b892-1d8e7e17cee2,Untitled,193000,False,,,Thylacine,Thylacine,244e4c4a-4ff9-4abe-9892-efbe595a0014,Thylacine,244e4c4a-4ff9-4abe-9892-efbe595a0014,
c43c04c7-f293-4f5e-a01b-e14e2ac7e74e,Hope,,True,,,Gaëtan Roussel,Gaëtan Roussel,3e2c4afa-36a0-4955-a5b2-7cf3949e038e,Gaëtan Roussel,3e2c4afa-36a0-4955-a5b2-7cf3949e038e,
8ffac5a2-c3c4-4c47-a8f4-2aca1dafd621,Darkness,365000,True,,,Eminem,Eminem,b95ce3ff-3d05-4e87-9e01-c97b66af13d4,Eminem,b95ce3ff-3d05-4e87-9e01-c97b66af13d4,
65e8b2d2-a00a-4a18-9a82-e9bedda4dc1a,Somebody to Love,169000,True,,Official Music Video,Rusko,Rusko,ed962474-bb85-47f9-b108-073184f09bc8,Rusko,ed962474-bb85-47f9-b108-073184f09bc8,
861f006f-2ccf-40b8-8bca-26181aabde09,E poi ti penti,,True,,,Alberto Urso,Alberto Urso,1690f2fc-01b2-4815-aecd-3812fca01583,Alberto Urso,1690f2fc-01b2-4815-aecd-3812fca01583,
f218225f-ec44-4463-9567-09102f59fc2e,Halleluja,,False,,,Tim Minchin,Tim Minchin,2dc758d7-6776-45d1-b537-484249bd265e,Tim Minchin,2dc758d7-6776-45d1-b537-484249bd265e,
ad273293-c2a2-4b48-8751-97380f341fdd,Liebe,224000,True,,,Tarek K.I.Z,Tarek K.I.Z,d82999b0-818e-4b72-b08c-769a3975fb88,Tarek K.I.Z,d82999b0-818e-4b72-b08c-769a3975fb88,
0d8feb56-b1a1-48f0-a921-9158ea19dc42,Neptune,620000,True,,Official Music video,Foals,Foals,6a65d878-fcd0-42cf-aff9-ca1d636a8bcc,Foals,6a65d878-fcd0-42cf-aff9-ca1d636a8bcc,
5383a2b0-29ed-4cb5-8862-c0178b58cd63,Like a G6,226000,True,,Official Video,Far East Movement ft. The Cataracs & Dev,Far East Movement|The Cataracs|DEV,6bd5655c-b7fe-48ee-8925-c2d2d8798618|50d9d3ee-8947-4079-9d73-b01dd3e71d8a|7cc04f00-4c8f-40ea-894c-5f65777b3575,Far East Movement,6bd5655c-b7fe-48ee-8925-c2d2d8798618,
35057458-ced2-4ba7-9a6f-617b56187c53,Missing,,False,,,Everything but the Girl,Everything but the Girl,959cf5bf-ee29-4af6-a85a-0b480181d988,Everything but the Girl,959cf5bf-ee29-4af6-a85a-0b480181d988,
8d192ef3-ffbc-4ec9-b7f2-44495ea5387d,Irgendwann,186000,True,,,MiZeb ft. Crima,MiZeb|Crima,863ccc59-0081-47dd-8918-c14197ff87cf|30b428ff-b2d8-49e1-99b5-c61eb87b37af,MiZeb,863ccc59-0081-47dd-8918-c14197ff87cf,
ba306923-aff5-4cd5-8795-458820863fbe,California,215000,True,,,Wave,Wave,fe86f0d3-33cc-4203-8793-d5cc73b28209,Wave,fe86f0d3-33cc-4203-8793-d5cc73b28209,
d3900d4d-cd97-461c-957c-ac0ec6fc35e0,Dancin’,194000,True,,,Alicia Keys with Elmo,Alicia Keys|Elmo,8ef1df30-ae4f-4dbd-9351-1a32b208a01e|e6697f34-600a-4ede-826d-c3ccf11e6310,Alicia Keys,8ef1df30-ae4f-4dbd-9351-1a32b208a01e,
0b760663-2dda-4d65-89f0-2e66aeb57c0c,When,223000,True,,,Shania Twain,Shania Twain,faabb55d-3c9e-4c23-8779-732ac2ee2c0d,Shania Twain,faabb55d-3c9e-4c23-8779-732ac2ee2c0d,
a54e4643-25e8-423d-9d9e-c9a75ea9dd82,Ain’t That a Kick in the Head,,False,,,Dean Martin,Dean Martin,5e6c760b-42e0-4df4-a221-0269355da00a,Dean Martin,5e6c760b-42e0-4df4-a221-0269355da00a,
3b5aaef7-81a7-4418-8fb7-d10f4ecd7da1,한,189000,True,,,DREAMCATCHER,DREAMCATCHER,a97f393a-13a7-4645-8bba-f10bd22d7228,DREAMCATCHER,a97f393a-13a7-4645-8bba-f10bd22d7228,
51c820aa-40c0-4d2b-aa7e-6a18911102b1,I Try,236000,True,,,Macy Gray,Macy Gray,48772747-4cda-4ba8-b470-cfd5a32e05f7,Macy Gray,48772747-4cda-4ba8-b470-cfd5a32e05f7,
b6305754-3ab5-4819-a4a8-fa7791803ed4,Heavy,169000,True,,official video,Linkin Park feat. Kiiara,Linkin Park|Kiiara,f59c5520-5f46-4d2c-b2c4-822eabf53419|dbc26631-5e61-4ba2-84ff-e1423a1c288a,Linkin Park,f59c5520-5f46-4d2c-b2c4-822eabf53419,
ccab47fd-e8c3-4652-af38-43d83152c13a,Love the Way You Lie,266000,True,,,Eminem feat. Rihanna,Eminem|Rihanna,b95ce3ff-3d05-4e87-9e01-c97b66af13d4|73e5e69d-3554-40d8-8516-00cb38737a1c,Eminem,b95ce3ff-3d05-4e87-9e01-c97b66af13d4,
ed83dd4b-c46c-4d53-96ad-fc5509e98e91,Need You Now,271000,True,,,Lady Antebellum,Lady A,0eedfc95-e79a-4fd9-832a-cd816a0b3fda,Lady A,0eedfc95-e79a-4fd9-832a-cd816a0b3fda,
c9e8eba8-d153-4db9-afa3-61ea8b78c6fd,Scream,205000,True,,dance video,DREAMCATCHER,DREAMCATCHER,a97f393a-13a7-4645-8bba-f10bd22d7228,DREAMCATCHER,a97f393a-13a7-4645-8bba-f10bd22d7228,
24cf736a-de72-4cea-bffa-997355f1a4a9,There's Nothing Holdin' Me Back,,True,,,DREAMCATCHER,DREAMCATCHER,a97f393a-13a7-4645-8bba-f10bd22d7228,DREAMCATCHER,a97f393a-13a7-4645-8bba-f10bd22d7228,
38e0e381-68d8-4417-bfe6-d5d5718a0fb2,Lullaby,207000,True,,,DREAMCATCHER,DREAMCATCHER,a97f393a-13a7-4645-8bba-f10bd22d7228,DREAMCATCHER,a97f393a-13a7-4645-8bba-f10bd22d7228,
719367c5-5eca-4b5c-bb3a-5abf063ba989,What Makes You Beautiful,,True,,,DREAMCATCHER,DREAMCATCHER,a97f393a-13a7-4645-8bba-f10bd22d7228,DREAMCATCHER,a97f393a-13a7-4645-8bba-f10bd22d7228,
19198b7d-ac2f-4cf4-81ba-2f8df64195aa,Full Moon,191000,True,,,DREAMCATCHER,DREAMCATCHER,a97f393a-13a7-4645-8bba-f10bd22d7228,DREAMCATCHER,a97f393a-13a7-4645-8bba-f10bd22d7228,
f9ff5737-82f1-46e6-9fec-af3bd630bc69,What,207000,True,,Japanese version,DREAMCATCHER,DREAMCATCHER,a97f393a-13a7-4645-8bba-f10bd22d7228,DREAMCATCHER,a97f393a-13a7-4645-8bba-f10bd22d7228,
4e00454a-5a2f-4be0-879e-bae13c6a4f98,Buenos Aires,,False,,,Paul Oakenfold,Paul Oakenfold,7bf1f441-ccf1-4258-9797-07c8d16eb44c,Paul Oakenfold,7bf1f441-ccf1-4258-9797-07c8d16eb44c,
8bb0317f-b235-455e-8840-92392b13809e,Call Me the Breeze,223000,False,,"live, 2013-11-01: Later... With Jools Holland",John Mayer,John Mayer,144ef525-85e9-40c3-8335-02c32d0861f3,John Mayer,144ef525-85e9-40c3-8335-02c32d0861f3,
c6b1d913-abf5-4e8b-bb96-ed1f8a95afb0,Wildfire,230000,False,,"live, 2013-11-01: Later... With Jools Holland",John Mayer,John Mayer,144ef525-85e9-40c3-8335-02c32d0861f3,John Mayer,144ef525-85e9-40c3-8335-02c32d0861f3,
d02789d6-32b1-45a0-8674-9b626b35c3bc,Deep Blue,201000,False,,,Oceans,Oceans,5ab9d7a7-b4a3-48c9-8198-75474fa6cc9d,Oceans,5ab9d7a7-b4a3-48c9-8198-75474fa6cc9d,
e73bea04-12f9-4db1-873e-aef58ca1c2de,Hurricane,,False,,,Bob Dylan,Bob Dylan,72c536dc-7137-4477-a521-567eeb840fa8,Bob Dylan,72c536dc-7137-4477-a521-567eeb840fa8,
ad5bb224-8d77-4100-91c0-950ba53e40c4,Dear God,,False,,,XTC,XTC,97c86b2c-2765-46a2-aef8-76a7e24c430f,XTC,97c86b2c-2765-46a2-aef8-76a7e24c430f,
b6cf8201-24d5-419c-bb07-ae1e15f3efaf,The Road,387000,True,,Official video,Thylacine,Thylacine,e095407c-4103-4c66-b616-0dab1db05106,Thylacine,e095407c-4103-4c66-b616-0dab1db05106,
2917548b-9d6a-47e9-b17f-2e833c9426c3,Swan Song,203000,True,,,Dua Lipa,Dua Lipa,6f1a58bf-9b1b-49cf-a44a-6cefad7ae04f,Dua Lipa,6f1a58bf-9b1b-49cf-a44a-6cefad7ae04f,
46352e3b-3931-4c96-b140-c2674c7276fc,Floating,256000,True,,,Mac Miller,Mac Miller,a0e8a1b1-5f8f-475a-a253-17415c17d0ff,Mac Miller,a0e8a1b1-5f8f-475a-a253-17415c17d0ff,
cd23727f-6f97-4497-9c44-c46a094c39da,MARS,203000,True,,,MiZeb ft. Zate,MiZeb|Zate,863ccc59-0081-47dd-8918-c14197ff87cf|0710a0a3-bce1-4a93-a31e-9854cbab5e33,MiZeb,863ccc59-0081-47dd-8918-c14197ff87cf,
b58f1ed2-1b56-44ef-97c1-7f5d17f44774,Caution,268000,True,,,The Killers,The Killers,95e1ead9-4d31-4808-a7ac-32c3614c116b,The Killers,95e1ead9-4d31-4808-a7ac-32c3614c116b,
cd320fdf-cdbc-405a-aa17-702e6a892d87,Balcony Hotel (From 'Miss'),169000,True,,,Lambert,Lambert,ad6568eb-4f17-43dd-a799-46c7eb7e2fee,Lambert,ad6568eb-4f17-43dd-a799-46c7eb7e2fee,
914a73e7-5201-4c95-a0c9-519b69f44ead,And I Love Her,86000,True,,,Lambert,Lambert,ad6568eb-4f17-43dd-a799-46c7eb7e2fee,Lambert,ad6568eb-4f17-43dd-a799-46c7eb7e2fee,
5000ed93-ec8d-431d-baec-0908a8e35f3b,BOOM,164000,True,,,X Ambassadors,X Ambassadors,298f4089-1948-44b5-b5e8-d5381f42362f,X Ambassadors,298f4089-1948-44b5-b5e8-d5381f42362f,
7b2b88e8-9540-4dbc-ae86-d4cd245e3b51,Ohio,291000,False,,,La Femme,La Femme,559211a5-2a51-4346-ba84-5cc74821a1cd,La Femme,559211a5-2a51-4346-ba84-5cc74821a1cd,
7a54c6fe-1a78-4d45-a3a8-81182a73e2a0,Leicester,276000,True,,,Lambert,Lambert,ad6568eb-4f17-43dd-a799-46c7eb7e2fee,Lambert,ad6568eb-4f17-43dd-a799-46c7eb7e2fee,
3ad3623b-3718-4443-97a9-0e5b9690ad45,Promises,,False,,,Baauer; Fetty Wap; Dubbel Dutch,Baauer|Fetty Wap|Dubbel Dutch,61a54a1e-3fa1-4ccc-bfc2-86c1a27e27de|e3492ea0-5997-4241-a7bf-2fd7fb1bfad1|d08d514d-764b-4c82-bd5b-bb3f63e450ba,Baauer,61a54a1e-3fa1-4ccc-bfc2-86c1a27e27de,
12cbae5b-a45f-4e3c-8896-80fdfd3df4ef,Galvanize,223000,True,,Official Music video,The Chemical Brothers,The Chemical Brothers,1946a82a-f927-40c2-8235-38d64f50d043,The Chemical Brothers,1946a82a-f927-40c2-8235-38d64f50d043,
77b30699-35ab-4091-afe9-a92778b980f9,Moonshine,170000,True,,,Caravan Palace,Caravan Palace,72eabb1a-4d2c-4de6-90f2-671b2cada42b,Caravan Palace,72eabb1a-4d2c-4de6-90f2-671b2cada42b,
9354c3da-f82b-4fb4-a996-9ce617fa79da,Call Me,241000,True,,,The Hillbilly Moon Explosion,The Hillbilly Moon Explosion,9bbd2b4a-fba9-4861-b95b-269ff763e1f3,The Hillbilly Moon Explosion,9bbd2b4a-fba9-4861-b95b-269ff763e1f3,
8d0095a3-289b-4145-8d5d-83681abb07c3,I Still Haven't Found What I'm Looking For,284000,True,,"live, 1997: Wembley",Steve Winwood & Seal,Steve Winwood|Seal,885f90ef-6bd9-409a-b2df-e165e553c68e|f053ae01-dae6-4aae-9883-e8c279fdbef4,Steve Winwood,885f90ef-6bd9-409a-b2df-e165e553c68e,
b4d56076-3460-49a3-9ec1-bacfe074c0f9,Ven Conmigo,185000,True,,,RedMoon,RedMoon,78c6bc87-3baa-404e-ae87-4e511ab797b7,RedMoon,78c6bc87-3baa-404e-ae87-4e511ab797b7,USY282013214
888340f9-49ea-4e54-939d-ff247348764b,Nemesis,174000,True,,,Emmure,Emmure,98ef1696-cb7e-4ecc-be1d-22f62bb308a4,Emmure,98ef1696-cb7e-4ecc-be1d-22f62bb308a4,
1f20ded2-2811-40bc-b6ce-9b1c3ec19ae1,The Look,238000,True,,music video,Metronomy,Metronomy,93eb7110-0bc9-4d3f-816b-4b52ef982ec8,Metronomy,93eb7110-0bc9-4d3f-816b-4b52ef982ec8,
03b682c7-cf22-442f-98f7-ea74b269c48d,Bulls On Parade,,False,,live,Rage Against the Machine,Rage Against the Machine,3798b104-01cb-484c-a3b0-56adc6399b80,Rage Against the Machine,3798b104-01cb-484c-a3b0-56adc6399b80,USSM19502563
37c1533f-1ad4-4f34-b739-8b2dbd636b03,Daydreamer,236000,True,,"live, 2007-06-08: Later… with Jools Holland",Adele,Adele,cc2c9c3c-b7bc-4b8b-84d8-4fbd8779e493,Adele,cc2c9c3c-b7bc-4b8b-84d8-4fbd8779e493,
76abb4e4-c02b-4a63-83de-79bb5ebb2504,Ghosts,273000,True,,official lyric video,Paradise Lost,Paradise Lost,10bf95b6-30e3-44f1-817f-45762cdc0de0,Paradise Lost,10bf95b6-30e3-44f1-817f-45762cdc0de0,
486b9ec9-4407-4af0-a491-92d1e71f5459,Lockdown,4019000,True,,Full Live Set,THYLACINE,Thylacine,e095407c-4103-4c66-b616-0dab1db05106,Thylacine,e095407c-4103-4c66-b616-0dab1db05106,
485be352-eccc-4671-91f0-9b4df2cef6f3,Maria,223000,True,,"live, 1998-12-11: Later… with Jools Holland",Blondie,Blondie,4d2956d1-a3f7-44bb-9a41-67563e1a0c94,Blondie,4d2956d1-a3f7-44bb-9a41-67563e1a0c94,
5fc81c5e-2243-4ec1-a1a7-b2a8fc200507,Strict Machine,243000,True,,"live, 2003-05-16: Later… with Jools Holland",Goldfrapp,Goldfrapp,7b885d42-3c41-4f43-9944-a5855ec5155e,Goldfrapp,7b885d42-3c41-4f43-9944-a5855ec5155e,
5f34dc11-0e9b-40d0-88f2-b331b0d90c57,Femme Fatale,,False,,,Lou Reed,Lou Reed,9d1ebcfe-4c15-4d18-95d3-d919898638a1,Lou Reed,9d1ebcfe-4c15-4d18-95d3-d919898638a1,
4bc63686-2ca3-4569-aec1-2d559cccda6b,I Care,286000,True,,"live, 1995-11-18: Later… with Jools Holland",Soul II Soul,Soul II Soul,9350241a-d698-4489-92bf-41794f383ff3,Soul II Soul,9350241a-d698-4489-92bf-41794f383ff3,
838e8acd-6381-43c4-9506-f2e296083521,Don't Leave Me,265000,True,,"live, 1997-11-08: Later… with Jools Holland",Blackstreet,Blackstreet,d72d000b-b860-44f4-9ac1-5d82e3fff9a9,Blackstreet,d72d000b-b860-44f4-9ac1-5d82e3fff9a9,
c3dd9a40-cfbb-48e4-b15e-90142aa5ca24,Mr. Jones,282000,True,,"live, 1994-05-07: Later… with Jools Holland",Counting Crows,Counting Crows,a0327dc2-dc76-44d5-aec6-47cd2dff1469,Counting Crows,a0327dc2-dc76-44d5-aec6-47cd2dff1469,
199eb691-070d-4623-abdd-cdb5b2492b7b,Somebody,,False,,,NISH,NISH,40c47ba5-ea1b-4c36-abc2-424963f51c9e,NISH,40c47ba5-ea1b-4c36-abc2-424963f51c9e,
773d7a83-266f-4f23-bd01-c653e6fb75bf,Rehab,234000,True,,"live, 2006-11-03: Later... with Jools Holland, BBC Television Centre, White City, London, UK",Amy Winehouse,Amy Winehouse,dfe9a7c4-8cf2-47f4-9dcb-d233c2b86ec3,Amy Winehouse,dfe9a7c4-8cf2-47f4-9dcb-d233c2b86ec3,
7a6eaf75-db85-4f80-9c28-4fda368c67fc,Dreaming,181000,True,,Official video,Green Day,Green Day,084308bd-1654-436f-ba03-df6697104e19,Green Day,084308bd-1654-436f-ba03-df6697104e19,
b7882496-e785-4209-a6fc-871ccb58ddc6,Don't Know Why,214000,True,,"live, 2002-05-17: Later… with Jools Holland",Norah Jones,Norah Jones,985c709c-7771-4de3-9024-7bda29ebe3f9,Norah Jones,985c709c-7771-4de3-9024-7bda29ebe3f9,
99301281-0992-46bf-8971-49c1b0032bc3,Perfect Day,221000,True,,"live, 2003-05-16: Later… with Jools Holland",Lou Reed,Lou Reed,9d1ebcfe-4c15-4d18-95d3-d919898638a1,Lou Reed,9d1ebcfe-4c15-4d18-95d3-d919898638a1,
40dc683c-07b3-49cf-8772-6495fce59712,Graceland,335000,True,,"live, 2006-05-26: Later… with Jools Holland",Paul Simon,Paul Simon,05517043-ff78-4988-9c22-88c68588ebb9,Paul Simon,05517043-ff78-4988-9c22-88c68588ebb9,
a2fdcd59-9485-4f4b-ba2c-0357f96b3595,On My Own,,False,,,Blame feat. Ruff Sqwad,Blame|Ruff Sqwad,c5e139cf-3686-47bf-99de-657f08b4ae64|ebfb37e3-f28a-4533-817f-1518985dc1ae,Blame,c5e139cf-3686-47bf-99de-657f08b4ae64,GBDLM1000013
026b2431-8791-48d5-b070-26f6c8744637,Street Life,177000,True,,"live, 2006-11-10: Later… with Jools Holland",Randy Crawford & Joe Sample,Randy Crawford|Joe Sample,614e392a-0d63-48a2-bbd5-03265c407bd1|526a6127-7f4e-4797-8ae9-927a6e29e2d0,Randy Crawford,614e392a-0d63-48a2-bbd5-03265c407bd1,
a427a0c3-1f73-4cce-ba4b-7acd25554947,Stronger Than Me,232000,True,,"live, 2003-11-07: Later... with Jools Holland, BBC Television Centre, White City, London, UK",Amy Winehouse,Amy Winehouse,dfe9a7c4-8cf2-47f4-9dcb-d233c2b86ec3,Amy Winehouse,dfe9a7c4-8cf2-47f4-9dcb-d233c2b86ec3,
2e7c3acb-7dfb-4d5d-b819-bc143a678cff,Gdansk,152000,True,,,Lambert,Lambert,ad6568eb-4f17-43dd-a799-46c7eb7e2fee,Lambert,ad6568eb-4f17-43dd-a799-46c7eb7e2fee,
1077ae55-bf4e-4580-81f3-47ae4a0ffc19,Thank You,216000,True,,"live, 2000-11-18: Later… with Jools Holland",Dido,Dido,d1353a0c-26fb-4318-a116-defde9c7c9ad,Dido,d1353a0c-26fb-4318-a116-defde9c7c9ad,USAR19900870
72432b3a-4f8f-4bad-8aad-bf3f49c16449,Fill Me In,213000,True,,"live, 2002-04-15: Later… with Jools Holland",Craig David,Craig David,89e39f67-65cc-4f90-b145-b1b56c209f8a,Craig David,89e39f67-65cc-4f90-b145-b1b56c209f8a,
e5b6e02a-6a77-46c9-8c2e-5f58bbbf56a8,Call Me The Breeze,277000,True,,"live, 1994-11-05: Later… with Jools Holland",J.J. Cale,J.J. Cale,4b0be624-6b87-47e8-bbf0-588a2c6c0439,J.J. Cale,4b0be624-6b87-47e8-bbf0-588a2c6c0439,
70b02a43-f0d3-4275-9b76-846d5f90115a,Our House,214000,True,,"live, 1999-10-03: Later… with Jools Holland",Madness,Madness,5f58803e-8c4c-478e-8b51-477f38483ede,Madness,5f58803e-8c4c-478e-8b51-477f38483ede,
a083fec9-0fa4-4ec0-94f2-4717a105b1b0,Vesúvio,219000,False,,Vesuvio,Djavan,Djavan,751e517d-9663-4692-8c20-942e16d484c5,Djavan,751e517d-9663-4692-8c20-942e16d484c5,BRLRO1800003
e0e773a5-0a19-4284-9b68-57cfd9719be0,ENERGY,272000,True,,,Disclosure,Disclosure,ae65c507-d9a0-4d42-9a6c-2b1f82158b9f,Disclosure,ae65c507-d9a0-4d42-9a6c-2b1f82158b9f,GBUV72000276
6f3064c2-0083-4e74-b44b-c7ffd5bd9426,Speechless,341000,True,,Official: Live at the VEVO Launch Event,Lady Gaga,Lady Gaga,650e7db6-b795-4eb5-a702-5ea2fc46c848,Lady Gaga,650e7db6-b795-4eb5-a702-5ea2fc46c848,
b4f7730e-a168-40d6-b727-c66c64e78509,Nebel,192000,True,,,MiZeb,MiZeb,863ccc59-0081-47dd-8918-c14197ff87cf,MiZeb,863ccc59-0081-47dd-8918-c14197ff87cf,
fba49e63-ed34-4d69-951a-51c9eba1658e,Battle Symphony,223000,True,,official lyric,Linkin Park,Linkin Park,f59c5520-5f46-4d2c-b2c4-822eabf53419,Linkin Park,f59c5520-5f46-4d2c-b2c4-822eabf53419,
dbb2e4c2-8a79-485c-b917-67cdbb209db1,Do I Wanna Know,247000,False,,"live, SiriusXM Studios",Absofacto,Absofacto,085bbb68-d9c5-4183-8a2a-f9f7dd53d9f3,Absofacto,085bbb68-d9c5-4183-8a2a-f9f7dd53d9f3,
119430c7-329b-4d7b-9af1-a812e806b589,CASTLE OF GLASS,290000,True,,Official Video,Linkin Park,Linkin Park,f59c5520-5f46-4d2c-b2c4-822eabf53419,Linkin Park,f59c5520-5f46-4d2c-b2c4-822eabf53419,
83caa70b-f3c9-4c37-86c0-73e554600d71,Talking to Myself,231000,True,,official lyric,Linkin Park,Linkin Park,f59c5520-5f46-4d2c-b2c4-822eabf53419,Linkin Park,f59c5520-5f46-4d2c-b2c4-822eabf53419,
bec33bdb-62f8-4cb9-84e0-312c0cb029a0,Sunflower,206000,False,,"live, SiriusXM Studios",AJR,AJR,2eb55bd9-cfbf-44fd-a5da-92dd825284c7,AJR,2eb55bd9-cfbf-44fd-a5da-92dd825284c7,
2c927488-4319-4535-9bb9-341e74bb76a7,Talking To Myself,232000,True,,official video,Linkin Park,Linkin Park,f59c5520-5f46-4d2c-b2c4-822eabf53419,Linkin Park,f59c5520-5f46-4d2c-b2c4-822eabf53419,
80fa02bb-0e23-47a5-9dfe-e4eb462ea37b,Dissolve,320000,False,,"live, SiriusXM Studios",Absofacto,Absofacto,085bbb68-d9c5-4183-8a2a-f9f7dd53d9f3,Absofacto,085bbb68-d9c5-4183-8a2a-f9f7dd53d9f3,
363ee5f9-0855-4c64-842d-d8be1ec59f1e,Karma Police,269000,True,,"live, 1997-06-28: Glastonbury Festival, Glastonbury, UK",Radiohead,Radiohead,a74b1b7f-71a5-4011-9441-d0b5e4122711,Radiohead,a74b1b7f-71a5-4011-9441-d0b5e4122711,
71b5c2a2-8857-4972-8f71-9b653ebddde2,Southern Nights,203000,True,,"live, 2008-10-21: Later… with Jools Holland",Allen Toussaint,Allen Toussaint,ec21cced-2d22-4883-9ee3-f642e6e52f58,Allen Toussaint,ec21cced-2d22-4883-9ee3-f642e6e52f58,
84e955cb-aab5-4a71-8c5f-96e63595e900,Talkin’ Bout a Revolution,179000,True,,"live, 2002‐11‐15: Later… with Jools Holland",Tracy Chapman,Tracy Chapman,1129817c-488a-4096-80c1-77fc1b107c93,Tracy Chapman,1129817c-488a-4096-80c1-77fc1b107c93,
7b5ca792-c79d-4d99-908c-641c2a4ad709,Put Your Records On,221000,True,,"live, 2006-05-06: Later… with Jools Holland",Corinne Bailey Rae,Corinne Bailey Rae,bc85c6f6-6b06-44c1-8754-ef32c1e6b824,Corinne Bailey Rae,bc85c6f6-6b06-44c1-8754-ef32c1e6b824,
ddc768a6-eb9e-4e62-b517-5a23dd59b4e6,Skinny Love,248000,True,,"live, 2008-05-16: Later… with Jools Holland",Bon Iver,Bon Iver,437a0e49-c6ae-42f6-a6c1-84f25ed366bc,Bon Iver,437a0e49-c6ae-42f6-a6c1-84f25ed366bc,
a150cb0e-e8bf-4239-a193-9fbdec3c3bbd,Say So,236000,True,,clean,Doja Cat,Doja Cat,5df62a88-cac9-490a-b62c-c7c88f4020f4,Doja Cat,5df62a88-cac9-490a-b62c-c7c88f4020f4,
782b440c-ed9d-4fe2-8d63-de29f9ceb1f8,I'm A Man,229000,True,,"live, 1996-06-15: Later… with Jools Holland",Bo Diddley,Bo Diddley,bf659d74-0b61-488c-8a7d-594f43bed9e0,Bo Diddley,bf659d74-0b61-488c-8a7d-594f43bed9e0,
301a9f52-f7b4-413a-8338-0962abbd0628,Daniel,233000,True,,"live, 2009-04-29: Later… with Jools Holland",Bat for Lashes,Bat for Lashes,10000730-525f-4ed5-aaa8-92888f060f5f,Bat for Lashes,10000730-525f-4ed5-aaa8-92888f060f5f,
18def4dc-682e-480c-8144-203ca369f9bf,Könige für einen Tag,232000,True,,"live, 2000",Böhse Onkelz,Böhse Onkelz,b3a70929-32bc-4ace-994f-434b26ce96fe,Böhse Onkelz,b3a70929-32bc-4ace-994f-434b26ce96fe,
fbe871bf-3feb-4b04-9dbe-e1a2b0dbd91b,Mexico,216000,True,,"live, 2014-06-21: Hockenheimring, Hockenheim, Germany",Böhse Onkelz,Böhse Onkelz,b3a70929-32bc-4ace-994f-434b26ce96fe,Böhse Onkelz,b3a70929-32bc-4ace-994f-434b26ce96fe,
b25cd30d-63a3-48f1-834a-465a8c3d4243,Demons,211000,True,,official music video,The National,The National,664c3e0e-42d8-48c1-b209-1efca19c0325,The National,664c3e0e-42d8-48c1-b209-1efca19c0325,
4ab7684d-c42c-4425-83ea-d61123d7f724,Yesterdays,200000,True,,,Guns N’ Roses,Guns N’ Roses,eeb1195b-f213-4ce1-b28c-8565211f8e43,Guns N’ Roses,eeb1195b-f213-4ce1-b28c-8565211f8e43,
8da7f49f-ab78-40ad-adf2-ae648735380a,Sweet Child O' Mine (Live),344000,True,,,Guns N’ Roses,Guns N’ Roses,eeb1195b-f213-4ce1-b28c-8565211f8e43,Guns N’ Roses,eeb1195b-f213-4ce1-b28c-8565211f8e43,
12319bfb-4f04-49ff-b7f0-efe26bcff4cc,Burn the Witch,239000,True,,,Radiohead,Radiohead,a74b1b7f-71a5-4011-9441-d0b5e4122711,Radiohead,a74b1b7f-71a5-4011-9441-d0b5e4122711,
19bc4f5c-2167-4b2c-aa68-9383c61723e0,Hardwired,199000,True,,,Metallica,Metallica,65f4f0c5-ef9e-490c-aee3-909e7ae6b2ab,Metallica,65f4f0c5-ef9e-490c-aee3-909e7ae6b2ab,
db6e22f1-95e8-47fc-b0c1-f205cbc4e17b,Out Out,120000,True,,,Lambert,Lambert,ad6568eb-4f17-43dd-a799-46c7eb7e2fee,Lambert,ad6568eb-4f17-43dd-a799-46c7eb7e2fee,
85c503d4-d797-446f-bad3-9f4e78da6992,Paradise,237000,True,,"live, 2019-06-28: Pyramid Stage, Glastonbury Festival, England",George Ezra,George Ezra,2c5e2a98-d9ea-46b5-9618-d9bb4863a920,George Ezra,2c5e2a98-d9ea-46b5-9618-d9bb4863a920,
6bbb070c-054c-4826-a84b-5743d2016afe,ilomilo,161000,True,,"live, 2019-06-30: Other Stage, Glastonbury Festival, England",Billie Eilish,Billie Eilish,f4abc0b5-3f7a-4eff-8f78-ac078dbce533,Billie Eilish,f4abc0b5-3f7a-4eff-8f78-ac078dbce533,
3296e858-08bb-4e4d-87e9-e364df3a1c26,Work Song,178000,True,,"live, 2011-04-15: Rehersal for Later… with Jools Holland",Gregory Porter & Jools Holland,Gregory Porter|Jools Holland,7ac1e33f-0cdf-4e81-b914-41830700d746|29a6f210-8c16-404a-9c0f-c26e26ecb29c,Gregory Porter,7ac1e33f-0cdf-4e81-b914-41830700d746,
5dde54df-7648-4bf7-b9af-609b4ebf104f,With a Little Help From My Friends,435000,True,,"live, 2013-06-30: Pyramid Stage, Glastonbury Festival, UK",Mumford & Sons,Mumford & Sons,c44e9c22-ef82-4a77-9bcd-af6c958446d6,Mumford & Sons,c44e9c22-ef82-4a77-9bcd-af6c958446d6,
0e6d1ac2-800b-4219-a6b8-8d8f9e017e68,Illusion,198000,True,,"live, 2011-04-15: Later… with Jools Holland",Gregory Porter & Jools Holland,Gregory Porter|Jools Holland,7ac1e33f-0cdf-4e81-b914-41830700d746|29a6f210-8c16-404a-9c0f-c26e26ecb29c,Gregory Porter,7ac1e33f-0cdf-4e81-b914-41830700d746,
e91c9c07-4535-4b92-999c-1da7471e4dbc,Everlong,307000,True,,"live, 2017-06-24: Pyramid Stage, Glastonbury Festival, England",Foo Fighters,Foo Fighters,67f66c07-6e61-4026-ade5-7e782fad3a5d,Foo Fighters,67f66c07-6e61-4026-ade5-7e782fad3a5d,
5a0f5be9-fb55-4798-8564-cf4598def9ed,Someone You Loved,223000,True,,"live, 2019-06-29: Other Stage, Glastonbury Festival, UK",Lewis Capaldi,Lewis Capaldi,526aab94-697f-44a9-b630-41d1c0505953,Lewis Capaldi,526aab94-697f-44a9-b630-41d1c0505953,
445976aa-fe30-45d2-a305-2dc5a4d21a59,Hymn for the Weekend,243000,True,,"live, 2016-06-26: Pyramid Stage, Glastonbury Festival, England",Coldplay,Coldplay,cc197bad-dc9c-440d-a5b5-d52ba2e14234,Coldplay,cc197bad-dc9c-440d-a5b5-d52ba2e14234,
433b44d1-1de4-4b16-a1a2-f4ab51336d21,Friday I’m in Love,205000,True,,"live, 2019‐06‐30: Pyramid Stage, Glastonbury Festival, UK",The Cure,The Cure,69ee3720-a7cb-4402-b48d-a02c366f2bcf,The Cure,69ee3720-a7cb-4402-b48d-a02c366f2bcf,
5bc3454a-722d-46bc-af51-1ce09fc3004b,Illuminate,271000,True,,,Dark Sarah,Dark Sarah,6fdcb2f9-61b1-47fe-90b2-f5cfa0164b3e,Dark Sarah,6fdcb2f9-61b1-47fe-90b2-f5cfa0164b3e,
d2c4c6a9-16f8-4449-881b-908d3089a7b1,Sea of Love,217000,False,,"live, 2013-05-09: The Cutting Room, New York, NY, USA",The National,The National,664c3e0e-42d8-48c1-b209-1efca19c0325,The National,664c3e0e-42d8-48c1-b209-1efca19c0325,
12deab87-6fb3-4450-8fcc-2d9c38246a7e,Nothing Else Matters,388000,True,,,Metallica & San Francisco Symphony,Metallica|San Francisco Symphony,65f4f0c5-ef9e-490c-aee3-909e7ae6b2ab|deebc49a-6e06-418e-860f-8c7f770a8bac,Metallica,65f4f0c5-ef9e-490c-aee3-909e7ae6b2ab,
00aa8e65-c99d-44f1-9bf2-422143680f8d,Times Like These,,False,,,Foo Fighters,Foo Fighters,67f66c07-6e61-4026-ade5-7e782fad3a5d,Foo Fighters,67f66c07-6e61-4026-ade5-7e782fad3a5d,
cf267093-4990-4462-ba25-b446ca323dc1,Runaway,531000,True,,"live, director's cut, 2010-05-15: Brooklyn Academy of Music, NY, USA",The National,The National,664c3e0e-42d8-48c1-b209-1efca19c0325,The National,664c3e0e-42d8-48c1-b209-1efca19c0325,
aef080ef-aac9-4c69-bc8a-abd8032d3f63,Sorrow,216000,True,,"live, uncut, 2010-05-15: Brooklyn Academy of Music, NY, USA",The National,The National,664c3e0e-42d8-48c1-b209-1efca19c0325,The National,664c3e0e-42d8-48c1-b209-1efca19c0325,
6f2e672a-4ee9-4a6e-b883-52b733eab084,Low,,False,,,Foo Fighters,Foo Fighters,67f66c07-6e61-4026-ade5-7e782fad3a5d,Foo Fighters,67f66c07-6e61-4026-ade5-7e782fad3a5d,
38ecb4e1-5a6a-4f65-9f2f-215ca4004cb6,Sorrow,290000,True,,"live, director's cut, 2010-05-15: Brooklyn Academy of Music, NY, USA",The National,The National,664c3e0e-42d8-48c1-b209-1efca19c0325,The National,664c3e0e-42d8-48c1-b209-1efca19c0325,
38857ce8-a68f-421a-9f6c-22daa556c316,Aurora,,False,,,Foo Fighters,Foo Fighters,67f66c07-6e61-4026-ade5-7e782fad3a5d,Foo Fighters,67f66c07-6e61-4026-ade5-7e782fad3a5d,
d660ab3c-5a75-4e55-a7b1-4933d4386105,Runaway,362000,True,,"live, uncut, 2010-05-15: Brooklyn Academy of Music, NY, USA",The National,The National,664c3e0e-42d8-48c1-b209-1efca19c0325,The National,664c3e0e-42d8-48c1-b209-1efca19c0325,
fa6455e1-6fbf-46bb-a35f-a6c605c16062,Omen,198000,True,,official video,The Prodigy,The Prodigy,4a4ee089-93b1-4470-af9a-6ff575d32704,The Prodigy,4a4ee089-93b1-4470-af9a-6ff575d32704,
c1f9944b-5853-4f4d-9d12-fc1495059d4d,Summer Rain,195000,False,,,Oceans,Oceans,5ab9d7a7-b4a3-48c9-8198-75474fa6cc9d,Oceans,5ab9d7a7-b4a3-48c9-8198-75474fa6cc9d,
35765ef0-1860-4a05-af77-f163665c08ac,Harvest Moon,,True,,,Neil Young,Neil Young,75167b8b-44e4-407b-9d35-effe87b223cf,Neil Young,75167b8b-44e4-407b-9d35-effe87b223cf,
f7827335-1e5f-4195-991b-2c6a7a2067ac,Another World,270000,True,,,Gojira,Gojira,1c5efd53-d6b6-4d63-9d22-a15025cf5f07,Gojira,1c5efd53-d6b6-4d63-9d22-a15025cf5f07,
f508ef05-edfe-47a1-bdd9-8f55001ddedb,Fake Plastic Trees,294000,True,,,Hayley Williams,Hayley Williams,b4b5b5a7-feff-47d0-9458-83d0d135a692,Hayley Williams,b4b5b5a7-feff-47d0-9458-83d0d135a692,
1aa07832-f10e-42d3-92af-679614db7123,Teri Deewani,242000,True,,,Sanam feat. Sandeep Thakur,Sanam|Sandeep Thakur,b458fc3f-b9b5-4ff3-ba6a-748c9a1aac83|27412539-e815-43ed-bfd2-4cb312650571,Sanam,b458fc3f-b9b5-4ff3-ba6a-748c9a1aac83,
2c3b1873-a365-4a47-87df-1a2157d0f23b,Hanoï Café,232000,True,,,Bleu Toucan,Bleu Toucan,d034712a-f6b2-49e3-b8eb-4cc93f964b9d,Bleu Toucan,d034712a-f6b2-49e3-b8eb-4cc93f964b9d,
d7709a75-8d7f-4656-b749-82b1d7385bf1,BOCA,217000,True,,"live, 2020-08-23: Inkigayo Ep. 1061",DREAMCATCHER,DREAMCATCHER,a97f393a-13a7-4645-8bba-f10bd22d7228,DREAMCATCHER,a97f393a-13a7-4645-8bba-f10bd22d7228,
ad355391-eb6d-4bd1-a949-827b32f89f14,Nothing Like the Oldschool,236000,False,,original mix,Sefa & D-Sturb,Sefa|D-Sturb,b5416a54-4941-4fcf-b2a0-7f98da6f9344|91f1468d-ee66-4925-aa13-a7d830b5e6da,Sefa,b5416a54-4941-4fcf-b2a0-7f98da6f9344,
1647d113-b7fd-4587-9d4c-7682e50bb3a2,I'm With You,240000,False,,,Da Tweekaz & Gammer,Da Tweekaz|Gammer,1127158d-787a-4dbe-8180-b9e695c02504|ce019954-4e3d-4dd2-adc7-3c9308589d2b,Da Tweekaz,1127158d-787a-4dbe-8180-b9e695c02504,
4a0c6880-7314-4cc1-a539-f0ff3bfa9ee7,Dear,152000,True,,"live, 2020-08-21: Music Bank",DREAMCATCHER,DREAMCATCHER,a97f393a-13a7-4645-8bba-f10bd22d7228,DREAMCATCHER,a97f393a-13a7-4645-8bba-f10bd22d7228,
1216b919-e475-48c6-8c2a-0ea492f3b72a,BOCA,201000,True,,"live, 2020-08-21: Music Bank",DREAMCATCHER,DREAMCATCHER,a97f393a-13a7-4645-8bba-f10bd22d7228,DREAMCATCHER,a97f393a-13a7-4645-8bba-f10bd22d7228,
8c29d452-c5bb-4d88-b97c-7eb7aa577292,Bella Ciao,143000,False,,,Mercedes Sosa,Mercedes Sosa,324b9329-7be6-491f-9ee1-65bfa10c7577,Mercedes Sosa,324b9329-7be6-491f-9ee1-65bfa10c7577,
85891d6f-7cc7-4e1b-b269-898cfb246318,BOCA,206000,True,,M2 Relay Dance ver.,DREAMCATCHER,DREAMCATCHER,a97f393a-13a7-4645-8bba-f10bd22d7228,DREAMCATCHER,a97f393a-13a7-4645-8bba-f10bd22d7228,
5ed3292e-7058-4535-962c-fcd0cf7849bc,BOCA,190000,True,,"live, 2020-08-22: Show! Music Core",DREAMCATCHER,DREAMCATCHER,a97f393a-13a7-4645-8bba-f10bd22d7228,DREAMCATCHER,a97f393a-13a7-4645-8bba-f10bd22d7228,
2a41ba62-de28-4ff8-ae3f-b6adf72fd4e7,セックス大好き,145000,True,,,Pink Guy,Pink Guy,16c30e33-0f97-4146-9bec-dc21d074eaec,Pink Guy,16c30e33-0f97-4146-9bec-dc21d074eaec,
bc619a62-33e5-48fe-a6de-563f23ee5960,Chuva de Prata,187000,False,,,Gal Costa & Caetano Veloso,Gal Costa|Caetano Veloso,fc63a914-272d-4b95-9221-61adcce6f793|f07dbc2f-317b-470f-bad4-5f1b0eb6faf1,Gal Costa,fc63a914-272d-4b95-9221-61adcce6f793,
aa81edb8-11a3-423e-bc38-0b86d11d7843,Dreams,345000,False,,,Smoke City,Smoke City,7fbfcd25-9ce2-4ef4-9270-e971ea61fb4a,Smoke City,7fbfcd25-9ce2-4ef4-9270-e971ea61fb4a,
e4958adf-972f-4867-9037-a777baaa714d,Relación (remix),249000,True,,Video oficial,"Sech, Daddy Yankee, J Balvin ft. ROSALÍA, Farruko",Sech|Daddy Yankee|J Balvin|ROSALÍA|Farruko,709f5e96-51cd-49b4-a8e4-0ca0bf808de3|2f522f5c-111c-4ce8-8bd0-d82e97c227ad|5bdeb32d-56a5-4b6d-a768-264101fa0a0a|25f3abd9-63b5-471a-bd25-feb9672dfa11|d2b3524f-67e8-45ef-bfc1-693cac525135,Sech,709f5e96-51cd-49b4-a8e4-0ca0bf808de3,
d7e72e51-3f34-495a-a4ae-4898431e2538,All Along the Watchtower,,False,,,Eric Clapton,Eric Clapton,618b6900-0618-4f1e-b835-bccb17f84294,Eric Clapton,618b6900-0618-4f1e-b835-bccb17f84294,
13869d44-c1a3-4c0a-a98a-bee1cdc80216,Nothing to Lose,232000,True,,,Billy Talent,Billy Talent,fd429857-5ace-4609-ae54-1502c3bdac11,Billy Talent,fd429857-5ace-4609-ae54-1502c3bdac11,
7c769194-2f98-487a-8c23-ae34c97f413e,Jeremy,333000,True,,,Pearl Jam,Pearl Jam,83b9cbe7-9857-49e2-ab8e-b57b01038103,Pearl Jam,83b9cbe7-9857-49e2-ab8e-b57b01038103,
0698ca0e-3b99-4858-aa63-023040aee05c,Invisible,283000,True,,,Hunter Hayes,Hunter Hayes,0c75ddc6-2b5d-4b01-8c99-3d9479a14683,Hunter Hayes,0c75ddc6-2b5d-4b01-8c99-3d9479a14683,
74f6bde2-c8ca-44c8-8958-3a376a50187f,Drift Away (Numa Numa Yay),204000,False,,,Refuzion,Refuzion,858b3a91-2f3c-40ee-a60b-a7f5b2162220,Refuzion,858b3a91-2f3c-40ee-a60b-a7f5b2162220,
a428ab9c-37df-4783-a0d5-59dd01f352a4,Sugar,279000,True,,,Sufjan Stevens,Sufjan Stevens,01d3c51b-9b98-418a-8d8e-37f6fab59d8c,Sufjan Stevens,01d3c51b-9b98-418a-8d8e-37f6fab59d8c,
3b0119b0-a613-45ae-9e76-ea6422d9890a,Qu'est-ce qui va pas ?,207000,True,,Clip officiel,Pogo Car Crash Control,Pogo Car Crash Control,6d0155d7-bb0b-4811-b345-7ec29bda8994,Pogo Car Crash Control,6d0155d7-bb0b-4811-b345-7ec29bda8994,
3fd852e9-6918-40d5-bd57-57c8bbbc0c9d,The Sound of Silence,302000,False,,,Passenger,Passenger,186e216a-2f8a-41a1-935f-8e30c018a8fe,Passenger,186e216a-2f8a-41a1-935f-8e30c018a8fe,
829ade85-3c8e-459b-9a2a-5b980b0410cd,Thank You,215000,False,,,Jay Sean,Jay Sean,e03cf5b6-d2ec-4465-adee-226b518bcfcd,Jay Sean,e03cf5b6-d2ec-4465-adee-226b518bcfcd,
d7b4e8af-c0b3-4b22-93f9-2a1652ab04c2,Indian Summer,200000,False,,,EDX,EDX,abd1b98c-b601-4053-aaee-e3b8f35bcf44,EDX,abd1b98c-b601-4053-aaee-e3b8f35bcf44,
e11664ab-14ff-4cee-92fb-4328e1d8ef62,San Pedro,241000,False,,,Mogwai,Mogwai,d700b3f5-45af-4d02-95ed-57d301bda93e,Mogwai,d700b3f5-45af-4d02-95ed-57d301bda93e,
4415e35d-04ae-478b-aff3-575d12a04c25,Eyes,,False,,,Kygo and The Chainsmokers feat. Shawn Mendes,Kygo|The Chainsmokers|Shawn Mendes,ba0e7638-0cd6-4ff4-8987-c3e224d22c23|91a81925-92f9-4fc9-b897-93cf01226282|b7d92248-97e3-4450-8057-6fe06738f735,Kygo,ba0e7638-0cd6-4ff4-8987-c3e224d22c23,
db0763d5-46fc-4cd0-ae7c-9eea18596284,Calm,156000,True,,,MiZeb,MiZeb,863ccc59-0081-47dd-8918-c14197ff87cf,MiZeb,863ccc59-0081-47dd-8918-c14197ff87cf,
d98eefe5-9c08-4d0b-bc34-03102497a65a,Roadrunner,197000,True,,,Kwam.e x Naru,Kwam.E|Naru,c6a96d4d-75ce-4fc5-b1d3-4b5e3cc7c11b|524a1601-e6e8-4e15-82c2-1081579d9a44,Kwam.E,c6a96d4d-75ce-4fc5-b1d3-4b5e3cc7c11b,
1b1be665-3163-4503-9ab2-9cb219244391,Sorry,209000,True,,,Nullzweizwei,Nullzweizwei,692fa8bb-c980-4c04-9e45-4ce0edad468f,Nullzweizwei,692fa8bb-c980-4c04-9e45-4ce0edad468f,
54eea9af-5410-42aa-83b9-71bd1cf34b00,Love Hurts,226000,False,,,Emmylou Harris & Elvis Costello,Emmylou Harris|Elvis Costello,35ef61ca-43db-4772-ba27-0489e9ebcb69|8a338e06-d182-46f2-bd16-30a09bc840ba,Emmylou Harris,35ef61ca-43db-4772-ba27-0489e9ebcb69,
739f1947-7eac-47c5-9f5e-f094a6f8c690,Bleeding Love,,False,,,Danny Avila & Ekko City,Danny Avila|Ekko City,6bf5af0d-9536-4700-b400-5bacbeed5a78|c2b6f041-29e3-4f8a-9659-ec73a80af6ad,Danny Avila,6bf5af0d-9536-4700-b400-5bacbeed5a78,AUCN32000227
9f1a20b4-56c9-4692-b7d4-e07b39324569,Jolene,179000,False,,live,Fiona Apple,Fiona Apple,a9ee533f-8871-4f62-a6bb-91eb264abc90,Fiona Apple,a9ee533f-8871-4f62-a6bb-91eb264abc90,
a1190ed4-761f-4e92-92c8-980198cf1837,September,252000,True,,,Pomplamoose,Pomplamoose,63d61461-ecfe-4057-896b-3ba3ff3111eb,Pomplamoose,63d61461-ecfe-4057-896b-3ba3ff3111eb,
a930b5dc-ba0f-44f4-aa56-a3eb2e532fca,Tick Tock,184000,True,,,Clean Bandit and Mabel feat. 24kGoldn,Clean Bandit|Mabel|24kGoldn,dacc2d64-7e59-42a8-87a9-10c53919aff2|3a592f93-5c88-4b7c-a10f-8eb3dcbadde7|0fe5df51-ba65-4784-ba85-7d024a107a8a,Clean Bandit,dacc2d64-7e59-42a8-87a9-10c53919aff2,
021ec9da-5bb1-4131-9479-43273863c1a6,When I Fall in Love,,False,,,Miles Davis,Miles Davis,561d854a-6a28-4aa7-8c99-323e6ce46c2a,Miles Davis,561d854a-6a28-4aa7-8c99-323e6ce46c2a,
0408d62d-362e-4900-8bae-ad1efd6483f7,Yesterdays,,False,,,Miles Davis,Miles Davis,561d854a-6a28-4aa7-8c99-323e6ce46c2a,Miles Davis,561d854a-6a28-4aa7-8c99-323e6ce46c2a,
0891b6b0-69f5-46aa-8194-10dc720cbaa0,Just Breathe,216000,True,,,Miley Cyrus & The Social Distancers,Miley Cyrus,7e9bd05a-117f-4cce-87bc-e011527a8b18,Miley Cyrus,7e9bd05a-117f-4cce-87bc-e011527a8b18,
8d318ab9-af99-4922-8e85-4744e29d7b26,All Blues,,False,,,Miles Davis,Miles Davis,561d854a-6a28-4aa7-8c99-323e6ce46c2a,Miles Davis,561d854a-6a28-4aa7-8c99-323e6ce46c2a,
c09bd4d9-f8a7-472d-883d-c47d9ff4668b,Alone Together,,False,,,Miles Davis,Miles Davis,561d854a-6a28-4aa7-8c99-323e6ce46c2a,Miles Davis,561d854a-6a28-4aa7-8c99-323e6ce46c2a,
813a7aa5-5227-468f-a01e-77f2c8be6cdd,"Cavalleria rusticana: “Mamma, quel vino è generoso”",,False,,,"Jussi Björling, Sveriges Radios Symfoniorkester, Nils Grevillius",Jussi Björling|Sveriges Radios Symfoniorkester|Nils Grevillius,819a8713-67b7-4d15-bfa4-45a6c81cc1ee|b8ae9f1e-cecd-4c20-8f3b-9683944af0eb|28f23698-fd5e-4fbb-82ee-07058aa342c1,Jussi Björling,819a8713-67b7-4d15-bfa4-45a6c81cc1ee,
e053ae5a-9a60-442a-9b93-84c36a0df16c,Fell In Love With a Girl,160000,True,,"live, 2001-11-19: Later… with Jools Holland",The White Stripes,The White Stripes,11ae9fbb-f3d7-4a47-936f-4c0a04d3b3b5,The White Stripes,11ae9fbb-f3d7-4a47-936f-4c0a04d3b3b5,
78f03310-fb8c-4a56-9b68-14e3b29bbee7,Please Forgive Me,1362000,True,,,Drake,Drake,9fff2f8a-21e6-47de-a2b8-7f449929d43f,Drake,9fff2f8a-21e6-47de-a2b8-7f449929d43f,
3e8eceb1-7016-44ee-8763-d7628d55ad06,Time to Pretend,233000,True,,"live, 2008-02-22: Later… with Jools Holland",MGMT,MGMT,c485632c-b784-4ee9-8ea1-c5fb365681fc,MGMT,c485632c-b784-4ee9-8ea1-c5fb365681fc,
02886e37-34b9-4d78-aa63-bd5b365c3d63,Somebody Told Me,208000,True,,"live, 2004-06-04: Later… with Jools Holland",The Killers,The Killers,95e1ead9-4d31-4808-a7ac-32c3614c116b,The Killers,95e1ead9-4d31-4808-a7ac-32c3614c116b,
5d37df38-109d-45ea-917c-8ed9d468dcf2,Crossroads,288000,True,,"live, 2010-11-05: Later… with Jools Holland",Eric Clapton,Eric Clapton,618b6900-0618-4f1e-b835-bccb17f84294,Eric Clapton,618b6900-0618-4f1e-b835-bccb17f84294,
343351ff-135f-45bf-ac5c-8a6fade7ca3d,Last Request,209000,True,,"live, 2006-06-16: Later… with Jools Holland",Paolo Nutini,Paolo Nutini,24ea074c-59cc-41c5-a5de-f68c2952965f,Paolo Nutini,24ea074c-59cc-41c5-a5de-f68c2952965f,
c90f85aa-86db-40a3-b897-3242cfff288e,Breaking the Habit,237000,True,,,Jonathan Young,Jonathan Young,5ec79d60-04dc-4e3e-84d4-67357759049e,Jonathan Young,5ec79d60-04dc-4e3e-84d4-67357759049e,
4d147915-b13f-454d-885e-47cdad4a316a,Time Warp,189000,True,,,Tenacious D,Tenacious D,148ddea2-6839-4354-8e2c-5dfadf136b7f,Tenacious D,148ddea2-6839-4354-8e2c-5dfadf136b7f,
09fa11d9-68ab-4141-ac90-929483a7d387,Dead Man's Party,344000,True,,in the style of Iron Maiden,Protest the Hero + Dethklok,Protest the Hero|Dethklok,6318e724-7e6b-4e41-a35b-080065077c80|1afcd689-9be4-4d1a-a9fa-49e086250f51,Protest the Hero,6318e724-7e6b-4e41-a35b-080065077c80,
ec872d6b-1830-4416-958e-2bb1576c21c8,Dancin’,448000,False,,,Aaron Smith,Aaron Smith,4caea77b-cfcf-4eba-8c97-6ca137474d98,Aaron Smith,4caea77b-cfcf-4eba-8c97-6ca137474d98,
d4ac5049-1c45-41b0-a443-596a1f36ea56,Wildest Moments,231000,True,,"live, 2012-10-12: Later... with Jools Holland, BBC Television Centre, White City, London, UK",Jessie Ware,Jessie Ware,6ed40778-8d03-4a5c-ad35-93cf814627c9,Jessie Ware,6ed40778-8d03-4a5c-ad35-93cf814627c9,
ed469832-87ae-43ef-81ca-807d5f401f98,Desire,207000,True,,"live, 2014-10-28: Later Live... with Jools Holland, Maidstone Studios, Kent, UK",Years & Years,Years & Years,9f23b7c3-baa6-4e38-b1a9-5c38359ad982,Years & Years,9f23b7c3-baa6-4e38-b1a9-5c38359ad982,
a504067a-2e03-4f12-af86-84c7dbe83e86,Latch,232000,True,,"live, 2013-06-04: Later Live... with Jools Holland, Maidstone Studios, Kent, UK",Disclosure feat. Sam Smith,Disclosure|Sam Smith,ae65c507-d9a0-4d42-9a6c-2b1f82158b9f|5a85c140-dcf9-4dd2-b2c8-aff0471549f3,Disclosure,ae65c507-d9a0-4d42-9a6c-2b1f82158b9f,
34c44fee-4029-46c2-accf-1594b35257bc,Wind of Change,284000,True,,,Scorpions,Scorpions,c3cceeed-3332-4cf0-8c4c-bbde425147b6,Scorpions,c3cceeed-3332-4cf0-8c4c-bbde425147b6,
f738e012-1f13-4db0-a00b-302e1d4a5fd6,The Final Countdown,296000,True,,,Europe,Europe,ccfe7a3c-1a45-4984-a8d0-644549cefe61,Europe,ccfe7a3c-1a45-4984-a8d0-644549cefe61,
cd0a400b-7774-44d6-884e-ce7f55c2d201,Polly,,True,,"MTV Unplugged in New York, Unedited Version",Nirvana,Nirvana,5b11f4ce-a62d-471e-81fc-a69a8278c7da,Nirvana,5b11f4ce-a62d-471e-81fc-a69a8278c7da,
cfbaa0dc-9eaf-4d2e-996e-e5ce830ccba9,Come as You Are,,True,,"MTV Unplugged in New York, Unedited Version",Nirvana,Nirvana,5b11f4ce-a62d-471e-81fc-a69a8278c7da,Nirvana,5b11f4ce-a62d-471e-81fc-a69a8278c7da,
7348ce3c-7feb-4b74-84ee-28c241747ab4,Christmas Don't Be Late,124000,False,,,Anthony Green & Tilian,Anthony Green|Tilian,eba4c290-2ce6-42c9-affd-5b1ffab84a8f|e1acdbc3-d87a-47df-a267-d1db9b3faeb5,Anthony Green,eba4c290-2ce6-42c9-affd-5b1ffab84a8f,
ec0aac69-9b84-4d41-b446-2799417d62bc,Missing You,225000,True,,,Sungha Jung,Sungha Jung,a6c66fb5-c835-4b72-ac97-104cca0d24b1,Sungha Jung,a6c66fb5-c835-4b72-ac97-104cca0d24b1,
39d5fbd6-7728-4cdd-aa88-c58ba2a4796c,Waltzing Matilda,225000,True,,"live, 2012-12-01: Konserthuset, Gothenburg, Sweden",Tommy Emmanuel & Gabriella Quevedo,Tommy Emmanuel|Gabriella Quevedo,50c629c6-6f22-4bf9-a3c2-f2855e6704be|59813728-bd06-42f7-84ff-d930db7b265e,Tommy Emmanuel,50c629c6-6f22-4bf9-a3c2-f2855e6704be,
612fa81e-62e5-40b3-831d-708eb6023d82,Billie Jean,259000,True,,"live, 2011-01-28: Växjö, Sweden",Sungha Jung & Gabriella Quevedo,Sungha Jung|Gabriella Quevedo,a6c66fb5-c835-4b72-ac97-104cca0d24b1|59813728-bd06-42f7-84ff-d930db7b265e,Sungha Jung,a6c66fb5-c835-4b72-ac97-104cca0d24b1,
2f4bbc83-0617-4190-83fc-324e3406cad2,Fake,213000,True,,"live, 2012-08-26: Blomberg, Germany",Sungha Jung & Gabriella Quevedo,Sungha Jung|Gabriella Quevedo,a6c66fb5-c835-4b72-ac97-104cca0d24b1|59813728-bd06-42f7-84ff-d930db7b265e,Sungha Jung,a6c66fb5-c835-4b72-ac97-104cca0d24b1,
bc55663a-8d68-4e05-9551-68d2a6757372,Meltdown,,False,,"live, 2016‐12‐01: MuseumsQuartier, Vienna, Austria",King Crimson = キング・クリムゾン,King Crimson|King Crimson,b38225b8-8e5f-42aa-bcdc-7bae5b5bdab3|b38225b8-8e5f-42aa-bcdc-7bae5b5bdab3,King Crimson,b38225b8-8e5f-42aa-bcdc-7bae5b5bdab3,
fa7f5f5b-659c-417d-b980-112daeb63393,"Straight, No Chaser",,False,,,Miles Davis,Miles Davis,561d854a-6a28-4aa7-8c99-323e6ce46c2a,Miles Davis,561d854a-6a28-4aa7-8c99-323e6ce46c2a,
d77f7e85-e8fe-481e-95ba-2e828b2036d8,'Round Midnight,,False,,,Miles Davis,Miles Davis,561d854a-6a28-4aa7-8c99-323e6ce46c2a,Miles Davis,561d854a-6a28-4aa7-8c99-323e6ce46c2a,
0bfdceab-239c-42ea-b26f-b57e808fa4a7,Fiction,243000,False,,Single downloadable,Abdullah Siddiqui,Abdullah Siddiqui,9d2ae122-ade9-41c2-829d-5884c6880d41,Abdullah Siddiqui,9d2ae122-ade9-41c2-829d-5884c6880d41,
13438aee-5520-4409-b90b-4e230020bd3f,You Might Need Somebody,,False,,,Shola Ama,Shola Ama,b4806361-a71f-4bf3-981b-e65412b5e536,Shola Ama,b4806361-a71f-4bf3-981b-e65412b5e536,
155e6309-837d-4fcd-98c7-1c6878ecbb97,Say Goodbye,354000,False,,,Sako Isoyan,Sako Isoyan,d8160d46-70b4-443c-b821-bfe506d16016,Sako Isoyan,d8160d46-70b4-443c-b821-bfe506d16016,
f6f66b82-1535-499a-a916-e3e81cad5b38,Hurt,286000,True,,,Mumford & Sons,Mumford & Sons,c44e9c22-ef82-4a77-9bcd-af6c958446d6,Mumford & Sons,c44e9c22-ef82-4a77-9bcd-af6c958446d6,
bedfd41f-6039-4dc4-a9ad-d711d30d1c51,Closer,258000,False,,www.ninremix.cjb.net,Nine Inch Nails,Nine Inch Nails,b7ffd2af-418f-4be2-bdd1-22f8b48613da,Nine Inch Nails,b7ffd2af-418f-4be2-bdd1-22f8b48613da,
a9006d41-6b13-4b96-94bf-8b6fd53b309c,Second Lives,187000,True,,uncensored official,Vitalic,Vitalic,1f064e2d-aa55-4631-8f62-e2c14bbe1f4e,Vitalic,1f064e2d-aa55-4631-8f62-e2c14bbe1f4e,
c23b95ad-2ecc-4bba-ba92-facae66d71e1,More Love,207000,True,,"The Late Show, 2020-11-13",Sara Bareilles,Sara Bareilles,e54be6b7-5c26-4b47-bb3f-c137429b9b55,Sara Bareilles,e54be6b7-5c26-4b47-bb3f-c137429b9b55,
bacb9bb1-91d7-4370-a002-157be9dcffcb,Nothing,202000,False,,,Elephant Man,Elephant Man,1f4b643a-9b6e-453c-9954-2d747ca0a66e,Elephant Man,1f4b643a-9b6e-453c-9954-2d747ca0a66e,
28f79fab-9543-4f27-896c-b3291967ee80,Real,251000,False,,,Elephant Man,Elephant Man,1f4b643a-9b6e-453c-9954-2d747ca0a66e,Elephant Man,1f4b643a-9b6e-453c-9954-2d747ca0a66e,
f7b5a4dc-733b-4e3f-9364-5d69e8c8479b,Voice,323000,False,,,Elephant Man,Elephant Man,1f4b643a-9b6e-453c-9954-2d747ca0a66e,Elephant Man,1f4b643a-9b6e-453c-9954-2d747ca0a66e,
a4505435-2170-4f84-93fc-40be16d660e6,You & Me,259000,True,,,Dave Matthews Band,Dave Matthews Band,07e748f1-075e-428d-85dc-ce3be434e906,Dave Matthews Band,07e748f1-075e-428d-85dc-ce3be434e906,
b1b0d138-5dae-49e1-a2f5-30db67f1fca3,Here Comes The Sun,191000,True,,Music video,The Beatles,The Beatles,b10bbbfc-cf9e-42e0-be17-e2c3e1d2600d,The Beatles,b10bbbfc-cf9e-42e0-be17-e2c3e1d2600d,
80663790-e42f-4f2c-86f3-c72ed03687dc,Family,202000,False,,RAW,Popcaan,Popcaan,d7641934-7dfb-49ea-b948-da0b12816b12,Popcaan,d7641934-7dfb-49ea-b948-da0b12816b12,
9307102e-73c6-4e73-b01d-89fc179928e9,Peur des filles,299000,True,,,L’Impératrice,L’Impératrice,abc31be8-02b2-4bb1-867d-604d50b7be78,L’Impératrice,abc31be8-02b2-4bb1-867d-604d50b7be78,
024cc200-3038-4a4d-b412-830f671427e5,Ludens,282000,True,,official music video,Bring Me the Horizon,Bring Me the Horizon,074e3847-f67f-49f9-81f1-8c8cea147e8e,Bring Me the Horizon,074e3847-f67f-49f9-81f1-8c8cea147e8e,
42769270-fb75-4651-ba7c-8a55c1e17a28,Rap über Hass,198000,True,,,K.I.Z.,K.I.Z,13c9c494-09aa-4518-8572-9f41dbdff461,K.I.Z,13c9c494-09aa-4518-8572-9f41dbdff461,
4d93a38a-2538-4860-b8d4-05dec836299e,"Don’t Cry, Baby",,False,,,Aretha Franklin,Aretha Franklin,2f9ecbed-27be-40e6-abca-6de49d50299e,Aretha Franklin,2f9ecbed-27be-40e6-abca-6de49d50299e,
dd87c28f-5c7c-4eaf-b658-d37219f7b050,Hard Times,,False,,,Aretha Franklin,Aretha Franklin,2f9ecbed-27be-40e6-abca-6de49d50299e,Aretha Franklin,2f9ecbed-27be-40e6-abca-6de49d50299e,
68b7203d-0ddb-418f-8333-227231fe021c,Nachbarschaft,262000,True,,,Disarstar,Disarstar,bfc8aad9-982b-4fa4-a9f4-8a2ae7158a59,Disarstar,bfc8aad9-982b-4fa4-a9f4-8a2ae7158a59,
5bd646b8-a1f8-4eda-85c8-f75beec0b414,All Night Long,,False,,,Aretha Franklin,Aretha Franklin,2f9ecbed-27be-40e6-abca-6de49d50299e,Aretha Franklin,2f9ecbed-27be-40e6-abca-6de49d50299e,
bd25d0e4-127b-4efc-bc75-aff780f08e5c,Right Now,,False,,,Aretha Franklin,Aretha Franklin,2f9ecbed-27be-40e6-abca-6de49d50299e,Aretha Franklin,2f9ecbed-27be-40e6-abca-6de49d50299e,
f535cf20-1cb3-47d1-a699-9f5485195351,I Apologize,,False,,,Aretha Franklin,Aretha Franklin,2f9ecbed-27be-40e6-abca-6de49d50299e,Aretha Franklin,2f9ecbed-27be-40e6-abca-6de49d50299e,
81d8c31f-31c8-41ae-9902-ede20ac35020,Just for You,,False,,,Aretha Franklin,Aretha Franklin,2f9ecbed-27be-40e6-abca-6de49d50299e,Aretha Franklin,2f9ecbed-27be-40e6-abca-6de49d50299e,
8f629427-ebe7-4fbc-ace6-e489f5aa0921,Over the Rainbow,,False,,,Aretha Franklin,Aretha Franklin,2f9ecbed-27be-40e6-abca-6de49d50299e,Aretha Franklin,2f9ecbed-27be-40e6-abca-6de49d50299e,
0517e3af-863b-42c1-9277-a1ded52b67c2,Nobody Like You,,False,,,Aretha Franklin,Aretha Franklin,2f9ecbed-27be-40e6-abca-6de49d50299e,Aretha Franklin,2f9ecbed-27be-40e6-abca-6de49d50299e,
0cbea1c5-25e0-4eb7-a1de-7cf3e0f0cded,Black Sea,136000,True,,,The Limit,The Limit,375e3d6f-0f5b-4690-9dfc-90a48444b6a2,The Limit,375e3d6f-0f5b-4690-9dfc-90a48444b6a2,
236f82ba-3aa3-45f2-81f2-a90d82524bd5,Gimme Shelter,272000,True,,,The Rolling Stones,The Rolling Stones,b071f9fa-14b0-4217-8e97-eb41da73f598,The Rolling Stones,b071f9fa-14b0-4217-8e97-eb41da73f598,
9c931baf-41bb-4533-966c-05e8ba13b638,Uma carta,267000,True,,,LS Jack & Vinny,LS Jack|Vinny,31dac57c-19f5-4f0d-9070-f7eb3df21f9c|759fdb76-3509-4543-a828-96c3520efc9d,LS Jack,31dac57c-19f5-4f0d-9070-f7eb3df21f9c,BRESM2000009
09529644-5acc-4c59-aa29-6c2858939e9c,POP/STARS,202000,True,,,"K/DA ft. Madison Beer, (G)I‐DLE, Jaira Burns",K/DA|Madison Beer|i‐dle|Jaira Burns,35f3e736-e27b-4a26-892c-c00179d163d5|749ef494-8518-4b49-b685-63d8e728d25c|0068ae6c-7156-40f9-a81f-39294af6a549|a6bf06a6-756f-4639-b8c0-0960a8d6cc0a,K/DA,35f3e736-e27b-4a26-892c-c00179d163d5,
c6e7b977-c234-4171-a806-839af0c4cc98,Strawberry Fields Forever,263000,True,,,The Beatles,The Beatles,b10bbbfc-cf9e-42e0-be17-e2c3e1d2600d,The Beatles,b10bbbfc-cf9e-42e0-be17-e2c3e1d2600d,
2a879780-5a61-427e-ab62-e3677322560b,Babel,198000,False,,,Otnicka,Otnicka,fec551b2-a1e1-4daa-bedb-4d3eecf184fb,Otnicka,fec551b2-a1e1-4daa-bedb-4d3eecf184fb,USDY42032551
79723e7e-cb75-49e5-9a70-f867ce7153df,Secret,200000,False,,,Sean Kingston,Sean Kingston,f7eb3be3-1065-4a53-94d4-e2d0c15c0b33,Sean Kingston,f7eb3be3-1065-4a53-94d4-e2d0c15c0b33,
98197fff-4f61-48fa-853c-71d011389efe,Harry Potter - The Ultimate Indian Theme,156000,True,,,Mahesh Raghvan,Mahesh Raghvan,b0fe5ebd-2a24-4f68-936f-3bebfbf194a2,Mahesh Raghvan,b0fe5ebd-2a24-4f68-936f-3bebfbf194a2,
a05df0db-78ce-4513-bf7c-3c3723fdff54,Organ Donor,374000,False,,,Sultan + Shepard,Sultan + Shepard,30ae649d-142a-4a97-b38d-bd02efebf4b0,Sultan + Shepard,30ae649d-142a-4a97-b38d-bd02efebf4b0,
95c140d4-0ae0-41f1-aa55-811be07c77f5,Amanhã não se sabe,281000,True,,,LS Jack,LS Jack,31dac57c-19f5-4f0d-9070-f7eb3df21f9c,LS Jack,31dac57c-19f5-4f0d-9070-f7eb3df21f9c,BRESM1900001
06b0691f-3dcd-4cdd-8bf2-ef87a9c8f0b3,My Girl,234000,False,,,Iyaz,Iyaz,3bf30073-ce4e-4207-88d2-ad83677b0387,Iyaz,3bf30073-ce4e-4207-88d2-ad83677b0387,
f58bccde-74e1-41cd-8e08-80afa3d77fd3,Neon,273000,False,,Unreleased Instrumental circa 2009,Doctor P,Doctor P,569f11cd-2d27-40da-9b01-237f7837db77,Doctor P,569f11cd-2d27-40da-9b01-237f7837db77,
763cb48b-7b53-498a-b625-471b63fe5edd,Layla,,False,,,Derek and the Dominos,Derek and the Dominos,2155a81a-f0c6-417a-9b16-2f86f98bb8bc,Derek and the Dominos,2155a81a-f0c6-417a-9b16-2f86f98bb8bc,
ff4e276c-ea10-4a5c-94d0-182bf40e65fd,Ain’t That a Kick in the Head,,False,,,Dean Martin,Dean Martin,5e6c760b-42e0-4df4-a221-0269355da00a,Dean Martin,5e6c760b-42e0-4df4-a221-0269355da00a,
8e4eb729-347b-4f29-919c-931d49c45da5,Boulevard Of Broken Dreams,,False,,,Tony Bennett,Tony Bennett,8be0594f-8c13-46bb-ab06-f93ffba5c776,Tony Bennett,8be0594f-8c13-46bb-ab06-f93ffba5c776,
00d83bd1-0bf1-415d-bad3-3d1750f9b5da,RESONANCE,336000,True,,,NCT,NCT,9c15986d-ff1f-4d91-9708-f50f7445884f,NCT,9c15986d-ff1f-4d91-9708-f50f7445884f,KRZ262000453
e9283a4f-4e86-487d-92f5-5070caa04519,ホロネス,320000,True,,,美波,美波,be5ae183-78b6-4564-93e1-553d752d3b84,美波,be5ae183-78b6-4564-93e1-553d752d3b84,
45efc82d-8e23-4902-894e-0648b8368481,main actor,337000,True,,,美波,美波,be5ae183-78b6-4564-93e1-553d752d3b84,美波,be5ae183-78b6-4564-93e1-553d752d3b84,
922919b8-3497-4812-8ec9-bc85f183924a,カワキヲアメク,253000,True,,,美波,美波,be5ae183-78b6-4564-93e1-553d752d3b84,美波,be5ae183-78b6-4564-93e1-553d752d3b84,
ea30f5d3-c90a-4d8c-b4b3-ff22e0cee3a4,ライラック,302000,True,,,美波,美波,be5ae183-78b6-4564-93e1-553d752d3b84,美波,be5ae183-78b6-4564-93e1-553d752d3b84,
3d611d7a-a2ab-4674-8a35-d085fe8f8d99,アメヲマツ、,313000,True,,,美波,美波,be5ae183-78b6-4564-93e1-553d752d3b84,美波,be5ae183-78b6-4564-93e1-553d752d3b84,
ce59c15c-6669-4239-a0c6-c7bc735af4c7,CLOUDS,253000,True,,,NF,NF,5660a8c7-d0d9-4181-89b4-8e125328e31e,NF,5660a8c7-d0d9-4181-89b4-8e125328e31e,
d4dbbf0d-5b75-4ca2-81ab-88cc52de26d5,Venom,179000,True,,Official Lyric Video,Icon for Hire,Icon for Hire,bfce9c6d-eff7-4965-b20e-cb21397470f5,Icon for Hire,bfce9c6d-eff7-4965-b20e-cb21397470f5,
bd41dc53-4e59-4a77-a041-c155bf525911,Demons,220000,True,,Official Music Video,Icon for Hire,Icon for Hire,bfce9c6d-eff7-4965-b20e-cb21397470f5,Icon for Hire,bfce9c6d-eff7-4965-b20e-cb21397470f5,
c483106e-d17a-4da1-923e-fc09014d4048,Hollow,235000,True,,Official Music Video,Icon for Hire,Icon for Hire,bfce9c6d-eff7-4965-b20e-cb21397470f5,Icon for Hire,bfce9c6d-eff7-4965-b20e-cb21397470f5,
4454bc6f-f2b3-4606-9060-555a9b06a045,Make A Move,183000,True,,Official Music Video,Icon for Hire,Icon for Hire,bfce9c6d-eff7-4965-b20e-cb21397470f5,Icon for Hire,bfce9c6d-eff7-4965-b20e-cb21397470f5,
7f579151-bb60-447f-8f9d-581b7cb1d343,Last One Standing,241000,True,,Official Music Video,Icon for Hire,Icon for Hire,bfce9c6d-eff7-4965-b20e-cb21397470f5,Icon for Hire,bfce9c6d-eff7-4965-b20e-cb21397470f5,
9166c1f3-6452-410e-9bd3-e3a3504f1903,Now You Know,286000,True,,Official Music Video,Icon for Hire,Icon for Hire,bfce9c6d-eff7-4965-b20e-cb21397470f5,Icon for Hire,bfce9c6d-eff7-4965-b20e-cb21397470f5,
dc0a4905-aa8a-4614-a853-24dac169e11f,Under The Knife,223000,True,,Official Lyric Video,Icon for Hire,Icon for Hire,bfce9c6d-eff7-4965-b20e-cb21397470f5,Icon for Hire,bfce9c6d-eff7-4965-b20e-cb21397470f5,
dda10a18-a934-4c51-bc45-140316379b4d,Top Of The World,176000,True,,Official Music Video,AK,AK,c301c17c-5b17-478c-806a-67cf097a8e5b,AK,c301c17c-5b17-478c-806a-67cf097a8e5b,
6bd78ea1-9a5e-4e7c-a8f3-9f70b60e9e19,Tokyo,241000,False,,,Bruce Springsteen,Bruce Springsteen,70248960-cb53-4ea4-943a-edb18f7d336f,Bruce Springsteen,70248960-cb53-4ea4-943a-edb18f7d336f,
71420d00-db38-4665-86ae-d0a8f7231630,Born for One Thing,350000,True,,music video,Gojira,Gojira,1c5efd53-d6b6-4d63-9d22-a15025cf5f07,Gojira,1c5efd53-d6b6-4d63-9d22-a15025cf5f07,
4172f729-3125-404a-95c0-f465698902c3,Voyager,268000,False,,"live, 2013-06: France",L’Impératrice,L’Impératrice,abc31be8-02b2-4bb1-867d-604d50b7be78,L’Impératrice,abc31be8-02b2-4bb1-867d-604d50b7be78,
93c304cf-65a8-401b-856e-829fea112d8b,For the Love of Money,,False,,,The Three Degrees,The Three Degrees,ddcc21f0-1a12-4d0d-9926-79249d39d92f,The Three Degrees,ddcc21f0-1a12-4d0d-9926-79249d39d92f,
d35af899-c748-4755-a8c4-5d396e8e6283,Lovefool,193000,True,,,twocolors,twocolors,69f3c930-4e8b-4798-9b36-08bd8ffa930c,twocolors,69f3c930-4e8b-4798-9b36-08bd8ffa930c,
295c6fe5-4a98-43c4-a287-cf05fcb047f0,Bloodstream,209000,True,,,twocolors,twocolors,69f3c930-4e8b-4798-9b36-08bd8ffa930c,twocolors,69f3c930-4e8b-4798-9b36-08bd8ffa930c,
b1e53998-855f-4626-b611-57c243e9b9c1,Fudge,302000,False,,,The Brian Jonestown Massacre,The Brian Jonestown Massacre,381e8434-109a-439c-8acc-5d328359f2e0,The Brian Jonestown Massacre,381e8434-109a-439c-8acc-5d328359f2e0,
738493f0-d9df-4717-bd06-e0b812f8e7d4,Save Yourself,272000,False,,,The Brian Jonestown Massacre,The Brian Jonestown Massacre,381e8434-109a-439c-8acc-5d328359f2e0,The Brian Jonestown Massacre,381e8434-109a-439c-8acc-5d328359f2e0,
9121b23a-d29b-444c-ba5e-e2e95d91d816,Listen,210000,False,,,The Brian Jonestown Massacre,The Brian Jonestown Massacre,381e8434-109a-439c-8acc-5d328359f2e0,The Brian Jonestown Massacre,381e8434-109a-439c-8acc-5d328359f2e0,
a7610979-6534-4d14-a707-a662c4a07e71,Silenced,204000,False,,,The Brian Jonestown Massacre,The Brian Jonestown Massacre,381e8434-109a-439c-8acc-5d328359f2e0,The Brian Jonestown Massacre,381e8434-109a-439c-8acc-5d328359f2e0,
a626bd68-3d5e-46d5-aa00-c3254d70df07,Don't Look at Me,210000,False,,,The Brian Jonestown Massacre,The Brian Jonestown Massacre,381e8434-109a-439c-8acc-5d328359f2e0,The Brian Jonestown Massacre,381e8434-109a-439c-8acc-5d328359f2e0,
026c9925-97bb-466f-84da-784b7dce141b,Úlfur,360000,False,,,The Brian Jonestown Massacre,The Brian Jonestown Massacre,381e8434-109a-439c-8acc-5d328359f2e0,The Brian Jonestown Massacre,381e8434-109a-439c-8acc-5d328359f2e0,
0eb31eeb-2e36-408b-bcdc-eaa3ca748a8f,Learn to Fly,,False,,"2005-07-07: Quart Festival, Kristiansand, Norway",Foo Fighters,Foo Fighters,67f66c07-6e61-4026-ade5-7e782fad3a5d,Foo Fighters,67f66c07-6e61-4026-ade5-7e782fad3a5d,
531d7d2c-5caa-4386-9197-cd269f371975,Learn to Fly,,False,,"live, 2000-01-26: Big Day Out Festival, Sydney, Australia",Foo Fighters,Foo Fighters,67f66c07-6e61-4026-ade5-7e782fad3a5d,Foo Fighters,67f66c07-6e61-4026-ade5-7e782fad3a5d,
ba97e44d-693b-46bc-8c2c-05f0177b92eb,Everlong,,False,,"2005-07-07: Quart Festival, Kristiansand, Norway",Foo Fighters,Foo Fighters,67f66c07-6e61-4026-ade5-7e782fad3a5d,Foo Fighters,67f66c07-6e61-4026-ade5-7e782fad3a5d,
eb3fa366-bc99-4fba-8de1-063a5ce5f5a7,Best of You,,False,,"live, 2005-07-07: Quart Festival, Kristiansand, Norway",Foo Fighters,Foo Fighters,67f66c07-6e61-4026-ade5-7e782fad3a5d,Foo Fighters,67f66c07-6e61-4026-ade5-7e782fad3a5d,
99e24cde-a134-4875-b5c8-cad51579180d,Aurora,,False,,"live, 2000-01-26: Big Day Out Festival, Sydney, Australia",Foo Fighters,Foo Fighters,67f66c07-6e61-4026-ade5-7e782fad3a5d,Foo Fighters,67f66c07-6e61-4026-ade5-7e782fad3a5d,
2ad7413d-2db6-4138-bbac-d70c2fd4c294,Big Me,,False,,"live, 2000-01-26: Big Day Out Festival, Sydney, Australia",Foo Fighters,Foo Fighters,67f66c07-6e61-4026-ade5-7e782fad3a5d,Foo Fighters,67f66c07-6e61-4026-ade5-7e782fad3a5d,
04e2eb8b-a251-4f26-abd9-32015af1de5e,The Last Song,,False,,"2005-07-07: Quart Festival, Kristiansand, Norway",Foo Fighters,Foo Fighters,67f66c07-6e61-4026-ade5-7e782fad3a5d,Foo Fighters,67f66c07-6e61-4026-ade5-7e782fad3a5d,
ca0a34f6-70a0-4aaa-a8d3-512cc0db316d,My Hero,,False,,"2005-07-07: Quart Festival, Kristiansand, Norway",Foo Fighters,Foo Fighters,67f66c07-6e61-4026-ade5-7e782fad3a5d,Foo Fighters,67f66c07-6e61-4026-ade5-7e782fad3a5d,
ee5eba3e-e436-4489-847c-d3b04b41bbf4,Everlong,,False,,"live, 2000-01-26: Big Day Out Festival, Sydney, Australia",Foo Fighters,Foo Fighters,67f66c07-6e61-4026-ade5-7e782fad3a5d,Foo Fighters,67f66c07-6e61-4026-ade5-7e782fad3a5d,
83f0e2b9-b1ad-4ec3-b62c-daacab678380,Times Like These,,False,,"2005-07-07: Quart Festival, Kristiansand, Norway",Foo Fighters,Foo Fighters,67f66c07-6e61-4026-ade5-7e782fad3a5d,Foo Fighters,67f66c07-6e61-4026-ade5-7e782fad3a5d,
75cd773a-ac69-44ac-b369-b066aee58adb,Generator,,False,,"live, 2000-01-26: Big Day Out Festival, Sydney, Australia",Foo Fighters,Foo Fighters,67f66c07-6e61-4026-ade5-7e782fad3a5d,Foo Fighters,67f66c07-6e61-4026-ade5-7e782fad3a5d,
25956df3-64f6-4d08-8926-7365ecea9a11,DOA,,False,,"2005-07-07: Quart Festival, Kristiansand, Norway",Foo Fighters,Foo Fighters,67f66c07-6e61-4026-ade5-7e782fad3a5d,Foo Fighters,67f66c07-6e61-4026-ade5-7e782fad3a5d,
1803b3bb-d43b-4a67-b0dd-b751d3e01528,Monkey Wrench,,False,,"live, 2000-01-26: Big Day Out Festival, Sydney, Australia",Foo Fighters,Foo Fighters,67f66c07-6e61-4026-ade5-7e782fad3a5d,Foo Fighters,67f66c07-6e61-4026-ade5-7e782fad3a5d,
e8655c0e-156a-49da-8c6a-90b57ba4bd46,Monkey Wrench,,False,,"2005-07-07: Quart Festival, Kristiansand, Norway",Foo Fighters,Foo Fighters,67f66c07-6e61-4026-ade5-7e782fad3a5d,Foo Fighters,67f66c07-6e61-4026-ade5-7e782fad3a5d,
1a675e82-58af-4514-863f-769cd85b6dfb,All My Life,,False,,"2005-07-07: Quart Festival, Kristiansand, Norway",Foo Fighters,Foo Fighters,67f66c07-6e61-4026-ade5-7e782fad3a5d,Foo Fighters,67f66c07-6e61-4026-ade5-7e782fad3a5d,
ad2168bd-fe4b-4204-a2bd-319c4db5dfd0,The One,,False,,"2005-07-07: Quart Festival, Kristiansand, Norway",Foo Fighters,Foo Fighters,67f66c07-6e61-4026-ade5-7e782fad3a5d,Foo Fighters,67f66c07-6e61-4026-ade5-7e782fad3a5d,
59feb78a-2739-4f60-9158-c07d43abf63a,News,,False,,,Jahseh Onfroy,XXXTENTACION,61af87f4-16ee-4431-8504-cc06187079fb,XXXTENTACION,61af87f4-16ee-4431-8504-cc06187079fb,
b4d75d57-4270-4886-8666-1c562fd0adeb,Me voy,346000,True,,Clip video,Los 4,Los 4,82e795bc-da91-4cae-ba16-cb2815c1afbb,Los 4,82e795bc-da91-4cae-ba16-cb2815c1afbb,
b3ad8305-0de6-4f7d-a2d2-641dab95ab75,Anyone,,True,,music video,Justin Bieber,Justin Bieber,e0140a67-e4d1-4f13-8a01-364355bee46e,Justin Bieber,e0140a67-e4d1-4f13-8a01-364355bee46e,
d387270e-7586-43fb-8221-e61585cd3d28,Scream,,True,,"live, 2021-03-21, KCON:TACT 3",DREAMCATCHER,DREAMCATCHER,a97f393a-13a7-4645-8bba-f10bd22d7228,DREAMCATCHER,a97f393a-13a7-4645-8bba-f10bd22d7228,
27b370d5-831a-4aa6-9994-0408a35f14ce,YOU AND I,,True,,"live, 2018-05-12, 2018 Dream Concert",DREAMCATCHER,DREAMCATCHER,a97f393a-13a7-4645-8bba-f10bd22d7228,DREAMCATCHER,a97f393a-13a7-4645-8bba-f10bd22d7228,
025464c3-eea6-49cc-a9cb-14575219845a,Something Beautiful,,False,,,Duffy,Duffy,2c4dae8c-e591-49e0-9c5a-62b310a15788,Duffy,2c4dae8c-e591-49e0-9c5a-62b310a15788,
565a1f08-2bc9-4530-8af8-e2381d8fda53,Livin’ la Vida Loca,,False,,,Ricky Martin,Ricky Martin,70ea63ea-70dc-4b63-951a-2c249d2b3b0a,Ricky Martin,70ea63ea-70dc-4b63-951a-2c249d2b3b0a,
c994b64c-de82-4aaa-a529-bee4b9b07bbe,My Way,,False,,,Calvin Harris,Calvin Harris,8dd98bdc-80ec-4e93-8509-2f46bafc09a7,Calvin Harris,8dd98bdc-80ec-4e93-8509-2f46bafc09a7,
1c1a7c54-f155-4bc6-b5c5-e7da00fdfac1,Rapture,,False,,,XXXTENTACION,XXXTENTACION,61af87f4-16ee-4431-8504-cc06187079fb,XXXTENTACION,61af87f4-16ee-4431-8504-cc06187079fb,
9ad9eaee-04ba-4300-a1f1-cc4122e3c169,Blank,172000,True,,,IVE,IVE,a760a4d1-1258-4833-9ed5-fa083902d907,IVE,a760a4d1-1258-4833-9ed5-fa083902d907,
a2bbbd3c-4550-4771-b993-f68635d80f1b,Für immer,204000,True,,,Haze,Haze,c8845250-f12f-43fc-a78e-a57d4f803c90,Haze,c8845250-f12f-43fc-a78e-a57d4f803c90,
85ba155a-1107-4e1f-8fda-8e3bed526c0b,Drive,151000,True,,,MiZeb,MiZeb,863ccc59-0081-47dd-8918-c14197ff87cf,MiZeb,863ccc59-0081-47dd-8918-c14197ff87cf,
b29c26b5-6f2c-4fc5-9069-935e95841d42,SHUT UP,143000,False,,,XXXTENTACION,XXXTENTACION,61af87f4-16ee-4431-8504-cc06187079fb,XXXTENTACION,61af87f4-16ee-4431-8504-cc06187079fb,
5aa0a486-7992-490e-8a63-831b75c63dfe,Clarity,,False,,,XXXTENTACION feat. Zay $oul,XXXTENTACION|Coolie Pak,61af87f4-16ee-4431-8504-cc06187079fb|9823b3ca-1377-43a4-86d2-87e907a5973e,XXXTENTACION,61af87f4-16ee-4431-8504-cc06187079fb,
d30328ee-e5dc-4e84-acd1-5166c5ad5ea2,Eclipse,200000,True,,,DREAMCATCHER,DREAMCATCHER,a97f393a-13a7-4645-8bba-f10bd22d7228,DREAMCATCHER,a97f393a-13a7-4645-8bba-f10bd22d7228,
2df340b4-bb18-4e81-b2f1-0f9489f4e4fd,Hype,241000,True,,,MiZeb,MiZeb,863ccc59-0081-47dd-8918-c14197ff87cf,MiZeb,863ccc59-0081-47dd-8918-c14197ff87cf,
07c41e8f-49db-417e-9478-a323c0725e9a,Fraction,,False,,,Wisp,Wisp,4159ac30-ecce-43a6-b200-b48801968e30,Wisp,4159ac30-ecce-43a6-b200-b48801968e30,
d0aee2ee-9b8b-4764-8d44-a679db4e5f2e,Lady,,False,,,Kenny Rogers,Kenny Rogers,c3d14b41-a48d-488f-bfed-ce0597bb0b1f,Kenny Rogers,c3d14b41-a48d-488f-bfed-ce0597bb0b1f,
229b6561-80e7-4c1e-a1c2-7dac9eae857a,Such a Night,253000,True,,"live, 1996-01-01: Jools' 3rd Annual Hootenanny, BBC Television Centre, London",Dr. John feat. Eric Clapton,Dr. John|Eric Clapton,fe0e1895-aa84-47d9-8e5b-7930fc20709b|618b6900-0618-4f1e-b835-bccb17f84294,Dr. John,fe0e1895-aa84-47d9-8e5b-7930fc20709b,
50ca4307-46d1-4960-9e8f-b29275794172,Out Of My Hands,231000,False,,,Jeremy Camp,Jeremy Camp,bb0814de-3de2-4f00-811f-7c2d9ada7e51,Jeremy Camp,bb0814de-3de2-4f00-811f-7c2d9ada7e51,
3b0234ee-30fd-4651-969e-efac81263615,Misterio,158000,True,,,RedMoon,RedMoon,78c6bc87-3baa-404e-ae87-4e511ab797b7,RedMoon,78c6bc87-3baa-404e-ae87-4e511ab797b7,
2bbefae4-5261-44bb-a5f2-d2ac772d85d0,The Longest Time,,False,,,Billy Joel,Billy Joel,64b94289-9474-4d43-8c93-918ccc1920d1,Billy Joel,64b94289-9474-4d43-8c93-918ccc1920d1,
1b47bc45-cd7c-487d-870b-072f9634ba0f,Love Is Blindness,145000,False,,,Jack White,Jack White,3ae2fb37-8a23-429d-9920-bac811c4fc22,Jack White,3ae2fb37-8a23-429d-9920-bac811c4fc22,
c060453b-32f3-40c5-a95c-31f26d52e745,Caution,270000,True,,visualizer video,The Killers,The Killers,95e1ead9-4d31-4808-a7ac-32c3614c116b,The Killers,95e1ead9-4d31-4808-a7ac-32c3614c116b,
fb471ddf-7ea8-4ab6-849f-6ddc2c2b87f4,War Pigs,,False,,,Blake,Blake,21f03444-20ff-4959-aecd-5839ff4aad8c,Blake,21f03444-20ff-4959-aecd-5839ff4aad8c,
b41b68cc-9267-4001-9e43-3526f70b35c9,Empire,,False,,Live @ The Royal Albert Hall,Kasabian,Kasabian,69b39eab-6577-46a4-a9f5-817839092033,Kasabian,69b39eab-6577-46a4-a9f5-817839092033,
94ac48bf-fa39-45a1-bce4-d21888ba6da6,Line of Fire,208000,False,,live on KEXP,José González,José González,cd8c5019-5d75-4d5c-bc28-e1e26a7dd5c8,José González,cd8c5019-5d75-4d5c-bc28-e1e26a7dd5c8,
d23742c9-04da-4eaa-b3ac-00d5360e608f,Fire,,False,,Live @ The Royal Albert Hall,Kasabian,Kasabian,69b39eab-6577-46a4-a9f5-817839092033,Kasabian,69b39eab-6577-46a4-a9f5-817839092033,
0a999ff3-6ae1-423b-82e3-d5e4d4809ea5,Cum On Feel the Noize,,False,,,Oasis,Oasis,39ab1aed-75e0-4140-bd47-540276886b60,Oasis,39ab1aed-75e0-4140-bd47-540276886b60,
8c480919-bfca-4a99-96d1-1d9f6a2bca22,Stay Young,,False,,,Oasis,Oasis,39ab1aed-75e0-4140-bd47-540276886b60,Oasis,39ab1aed-75e0-4140-bd47-540276886b60,
6a1eaf02-df94-4573-8e1c-5549a0e52e77,Heroes,,False,,,Oasis,Oasis,39ab1aed-75e0-4140-bd47-540276886b60,Oasis,39ab1aed-75e0-4140-bd47-540276886b60,
084b4f41-b72e-45c5-b38c-6c697157a7af,Ani Kuni,201000,True,,official video,Polo & Pan,Polo & Pan,1d9ec7ea-0fa4-41d9-917b-723c735ebbfe,Polo & Pan,1d9ec7ea-0fa4-41d9-917b-723c735ebbfe,
52416300-f3f8-41c1-b774-779fcdcfbd2d,So Good at Being in Trouble,381000,True,,,Unknown Mortal Orchestra,Unknown Mortal Orchestra,e2305342-0bde-4a2c-aed0-4b88694834de,Unknown Mortal Orchestra,e2305342-0bde-4a2c-aed0-4b88694834de,
b1512726-d0e0-436b-8ff8-5e5fafd48da5,Multi-Love,285000,True,,,Unknown Mortal Orchestra,Unknown Mortal Orchestra,e2305342-0bde-4a2c-aed0-4b88694834de,Unknown Mortal Orchestra,e2305342-0bde-4a2c-aed0-4b88694834de,
580ef520-0fdd-4265-8a11-045c74cf972c,Full Moon,258000,False,,,Spirit Architect & Djantrix,Spirit Architect|Djantrix,0a026714-c7eb-4070-ba8e-68f9f701b6e1|e00ad0cc-73cb-4886-8933-35d711afe8ce,Spirit Architect,0a026714-c7eb-4070-ba8e-68f9f701b6e1,
18e5a80c-36ae-4600-9ad6-029d0cda40aa,Full Moon,390000,False,,,Spirit Architect & Djantrix,Spirit Architect|Djantrix,0a026714-c7eb-4070-ba8e-68f9f701b6e1|e00ad0cc-73cb-4886-8933-35d711afe8ce,Spirit Architect,0a026714-c7eb-4070-ba8e-68f9f701b6e1,
0d181e0d-cdd6-45a2-be0c-def6a3e0398d,Pachamama,255000,False,,,Mandragora & 4i20,Mandragora|4i20,dd8bf94e-0bb9-4f9b-9d8a-f3b8a40b62e2|450136d7-71ee-4e5e-8042-23c16322fa58,Mandragora,dd8bf94e-0bb9-4f9b-9d8a-f3b8a40b62e2,
d350b8ef-fbf9-4c98-9e05-08aa50e1e4b3,Alí Baba,405000,False,,,Interactive Noise,Interactive Noise,6cb7de02-783a-4814-ae01-d5ea5fb03b9e,Interactive Noise,6cb7de02-783a-4814-ae01-d5ea5fb03b9e,
99f15e0f-bd98-4b52-8539-6122c58e949b,Slow Down,,False,,,Jack Jones,Jack Jones,95924d54-fd0d-4f2c-b77a-3f22f78071b7,Jack Jones,95924d54-fd0d-4f2c-b77a-3f22f78071b7,GBUM71703509
be023643-f3c2-4433-b9df-ff8a3068b7af,Book of Saturday,,False,,alt mix,King Crimson,King Crimson,b38225b8-8e5f-42aa-bcdc-7bae5b5bdab3,King Crimson,b38225b8-8e5f-42aa-bcdc-7bae5b5bdab3,
2795cc33-12b7-42c3-b3fd-6c762ae0ece6,Tana Num 170BPM,380000,False,,,Sajanka,Sajanka,40e5f959-3d95-4b3c-a994-995d36805533,Sajanka,40e5f959-3d95-4b3c-a994-995d36805533,
6f1ba4a3-34ec-4734-945c-7e6f3d713536,Till the End,307000,True,,official music video,Toto,Toto,aab5c954-cabe-432e-899e-1c4f99757327,Toto,aab5c954-cabe-432e-899e-1c4f99757327,
d43cfd76-47b5-40b1-8995-a4e2cc6785be,Judgment Day,425000,False,,,Synthatic & Groundbass,Synthatic|Groundbass,50629390-8073-46bb-bfbd-1f2c2f2b57c9|648ca02b-e40a-4fd2-9574-fdf4e9eca97f,Synthatic,50629390-8073-46bb-bfbd-1f2c2f2b57c9,
d32fbf63-b827-4a8b-9d5d-0b822e6de30c,Witchcraft,426000,False,,,RAZ,RAZ,f5a49563-21a6-4aee-aae7-3d84239901ad,RAZ,f5a49563-21a6-4aee-aae7-3d84239901ad,
4add3cc5-7285-4526-a406-2c685515d8ea,Fly Away (KhoMha Remix),169000,False,,,Vincent de Moor,Vincent de Moor,20ad1571-631c-41f3-b212-569b37bcca79,Vincent de Moor,20ad1571-631c-41f3-b212-569b37bcca79,
60691ddd-33ac-4e1f-9b5e-2db9608fda04,Under Pressure,446000,False,,,Outsiders,Outsiders,ee764d89-e5b5-4414-b7a7-6e73a346ffb8,Outsiders,ee764d89-e5b5-4414-b7a7-6e73a346ffb8,
2e0b2a31-4d73-4fc6-bed4-444fe94acee9,It’s My Life,229000,True,,,Dr. Alban,Dr. Alban,85a3072a-08eb-43a4-a57d-f7084503ee4c,Dr. Alban,85a3072a-08eb-43a4-a57d-f7084503ee4c,
e70b6f0d-e736-49e2-9cd3-c88bb8ab5609,Good Morning,300000,False,,,Future,Future,48262e82-db9f-4a92-b650-dfef979b73ec,Future,48262e82-db9f-4a92-b650-dfef979b73ec,
eff4271e-9f94-4c15-af1b-cbf38c3309bf,Higher Power,256000,True,,official video,Coldplay,Coldplay,cc197bad-dc9c-440d-a5b5-d52ba2e14234,Coldplay,cc197bad-dc9c-440d-a5b5-d52ba2e14234,
774d0ee5-485f-4194-9cf5-26716a50f663,Intro,100000,False,,,Gaia,Gaia,e4878aa7-cea2-4643-a06b-1b6f3b7b4545,Gaia,e4878aa7-cea2-4643-a06b-1b6f3b7b4545,QZFZ62021955
12003bc7-8c50-4271-84eb-4b03f22c410d,Oh My Love,,False,,,John Lennon,John Lennon,4d5447d7-c61c-4120-ba1b-d7f471d385b9,John Lennon,4d5447d7-c61c-4120-ba1b-d7f471d385b9,
15ccc537-2a88-4d79-94ca-c556555495ab,Mother,,False,,,John Lennon,John Lennon,4d5447d7-c61c-4120-ba1b-d7f471d385b9,John Lennon,4d5447d7-c61c-4120-ba1b-d7f471d385b9,
e185dfb3-47aa-4ffa-a3ac-cfbb4fff74a0,Stand By Me,,False,,,John Lennon,John Lennon,4d5447d7-c61c-4120-ba1b-d7f471d385b9,John Lennon,4d5447d7-c61c-4120-ba1b-d7f471d385b9,
f5ad37c3-c0fe-4a84-80e2-9ccddda94b03,Mind Games,,False,,,John Lennon,John Lennon,4d5447d7-c61c-4120-ba1b-d7f471d385b9,John Lennon,4d5447d7-c61c-4120-ba1b-d7f471d385b9,
6ddc3070-df5c-472d-ad2a-fa50d5c69668,Real Love,,False,,,The Beatles,The Beatles,b10bbbfc-cf9e-42e0-be17-e2c3e1d2600d,The Beatles,b10bbbfc-cf9e-42e0-be17-e2c3e1d2600d,
60970b02-aad7-4ec3-8274-9791b7092e05,Every Night,,False,,,Paul McCartney,Paul McCartney,ba550d0e-adac-4864-b88b-407cab5e76af,Paul McCartney,ba550d0e-adac-4864-b88b-407cab5e76af,
9c74ce2e-7017-49c9-9c7a-6eaddb0f8601,Vermedin,241000,True,,,Umut Timur ft. MRC,Umut Timur|MRC,5ae73b5d-158c-4590-989f-4128ccb463df|0479d56b-c4c9-4a47-8fd4-53e73bebbe31,Umut Timur,5ae73b5d-158c-4590-989f-4128ccb463df,
5f137bf2-bf40-4928-b6e2-dc9113f1c959,Tinnitus,,False,,leaked instrumental,Lady Gaga,Lady Gaga,650e7db6-b795-4eb5-a702-5ea2fc46c848,Lady Gaga,650e7db6-b795-4eb5-a702-5ea2fc46c848,
670bf460-3bcc-44e6-9474-6c3fd88a8952,Feeling,212000,True,,,IAM,IAM,7aa4a16e-9d5a-41d3-968e-fae1a2c84d05,IAM,7aa4a16e-9d5a-41d3-968e-fae1a2c84d05,
e8af5377-ebf9-4bd1-b66c-c2f763bbe967,Cologne,178000,True,,,beabadoobee,beabadoobee,88d17133-abbc-42db-9526-4e2c1db60336,beabadoobee,88d17133-abbc-42db-9526-4e2c1db60336,
b09b7b0b-7f9d-40ce-a876-b83ca4039856,Family,194000,True,,,MiZeb,MiZeb,863ccc59-0081-47dd-8918-c14197ff87cf,MiZeb,863ccc59-0081-47dd-8918-c14197ff87cf,
63621665-89aa-4955-aead-435d8a6647ed,Intro,175000,True,,,MiZeb x Crima x Sliss,MiZeb|Crima|Sliss,863ccc59-0081-47dd-8918-c14197ff87cf|30b428ff-b2d8-49e1-99b5-c61eb87b37af|a17b7fd2-c6db-4e8a-b96c-820a58a15820,MiZeb,863ccc59-0081-47dd-8918-c14197ff87cf,
f8d82402-2bb2-4834-8d5a-72690504444e,Therapie,215000,True,,,MiZeb,MiZeb,863ccc59-0081-47dd-8918-c14197ff87cf,MiZeb,863ccc59-0081-47dd-8918-c14197ff87cf,
a9e3debe-1542-4809-9fc5-db396b75afff,Blessed,197000,True,,,MiZeb,MiZeb,863ccc59-0081-47dd-8918-c14197ff87cf,MiZeb,863ccc59-0081-47dd-8918-c14197ff87cf,
e40d2dd0-75ab-4a66-a9b8-dc305263ccc1,Hakuna Matata,210000,True,,,MiZeb,MiZeb,863ccc59-0081-47dd-8918-c14197ff87cf,MiZeb,863ccc59-0081-47dd-8918-c14197ff87cf,
fae4fe0f-f0b4-4003-8358-1b4965d0a4e1,Interstellar,110000,True,,,MiZeb,MiZeb,863ccc59-0081-47dd-8918-c14197ff87cf,MiZeb,863ccc59-0081-47dd-8918-c14197ff87cf,
92989644-37f1-4c9a-ab5a-8032fcfe1e15,Politik,173000,True,,,MiZeb x Jack von Crack,MiZeb|Jack von Crack,863ccc59-0081-47dd-8918-c14197ff87cf|91ecb2ac-01fe-4a47-8d1b-0256b1bde45f,MiZeb,863ccc59-0081-47dd-8918-c14197ff87cf,
df8c9c9b-149c-4519-9c36-b8390d2f7798,Ohne dich,220000,True,,,MiZeb,MiZeb,863ccc59-0081-47dd-8918-c14197ff87cf,MiZeb,863ccc59-0081-47dd-8918-c14197ff87cf,
d536a655-7c7d-451c-9285-b088da3b7fa0,Mit den Jungs,276000,True,,,MiZeb,MiZeb,863ccc59-0081-47dd-8918-c14197ff87cf,MiZeb,863ccc59-0081-47dd-8918-c14197ff87cf,
722255e6-9ab4-4425-8377-937b8bc4e962,Temple,,False,,unreleased,Lady Gaga,Lady Gaga,650e7db6-b795-4eb5-a702-5ea2fc46c848,Lady Gaga,650e7db6-b795-4eb5-a702-5ea2fc46c848,
767f9c62-b2d6-46ce-9848-866859bba1b2,Trigger,210000,False,,unreleased,Lady Gaga,Lady Gaga,650e7db6-b795-4eb5-a702-5ea2fc46c848,Lady Gaga,650e7db6-b795-4eb5-a702-5ea2fc46c848,
4e92848c-8f55-4c52-9873-a62cda52248a,Shut Up,202000,False,,unreleased,Lady Gaga,Lady Gaga,650e7db6-b795-4eb5-a702-5ea2fc46c848,Lady Gaga,650e7db6-b795-4eb5-a702-5ea2fc46c848,
4ca6fcf8-2936-4165-b3b3-d04c5680ef34,Oh Baby,144000,False,,unreleased,Lady Gaga,Lady Gaga,650e7db6-b795-4eb5-a702-5ea2fc46c848,Lady Gaga,650e7db6-b795-4eb5-a702-5ea2fc46c848,
be6fa8b1-1819-4037-b94b-5e62981d2f4f,Freakshow,234000,False,,unreleased,Lady Gaga,Lady Gaga,650e7db6-b795-4eb5-a702-5ea2fc46c848,Lady Gaga,650e7db6-b795-4eb5-a702-5ea2fc46c848,
c8c1f418-998f-4cb3-8400-509be1b1a1a2,Flashback,163000,True,,,MiZeb,MiZeb,863ccc59-0081-47dd-8918-c14197ff87cf,MiZeb,863ccc59-0081-47dd-8918-c14197ff87cf,
9822726e-b26b-4496-85c5-50187905b346,Zeit,167000,True,,,Nullzweizwei,Nullzweizwei,692fa8bb-c980-4c04-9e45-4ce0edad468f,Nullzweizwei,692fa8bb-c980-4c04-9e45-4ce0edad468f,
064e22e6-6977-4788-883e-f0806a9126a9,Frankenstein,,False,,unreleased,Lady Gaga,Lady Gaga,650e7db6-b795-4eb5-a702-5ea2fc46c848,Lady Gaga,650e7db6-b795-4eb5-a702-5ea2fc46c848,
215bdcd3-5aad-4355-a751-aa8d96e44d98,"Gone, Gone, Gone",,False,,unreleased,Madonna,Madonna,79239441-bfd5-4981-a70c-55c3f15c1287,Madonna,79239441-bfd5-4981-a70c-55c3f15c1287,
5b18e34a-4773-4a7c-a950-f4c9faa07c48,Emily,,False,,,Bill Evans,Bill Evans,8247a3f2-3a8e-4256-b322-6c57b03a4e36,Bill Evans,8247a3f2-3a8e-4256-b322-6c57b03a4e36,
8fc040e3-d7bd-431b-a696-027a9e0e4f24,Scream,,True,,"live, 2021-06-26, 27th Dream Concert",DREAMCATCHER,DREAMCATCHER,a97f393a-13a7-4645-8bba-f10bd22d7228,DREAMCATCHER,a97f393a-13a7-4645-8bba-f10bd22d7228,
de53eb19-9e7d-48cb-8c86-c9f6de109c1f,Body And Soul,,False,,,Bill Evans,Bill Evans,8247a3f2-3a8e-4256-b322-6c57b03a4e36,Bill Evans,8247a3f2-3a8e-4256-b322-6c57b03a4e36,
3396f69c-c45e-4fbe-96fd-29cdfde58178,A Time For Love,,False,,,Bill Evans,Bill Evans,8247a3f2-3a8e-4256-b322-6c57b03a4e36,Bill Evans,8247a3f2-3a8e-4256-b322-6c57b03a4e36,
f2a8a25e-d630-410e-a96b-fac782af1054,Crab Rave,192000,True,,official music video,Noisestorm,Noisestorm,93c6c515-e575-4114-80e5-46bf6aa408bc,Noisestorm,93c6c515-e575-4114-80e5-46bf6aa408bc,
5172ebef-0dc0-4cb9-8919-483e9c7ee2a9,Danny Boy,,False,,,Bill Evans,Bill Evans,8247a3f2-3a8e-4256-b322-6c57b03a4e36,Bill Evans,8247a3f2-3a8e-4256-b322-6c57b03a4e36,
fb3ad07a-7945-4260-876d-1251dcad04f7,Revenge,,False,,unreleased,Madonna,Madonna,79239441-bfd5-4981-a70c-55c3f15c1287,Madonna,79239441-bfd5-4981-a70c-55c3f15c1287,
0d9e9cd6-d680-4cff-8c90-d9850d25f9c9,Autumn Leaves,,False,,,Bill Evans,Bill Evans,8247a3f2-3a8e-4256-b322-6c57b03a4e36,Bill Evans,8247a3f2-3a8e-4256-b322-6c57b03a4e36,
1e8b5efe-5836-4909-b170-f8155a171da0,ROBOT,247000,True,,,3OH!3,3OH!3,125948ec-7f91-4d1a-8b83-accbf50fae3d,3OH!3,125948ec-7f91-4d1a-8b83-accbf50fae3d,
771ca4c1-5743-4e3f-ad52-78047655b7d6,Getaway,,False,,,Maxx,Maxx,24410e2a-1024-4662-8f47-f48b14b5d991,Maxx,24410e2a-1024-4662-8f47-f48b14b5d991,
e91fa084-da8d-4ba2-90dc-1c02c7eff9af,Taubensohn,186000,True,,,MC Bomber feat. Shacke One,MC Bomber|Shacke One,a99074a9-64b3-4393-bb45-285df5ced66a|4869c897-c540-4655-ac18-54ce96fcef83,MC Bomber,a99074a9-64b3-4393-bb45-285df5ced66a,
6d3ca433-8f5e-451d-b7a6-2a7571a1970e,Augen auf,275000,True,,,Sido,Sido,3caf69c1-fdd8-44bc-b0a5-8af3ad8a47cd,Sido,3caf69c1-fdd8-44bc-b0a5-8af3ad8a47cd,
19ecdcd3-98f3-439b-b6b4-87006733ed81,Believer,301000,True,,,AURORA,AURORA,484a4e90-6899-4e4b-a948-a2255d365340,AURORA,484a4e90-6899-4e4b-a948-a2255d365340,
29ed76bc-28ab-495e-b1a5-a2f7f70da383,Roar,228000,True,,"live, 2017-06-24: Glastonbury Festival of Contemporary Performing Arts, U.K.",Katy Perry,Katy Perry,122d63fc-8671-43e4-9752-34e846d62a9c,Katy Perry,122d63fc-8671-43e4-9752-34e846d62a9c,
7181946b-c38e-4871-afd9-6a5062faa44c,The Sound,241000,True,,"live, 2016-06-25: Other Stage, Glastonbury Festival of Contemporary Performing Arts, U.K.",The 1975,The 1975,5b6ebfe0-f72b-4902-bba9-74c8af0f1af0,The 1975,5b6ebfe0-f72b-4902-bba9-74c8af0f1af0,
83e47bd5-94ed-41ec-a000-6bdad76d2728,Come Alive,746000,True,,"live, 2019-06-30: Glastonbury Festival of Contemporary Performing Arts, U.K.",Janelle Monáe,Janelle Monáe,ee190f6b-7d98-43ec-b924-da5f8018eca0,Janelle Monáe,ee190f6b-7d98-43ec-b924-da5f8018eca0,
c92115c3-e60b-41ff-8851-cc41c4c2926e,2002,,True,,"live, 2019-06-29: Glastonbury Festival of Contemporary Performing Arts, U.K.",Anne‐Marie,Anne‐Marie,e3d5b5ec-101a-4529-9f2d-01dca64cf44e,Anne‐Marie,e3d5b5ec-101a-4529-9f2d-01dca64cf44e,
8d334157-75ce-4f68-91aa-5a1f478da8b5,Juice,271000,True,,"live, 2019-06-29: West Holts Stage, Glastonbury Festival of Contemporary Performing Arts, U.K.",Lizzo,Lizzo,8fb5370b-9568-4b61-9da5-2aa12c9928db,Lizzo,8fb5370b-9568-4b61-9da5-2aa12c9928db,
8626e688-b847-4eab-8aff-6157111762b2,It’s a Sin,284000,True,,"live, 2010-06-27: Glastonbury Festival of Contemporary Performing Arts, U.K.",Pet Shop Boys,Pet Shop Boys,be540c02-7898-4b79-9acc-c8122c7d9e83,Pet Shop Boys,be540c02-7898-4b79-9acc-c8122c7d9e83,
226dad1c-24f5-4166-8e36-9b8321e204f2,Thinking Out Loud,239000,True,,"live, 2014-06-29: Pyramid Stage, Glastonbury Festival of Contemporary Performing Arts, UK",Ed Sheeran,Ed Sheeran,b8a7c51f-362c-4dcb-a259-bc6e0095f0a6,Ed Sheeran,b8a7c51f-362c-4dcb-a259-bc6e0095f0a6,
98f6c610-7107-4d72-adc1-5d39711a1f2d,Herzalarm,233000,True,,,Finch & Blümchen,FiNCH|Blümchen,92653164-7cbd-468f-afa3-b0baa3e05986|c31500d6-4ad1-4850-a004-7d9a2c2492d6,FiNCH,92653164-7cbd-468f-afa3-b0baa3e05986,
b63e01ba-52c7-4136-a020-6de5fe3aae2c,Tears Dry on Their Own,195000,True,,"live, 2007-06-22: Glastonbury Festival of Contemporary Performing Arts, U.K.",Amy Winehouse,Amy Winehouse,dfe9a7c4-8cf2-47f4-9dcb-d233c2b86ec3,Amy Winehouse,dfe9a7c4-8cf2-47f4-9dcb-d233c2b86ec3,
66c0326c-47ff-407f-9db1-8ba24405e83f,God Is a DJ,240000,True,,"live, 2010-06-27: Glastonbury Festival of Contemporary Performing Arts, U.K.",Faithless,Faithless,23d9d74d-c95e-46a6-be26-a6075c49747a,Faithless,23d9d74d-c95e-46a6-be26-a6075c49747a,
1da6728f-a49a-45c7-9d5b-46315e15dd68,Caleidoscópio,225000,False,,,Cefa,Cefa,34d5435a-bf27-4ef4-9e90-104035c43b80,Cefa,34d5435a-bf27-4ef4-9e90-104035c43b80,BXVTF1500011
cf0c79cb-b559-4a54-b707-dc5a3fa2051f,Burn Me,171000,True,,official music video,Louyah,Louyah,1873ba66-bda8-4fce-a371-8cb73f3a770b,Louyah,1873ba66-bda8-4fce-a371-8cb73f3a770b,
85d002a7-c9dd-488f-b7e8-34c03da9270b,Down,,False,,,"Rival,Philip Strand",Rival|Philip Strand,b3d846a1-d95a-453f-b024-a4dfa0f01847|4900daa8-29a7-473a-b768-c05bea153260,Rival,b3d846a1-d95a-453f-b024-a4dfa0f01847,
efe76ec9-8c6e-45ae-b948-8ba29ed561c6,No Friends,169000,True,,official music video,Louyah,Louyah,1873ba66-bda8-4fce-a371-8cb73f3a770b,Louyah,1873ba66-bda8-4fce-a371-8cb73f3a770b,
c8a34668-bf61-49fc-9560-2e0e866e52ba,Burn Me,164000,True,,official lyric video,Louyah,Louyah,1873ba66-bda8-4fce-a371-8cb73f3a770b,Louyah,1873ba66-bda8-4fce-a371-8cb73f3a770b,
ea57192b-cb59-4183-aafa-c9a1847799f5,Faded,213000,True,,official music video,Alan Walker,Alan Walker,b0e4bc50-3062-4d31-afad-def6a6b7a8e9,Alan Walker,b0e4bc50-3062-4d31-afad-def6a6b7a8e9,
ad818ab9-d8fe-4589-8882-c4650a2c72b8,Easy Peasy,150000,True,,,Finch x Leony x VIZE,FiNCH|Leony|VIZE,92653164-7cbd-468f-afa3-b0baa3e05986|f5ecff2e-501f-4ed1-a32f-2010dd610552|f5da9e43-d7db-4e20-a24c-7fccfe328f61,FiNCH,92653164-7cbd-468f-afa3-b0baa3e05986,
28677d70-bebf-46a5-9271-081f2746b184,Through the Fire and Flames,305000,True,,,JUNNA,JUNNA,8239a128-4754-4d23-8b0c-c01ec40b5522,JUNNA,8239a128-4754-4d23-8b0c-c01ec40b5522,
823163a9-cfa3-4e7b-a84e-3ee77caf547f,I Was Born To Love You,283000,True,,,JUNNA,JUNNA,8239a128-4754-4d23-8b0c-c01ec40b5522,JUNNA,8239a128-4754-4d23-8b0c-c01ec40b5522,
f116cafe-d4a7-40b3-b397-9cf4c0b44f47,Heading Home,211000,True,,official music video,Alan Walker & Ruben,Alan Walker|Ruben,b0e4bc50-3062-4d31-afad-def6a6b7a8e9|55ba68bb-c641-4a7a-8e22-65eda5e4f3c6,Alan Walker,b0e4bc50-3062-4d31-afad-def6a6b7a8e9,
9c034d61-4cff-47e4-8903-65b138c8a875,Fake A Smile,170000,True,,official lyric video,Alan Walker,Alan Walker,b0e4bc50-3062-4d31-afad-def6a6b7a8e9,Alan Walker,b0e4bc50-3062-4d31-afad-def6a6b7a8e9,
ab78335d-9d1a-4b34-b7be-9b4ebbc53d2a,The Spectre,206000,True,,Official Music Video,Alan Walker,Alan Walker,b0e4bc50-3062-4d31-afad-def6a6b7a8e9,Alan Walker,b0e4bc50-3062-4d31-afad-def6a6b7a8e9,
5e3d3cd9-1209-44af-9efb-3fa0215f2d96,Eskalation,234000,True,,,Finch,FiNCH,92653164-7cbd-468f-afa3-b0baa3e05986,FiNCH,92653164-7cbd-468f-afa3-b0baa3e05986,
e42db1c7-65b6-4959-9ca8-8a7cf3d4598f,Sweet Dreams,183000,True,,Official Music Video,Alan Walker & Imanbek,Alan Walker|Imanbek,b0e4bc50-3062-4d31-afad-def6a6b7a8e9|23c723b3-f54f-4634-83dc-b2989d05ae88,Alan Walker,b0e4bc50-3062-4d31-afad-def6a6b7a8e9,
3f7841d8-4639-4346-90ec-4ffa9d1c7763,Rising Force,268000,True,,,JUNNA,JUNNA,8239a128-4754-4d23-8b0c-c01ec40b5522,JUNNA,8239a128-4754-4d23-8b0c-c01ec40b5522,
808f6ce8-fc0a-45e5-b890-92e1005fbb0b,Freitag Samstag,174000,True,,,Harris & Ford feat. Finch,Harris & Ford|FiNCH,f20ae362-98e7-405a-8637-b606854c184c|92653164-7cbd-468f-afa3-b0baa3e05986,Harris & Ford,f20ae362-98e7-405a-8637-b606854c184c,
345fa4af-971c-4a8e-aae7-3bbf9f1cba11,Play,194000,True,,official music video,"K‐391, Alan Walker, Martin Tungevaag feat. Mangoo",K‐391|Alan Walker|Tungevaag|Mangoo,95c7dae9-682a-4e00-b707-1fa24a924ffe|b0e4bc50-3062-4d31-afad-def6a6b7a8e9|6e193861-a201-45f0-9386-be7e647fb59e|b6bc8d94-d136-4684-9fc5-904bd1c1b657,K‐391,95c7dae9-682a-4e00-b707-1fa24a924ffe,
05517dfe-3e8f-48d0-af6b-12197c92f58f,Sorry,189000,True,,Official Music Video,Alan Walker & ISÁK,Alan Walker|ISÁK,b0e4bc50-3062-4d31-afad-def6a6b7a8e9|23998f9a-fd11-40bc-88a4-cf9e3cbd5d78,Alan Walker,b0e4bc50-3062-4d31-afad-def6a6b7a8e9,
73325cb5-8fe6-46fa-965d-b89e60c9c8ed,Fiesta,177000,True,,,Finch,FiNCH,92653164-7cbd-468f-afa3-b0baa3e05986,FiNCH,92653164-7cbd-468f-afa3-b0baa3e05986,
ab99bdac-6798-49cc-b185-c2c03c9baaaf,DEMON,280000,True,,,JUNNA,JUNNA,8239a128-4754-4d23-8b0c-c01ec40b5522,JUNNA,8239a128-4754-4d23-8b0c-c01ec40b5522,
d2e9c769-a639-44ce-b7ae-ac1bf1c8d2d5,Frohe Weihnachten,175000,True,,,Finch,FiNCH,92653164-7cbd-468f-afa3-b0baa3e05986,FiNCH,92653164-7cbd-468f-afa3-b0baa3e05986,
35bde2e7-c881-4a14-a01b-eaf0dcfdaa39,Sweet Dreams,154000,True,,Official Lyric Video,Alan Walker & Imanbek,Alan Walker|Imanbek,b0e4bc50-3062-4d31-afad-def6a6b7a8e9|23c723b3-f54f-4634-83dc-b2989d05ae88,Alan Walker,b0e4bc50-3062-4d31-afad-def6a6b7a8e9,
b8d5616a-d40d-43b6-8a21-53fe35a401e6,Diamond Heart,218000,True,,official music video,Alan Walker feat. Sophia Somajo,Alan Walker|Sophia Somajo,b0e4bc50-3062-4d31-afad-def6a6b7a8e9|97d1e93f-7e5e-4ebb-99db-f210cd350f1e,Alan Walker,b0e4bc50-3062-4d31-afad-def6a6b7a8e9,
1716f52c-27f0-4793-ade1-300da90f0c9b,On My Way,217000,True,,official music video,Alan Walker,Alan Walker,b0e4bc50-3062-4d31-afad-def6a6b7a8e9,Alan Walker,b0e4bc50-3062-4d31-afad-def6a6b7a8e9,
362995f7-5f4d-41ca-90bc-ca11842955b7,Mahlzeit,199000,True,,,Finch,FiNCH,92653164-7cbd-468f-afa3-b0baa3e05986,FiNCH,92653164-7cbd-468f-afa3-b0baa3e05986,
6b028482-33b9-4829-a1df-1cad11d781f1,1990,185000,True,,,Finch,FiNCH,92653164-7cbd-468f-afa3-b0baa3e05986,FiNCH,92653164-7cbd-468f-afa3-b0baa3e05986,
010c6787-f558-4647-9a31-95dbef2b1e75,I Don’t Wanna Go,169000,True,,official lyric video,Alan Walker,Alan Walker,b0e4bc50-3062-4d31-afad-def6a6b7a8e9,Alan Walker,b0e4bc50-3062-4d31-afad-def6a6b7a8e9,
23ce263a-c29b-454a-9d23-cd240981f7cc,Fake A Smile,196000,True,,official music video,Alan Walker x salem ilese,Alan Walker|salem ilese,b0e4bc50-3062-4d31-afad-def6a6b7a8e9|c0583ff5-73cd-444b-9870-fe781c9eef17,Alan Walker,b0e4bc50-3062-4d31-afad-def6a6b7a8e9,
fe32f2e3-f8bc-42c9-ab6c-6572903b13ce,Noise,356000,True,,music video,Nightwish,Nightwish,00a9f935-ba93-4fc8-a33a-993abe9c936b,Nightwish,00a9f935-ba93-4fc8-a33a-993abe9c936b,
eb508847-6faf-4a5d-9f81-fa176fd6dc34,Blue Bird,350000,True,,,The Birthday Massacre,The Birthday Massacre,83d8a06a-4145-444a-b4ae-49e1e986206f,The Birthday Massacre,83d8a06a-4145-444a-b4ae-49e1e986206f,
55fa459a-1e53-4131-9ee7-d226261d3dcf,Cinema,211000,True,,,Eskimo Callboy,Electric Callboy,cf075492-d880-4afc-b87b-d6b03e33dacc,Electric Callboy,cf075492-d880-4afc-b87b-d6b03e33dacc,
01ba7c32-49f7-42bf-bb46-c890a6104456,Superstition,258000,True,,,The Birthday Massacre,The Birthday Massacre,83d8a06a-4145-444a-b4ae-49e1e986206f,The Birthday Massacre,83d8a06a-4145-444a-b4ae-49e1e986206f,
b86ad1f9-e3e2-4e77-a8ae-ba4039be35bc,Too Many Problems,148000,True,,official music video,Ouse feat. Powfu,Ouse|Powfu,e33f9930-2c34-42eb-82c8-6d93bffedfac|bfb7bc12-4b79-412f-8303-ad6d7c772aca,Ouse,e33f9930-2c34-42eb-82c8-6d93bffedfac,
d52ea9dd-9b4a-4438-9be4-70f8d7950f6e,Anxiety,184000,True,,official music video,Ouse,Ouse,e33f9930-2c34-42eb-82c8-6d93bffedfac,Ouse,e33f9930-2c34-42eb-82c8-6d93bffedfac,
aaf1c1f3-e057-4177-bff1-cb1d02a396d3,Nevermind,279000,True,,,The Birthday Massacre,The Birthday Massacre,83d8a06a-4145-444a-b4ae-49e1e986206f,The Birthday Massacre,83d8a06a-4145-444a-b4ae-49e1e986206f,
7c251154-e736-4462-906a-ff139638b5d3,Looking Glass,276000,True,,,The Birthday Massacre,The Birthday Massacre,83d8a06a-4145-444a-b4ae-49e1e986206f,The Birthday Massacre,83d8a06a-4145-444a-b4ae-49e1e986206f,
cd9cfe3a-6d5e-4d94-b8fc-004473e240e4,California Gurls,186000,True,,,Eskimo Callboy,Electric Callboy,cf075492-d880-4afc-b87b-d6b03e33dacc,Electric Callboy,cf075492-d880-4afc-b87b-d6b03e33dacc,
1448cbd5-88ab-408d-8ace-3a86ea8422aa,Let’s Go,214000,True,,,Stuck in the Sound,Stuck in the Sound,335abb73-0134-4264-bfd7-9b110ab8d4db,Stuck in the Sound,335abb73-0134-4264-bfd7-9b110ab8d4db,
9eb2c263-31d4-426c-b0e4-a20cae78cced,Schlechtes Vorbild,228000,True,,,Sido,Sido,3caf69c1-fdd8-44bc-b0a5-8af3ad8a47cd,Sido,3caf69c1-fdd8-44bc-b0a5-8af3ad8a47cd,
87443480-483c-4bcc-8f1d-58f9f2534fc4,Kings,225000,True,,,Tribe Society,Tribe Society,6fea433f-890e-4b92-9ed0-05d2050fe904,Tribe Society,6fea433f-890e-4b92-9ed0-05d2050fe904,
03f7527b-0528-4405-bcaa-e5847670e18e,Why Does My Heart Feel So Bad?,230000,True,,,Moby,Moby,8970d868-0723-483b-a75b-51088913d3d4,Moby,8970d868-0723-483b-a75b-51088913d3d4,
06ba30f7-b632-4e31-b2b4-21a36c929810,Scream,208000,True,,"live, 2021-07-17, 2021 다시 함께 K-POP 콘서트",DREAMCATCHER,DREAMCATCHER,a97f393a-13a7-4645-8bba-f10bd22d7228,DREAMCATCHER,a97f393a-13a7-4645-8bba-f10bd22d7228,
9a863410-aeb3-4dbc-a868-d79ef4f3d07b,Life Goes On,206000,True,,,Oliver Tree,Oliver Tree,1fa3bded-908f-47be-9784-3c9ef850682b,Oliver Tree,1fa3bded-908f-47be-9784-3c9ef850682b,
d628c625-415e-400e-9dd1-27daca887dc7,Stay,158000,True,,official music video,The Kid LAROI & Justin Bieber,The Kid LAROI|Justin Bieber,80609a00-b394-4a49-975b-2db6b543fa97|e0140a67-e4d1-4f13-8a01-364355bee46e,The Kid LAROI,80609a00-b394-4a49-975b-2db6b543fa97,
b7b96319-4e51-44eb-a95f-d51a03424b9b,Pokémon Theme,,False,,Fan-Voted Cover,Occams Laser,Occams Laser,b34b0221-4ce0-43b0-bff6-fda8ca7cfa10,Occams Laser,b34b0221-4ce0-43b0-bff6-fda8ca7cfa10,
cb044467-740d-48e9-96c4-3a819e0b172d,The Power of Love,,False,,Fan-Voted Cover,Occams Laser,Occams Laser,b34b0221-4ce0-43b0-bff6-fda8ca7cfa10,Occams Laser,b34b0221-4ce0-43b0-bff6-fda8ca7cfa10,
502db0d8-22ff-470b-ae15-2b234ff3db00,Welcome to the Jungle,,False,,,Guns N’ Roses,Guns N’ Roses,eeb1195b-f213-4ce1-b28c-8565211f8e43,Guns N’ Roses,eeb1195b-f213-4ce1-b28c-8565211f8e43,
6f672a52-dedf-4d18-a209-d07d917f3ef2,The Veldt,,False,,,deadmau5,deadmau5,4a00ec9d-c635-463a-8cd4-eb61725f0c60,deadmau5,4a00ec9d-c635-463a-8cd4-eb61725f0c60,
4aacecca-7e5f-4f5e-a653-ea33c21e02dc,Bad Company,196000,False,,"unreleased song, but leaked in 2021",Billie Eilish,Billie Eilish,f4abc0b5-3f7a-4eff-8f78-ac078dbce533,Billie Eilish,f4abc0b5-3f7a-4eff-8f78-ac078dbce533,
2c4ee90f-f8cc-41d9-a289-fc82eeb6e875,Invincible,275000,True,,official music video,Escape the Fate feat. Lindsey Stirling,Escape the Fate|Lindsey Stirling,b9ca7096-68de-455f-8a36-1f1ebb2abf2a|53e40f93-f4af-4f8c-819c-7bbe4b6f0a1c,Escape the Fate,b9ca7096-68de-455f-8a36-1f1ebb2abf2a,
b49af8b2-53cd-4e37-83b2-23262b3ac07a,Everytime,249000,True,,official music video,Britney Spears,Britney Spears,45a663b5-b1cb-4a91-bff6-2bef7bbfdd76,Britney Spears,45a663b5-b1cb-4a91-bff6-2bef7bbfdd76,
7ef4ff8d-641e-4b52-add0-b159bb3fe493,Criminal,322000,True,,Official Music Video,Britney Spears,Britney Spears,45a663b5-b1cb-4a91-bff6-2bef7bbfdd76,Britney Spears,45a663b5-b1cb-4a91-bff6-2bef7bbfdd76,
93ed584c-df29-475b-b23c-9b1ee06f3a4f,I Don’t Want to Get Over You,144000,False,,,Baby Queen,Baby Queen,31f7decf-2448-43f4-b792-3dfb8ea1d030,Baby Queen,31f7decf-2448-43f4-b792-3dfb8ea1d030,
f220bc43-4a20-4db7-8159-890639d97708,Perfume,264000,True,,official music video,Britney Spears,Britney Spears,45a663b5-b1cb-4a91-bff6-2bef7bbfdd76,Britney Spears,45a663b5-b1cb-4a91-bff6-2bef7bbfdd76,
4d126701-f2d3-466c-b126-2244330d8c86,Shooting Star,246000,True,,Official Lyric Video,Owl City,Owl City,ad279295-653f-42e1-9aaa-b731df2e78ba,Owl City,ad279295-653f-42e1-9aaa-b731df2e78ba,
5db86c38-37d5-4725-824b-0aea1a3bc3fc,Daylight,241000,True,,"official music video, includes outro","Tyler Ward, Chester See & Lindsey Stirling",Tyler Ward|Chester See|Lindsey Stirling,21462e8d-d20b-4049-bcbd-57e0a4b9be5c|f03a7d46-c6b6-4408-91c6-5c245456815c|53e40f93-f4af-4f8c-819c-7bbe4b6f0a1c,Tyler Ward,21462e8d-d20b-4049-bcbd-57e0a4b9be5c,
d4664f27-49ba-453b-8498-9833978c5b53,Fields of Gold,255000,True,,"official music video, Tyler Ward lead vocals, includes outro",Tyler Ward feat. Peter Hollens & Lindsey Stirling,Tyler Ward|Peter Hollens|Lindsey Stirling,21462e8d-d20b-4049-bcbd-57e0a4b9be5c|7b0fbeae-b6e1-4960-8acd-7fb1fa9743e7|53e40f93-f4af-4f8c-819c-7bbe4b6f0a1c,Tyler Ward,21462e8d-d20b-4049-bcbd-57e0a4b9be5c,
3e6db962-0f5f-4a34-8937-8167b0a7ed11,…Baby One More Time,237000,True,,official music video,Britney Spears,Britney Spears,45a663b5-b1cb-4a91-bff6-2bef7bbfdd76,Britney Spears,45a663b5-b1cb-4a91-bff6-2bef7bbfdd76,
840a0766-e59f-4650-b6f9-8cd82f2631ba,Shooting Star,248000,True,,official music video,Owl City,Owl City,ad279295-653f-42e1-9aaa-b731df2e78ba,Owl City,ad279295-653f-42e1-9aaa-b731df2e78ba,
49edad05-75be-4bf8-858e-d6f9193c9894,Bodies,219000,True,,music video,Drowning Pool,Drowning Pool,87a73cf0-ebdf-483d-8b5a-3db1e5e72122,Drowning Pool,87a73cf0-ebdf-483d-8b5a-3db1e5e72122,
f8d222b7-1478-4d8d-ab6b-48bee1a7da45,Unsainted,285000,True,,official music video,Slipknot,Slipknot,a466c2a2-6517-42fb-a160-1087c3bafd9f,Slipknot,a466c2a2-6517-42fb-a160-1087c3bafd9f,
c8601205-a551-4fb6-9e2c-656c155e667f,Give Me Your Love,217000,False,,EP Version,Matt Johnson,Matt Johnson,485ee180-a8c0-483a-afb5-15c2eb6b14fb,Matt Johnson,485ee180-a8c0-483a-afb5-15c2eb6b14fb,UK42F1300024
10be7af7-c9b6-4b52-9be4-81029dd92ff8,Say Yes,231000,False,,EP Version,Matt Johnson,Matt Johnson,485ee180-a8c0-483a-afb5-15c2eb6b14fb,Matt Johnson,485ee180-a8c0-483a-afb5-15c2eb6b14fb,UK42F1300026
6bbe57ba-70b0-41b8-b593-275b946d057f,That’s Amore,,False,,,Dean Martin,Dean Martin,5e6c760b-42e0-4df4-a221-0269355da00a,Dean Martin,5e6c760b-42e0-4df4-a221-0269355da00a,
7fc884fa-40bc-425e-be29-487589b52ce8,Erase Me,230000,True,,official music video,Make Them Suffer,Make Them Suffer,b6f8cce8-cbac-48a0-b0fa-d6cc06447928,Make Them Suffer,b6f8cce8-cbac-48a0-b0fa-d6cc06447928,
46a43018-da7d-4def-84a4-e91e951875fe,The Alien,572000,True,,official music video,Dream Theater,Dream Theater,28503ab7-8bf2-4666-a7bd-2644bfc7cb1d,Dream Theater,28503ab7-8bf2-4666-a7bd-2644bfc7cb1d,
bb14bc35-cb51-4590-b8af-4dff611fd505,In Blur,327000,True,,,Deafheaven,Deafheaven,f4ccf6c5-ad41-4f8f-bb9e-6e2c6ad23302,Deafheaven,f4ccf6c5-ad41-4f8f-bb9e-6e2c6ad23302,
732aa159-dac7-4240-b6fb-d1cfef5140c2,What’s New Scooby‐Doo?,60000,False,,"2002 recording, used in cartoon",Simple Plan,Simple Plan,b345af35-205e-4eca-8006-029e5c20127e,Simple Plan,b345af35-205e-4eca-8006-029e5c20127e,
4feb47f2-442c-44d2-9b65-9b0a0df53f9c,水平線,312000,True,,,back number,back number,f35bfbe2-d30e-402c-9ac1-fa5f90b72ec2,back number,f35bfbe2-d30e-402c-9ac1-fa5f90b72ec2,
e8f5be0f-930d-4980-91e7-01bec26268fb,Your Power,263000,True,,music video,Billie Eilish,Billie Eilish,f4abc0b5-3f7a-4eff-8f78-ac078dbce533,Billie Eilish,f4abc0b5-3f7a-4eff-8f78-ac078dbce533,
b3fe4068-eb0e-4ece-98ed-12e7c772c0e1,you should see me in a crown,180000,True,,vertical video,Billie Eilish,Billie Eilish,f4abc0b5-3f7a-4eff-8f78-ac078dbce533,Billie Eilish,f4abc0b5-3f7a-4eff-8f78-ac078dbce533,
ac74ebd1-eaac-4004-8ea0-4db1ef6e3013,Therefore I Am,299000,True,,music video,Billie Eilish,Billie Eilish,f4abc0b5-3f7a-4eff-8f78-ac078dbce533,Billie Eilish,f4abc0b5-3f7a-4eff-8f78-ac078dbce533,
534acbac-4c51-4d51-b324-21b326b54c63,NDA,217000,True,,music video,Billie Eilish,Billie Eilish,f4abc0b5-3f7a-4eff-8f78-ac078dbce533,Billie Eilish,f4abc0b5-3f7a-4eff-8f78-ac078dbce533,
e1c3680b-5e67-4d8a-85ab-fe54069ecdbc,Dollhouse,267000,True,,rough-cut music video,Melanie Martinez,Melanie Martinez,0df563ec-1a79-486e-a46d-5b9862a40311,Melanie Martinez,0df563ec-1a79-486e-a46d-5b9862a40311,
34e06824-3d42-4009-b084-401cc8494a31,Lost Cause,229000,True,,music video,Billie Eilish,Billie Eilish,f4abc0b5-3f7a-4eff-8f78-ac078dbce533,Billie Eilish,f4abc0b5-3f7a-4eff-8f78-ac078dbce533,
e324e484-9ef7-4592-9d0c-0c02c1c52271,Hard Times,182000,True,,,Get Dead,Get Dead,1835c063-a925-4e00-afe2-6059666bb7c2,Get Dead,1835c063-a925-4e00-afe2-6059666bb7c2,
97d0a060-c95e-4f5e-a1ce-33f8da96614f,Glitch,133000,True,,,Get Dead,Get Dead,1835c063-a925-4e00-afe2-6059666bb7c2,Get Dead,1835c063-a925-4e00-afe2-6059666bb7c2,
c5d35fbe-f36a-4a80-8021-b29d840fe6c2,Disruption,179000,True,,,Get Dead,Get Dead,1835c063-a925-4e00-afe2-6059666bb7c2,Get Dead,1835c063-a925-4e00-afe2-6059666bb7c2,
6e45b1d6-4692-44be-83df-41e741f0cc8c,Pepperspray,161000,True,,,Get Dead,Get Dead,1835c063-a925-4e00-afe2-6059666bb7c2,Get Dead,1835c063-a925-4e00-afe2-6059666bb7c2,
034cd2d5-d94e-4b1c-9baf-8a69342fb809,Forever Young,147000,True,,official music video,Mike Singer,Mike Singer,7b69f42e-ef97-42b8-a78c-525d0a718213,Mike Singer,7b69f42e-ef97-42b8-a78c-525d0a718213,
d55f74ac-d54a-4ce2-b00e-7318c0ebbdb2,Flashbacks,216000,True,,official music video,Mike Singer,Mike Singer,7b69f42e-ef97-42b8-a78c-525d0a718213,Mike Singer,7b69f42e-ef97-42b8-a78c-525d0a718213,
376bf473-1162-4740-af81-bbf71533d6af,Paranoid,160000,True,,official music video,Mike Singer,Mike Singer,7b69f42e-ef97-42b8-a78c-525d0a718213,Mike Singer,7b69f42e-ef97-42b8-a78c-525d0a718213,
504cf39d-2c89-4f23-8073-12d5c50a6f79,On the Floor,,False,,,Jennifer Lopez,Jennifer Lopez,f0602f55-1770-483d-89bd-4bae0d0ac086,Jennifer Lopez,f0602f55-1770-483d-89bd-4bae0d0ac086,
21286b94-e89a-46de-a250-36335ae3ff83,Karma,228000,True,,official music video,Mike Singer,Mike Singer,7b69f42e-ef97-42b8-a78c-525d0a718213,Mike Singer,7b69f42e-ef97-42b8-a78c-525d0a718213,
bc08490a-8f61-4afe-8cb0-9960e0cf8396,Ohne dich,259000,True,,official music video,Mike Singer,Mike Singer,7b69f42e-ef97-42b8-a78c-525d0a718213,Mike Singer,7b69f42e-ef97-42b8-a78c-525d0a718213,
8453cb2e-2b21-4a7a-89c9-c43c60daf5a5,Deja Vu,228000,True,,official music video,Mike Singer,Mike Singer,7b69f42e-ef97-42b8-a78c-525d0a718213,Mike Singer,7b69f42e-ef97-42b8-a78c-525d0a718213,
e79895ac-172c-485a-9f4d-5f821400a0ae,Bon Voyage,227000,True,,official music video,Mike Singer,Mike Singer,7b69f42e-ef97-42b8-a78c-525d0a718213,Mike Singer,7b69f42e-ef97-42b8-a78c-525d0a718213,
112152f4-4748-4f0a-9a45-5af842ecc1d4,Bella Ciao,215000,True,,official music video,Mike Singer,Mike Singer,7b69f42e-ef97-42b8-a78c-525d0a718213,Mike Singer,7b69f42e-ef97-42b8-a78c-525d0a718213,
d589dffe-26be-492b-92e2-be317ff81627,Bigmouth Strikes Again,,False,,live,The Smiths,The Smiths,40f5d9e4-2de7-4f2d-ad41-e31a9a9fea27,The Smiths,40f5d9e4-2de7-4f2d-ad41-e31a9a9fea27,
79d3a1b7-391a-430f-a9ba-1660a306d40f,Defender,260000,True,,official music video,August Burns Red,August Burns Red,5bac9b4f-2f1c-4d39-8d11-231d5b6650ce,August Burns Red,5bac9b4f-2f1c-4d39-8d11-231d5b6650ce,
2f25dbef-11d7-4c15-ae5e-e4f04c5dee46,The Writing on the Wall,444000,True,,official video,Iron Maiden,Iron Maiden,ca891d65-d9b0-4258-89f7-e6ba29d83767,Iron Maiden,ca891d65-d9b0-4258-89f7-e6ba29d83767,
3be154b7-a46d-4287-b4a5-492d738eaaf8,Venus in Furs,252000,False,,live,Siouxsie and the Banshees,Siouxsie and the Banshees,78ea5ea1-3c4d-4b7e-ac5d-68900319ebe2,Siouxsie and the Banshees,78ea5ea1-3c4d-4b7e-ac5d-68900319ebe2,
b258594e-a9de-4cd4-b1d4-fa88cda51cb7,Snowblood,253000,True,,official music video,ERRA,ERRA,5c14e10e-735e-4108-a8a5-74d8771672da,ERRA,5c14e10e-735e-4108-a8a5-74d8771672da,
8ad17469-06e1-46d9-a393-e9e77295dac6,Fingertips,283000,False,,instrumental,The Brian Jonestown Massacre,The Brian Jonestown Massacre,381e8434-109a-439c-8acc-5d328359f2e0,The Brian Jonestown Massacre,381e8434-109a-439c-8acc-5d328359f2e0,
1deeabad-fb45-4121-bc13-2f3e114b3dd7,Slide,125000,False,,,Tyler Ward,Tyler Ward,21462e8d-d20b-4049-bcbd-57e0a4b9be5c,Tyler Ward,21462e8d-d20b-4049-bcbd-57e0a4b9be5c,
bdd7cf96-be89-4b1f-bfdd-9a17181d849f,Teenage Dirtbag,209000,False,,,Mirage,Mirage,3545ed3c-49e5-455b-91ed-efa11122f9c2,Mirage,3545ed3c-49e5-455b-91ed-efa11122f9c2,
0e4a8c0f-9279-478c-a02e-186e86939db4,Cry Me a River,234000,False,,,CHVRCHES,CHVRCHES,6a93afbb-257f-4166-b389-9f2a1e5c5df8,CHVRCHES,6a93afbb-257f-4166-b389-9f2a1e5c5df8,
1799543b-5196-4915-a153-4554c02cee43,Nightflight to Venus,,False,,,Boney M.,Boney M.,5403bf6e-bc1d-4e62-b31f-926a2bf66a14,Boney M.,5403bf6e-bc1d-4e62-b31f-926a2bf66a14,
53bfccd2-27c7-45fd-99d1-a0a2568d2389,DiE4u,320000,True,,official video,Bring Me the Horizon,Bring Me the Horizon,074e3847-f67f-49f9-81f1-8c8cea147e8e,Bring Me the Horizon,074e3847-f67f-49f9-81f1-8c8cea147e8e,
04538fb7-3f17-41aa-8758-e405706f7575,Kyoto,225000,False,,,HEAD SPLITTER,HEAD SPLITTER,7ffb8a11-0fe6-450b-9e50-1fef37ce07fd,HEAD SPLITTER,7ffb8a11-0fe6-450b-9e50-1fef37ce07fd,
fb60d10d-db80-4c3c-afeb-c9944d72a0da,Roots Below,216000,True,,official track visualizer video,As I Lay Dying,As I Lay Dying,ba147ea0-60c4-4a40-9da6-0d5c2b2e7b03,As I Lay Dying,ba147ea0-60c4-4a40-9da6-0d5c2b2e7b03,
2b0d4ea6-3d22-4cba-ab80-c527670247ec,WITHOUT YOU,,True,,official music video,The Kid LAROI,The Kid LAROI,80609a00-b394-4a49-975b-2db6b543fa97,The Kid LAROI,80609a00-b394-4a49-975b-2db6b543fa97,
648aeb6d-8430-440d-a553-9daff6fc7019,Hanabi,206000,False,,,Nujabes & 宇山寛人,Nujabes|宇山寛人,1595addf-f76b-450a-a097-af852ff35f27|ff139930-ec21-4c01-8737-4e4c05bdd472,Nujabes,1595addf-f76b-450a-a097-af852ff35f27,
1ef6b635-d31e-45dc-b770-246bc0b095f7,Strangers,328000,False,,,Nina,Nina,caec841e-ee8c-4976-909f-f1db902b05d9,Nina,caec841e-ee8c-4976-909f-f1db902b05d9,
6893d0e9-0164-4821-ae4d-cbc8bb55b68b,Nostalgia,272000,False,,,Nina,Nina,caec841e-ee8c-4976-909f-f1db902b05d9,Nina,caec841e-ee8c-4976-909f-f1db902b05d9,
f3ccacce-fa1e-4b38-ad81-4243353d09c0,Trouble,279000,False,,,Nina,Nina,caec841e-ee8c-4976-909f-f1db902b05d9,Nina,caec841e-ee8c-4976-909f-f1db902b05d9,
ea079cba-59e2-49a3-b3f8-c4a4b7d5ab0b,DOMINATION,166000,True,,official music video,"Kayzo, Sullivan King & Papa Roach",Kayzo|Sullivan King|Papa Roach,e57634b1-01f3-4dc9-bd6b-0672c8e0665c|f1e0c3fb-1ecb-49fa-bebd-5b0aedb33737|c5eb9407-caeb-4303-b383-6929aa94021c,Kayzo,e57634b1-01f3-4dc9-bd6b-0672c8e0665c,
7298e7de-3c26-4f1f-a105-075ba5b03f45,All I Ask of You,340000,False,,instrumental edit,Skrillex feat. Pennybirdrabbit,Skrillex|Pennybirdrabbit,ae002c5d-aac6-490b-a39a-30aa9e2edf2b|ab3a807c-1998-4f0a-801e-a49495e4a8b5,Skrillex,ae002c5d-aac6-490b-a39a-30aa9e2edf2b,
edd2c1a7-39a2-4c22-95e5-c49b18b0fac5,Shake,,False,,,Chris Lake & Micky Slim,Chris Lake|Micky Slim,fca94d64-9ada-4264-9373-4158e2f7c7e7|502b3089-744a-49a2-b0ab-b8e793c93739,Chris Lake,fca94d64-9ada-4264-9373-4158e2f7c7e7,
3a07da57-d0af-4290-9919-b5f788b78bfe,Outrun,223000,True,,official music video,Veil of Maya,Veil of Maya,32e740e5-95ea-42e3-b5e2-29f6630488e4,Veil of Maya,32e740e5-95ea-42e3-b5e2-29f6630488e4,
30729320-a479-4175-8da8-69c7c26aee51,Black or White,202000,True,,"live, 2021-10-15, JUMF 2021",DREAMCATCHER,DREAMCATCHER,a97f393a-13a7-4645-8bba-f10bd22d7228,DREAMCATCHER,a97f393a-13a7-4645-8bba-f10bd22d7228,
97559db8-d642-4222-b27a-e08d1753c5e0,overture,252000,True,,,花譜,花譜,47ba70a2-d040-4265-bf52-86b9ef28c2c9,花譜,47ba70a2-d040-4265-bf52-86b9ef28c2c9,
73140f8d-4a6d-4f9d-a419-c9e7adf0b5a5,五月雨,253000,True,,,花譜,花譜,47ba70a2-d040-4265-bf52-86b9ef28c2c9,花譜,47ba70a2-d040-4265-bf52-86b9ef28c2c9,
76f113e3-81ed-4c4d-8418-fe1bc5274048,Lemon,259000,True,,,花譜,花譜,47ba70a2-d040-4265-bf52-86b9ef28c2c9,花譜,47ba70a2-d040-4265-bf52-86b9ef28c2c9,
8b1c7352-ef45-44e7-bbc8-8739de23d5fa,魔法,359000,True,,,花譜,花譜,47ba70a2-d040-4265-bf52-86b9ef28c2c9,花譜,47ba70a2-d040-4265-bf52-86b9ef28c2c9,
1665da08-af73-447f-9331-5c987b093a60,After All,257000,True,,,花譜,花譜,47ba70a2-d040-4265-bf52-86b9ef28c2c9,花譜,47ba70a2-d040-4265-bf52-86b9ef28c2c9,
1566375f-50bc-4795-94ec-65ebdf31505f,プラスティック・ラブ,461000,True,,,花譜,花譜,47ba70a2-d040-4265-bf52-86b9ef28c2c9,花譜,47ba70a2-d040-4265-bf52-86b9ef28c2c9,
10865f85-3e2e-45ea-8819-51be06da0a1e,死神,259000,True,,,花譜,花譜,47ba70a2-d040-4265-bf52-86b9ef28c2c9,花譜,47ba70a2-d040-4265-bf52-86b9ef28c2c9,
6740f62b-658b-490a-9cd6-e7a45423354b,風をあつめて,258000,True,,,花譜,花譜,47ba70a2-d040-4265-bf52-86b9ef28c2c9,花譜,47ba70a2-d040-4265-bf52-86b9ef28c2c9,
9d9a7cef-641c-4c25-970b-ed5a9b1eaf46,Everything's Alright,205000,False,,,Noice,Noice,1e443c06-15f1-4a7e-aa82-9f8e9b3af731,Noice,1e443c06-15f1-4a7e-aa82-9f8e9b3af731,
8a5adba7-6494-4d1d-adc5-4cb0c59d5c5e,Our Song,,False,,,Taylor Swift,Taylor Swift,20244d07-534f-4eff-b4d4-930878889970,Taylor Swift,20244d07-534f-4eff-b4d4-930878889970,
0e9879d0-8701-4834-a4c3-dcce0a50c2c1,We Own the Night,209000,True,,,Dance Gavin Dance,Dance Gavin Dance,16456fed-c9f2-4adf-b6ea-97b648c474d2,Dance Gavin Dance,16456fed-c9f2-4adf-b6ea-97b648c474d2,
1966f27a-4d8d-4459-a781-83806b68e220,Three Wishes,208000,True,,,Dance Gavin Dance,Dance Gavin Dance,16456fed-c9f2-4adf-b6ea-97b648c474d2,Dance Gavin Dance,16456fed-c9f2-4adf-b6ea-97b648c474d2,
929c6fd3-b109-4c83-979d-a2adba0b4f67,One in a Million,231000,True,,,Dance Gavin Dance,Dance Gavin Dance,16456fed-c9f2-4adf-b6ea-97b648c474d2,Dance Gavin Dance,16456fed-c9f2-4adf-b6ea-97b648c474d2,
60b81677-34c0-46ec-8d4b-9d3e798d186f,Where I'm Standing Now,274000,True,,,Phil Wickham feat. Brandon Lake,Phil Wickham|Brandon Lake,b635a97f-a971-4d53-8317-b21d3ca4f901|9031aa68-f624-44d6-ab83-9a6ccb125aa2,Phil Wickham,b635a97f-a971-4d53-8317-b21d3ca4f901,USM2C2190232
fc9630e1-af67-4dcf-b7a9-0599a95f422f,Warning Signs,,False,,,Blue States,Blue States,cfd70533-c11a-4e0e-995d-f4ffe6f3119f,Blue States,cfd70533-c11a-4e0e-995d-f4ffe6f3119f,
bbf1ecd0-74b2-4728-9a18-492e7fcce650,Ready for love,216000,False,,"live, 2012: Le Live, l'émission musicale du Figaro",Imany,Imany,478fe3cd-c42a-4f0f-86a1-9168041fbf14,Imany,478fe3cd-c42a-4f0f-86a1-9168041fbf14,
eba896d4-8b56-49c5-99b7-61b85671e85d,Angel,256000,True,,"live, 2001-05-11: Later… with Jools Holland",Shaggy,Shaggy,fc63d806-ca89-4ea3-a404-ee6de695743f,Shaggy,fc63d806-ca89-4ea3-a404-ee6de695743f,
2128624a-d8dc-4604-9cb5-cb86941c0c7d,Wake Me Up,262000,True,,official music video,Foals,Foals,6a65d878-fcd0-42cf-aff9-ca1d636a8bcc,Foals,6a65d878-fcd0-42cf-aff9-ca1d636a8bcc,
c9cc4dc9-8e4b-4c07-ad0b-ed7aed7da8fd,Clockwork,249000,True,,official music video,Northlane,Northlane,f4e44995-1890-42a0-a6c1-9185b71655fa,Northlane,f4e44995-1890-42a0-a6c1-9185b71655fa,
b340b49b-11a5-4cc5-91bc-41edbf21aa57,Echo Chamber,233000,True,,official music video,Northlane,Northlane,f4e44995-1890-42a0-a6c1-9185b71655fa,Northlane,f4e44995-1890-42a0-a6c1-9185b71655fa,
ac519225-a308-4417-bd22-2a524b459d1c,Scream,,True,,"live, 2021-11-13, 2021 안동 K-Pop LAN Concert",DREAMCATCHER,DREAMCATCHER,a97f393a-13a7-4645-8bba-f10bd22d7228,DREAMCATCHER,a97f393a-13a7-4645-8bba-f10bd22d7228,
0a538d98-2c0e-4096-86da-b9c06d9b5937,YOU AND I,,True,,"live, 2021-11-13, 2021 안동 K-Pop LAN Concert",DREAMCATCHER,DREAMCATCHER,a97f393a-13a7-4645-8bba-f10bd22d7228,DREAMCATCHER,a97f393a-13a7-4645-8bba-f10bd22d7228,
5f4d83a4-18de-4cb6-b85a-5f521952b0a0,Black or White,,True,,"live, 2021-11-13, 2021 안동 K-Pop LAN Concert",DREAMCATCHER,DREAMCATCHER,a97f393a-13a7-4645-8bba-f10bd22d7228,DREAMCATCHER,a97f393a-13a7-4645-8bba-f10bd22d7228,
976e01c9-dad8-4d19-8e58-3e27d562afbc,Hurdy Gurdy Man,,False,,,Donovan,Donovan,72d7d717-0837-4f2a-9641-d0f9fdd3acf7,Donovan,72d7d717-0837-4f2a-9641-d0f9fdd3acf7,
550b4d3a-0a6a-44f7-b1ae-d764188c469c,Atlantis,,False,,,Donovan,Donovan,72d7d717-0837-4f2a-9641-d0f9fdd3acf7,Donovan,72d7d717-0837-4f2a-9641-d0f9fdd3acf7,
4bab6766-94fb-44af-ac8f-f634e8b1e112,See the End,,False,,,Above & Beyond and Seven Lions feat. Opposite The Other,Above & Beyond|Seven Lions|Opposite the Other,370bd5a3-4abf-4356-8576-3a8fc0c11d65|75c016da-48e4-4992-8a10-b7128189b272|146e606a-34cd-47b2-878c-12cfe20461f1,Above & Beyond,370bd5a3-4abf-4356-8576-3a8fc0c11d65,NLF711912900
c1b0cf29-4f10-4f35-955e-53908bd1c01e,Sunshine Superman,,False,,,Donovan,Donovan,72d7d717-0837-4f2a-9641-d0f9fdd3acf7,Donovan,72d7d717-0837-4f2a-9641-d0f9fdd3acf7,
d037fe0b-0fc4-46db-b062-6e24e379ddbc,Colours,,False,,,Donovan,Donovan,72d7d717-0837-4f2a-9641-d0f9fdd3acf7,Donovan,72d7d717-0837-4f2a-9641-d0f9fdd3acf7,
13d415fe-8ce2-4402-92bc-b31c412a197a,I natt e' hela stan vår,200000,True,,video,John Wildcat,John Wildcat,70c430fd-fab2-4a58-a4cc-28e224b4e73b,John Wildcat,70c430fd-fab2-4a58-a4cc-28e224b4e73b,
46c9180f-25ef-4647-a7f2-92305ec088bc,Wonderful Tonight,199000,False,,"Acoustic Version, Single Version",Matt Johnson,Matt Johnson,485ee180-a8c0-483a-afb5-15c2eb6b14fb,Matt Johnson,485ee180-a8c0-483a-afb5-15c2eb6b14fb,UK42F2100202
5f74ee42-47be-4041-a17f-8ba18a7de030,Leave Before You Love Me,164000,False,,"Acoustic Version, Single Version",Matt Johnson feat. Mysha Didi,Matt Johnson|Mysha Didi,485ee180-a8c0-483a-afb5-15c2eb6b14fb|8b4244e9-990a-40ba-b354-d0b4351da612,Matt Johnson,485ee180-a8c0-483a-afb5-15c2eb6b14fb,UK42F2100251
9320ff46-5b9a-4e16-bad8-9ceb94fe2130,WITHOUT YOU,177000,False,,"Acoustic Version, Single Version",Matt Johnson feat. Jae Hall,Matt Johnson|Jae Hall,485ee180-a8c0-483a-afb5-15c2eb6b14fb|3b02b109-2632-45c6-b23f-800ee6b68125,Matt Johnson,485ee180-a8c0-483a-afb5-15c2eb6b14fb,UK42F2100182
48ad6bb8-fb3d-4fca-82b1-205418179e86,Bad Habits,216000,False,,"Acoustic Version, Single Version",Matt Johnson feat. Tiffany Alvord,Matt Johnson|Tiffany Alvord,485ee180-a8c0-483a-afb5-15c2eb6b14fb|81e75c97-31cc-4646-9b35-80052a0f6525,Matt Johnson,485ee180-a8c0-483a-afb5-15c2eb6b14fb,UK42F2100231
952ae69f-b1d7-4a19-ab19-d4ab168622b7,Ride It,190000,True,,music video,Jay Sean,Jay Sean,e03cf5b6-d2ec-4465-adee-226b518bcfcd,Jay Sean,e03cf5b6-d2ec-4465-adee-226b518bcfcd,
a45e03d1-a715-41d6-903c-a63c289a498e,Ashes to Ashes,199000,False,,"live, 2017: Le Live, l'émission musicale du Figaro",Raphaël,Raphaël,c43bb0d6-94d7-410f-80fb-e5a243b18d23,Raphaël,c43bb0d6-94d7-410f-80fb-e5a243b18d23,
b40de4d1-2834-41f8-948e-061342960f4c,Let’s Dance,182000,False,,"live, 2020-09-03: Le Drive RTL2",Raphaël,Raphaël,c43bb0d6-94d7-410f-80fb-e5a243b18d23,Raphaël,c43bb0d6-94d7-410f-80fb-e5a243b18d23,
b5214dae-fe90-4632-9693-00e0151f771a,Never Fall in Love Again,,False,,,Noisettes,Noisettes,5221de81-b3cb-48d6-8e60-7c04b5daf02a,Noisettes,5221de81-b3cb-48d6-8e60-7c04b5daf02a,
3ffe3c73-ee71-42b5-ab9e-f9aaa0901280,Mother,162000,False,,live; SiriusXM Studios,Charlie Puth,Charlie Puth,525f1f1c-03f0-4bc8-8dfd-e7521f87631b,Charlie Puth,525f1f1c-03f0-4bc8-8dfd-e7521f87631b,
917a39c6-1329-4ee8-b1d3-2343cffeffb9,Sunglasses at Night,243000,True,,,Corey Hart,Corey Hart,32673e42-5ba2-4528-b3fe-a000a0c606e3,Corey Hart,32673e42-5ba2-4528-b3fe-a000a0c606e3,
892a4f38-f1b1-41dc-a76a-ae05581d47db,Into The Fire,151000,False,,live; SiriusXM Studios,Asking Alexandria,Asking Alexandria,9d2fde91-4633-430d-87f0-2b9bbb7fa451,Asking Alexandria,9d2fde91-4633-430d-87f0-2b9bbb7fa451,
748e34cb-bed5-478d-addd-b4edec1648b1,Bark at the Moon,258000,True,,,Ozzy Osbourne,Ozzy Osbourne,8aa5b65a-5b3c-4029-92bf-47a544356934,Ozzy Osbourne,8aa5b65a-5b3c-4029-92bf-47a544356934,
0387ab04-b1f3-4ce3-b7d2-ec2c25cdafd5,Attention,247000,False,,live; SiriusXM Studios,Charlie Puth,Charlie Puth,525f1f1c-03f0-4bc8-8dfd-e7521f87631b,Charlie Puth,525f1f1c-03f0-4bc8-8dfd-e7521f87631b,
56f11f73-2831-41c9-828f-22c030533462,Saturday,158000,False,,,twenty one pilots,twenty one pilots,a6c6897a-7415-4f8d-b5a5-3a5e05f3be67,twenty one pilots,a6c6897a-7415-4f8d-b5a5-3a5e05f3be67,
4ec1ebfc-c6e4-40e0-b17d-b7e3e30e0443,I Don't Wanna Talk (I Just Wanna Dance),235000,False,,live; SiriusXM Studios,Glass Animals,Glass Animals,20395131-fbde-43ce-b141-b700cfdae99c,Glass Animals,20395131-fbde-43ce-b141-b700cfdae99c,
83310b64-bf10-41e3-a2e2-b0e5aadc9121,Wake Me Up,190000,False,,live; SiriusXM Studios,Gryffin & Aloe Blacc,Gryffin|Aloe Blacc,f1348139-efb5-43c7-9204-199827efad3c|4bf89e02-6c30-4603-9f6a-52619b1bea1a,Gryffin,f1348139-efb5-43c7-9204-199827efad3c,
3381ff46-df84-45d7-87a8-a5fa892d03b9,Someone You Loved,189000,False,,live; SiriusXM Studios,Charlie Puth,Charlie Puth,525f1f1c-03f0-4bc8-8dfd-e7521f87631b,Charlie Puth,525f1f1c-03f0-4bc8-8dfd-e7521f87631b,
2a40eef8-76b5-4ca7-8fa9-1a794770d078,Perfect,293000,False,,live; SiriusXM Studios,Asking Alexandria,Asking Alexandria,9d2fde91-4633-430d-87f0-2b9bbb7fa451,Asking Alexandria,9d2fde91-4633-430d-87f0-2b9bbb7fa451,
cdb25bab-d58a-4649-ab52-5b390d2b5311,Amnesia,266000,False,,live; SiriusXM Studios,5 Seconds of Summer,5 Seconds of Summer,830e5c4e-6b7d-431d-86ab-00c751281dc5,5 Seconds of Summer,830e5c4e-6b7d-431d-86ab-00c751281dc5,
90cc720e-7061-4718-8a97-eec918f14ff5,Dance Monkey,235000,False,,live; SiriusXM Studios,Elderbrook,Elderbrook,25835693-a126-478a-944e-1303ae7a2551,Elderbrook,25835693-a126-478a-944e-1303ae7a2551,
dff6db1f-f912-4b37-86f3-8e6d5ba3d1e0,One Call Away,203000,False,,live; SiriusXM Studios,Charlie Puth,Charlie Puth,525f1f1c-03f0-4bc8-8dfd-e7521f87631b,Charlie Puth,525f1f1c-03f0-4bc8-8dfd-e7521f87631b,
de97c2c9-1e37-42e5-af72-d548861794cc,You Should See Me in a Crown,187000,True,,live; SiriusXM Studios,Billie Eilish,Billie Eilish,f4abc0b5-3f7a-4eff-8f78-ac078dbce533,Billie Eilish,f4abc0b5-3f7a-4eff-8f78-ac078dbce533,
4d62b085-5576-4b76-904b-0a90382b8d96,Who Do You Love,189000,False,,live; SiriusXM Studios,5 Seconds of Summer,5 Seconds of Summer,830e5c4e-6b7d-431d-86ab-00c751281dc5,5 Seconds of Summer,830e5c4e-6b7d-431d-86ab-00c751281dc5,
807fa27e-27c5-46f8-874c-d05dd383d073,Love Me Like You Do,247000,False,,live; SiriusXM Studios,All Time Low,All Time Low,62162215-b023-4f0e-84bd-1e9412d5b32c,All Time Low,62162215-b023-4f0e-84bd-1e9412d5b32c,
28f423e4-30a3-4db2-8760-c5ba879541f1,No Scrubs,194000,False,,live; SiriusXM Studios,Bastille,Bastille,7808accb-6395-4b25-858c-678bbb73896b,Bastille,7808accb-6395-4b25-858c-678bbb73896b,
34722542-3427-43db-991f-d29b6235c743,The Middle,155000,False,,live; SiriusXM Studios,5 Seconds of Summer,5 Seconds of Summer,830e5c4e-6b7d-431d-86ab-00c751281dc5,5 Seconds of Summer,830e5c4e-6b7d-431d-86ab-00c751281dc5,
e9114746-f3a7-4bfc-90f9-09744340b25a,Tranquility Base Hotel & Casino,208000,False,,live; SiriusXM Studios,Arctic Monkeys,Arctic Monkeys,ada7a83c-e3e1-40f1-93f9-3e73dbc9298a,Arctic Monkeys,ada7a83c-e3e1-40f1-93f9-3e73dbc9298a,
755e001f-2921-44b0-b873-788dc6a79c3e,All the Good Girls Go to Hell,171000,True,,"live, 2019-09-18: The Troubadour, Los Angeles, CA, USA",Billie Eilish,Billie Eilish,f4abc0b5-3f7a-4eff-8f78-ac078dbce533,Billie Eilish,f4abc0b5-3f7a-4eff-8f78-ac078dbce533,
0993b1a9-32f2-4860-b884-5df4cd346daf,Teenage Dream,223000,False,,live; SiriusXM Studios,5 Seconds of Summer,5 Seconds of Summer,830e5c4e-6b7d-431d-86ab-00c751281dc5,5 Seconds of Summer,830e5c4e-6b7d-431d-86ab-00c751281dc5,
8faaa5f9-0647-4de2-bfc8-12c6015bb3d5,Say Goodnight,167000,False,,live; SiriusXM Studios,Cher Lloyd,Cher Lloyd,48fbfb0b-92ee-45eb-99c2-0bde4c05962e,Cher Lloyd,48fbfb0b-92ee-45eb-99c2-0bde4c05962e,
996d4faf-62a2-4376-8eb3-ea493b1231dd,How Long,150000,False,,live; SiriusXM Studios,Charlie Puth,Charlie Puth,525f1f1c-03f0-4bc8-8dfd-e7521f87631b,Charlie Puth,525f1f1c-03f0-4bc8-8dfd-e7521f87631b,
768ec8ec-82a4-46e2-a796-2cbb5e2c265d,Rudolph the Red-Nosed Reindeer,32000,True,,Gap Commercial,Everclear,Everclear,3604c99d-c146-4276-aa0c-9376d333aeb8,Everclear,3604c99d-c146-4276-aa0c-9376d333aeb8,
51e97720-687b-45a4-aaf0-f13da1a0ba0e,Purple Snowflakes,197000,False,,,Leon Bridges,Leon Bridges,69d9dfd7-19b7-4a75-8a53-9f733fb5d774,Leon Bridges,69d9dfd7-19b7-4a75-8a53-9f733fb5d774,
3390493a-bf91-492e-a5ae-fa3c81b33273,It’s Okay to Cry,225000,False,,,Young Thug,Young Thug,800760de-bdf8-43a2-8fe0-44a2401a5515,Young Thug,800760de-bdf8-43a2-8fe0-44a2401a5515,
20a391d5-211d-4132-8dd6-7d76af03a572,PvP,199000,True,,official music video,Amaranthe,Amaranthe,eb380962-99bb-46c0-af40-1c7790a7822a,Amaranthe,eb380962-99bb-46c0-af40-1c7790a7822a,
448ee6f6-ddcd-4cbf-849b-e9e96819f375,Introduction,,False,,,[traditional] narrated by Jon Sherberg,[traditional]|Jon Sherberg,9be7f096-97ec-4615-8957-8d40b5dcbc41|6498cf31-5efc-40fe-b873-85254ac18bd5,[traditional],9be7f096-97ec-4615-8957-8d40b5dcbc41,
c111bb39-a2ba-4419-ba6f-73742679b15d,Todo de Ti,212000,True,,Official Video,Rauw Alejandro,Rauw Alejandro,197b70c7-8910-4030-ad03-632d82aa40e3,Rauw Alejandro,197b70c7-8910-4030-ad03-632d82aa40e3,
6d9966ac-9fb1-4168-9981-c512970057be,Insomnia,186000,True,,Official Video,Daya,Daya,9e8a4e92-1598-47d9-80f7-646802abce76,Daya,9e8a4e92-1598-47d9-80f7-646802abce76,
e2759325-b37a-4939-a30e-3b2803ee743d,Abrázame,227000,True,,Official Video,La Oreja de Van Gogh,La Oreja de Van Gogh,a7c38944-b3fa-4a3d-a4bd-d3b3b06f0cbf,La Oreja de Van Gogh,a7c38944-b3fa-4a3d-a4bd-d3b3b06f0cbf,
30ba6e59-6ba7-4485-915a-3531524413e1,I'm Still In Love With You,276000,True,,Official Video,Sean Paul,Sean Paul,c3da3346-2643-48a7-93cd-011f6834b3d7,Sean Paul,c3da3346-2643-48a7-93cd-011f6834b3d7,
09c56574-a072-49d8-b339-938e72f3b31f,Up,150000,True,,Official Video,INNA x Sean Paul,INNA|Sean Paul,99efca32-eea1-45fb-92cb-8798976a9769|c3da3346-2643-48a7-93cd-011f6834b3d7,INNA,99efca32-eea1-45fb-92cb-8798976a9769,
f485d697-5e67-4da8-bebd-ef31c1fd339a,Dynamite,237000,True,,,Sean Paul ft. Sia,Sean Paul|Sia,c3da3346-2643-48a7-93cd-011f6834b3d7|2f548675-008d-4332-876c-108b0c7ab9c5,Sean Paul,c3da3346-2643-48a7-93cd-011f6834b3d7,
a0c840f2-e09c-426c-b45e-b8d5a58d9a3a,Never Give Up,187000,True,,Official Video,Sean Paul,Sean Paul,c3da3346-2643-48a7-93cd-011f6834b3d7,Sean Paul,c3da3346-2643-48a7-93cd-011f6834b3d7,
0224cbb3-aef2-4ce0-924e-2965de1b64d7,No Lie,229000,True,,,Sean Paul ft. Dua Lipa,Sean Paul|Dua Lipa,c3da3346-2643-48a7-93cd-011f6834b3d7|6f1a58bf-9b1b-49cf-a44a-6cefad7ae04f,Sean Paul,c3da3346-2643-48a7-93cd-011f6834b3d7,
34cfb25b-7f67-425a-8b3c-11fec5ac8658,Temperature,217000,True,,Official Video,Sean Paul,Sean Paul,c3da3346-2643-48a7-93cd-011f6834b3d7,Sean Paul,c3da3346-2643-48a7-93cd-011f6834b3d7,
e8ab4608-d9ba-4500-a9a2-9c1721e3db95,Jueves,239000,True,,Official Video,La Oreja de Van Gogh,La Oreja de Van Gogh,a7c38944-b3fa-4a3d-a4bd-d3b3b06f0cbf,La Oreja de Van Gogh,a7c38944-b3fa-4a3d-a4bd-d3b3b06f0cbf,
b279cf14-d431-471c-912a-6c4cfbd7e088,Sirenas,220000,True,,Official Video,La Oreja de Van Gogh,La Oreja de Van Gogh,a7c38944-b3fa-4a3d-a4bd-d3b3b06f0cbf,La Oreja de Van Gogh,a7c38944-b3fa-4a3d-a4bd-d3b3b06f0cbf,
485a74e9-b3a6-4711-9a53-918fe243dde3,Diciembre,223000,True,,Official Video,La Oreja de Van Gogh,La Oreja de Van Gogh,a7c38944-b3fa-4a3d-a4bd-d3b3b06f0cbf,La Oreja de Van Gogh,a7c38944-b3fa-4a3d-a4bd-d3b3b06f0cbf,
8fb8ed2e-dbbb-4722-b18b-597ede470151,Open Arms,202000,False,,October/November 1994 version,Culture,Culture,189b4c3e-8a1c-433f-b3ce-0340a777846b,Culture,189b4c3e-8a1c-433f-b3ce-0340a777846b,
57735af5-24d2-4a90-a443-0696ecebc5ff,I’m Going Home,,False,,,Ten Years After,Ten Years After,73faa89a-ee00-4e40-b68e-80e4891dbc45,Ten Years After,73faa89a-ee00-4e40-b68e-80e4891dbc45,
949a4481-3e2a-4098-b2c9-c25c415ab60e,Reality,83000,False,,October/November 1994 version,Culture,Culture,189b4c3e-8a1c-433f-b3ce-0340a777846b,Culture,189b4c3e-8a1c-433f-b3ce-0340a777846b,
113a7cde-7dca-482f-bad9-3ebbe31ce482,Soul Sacrifice,,False,,,Santana,Santana,9a3bf45c-347d-4630-894d-7cf3e8e0b632,Santana,9a3bf45c-347d-4630-894d-7cf3e8e0b632,
c69743c0-22e6-4ad0-a83b-0d7dd4314c30,Where Are You?,184000,False,,October/November 1994 version,Culture,Culture,189b4c3e-8a1c-433f-b3ce-0340a777846b,Culture,189b4c3e-8a1c-433f-b3ce-0340a777846b,
10126795-efe4-4df6-b59a-24904eb1902b,With a Little Help From My Friends,,False,,,Joe Cocker,Joe Cocker,32f2d6bd-c22b-42cf-a7bc-0c4b48cd2bcb,Joe Cocker,32f2d6bd-c22b-42cf-a7bc-0c4b48cd2bcb,
5641cdd6-357f-42be-888e-6d94b8693183,Going Up the Country,,False,,,Canned Heat,Canned Heat,815a0279-558c-4522-ac3b-6a1e259e95b5,Canned Heat,815a0279-558c-4522-ac3b-6a1e259e95b5,
4ced776b-fadd-4052-9e88-7d07ab6c464a,Memento Mori,198000,False,,September/October 1995 version,Culture,Culture,189b4c3e-8a1c-433f-b3ce-0340a777846b,Culture,189b4c3e-8a1c-433f-b3ce-0340a777846b,
c34ba204-f968-45bc-a4a5-6dad8e7267a7,2084,,True,,music video,Dear Jane,Dear Jane,eaaa4d91-a43c-4ab2-82bb-4d740daff201,Dear Jane,eaaa4d91-a43c-4ab2-82bb-4d740daff201,
efe5ff1b-7382-4456-b71a-28b4e2bf3c39,Tonight,,True,,music video,AGA,AGA,2329454d-02f7-4656-9615-4a0235f8b0cf,AGA,2329454d-02f7-4656-9615-4a0235f8b0cf,
bbb74da1-ebcd-4875-b020-14ba46998742,Better Man,293000,False,,original demo,Taylor Swift,Taylor Swift,20244d07-534f-4eff-b4d4-930878889970,Taylor Swift,20244d07-534f-4eff-b4d4-930878889970,
f53f0194-db28-4ae9-b46f-b8864a351b7f,Radar,197000,False,,,Phoebe Bridgers,Phoebe Bridgers,96855c21-b832-4366-ba12-0d2330c36a86,Phoebe Bridgers,96855c21-b832-4366-ba12-0d2330c36a86,
6a954b7a-eed3-4a96-a22e-e75061c606d9,Casanova,238000,True,,official music video,Thornhill,Thornhill,368f19e5-51c0-45d7-80c5-963be6971ac7,Thornhill,368f19e5-51c0-45d7-80c5-963be6971ac7,
3f2bb586-9bde-460f-b712-5b03631c48f8,Im Sick of Trying,185000,False,,,Vaboh,Vaboh,cbd3abed-ac01-45e1-9b2b-ae1c5dca94fc,Vaboh,cbd3abed-ac01-45e1-9b2b-ae1c5dca94fc,
2ee0a560-6a39-4494-9be7-5d2a41ca6f4f,Vater Du der Stadl brennt,,False,,,Die Draufgänger,Die Draufgänger,bc084648-912b-4850-8b02-26220ef2ff81,Die Draufgänger,bc084648-912b-4850-8b02-26220ef2ff81,
183d6460-84c5-47ab-a770-52206e2f2041,Smile,,False,,,Deftones,Deftones,7527f6c2-d762-4b88-b5e2-9244f1e34c46,Deftones,7527f6c2-d762-4b88-b5e2-9244f1e34c46,
4b1e4e77-20e8-4655-8158-cb564cad2444,Black Summer,233000,True,,official music video,Red Hot Chili Peppers,Red Hot Chili Peppers,8bfac288-ccc5-448d-9573-c33ea2aa5c30,Red Hot Chili Peppers,8bfac288-ccc5-448d-9573-c33ea2aa5c30,
3e855997-b0e5-469d-88a5-20698c9d4cdc,FAST LAND,203000,True,,,Moderat,Moderat,7754905b-8bf7-48e2-935a-03d566fec464,Moderat,7754905b-8bf7-48e2-935a-03d566fec464,
1e2c0cee-03c3-4da3-a46f-2b86b93c6623,Лирика,258000,True,,,Сектор Газа,Сектор Газа,2abdd525-55ca-4263-b3b0-d5cdd8edbd02,Сектор Газа,2abdd525-55ca-4263-b3b0-d5cdd8edbd02,
5e52cac2-0da2-4354-a426-137b5f84d8d6,Stålfågel,265000,True,,official music video,Soilwork,Soilwork,d8d1b067-78bb-4db7-8f91-db2ff9a83ee5,Soilwork,d8d1b067-78bb-4db7-8f91-db2ff9a83ee5,
686e9d28-4043-4a08-a430-5a578db5086b,Beauty and the Beast,240000,True,,"Beauty and the Beast, 2017",Ariana Grande & John Legend,Ariana Grande|John Legend,f4fdbb4c-e4b7-47a0-b83b-d91bbfcfa387|75a72702-a5ef-4513-bca5-c5b944903546,Ariana Grande,f4fdbb4c-e4b7-47a0-b83b-d91bbfcfa387,USWV21723422
29cd6902-dd26-4578-989e-2204449e9971,Dernière danse,149000,True,,"live, 2020-02-14: France Inter",Pomme,Pomme,c75b226d-d643-41dc-a2b7-00c0ff8c8e7b,Pomme,c75b226d-d643-41dc-a2b7-00c0ff8c8e7b,
bf6a51b9-db85-4644-a4e7-a0ad3c1af537,Ben,,False,,,Michael Jackson,Michael Jackson,f27ec8db-af05-4f36-916e-3d57f91ecf5e,Michael Jackson,f27ec8db-af05-4f36-916e-3d57f91ecf5e,
7e720ec2-ba93-4503-813d-507807965da8,Paradise,,True,,music video,Lana Del Rey,Lana Del Rey,b7539c32-53e7-4908-bda3-81449c367da6,Lana Del Rey,b7539c32-53e7-4908-bda3-81449c367da6,UKBTB1100004
dcad90d5-10e6-4db7-a2b9-7df570e957cd,Showdown,,False,,,Pendulum,Pendulum,beff21d3-88c7-4ee0-8b7a-40b6db22c6d7,Pendulum,beff21d3-88c7-4ee0-8b7a-40b6db22c6d7,
4085e801-49bb-460f-bef7-28e7660ac6cd,Ulterior Motive,,False,,,Pendulum,Pendulum,beff21d3-88c7-4ee0-8b7a-40b6db22c6d7,Pendulum,beff21d3-88c7-4ee0-8b7a-40b6db22c6d7,
f659e90a-09e3-4311-9772-63f5331b4ec1,Amazing,409000,True,,,Aerosmith,Aerosmith,3d2b98e5-556f-4451-a3ff-c50ea18d57cb,Aerosmith,3d2b98e5-556f-4451-a3ff-c50ea18d57cb,
677ea119-e0b7-4b64-903a-d85e87880467,Voyager,,False,,,Pendulum,Pendulum,beff21d3-88c7-4ee0-8b7a-40b6db22c6d7,Pendulum,beff21d3-88c7-4ee0-8b7a-40b6db22c6d7,
8c3e2b6f-08da-452b-a393-18563df5899e,Only You,,False,,,Rainbow,Rainbow,8121bc9c-03f3-4e08-9ac2-04970a26954e,Rainbow,8121bc9c-03f3-4e08-9ac2-04970a26954e,NZUM72100745
b523e64a-a392-492e-a9ba-20abd07ea11d,Hollywood,345000,True,,official music video,Thornhill,Thornhill,368f19e5-51c0-45d7-80c5-963be6971ac7,Thornhill,368f19e5-51c0-45d7-80c5-963be6971ac7,
bba72c2b-6ad9-43d2-85de-a67cf62004ae,Dum Dum,,False,,demo 1,Lana Del Rey,Lana Del Rey,b7539c32-53e7-4908-bda3-81449c367da6,Lana Del Rey,b7539c32-53e7-4908-bda3-81449c367da6,
d5253358-c5c4-42ee-9580-5eb8b293380b,Drain You,232000,True,,"live, 1991-11-25: Paradiso, Amsterdam, Netherlands",Nirvana,Nirvana,5b11f4ce-a62d-471e-81fc-a69a8278c7da,Nirvana,5b11f4ce-a62d-471e-81fc-a69a8278c7da,
52e58973-eba6-4955-b1eb-240ef0d030a1,EASY PREY,205000,True,,,Moderat,Moderat,7754905b-8bf7-48e2-935a-03d566fec464,Moderat,7754905b-8bf7-48e2-935a-03d566fec464,
f9edc1d7-fac9-4cf4-802a-1600c290dd92,Kong,,True,,,Alexandre Pires,Alexandre Pires,7f3a2f7e-6277-4d72-b673-f3a8128a6aa0,Alexandre Pires,7f3a2f7e-6277-4d72-b673-f3a8128a6aa0,
37b27736-3ee4-49cb-83ce-e5c567214101,aLIEz,292000,True,,[-30k]re:tuneS セルフカバー Studio Live,SawanoHiroyuki[nZk],SawanoHiroyuki[nZk],cb191900-8ad8-46b9-b021-a093ee2b2f9b,SawanoHiroyuki[nZk],cb191900-8ad8-46b9-b021-a093ee2b2f9b,
07e40dda-387e-43ff-8e51-36107f0212a0,The Man Who Sold the World,218000,True,,,Nirvana,Nirvana,5b11f4ce-a62d-471e-81fc-a69a8278c7da,Nirvana,5b11f4ce-a62d-471e-81fc-a69a8278c7da,
ebd6635b-c811-4624-abb9-11e09f21c29c,Had It All,160000,False,,,Mother Mother,Mother Mother,69681b02-05b8-4685-80cb-e98983b7a96f,Mother Mother,69681b02-05b8-4685-80cb-e98983b7a96f,
1206621f-4dd4-4f3f-8960-54837a626465,Video Killed The Radio Star,247000,False,,"Cover of the 1980 single by The Buggles for the movie ""The Wedding Singer""",The Presidents of the United States of America,The Presidents of the United States of America,7509421d-1074-442f-be8f-b526167afcb3,The Presidents of the United States of America,7509421d-1074-442f-be8f-b526167afcb3,
8dd29e8a-b95d-47e9-a578-d95bdbc695d4,Scared To Be Lonely,250000,True,,"""Scared To Be Lonely"" Martin Garrix ft. Dua Lipa Cover by Red",Red,Red,138af541-2f37-4b21-bd49-daeac3b79aef,Red,138af541-2f37-4b21-bd49-daeac3b79aef,
f217102e-addf-43fc-becc-3f0acf81767f,Like a Child,372000,False,,,Tony Anderson,Tony Anderson,a856938c-662a-415d-a98f-671834e10129,Tony Anderson,a856938c-662a-415d-a98f-671834e10129,
e98f45ae-351a-4219-91d6-67f5e421d83c,Let Me Love You,206000,True,,"""Let Me Love You"" Dj Snake ft. Justin Bieber Cover by Red",Red,Red,138af541-2f37-4b21-bd49-daeac3b79aef,Red,138af541-2f37-4b21-bd49-daeac3b79aef,
ba0998c7-ccca-4c5e-b076-7be2c78b8d83,In The Name Of Love,130000,True,,"""In The Name Of Love"" Cover by Red",Red,Red,138af541-2f37-4b21-bd49-daeac3b79aef,Red,138af541-2f37-4b21-bd49-daeac3b79aef,
e3730ed5-b8b4-4f4e-9480-9950b3d8d457,Drift,355000,False,,,Tony Anderson,Tony Anderson,a856938c-662a-415d-a98f-671834e10129,Tony Anderson,a856938c-662a-415d-a98f-671834e10129,
09f5dd26-b07d-416a-9c9e-56a40972a2f9,Clarity,247000,True,,Zedd ft. Foxes - Clarity Cover by Red,Red,Red,138af541-2f37-4b21-bd49-daeac3b79aef,Red,138af541-2f37-4b21-bd49-daeac3b79aef,
4ac5bd9d-d9ec-408a-8828-9e45a87f6e75,Don't You Worry Child,187000,True,,"""Don't You Worry Child"" - Swedish House Mafia Cover",Red,Red,138af541-2f37-4b21-bd49-daeac3b79aef,Red,138af541-2f37-4b21-bd49-daeac3b79aef,
3570ef55-2419-4901-a686-ff78cb02550d,All Of Me,294000,True,,"""All Of Me"" by John Legend Cover",Red,Red,138af541-2f37-4b21-bd49-daeac3b79aef,Red,138af541-2f37-4b21-bd49-daeac3b79aef,
fb2b9ee0-85da-485b-99f7-d704b9604151,Someone You Loved,118000,True,,Lewis Capaldi - Someone You Loved Cover by Red,Red,Red,138af541-2f37-4b21-bd49-daeac3b79aef,Red,138af541-2f37-4b21-bd49-daeac3b79aef,
3600fa81-8a9a-4d61-8f65-0df3be19451e,One Last Time,224000,True,,"Ariana Grande - ""One Last Time"" Cover",Red,Red,138af541-2f37-4b21-bd49-daeac3b79aef,Red,138af541-2f37-4b21-bd49-daeac3b79aef,
9f6b4760-d14c-4093-afdf-05bcf7d170e4,Relentless,198000,False,,,Tony Anderson,Tony Anderson,a856938c-662a-415d-a98f-671834e10129,Tony Anderson,a856938c-662a-415d-a98f-671834e10129,
3482ad2c-ebac-496e-8d47-013d1d90818d,Spiriteaux,234000,False,,,Tony Anderson,Tony Anderson,a856938c-662a-415d-a98f-671834e10129,Tony Anderson,a856938c-662a-415d-a98f-671834e10129,
772985fc-3ec3-4d43-9add-b52d3fe1f39d,No Tears Left To Cry,205000,True,,ARIANA GRANDE - NO TEARS LEFT TO CRY COVER BY RED,Red,Red,138af541-2f37-4b21-bd49-daeac3b79aef,Red,138af541-2f37-4b21-bd49-daeac3b79aef,
a6d71cdb-4783-44e0-a84b-6f624671c3ae,Journey,237000,False,,,Tony Anderson,Tony Anderson,a856938c-662a-415d-a98f-671834e10129,Tony Anderson,a856938c-662a-415d-a98f-671834e10129,
c0b6cca6-ed21-4a2e-a2aa-f4ed038f5e7c,Into You,224000,True,,"""Into You"" Cover by Red",Red,Red,138af541-2f37-4b21-bd49-daeac3b79aef,Red,138af541-2f37-4b21-bd49-daeac3b79aef,
f30f499f-fe3c-4cbd-a500-804135ad0f06,Butterflies,456000,False,,,Tony Anderson,Tony Anderson,a856938c-662a-415d-a98f-671834e10129,Tony Anderson,a856938c-662a-415d-a98f-671834e10129,
714ac64f-fce8-4799-8166-9a288d11d4cf,Good For You,161000,True,,"""Good For You"" - Selena Gomez Cover by Red",Red,Red,138af541-2f37-4b21-bd49-daeac3b79aef,Red,138af541-2f37-4b21-bd49-daeac3b79aef,
5cfbd02b-19bb-47a9-b97d-7462ab6ee02a,Love Story,283000,True,,"""Love Story"" - Taylor Swift (Against The Current Live Cover feat. Yellowcard)",Against the Current feat. Yellowcard,Against the Current|Yellowcard,c40a79e9-3b9e-492e-9469-0e5b952ad3e1|3630fff3-52fc-4e97-ab01-d68fd88e4135,Against the Current,c40a79e9-3b9e-492e-9469-0e5b952ad3e1,
958a06ce-e0a2-416c-af48-a5ad23910c53,Power of Love,299000,False,,,Tony Anderson,Tony Anderson,a856938c-662a-415d-a98f-671834e10129,Tony Anderson,a856938c-662a-415d-a98f-671834e10129,
eaf27257-5d34-4f94-9821-9dc873a93094,everything i wanted,200000,True,,everything i wanted cover,Tate McRae,Tate McRae,f9133869-f87c-459c-9aa7-2f176cda7e06,Tate McRae,f9133869-f87c-459c-9aa7-2f176cda7e06,
890919ea-0ec0-4688-9a4f-dc00e055af21,Anyone,191000,True,,Leaked Demo,Camila Cabello,Camila Cabello,01b8b5bf-06cb-45da-85fb-61ada72fcd69,Camila Cabello,01b8b5bf-06cb-45da-85fb-61ada72fcd69,
11ab3a2b-444b-4253-9b61-3652f8285237,Beautiful Now,197000,False,,Rework,Dash Berlin,Dash Berlin,ccfa0410-bd90-4fd1-ab85-8995a57e265b,Dash Berlin,ccfa0410-bd90-4fd1-ab85-8995a57e265b,
9def4d39-a5de-4b6d-94bd-02fdd42a9708,Wildest Dreams,246000,True,,"Taylor Performs ""Wildest Dreams"" at The GRAMMY Museum",Taylor Swift,Taylor Swift,20244d07-534f-4eff-b4d4-930878889970,Taylor Swift,20244d07-534f-4eff-b4d4-930878889970,
ad18671a-66bc-4b6b-9903-84acd4ce0f1e,Flux,145000,True,,K-391 - Flux,K‐391,K‐391,95c7dae9-682a-4e00-b707-1fa24a924ffe,K‐391,95c7dae9-682a-4e00-b707-1fa24a924ffe,
4a4e7418-dde5-4c7c-9e8b-c4b2dcca3548,Boom,466000,False,,,Bloodhound Gang,Bloodhound Gang,b2dbfc09-b332-408b-a235-1850e41971c5,Bloodhound Gang,b2dbfc09-b332-408b-a235-1850e41971c5,
4fc9c536-5ad2-405d-bfcb-9c5886716367,traitor,,True,,"live, 2021: SOUR Prom, USA",Olivia Rodrigo,Olivia Rodrigo,6925db17-f35e-42f3-a4eb-84ee6bf5d4b0,Olivia Rodrigo,6925db17-f35e-42f3-a4eb-84ee6bf5d4b0,USUMV2101685
c4ba8826-19fe-459f-b4dc-42c80e95f7fc,drivers license,,True,,"live, 2021: SOUR Prom: University of Southern California, Los Angeles, CA, USA",Olivia Rodrigo,Olivia Rodrigo,6925db17-f35e-42f3-a4eb-84ee6bf5d4b0,Olivia Rodrigo,6925db17-f35e-42f3-a4eb-84ee6bf5d4b0,USUMV2101688
5521a2ef-77df-4660-92fb-f44347381f77,good 4 u,,True,,"live, 2021: SOUR Prom: University of Southern California, Los Angeles, CA, USA",Olivia Rodrigo,Olivia Rodrigo,6925db17-f35e-42f3-a4eb-84ee6bf5d4b0,Olivia Rodrigo,6925db17-f35e-42f3-a4eb-84ee6bf5d4b0,USUMV2101689
408f9f73-462e-4dc6-a1ea-d7a716b5ab06,L-O-V-E,61000,False,,,Olivia Rodrigo,Olivia Rodrigo,6925db17-f35e-42f3-a4eb-84ee6bf5d4b0,Olivia Rodrigo,6925db17-f35e-42f3-a4eb-84ee6bf5d4b0,
7e3a5dfd-2e8b-477d-b0f5-bd53d75cf266,Crazy,31000,False,,,Olivia Rodrigo,Olivia Rodrigo,6925db17-f35e-42f3-a4eb-84ee6bf5d4b0,Olivia Rodrigo,6925db17-f35e-42f3-a4eb-84ee6bf5d4b0,
ed07ee98-c5ec-47a0-adde-101f54e91f55,Deck the Halls,98000,False,,Acoustic,Matt Johnson,Matt Johnson,485ee180-a8c0-483a-afb5-15c2eb6b14fb,Matt Johnson,485ee180-a8c0-483a-afb5-15c2eb6b14fb,UK42F2100288
43167d4c-1bb8-45fe-9ebe-246cb6cf3421,happier,56000,False,,demo,Olivia Rodrigo,Olivia Rodrigo,6925db17-f35e-42f3-a4eb-84ee6bf5d4b0,Olivia Rodrigo,6925db17-f35e-42f3-a4eb-84ee6bf5d4b0,
5f0dcc88-ce1c-487e-85ec-a2cd3018a56e,Just Because,59000,False,,,Olivia Rodrigo,Olivia Rodrigo,6925db17-f35e-42f3-a4eb-84ee6bf5d4b0,Olivia Rodrigo,6925db17-f35e-42f3-a4eb-84ee6bf5d4b0,
8bc9b188-a869-4d08-bc07-4dd5f49a83bb,good 4 u,,False,,"live, 2021: SOUR Prom: University of Southern California, Los Angeles, CA, USA",Olivia Rodrigo,Olivia Rodrigo,6925db17-f35e-42f3-a4eb-84ee6bf5d4b0,Olivia Rodrigo,6925db17-f35e-42f3-a4eb-84ee6bf5d4b0,
0617068b-4c3a-4c6c-bfde-bcf3028c738d,I'm Yours,61000,False,,,Olivia Rodrigo,Olivia Rodrigo,6925db17-f35e-42f3-a4eb-84ee6bf5d4b0,Olivia Rodrigo,6925db17-f35e-42f3-a4eb-84ee6bf5d4b0,
e7614036-9d97-4670-95c5-c357c130690f,traitor,,False,,"live, 2021: SOUR Prom, USA",Olivia Rodrigo,Olivia Rodrigo,6925db17-f35e-42f3-a4eb-84ee6bf5d4b0,Olivia Rodrigo,6925db17-f35e-42f3-a4eb-84ee6bf5d4b0,
6ba3f5a6-aef2-4432-b731-5544eeab285a,Pretender,64000,False,,,Olivia Rodrigo,Olivia Rodrigo,6925db17-f35e-42f3-a4eb-84ee6bf5d4b0,Olivia Rodrigo,6925db17-f35e-42f3-a4eb-84ee6bf5d4b0,
f2863ca4-af04-458d-a75a-751b0ca24fae,Fly Me to the Moon,159000,False,,Acoustic,Matt Johnson,Matt Johnson,485ee180-a8c0-483a-afb5-15c2eb6b14fb,Matt Johnson,485ee180-a8c0-483a-afb5-15c2eb6b14fb,UK42F2200022
480a96d6-d38c-4ca0-afc0-679fd0fca4aa,drivers license,,False,,"live, 2021: SOUR Prom: University of Southern California, Los Angeles, CA, USA",Olivia Rodrigo,Olivia Rodrigo,6925db17-f35e-42f3-a4eb-84ee6bf5d4b0,Olivia Rodrigo,6925db17-f35e-42f3-a4eb-84ee6bf5d4b0,
583a8b30-1545-4b65-80dd-429039e0d7b7,Can't Help Falling in Love,171000,False,,Acoustic,Matt Johnson,Matt Johnson,485ee180-a8c0-483a-afb5-15c2eb6b14fb,Matt Johnson,485ee180-a8c0-483a-afb5-15c2eb6b14fb,UK42F2200006
49b34964-88ac-42f0-aa16-9c885cdf086b,Shoot to Thrill,220000,False,,"Unreleased cover, originally planned for the Avengers Assemble album",Theory of a Deadman,Theory of a Deadman,183e636e-d41c-43fe-a428-8a034eb20c7b,Theory of a Deadman,183e636e-d41c-43fe-a428-8a034eb20c7b,
59ce5165-f2a9-4d71-bca0-28c751b4427d,Overdrive,182000,False,,demo,Conan Gray,Conan Gray,850a8b03-98a7-4fd3-afbd-5e5520b4ef5f,Conan Gray,850a8b03-98a7-4fd3-afbd-5e5520b4ef5f,
30642877-ea8d-4f2a-bf6d-6d0d13facc69,Sold Out,230000,True,,,Rosa Anschütz,Rosa Anschütz,f2c61f11-9c3d-4840-ab44-9e2364f0827e,Rosa Anschütz,f2c61f11-9c3d-4840-ab44-9e2364f0827e,
f9f97539-dc0c-4573-9ebe-33dc57edd424,I Am Ok (Pete Bellis & Tommy Remix),260000,False,,,Housenick,Housenick,a4803154-c60b-41f8-8df5-5f04cb71a8ae,Housenick,a4803154-c60b-41f8-8df5-5f04cb71a8ae,
a0f2789d-52be-4fab-b07b-e1f656c9859e,That’s All Right,,False,,"live, 2021-10-26: Greek Theatre, Los Angeles, CA, USA",Greta Van Fleet,Greta Van Fleet,0be22557-d8c7-4706-a531-625c4c570162,Greta Van Fleet,0be22557-d8c7-4706-a531-625c4c570162,
6da68483-881d-4442-a4c8-ff8811288749,Coming Home,283000,False,,NCS Release,SirensCeol,SirensCeol,621dac65-5eac-4ad3-a630-05f282bbe4e2,SirensCeol,621dac65-5eac-4ad3-a630-05f282bbe4e2,
c43459f9-8d61-41bd-b747-6a715c581cf8,Inside My Head,238000,True,,official music video,Until I Wake,Until I Wake,e1fed417-1350-4c74-a05b-6f2a58bb68fa,Until I Wake,e1fed417-1350-4c74-a05b-6f2a58bb68fa,
77a40163-aa53-48a2-98a4-437a8dde5ff8,Pop Off!,215000,True,,official music video,Dance Gavin Dance,Dance Gavin Dance,16456fed-c9f2-4adf-b6ea-97b648c474d2,Dance Gavin Dance,16456fed-c9f2-4adf-b6ea-97b648c474d2,
3dbb59e0-39ff-46f3-b63a-5dc39c486b4e,Olga,181000,True,,,Kelly Lee Owens,Kelly Lee Owens,9d88eaab-f90a-4fbe-b84f-20da5518cd26,Kelly Lee Owens,9d88eaab-f90a-4fbe-b84f-20da5518cd26,
ec2216f8-7153-40a1-aaa5-7ace39c5e563,One,235000,True,,,Kelly Lee Owens,Kelly Lee Owens,9d88eaab-f90a-4fbe-b84f-20da5518cd26,Kelly Lee Owens,9d88eaab-f90a-4fbe-b84f-20da5518cd26,
a56b8442-d742-4bc5-97bf-0903f4ed4186,Scream,,True,,"live, 2022-05-15, KPOP.FLEX 2022",DREAMCATCHER,DREAMCATCHER,a97f393a-13a7-4645-8bba-f10bd22d7228,DREAMCATCHER,a97f393a-13a7-4645-8bba-f10bd22d7228,
155dde87-a259-40b2-bfb8-728f5689c45c,Kill This Love,,True,,"live, 2022-05-15, KPOP.FLEX 2022",DREAMCATCHER,DREAMCATCHER,a97f393a-13a7-4645-8bba-f10bd22d7228,DREAMCATCHER,a97f393a-13a7-4645-8bba-f10bd22d7228,
4924abda-78a8-4d38-983e-0ed5a767ee62,El Mal Marido,210000,False,,,Galy Galiano,Galy Galiano,53a2778c-4c4d-4a1c-b87a-8abf5d6fa54e,Galy Galiano,53a2778c-4c4d-4a1c-b87a-8abf5d6fa54e,
31a88dd4-da7c-4585-8fab-1dedebf44823,Raw,223000,True,,official music video,Thornhill,Thornhill,368f19e5-51c0-45d7-80c5-963be6971ac7,Thornhill,368f19e5-51c0-45d7-80c5-963be6971ac7,
6441f616-4512-485b-9bd3-550738531cd4,Everything Is Embarrassing,253000,True,,music video,Sky Ferreira,Sky Ferreira,05f3353e-e2d9-4344-a3c9-8009dd8e0427,Sky Ferreira,05f3353e-e2d9-4344-a3c9-8009dd8e0427,
62378432-6cb7-4c0b-87a5-c69c16ab2d71,Monkey Wrench,232000,True,,"live, 1997-05-31: Later… with Jools Holland",Foo Fighters,Foo Fighters,67f66c07-6e61-4026-ade5-7e782fad3a5d,Foo Fighters,67f66c07-6e61-4026-ade5-7e782fad3a5d,
7f49320a-59df-42b4-82d9-071f59535533,I Don't Wanna Talk (I Just Wanna Dance),210000,True,,"live, 2021-10-23: Later… with Jools Holland",Glass Animals,Glass Animals,20395131-fbde-43ce-b141-b700cfdae99c,Glass Animals,20395131-fbde-43ce-b141-b700cfdae99c,
25d9cfb6-f46e-4dc2-bf40-7ed77ac71dfa,That's Not My Name,258000,True,,"live, 2007-12-14: Later… with Jools Holland",The Ting Tings,The Ting Tings,e618770f-e994-41c3-856f-1eedf56b6d74,The Ting Tings,e618770f-e994-41c3-856f-1eedf56b6d74,
0a8c2d88-64c2-4cdc-b0bf-84f42d3b42bf,On Melancholy Hill,198000,True,,"live, 2010-04-27: Later… with Jools Holland",Gorillaz,Gorillaz,e21857d5-3256-4547-afb3-4b6ded592596,Gorillaz,e21857d5-3256-4547-afb3-4b6ded592596,
74a24a77-1244-4cd9-a11e-57cdabd8ef8d,All I Need,261000,True,,"live, 2020-05-29: Later… with Jools Holland",Jacob Collier feat. Mahalia,Jacob Collier|Mahalia,1df15ee0-b52b-4315-9cb9-bc5a27a685e9|5751a689-8b70-4ba0-a9e6-f8a10f4f8531,Jacob Collier,1df15ee0-b52b-4315-9cb9-bc5a27a685e9,
1f34c529-a8a4-493b-9bef-859d3b0cbad5,The Story,240000,True,,"live, 2008-04-25: Later… with Jools Holland",Brandi Carlile,Brandi Carlile,baf05baf-69fb-47dd-93c2-033536b8c385,Brandi Carlile,baf05baf-69fb-47dd-93c2-033536b8c385,
bc6b47ce-5629-4708-95ce-3692e4eadba2,The Walls Are Way Too Thin,245000,True,,"live, 2021-05-28: Later… with Jools Holland",Holly Humberstone,Holly Humberstone,736c8ea9-b5c3-4c5f-8782-28e633f0c084,Holly Humberstone,736c8ea9-b5c3-4c5f-8782-28e633f0c084,
1ae6f672-c797-4896-977e-1ff92e90c512,Red Right Hand,344000,True,,"live, 1994-05-14: Later… With Jools Holland",Nick Cave & the Bad Seeds,Nick Cave & the Bad Seeds,172e1f1a-504d-4488-b053-6344ba63e6d0,Nick Cave & the Bad Seeds,172e1f1a-504d-4488-b053-6344ba63e6d0,
b37fdfe1-bddb-4d78-8f2d-1e9c0052b980,Planet Zero,272000,True,,official music video,Shinedown,Shinedown,adc0f033-95c2-4e0b-87bc-c23ed3f26ce6,Shinedown,adc0f033-95c2-4e0b-87bc-c23ed3f26ce6,
fefe2d37-d336-4566-91e1-08b5cb5c99d5,Sour Times,203000,True,,music video,Portishead,Portishead,8f6bd1e4-fbe1-4f50-aa9b-94c450ec0f11,Portishead,8f6bd1e4-fbe1-4f50-aa9b-94c450ec0f11,
1230b54d-a8d1-48ff-b6fd-88f125809bd5,Glory Box,212000,True,,music video,Portishead,Portishead,8f6bd1e4-fbe1-4f50-aa9b-94c450ec0f11,Portishead,8f6bd1e4-fbe1-4f50-aa9b-94c450ec0f11,
c689da5c-1d72-49b9-83d2-62c5b31ce468,good 4 u,215000,True,,live i P3 Session,Tove Lo,Tove Lo,56756959-1e78-429c-b897-e1d056cb0225,Tove Lo,56756959-1e78-429c-b897-e1d056cb0225,
c1193aa4-7639-4f69-8851-80de294f299a,Back To You,143000,False,,,Sarah Cothran,Sarah Cothran,f8f06408-ad0f-481e-b62c-591103dc528d,Sarah Cothran,f8f06408-ad0f-481e-b62c-591103dc528d,
853757d4-bd86-438b-b92f-1b18681d14e5,Shameless,,False,,2:29,Sarah Cothran,Sarah Cothran,f8f06408-ad0f-481e-b62c-591103dc528d,Sarah Cothran,f8f06408-ad0f-481e-b62c-591103dc528d,
9368f712-b8a6-4263-8f69-75061eff59fd,Here With Me,290000,True,,Extended Version,Marshmello ft. CHVRCHES,Marshmello|CHVRCHES,301b45a4-b8b9-410e-8344-4b4eaf96691a|6a93afbb-257f-4166-b389-9f2a1e5c5df8,Marshmello,301b45a4-b8b9-410e-8344-4b4eaf96691a,
b9281432-83e2-4e54-a0c2-92ca799316ab,Let It Be,,False,,Live Performance - American Idol for Haiti 2010,Kris Allen,Kris Allen,9ce29a24-b118-41a3-9297-2618f26b124d,Kris Allen,9ce29a24-b118-41a3-9297-2618f26b124d,
33b32077-5a7c-4fd3-a2df-e5d2deaa4c9d,Routine,604000,True,,official music video,Steven Wilson,Steven Wilson,3a51b862-0144-40f6-aa17-6aaeefea29d9,Steven Wilson,3a51b862-0144-40f6-aa17-6aaeefea29d9,
5546740b-4765-40d2-ae16-62ae5a5fc673,Gang,,False,,,AK,AK,f972147e-543c-4ebd-ac6f-6eb2fb2fcabd,AK,f972147e-543c-4ebd-ac6f-6eb2fb2fcabd,FRUV71900419
8fc26afd-f247-4334-b561-ba75beeec573,Bulletproof,103000,True,,,Em Beihold,Em Beihold,7575e3b8-ba04-4acc-a895-9cc528f86525,Em Beihold,7575e3b8-ba04-4acc-a895-9cc528f86525,
1b361ba8-19b8-4430-9143-e761d4523434,Numb Little Bug (Piano Version),167000,True,,,Em Beihold,Em Beihold,7575e3b8-ba04-4acc-a895-9cc528f86525,Em Beihold,7575e3b8-ba04-4acc-a895-9cc528f86525,
88fe17e9-3b97-4085-9d7e-6c54fda80f0f,Numb Little Bug,169000,True,,,Em Beihold,Em Beihold,7575e3b8-ba04-4acc-a895-9cc528f86525,Em Beihold,7575e3b8-ba04-4acc-a895-9cc528f86525,
d8f07aba-108e-47c8-81f5-720d7222d69e,Gisela,212000,False,,,Das Lumpenpack,Das Lumpenpack,52b08164-7002-4eb8-a68f-bd7f42d73346,Das Lumpenpack,52b08164-7002-4eb8-a68f-bd7f42d73346,
56dfc942-d372-4ab5-b688-603147ca2a0c,Demons,235000,True,,Acoustic Video,Icon for Hire,Icon for Hire,bfce9c6d-eff7-4965-b20e-cb21397470f5,Icon for Hire,bfce9c6d-eff7-4965-b20e-cb21397470f5,
03c84fa9-0add-44d0-b41d-99aa3ec6ece8,Under The Knife,252000,True,,Acoustic Video,Icon for Hire,Icon for Hire,bfce9c6d-eff7-4965-b20e-cb21397470f5,Icon for Hire,bfce9c6d-eff7-4965-b20e-cb21397470f5,
6b591814-3bce-4666-ac35-f84a3b8ab31c,sTraNgeRs,204000,True,,official music video,Bring Me the Horizon,Bring Me the Horizon,074e3847-f67f-49f9-81f1-8c8cea147e8e,Bring Me the Horizon,074e3847-f67f-49f9-81f1-8c8cea147e8e,GB1102200758
89fa66e7-c7c0-40a4-b133-e1a0d1befbab,Hey You,287000,True,,official music video,Disturbed,Disturbed,4bb4e4e4-5f66-4509-98af-62dbb90c45c5,Disturbed,4bb4e4e4-5f66-4509-98af-62dbb90c45c5,
81343267-5a90-4326-b7e0-fb096d5b3201,Rock Steady,,False,,,The Whispers,The Whispers,2e7afe0c-ec52-4c1d-9413-5d40f77922c7,The Whispers,2e7afe0c-ec52-4c1d-9413-5d40f77922c7,
1549b3fa-adad-4ae1-8d8b-487fe67bc448,Fake,220000,True,,official music video,Until I Wake,Until I Wake,e1fed417-1350-4c74-a05b-6f2a58bb68fa,Until I Wake,e1fed417-1350-4c74-a05b-6f2a58bb68fa,
0bd3a207-11e1-4a78-bba0-168efbeb5d7a,Die Another Day,237000,True,,official music video,Dance Gavin Dance,Dance Gavin Dance,16456fed-c9f2-4adf-b6ea-97b648c474d2,Dance Gavin Dance,16456fed-c9f2-4adf-b6ea-97b648c474d2,
aeb1a701-2988-43ce-8225-e26bd3763c05,Pawns & Kings,375000,True,,official lyrics video,Alter Bridge,Alter Bridge,60a23fda-a440-4ab9-a344-7dfdd2ed341a,Alter Bridge,60a23fda-a440-4ab9-a344-7dfdd2ed341a,
f5d88810-285f-4557-8b0e-23e4946ab91b,How Did You Love?,201000,True,,official video,Shinedown,Shinedown,adc0f033-95c2-4e0b-87bc-c23ed3f26ce6,Shinedown,adc0f033-95c2-4e0b-87bc-c23ed3f26ce6,
17640938-04a0-4b31-893c-b0d98aed2fdc,Silver Tongue,257000,True,,official music video,Alter Bridge,Alter Bridge,60a23fda-a440-4ab9-a344-7dfdd2ed341a,Alter Bridge,60a23fda-a440-4ab9-a344-7dfdd2ed341a,
4795686c-3bac-47c3-bbe2-656e048bcdb0,Come Back As A Country Boy,,True,,Official Video,Blake Shelton,Blake Shelton,2ad66473-ccb3-41d2-8756-b56680cdfe62,Blake Shelton,2ad66473-ccb3-41d2-8756-b56680cdfe62,
24f1f83e-dcd0-4bbe-bd0b-7aa72c3ee35b,Heavy,169000,True,,official lyric,Linkin Park feat. Kiiara,Linkin Park|Kiiara,f59c5520-5f46-4d2c-b2c4-822eabf53419|dbc26631-5e61-4ba2-84ff-e1423a1c288a,Linkin Park,f59c5520-5f46-4d2c-b2c4-822eabf53419,
48f03035-ac5d-4bfb-95fd-3ae9c0b8bcd0,DEVIL,248000,True,,official video,Shinedown,Shinedown,adc0f033-95c2-4e0b-87bc-c23ed3f26ce6,Shinedown,adc0f033-95c2-4e0b-87bc-c23ed3f26ce6,
13925747-c7cf-49c5-b9bb-86e7303ea54d,GET UP,249000,True,,official video,Shinedown,Shinedown,adc0f033-95c2-4e0b-87bc-c23ed3f26ce6,Shinedown,adc0f033-95c2-4e0b-87bc-c23ed3f26ce6,
98c715e5-0421-4cb5-b325-e9e534c99c04,in my eyes,101000,False,,,Sarcastic Sounds & Beowulf,Sarcastic Sounds|Beowulf,2001862a-53ff-4b27-8662-0a3128156729|75da5482-96b4-4413-b29a-c3beeca1d3cf,Sarcastic Sounds,2001862a-53ff-4b27-8662-0a3128156729,
6c970c9b-1e33-43f4-915b-f2e5d25c1b4d,I'll Follow You,243000,True,,official video,Shinedown,Shinedown,adc0f033-95c2-4e0b-87bc-c23ed3f26ce6,Shinedown,adc0f033-95c2-4e0b-87bc-c23ed3f26ce6,
efd7df8b-deac-4727-bcb7-83d7327aa182,MONSTERS,248000,True,,official video,Shinedown,Shinedown,adc0f033-95c2-4e0b-87bc-c23ed3f26ce6,Shinedown,adc0f033-95c2-4e0b-87bc-c23ed3f26ce6,
217bab6e-a665-45df-9d70-1d9f50b88f7f,Heavy Is the Crown,293000,True,,official music video,Sylosis,Sylosis,114f8840-8704-4b70-9673-904d60ecadc8,Sylosis,114f8840-8704-4b70-9673-904d60ecadc8,
2acc29b2-b64e-416b-b6ff-ba1aeb782798,Come Back As A Country Boy,,True,,Official Video,Blake Shelton,Blake Shelton,2ad66473-ccb3-41d2-8756-b56680cdfe62,Blake Shelton,2ad66473-ccb3-41d2-8756-b56680cdfe62,
c21a270d-c384-4f55-a9e7-69ce22690f3c,Broken Halos,181000,True,,Official Video,Chris Stapleton,Chris Stapleton,71d58182-aa37-4c04-b21a-efe46ea0f221,Chris Stapleton,71d58182-aa37-4c04-b21a-efe46ea0f221,
1ea1d7d7-09fa-42c6-b251-53c7cc15e1b3,Water Under the Bridge,,False,,,Adele,Adele,cc2c9c3c-b7bc-4b8b-84d8-4fbd8779e493,Adele,cc2c9c3c-b7bc-4b8b-84d8-4fbd8779e493,
d80e1a43-2298-461d-ada0-c60428e7556c,Hometown Glory,,False,,,Adele,Adele,cc2c9c3c-b7bc-4b8b-84d8-4fbd8779e493,Adele,cc2c9c3c-b7bc-4b8b-84d8-4fbd8779e493,
e44f6f46-b106-445c-8262-74b5f32010e3,I Miss You,,False,,,Adele,Adele,cc2c9c3c-b7bc-4b8b-84d8-4fbd8779e493,Adele,cc2c9c3c-b7bc-4b8b-84d8-4fbd8779e493,
ee97913e-a48b-4f1c-9dd3-e68e0c6d3eb4,Remedy,,False,,,Adele,Adele,cc2c9c3c-b7bc-4b8b-84d8-4fbd8779e493,Adele,cc2c9c3c-b7bc-4b8b-84d8-4fbd8779e493,
3da3c2ac-2cfa-40cd-bb55-7a029bb8d22d,Anthem for the Underdog,181000,True,,,12 Stones,12 Stones,6f81a7dc-be31-4498-ae95-6d994ffec614,12 Stones,6f81a7dc-be31-4498-ae95-6d994ffec614,
c7e4d7f0-339e-4844-b3ff-b8bb0ecdb973,Far Away,213000,True,,,12 Stones,12 Stones,6f81a7dc-be31-4498-ae95-6d994ffec614,12 Stones,6f81a7dc-be31-4498-ae95-6d994ffec614,
bec52f05-f511-490c-903e-b9de28c05b3f,Adrenaline,210000,True,,official music video with scenes from Rambo,12 Stones,12 Stones,6f81a7dc-be31-4498-ae95-6d994ffec614,12 Stones,6f81a7dc-be31-4498-ae95-6d994ffec614,
fde2ceb2-f844-4f73-b6f2-638f39090e19,Anthem For The Underdog,187000,True,,music video featuring clips from Never Back Down,12 Stones,12 Stones,6f81a7dc-be31-4498-ae95-6d994ffec614,12 Stones,6f81a7dc-be31-4498-ae95-6d994ffec614,
afadaf3f-6726-458b-a55f-af44f86b7542,Broken,191000,True,,,12 Stones,12 Stones,6f81a7dc-be31-4498-ae95-6d994ffec614,12 Stones,6f81a7dc-be31-4498-ae95-6d994ffec614,
e43457c3-bc9d-4307-9334-1feb7fa86ad9,Off the Wall,,False,,,Michael Jackson,Michael Jackson,f27ec8db-af05-4f36-916e-3d57f91ecf5e,Michael Jackson,f27ec8db-af05-4f36-916e-3d57f91ecf5e,
b7e99402-30f2-4710-9353-933254ac487f,Human Nature,,False,,,Michael Jackson,Michael Jackson,f27ec8db-af05-4f36-916e-3d57f91ecf5e,Michael Jackson,f27ec8db-af05-4f36-916e-3d57f91ecf5e,
57c5aef8-e980-4f67-9471-e6b52979d912,NUMB,114000,False,,,Chri$tian Gate$,Chri$tian Gate$,2b7ca959-ba71-464f-aac3-905fbb61edc6,Chri$tian Gate$,2b7ca959-ba71-464f-aac3-905fbb61edc6,
a09be9a6-62b4-48f8-8e02-6a0c7ae91f4c,À tout jamais,20000,True,,teaser,Mylène Farmer,Mylène Farmer,18b23026-ed29-445a-9bb4-4e86598ab5a9,Mylène Farmer,18b23026-ed29-445a-9bb4-4e86598ab5a9,
e5324c8a-913b-4d3d-8942-8f18b322f65d,世界是一列由東向西駛往的火車,237000,True,,music video,新青年理髮廳,新青年理髮廳,0ad449a6-207d-4431-b422-bbba825805bb,新青年理髮廳,0ad449a6-207d-4431-b422-bbba825805bb,
e839ade1-e093-40cc-822f-7464595677ec,魚,226000,True,,,新青年理髮廳,新青年理髮廳,0ad449a6-207d-4431-b422-bbba825805bb,新青年理髮廳,0ad449a6-207d-4431-b422-bbba825805bb,
2c13fe0c-5ca9-4aa5-8604-8d9e21f2d7de,一個人回家,299000,True,,,新青年理髮廳,新青年理髮廳,0ad449a6-207d-4431-b422-bbba825805bb,新青年理髮廳,0ad449a6-207d-4431-b422-bbba825805bb,
0af66d88-a103-445c-86de-d160b6e1e2bd,VILLAIN,213000,True,,,K/DA,K/DA,35f3e736-e27b-4a26-892c-c00179d163d5,K/DA,35f3e736-e27b-4a26-892c-c00179d163d5,
dc7c9e79-026b-4514-bbb4-71f922cb7bc2,MORE,231000,True,,,K/DA & Seraphine,K/DA|Seraphine,35f3e736-e27b-4a26-892c-c00179d163d5|180a77c9-eb90-4a37-b73a-23ee8b592600,K/DA,35f3e736-e27b-4a26-892c-c00179d163d5,
79847901-7f06-4ca6-bf52-a62446afa3e3,In the Summertime,,False,,,Mungo Jerry,Mungo Jerry,d99a6247-94ab-4685-87df-572ba6ef44b7,Mungo Jerry,d99a6247-94ab-4685-87df-572ba6ef44b7,
daee9b09-d34a-4594-82ed-b11808275ace,ON,355000,True,,,BTS,BTS,0d79fe8e-ba27-4859-bb8c-2f255f346853,BTS,0d79fe8e-ba27-4859-bb8c-2f255f346853,
4b38141e-404e-4a32-bbf6-6a0c3dacc377,Butter,183000,True,,,BTS,BTS,0d79fe8e-ba27-4859-bb8c-2f255f346853,BTS,0d79fe8e-ba27-4859-bb8c-2f255f346853,
caa23d2c-4d38-4f68-9218-5b8611eb0684,The View From the Afternoon,,True,,music video,Arctic Monkeys,Arctic Monkeys,ada7a83c-e3e1-40f1-93f9-3e73dbc9298a,Arctic Monkeys,ada7a83c-e3e1-40f1-93f9-3e73dbc9298a,
693264e9-f7be-4b19-a582-be85e584fbc3,Windowlicker,,True,,shortened version,Aphex Twin,Aphex Twin,f22942a1-6f70-4f48-866e-238cb2308fbd,Aphex Twin,f22942a1-6f70-4f48-866e-238cb2308fbd,
dcc578eb-677a-4d57-ac0d-e56e4b596b17,Sin After Sin,398000,True,,official lyrics video,Alter Bridge,Alter Bridge,60a23fda-a440-4ab9-a344-7dfdd2ed341a,Alter Bridge,60a23fda-a440-4ab9-a344-7dfdd2ed341a,
7f8e82ec-8cde-49d1-a68c-03bb927fa082,Fire,241000,False,,Rampage Anthem 2017,Murdock & Doctrine,Murdock|Doctrine,6099676c-7d62-427a-915d-dcc901ffce84|3679eab1-72ba-4620-9852-8d1d48f2f72f,Murdock,6099676c-7d62-427a-915d-dcc901ffce84,
96d5a003-bf89-42b3-b314-c4cb72e605b8,Arena,209000,False,,Rampage Anthem 2016,Murdock & Doctrine,Murdock|Doctrine,6099676c-7d62-427a-915d-dcc901ffce84|3679eab1-72ba-4620-9852-8d1d48f2f72f,Murdock,6099676c-7d62-427a-915d-dcc901ffce84,
c5ab1cde-428b-4555-b876-76bb2d92338a,The Bat,,False,,,Screaming Trees,Screaming Trees,bc5e6e42-73ba-44fa-a41e-3379402f0429,Screaming Trees,bc5e6e42-73ba-44fa-a41e-3379402f0429,
8fbb74fe-cb28-4d64-8e20-de655195d8aa,If Only,,False,,,Screaming Trees,Screaming Trees,bc5e6e42-73ba-44fa-a41e-3379402f0429,Screaming Trees,bc5e6e42-73ba-44fa-a41e-3379402f0429,
544458ac-9cb0-484f-a0bb-c9a70d2fb369,Carousel,,False,,,Screaming Trees,Screaming Trees,bc5e6e42-73ba-44fa-a41e-3379402f0429,Screaming Trees,bc5e6e42-73ba-44fa-a41e-3379402f0429,
000efee0-3a43-4e08-8993-a641fa3f20c4,The Darkside,,False,,,Screaming Trees,Screaming Trees,bc5e6e42-73ba-44fa-a41e-3379402f0429,Screaming Trees,bc5e6e42-73ba-44fa-a41e-3379402f0429,
30fd8525-1194-4d2b-a850-fcb299c26b1a,When I'm Gone,,False,,,Screaming Trees,Screaming Trees,bc5e6e42-73ba-44fa-a41e-3379402f0429,Screaming Trees,bc5e6e42-73ba-44fa-a41e-3379402f0429,
c0b97586-d64f-4cd5-bb05-935ec2b7f597,Blackberry,,False,,,Screaming Trees,Screaming Trees,bc5e6e42-73ba-44fa-a41e-3379402f0429,Screaming Trees,bc5e6e42-73ba-44fa-a41e-3379402f0429,
2ffbecf0-dc47-4f19-a307-e1125d573ae5,À tout jamais,227000,True,,,Mylène Farmer,Mylène Farmer,18b23026-ed29-445a-9bb4-4e86598ab5a9,Mylène Farmer,18b23026-ed29-445a-9bb4-4e86598ab5a9,FR02R2200041
ec3e6472-5663-440c-b2ff-c55f28f9c45e,À tout jamais,3605000,True,,🩸,Mylène Farmer,Mylène Farmer,18b23026-ed29-445a-9bb4-4e86598ab5a9,Mylène Farmer,18b23026-ed29-445a-9bb4-4e86598ab5a9,
553541de-0394-4e15-bf09-c2f7b74e68be,1999,,False,,,Marilyn Manson,Marilyn Manson,5dfdca28-9ddc-4853-933c-8bc97d87beec,Marilyn Manson,5dfdca28-9ddc-4853-933c-8bc97d87beec,
957592d7-84f5-4be8-a0b1-0b05c49ebfbf,I Got You,,False,,,Marilyn Manson,Marilyn Manson,5dfdca28-9ddc-4853-933c-8bc97d87beec,Marilyn Manson,5dfdca28-9ddc-4853-933c-8bc97d87beec,
253f309b-2819-4cfe-9fe8-ceae264e6308,Come Together,,False,,,Marilyn Manson,Marilyn Manson,5dfdca28-9ddc-4853-933c-8bc97d87beec,Marilyn Manson,5dfdca28-9ddc-4853-933c-8bc97d87beec,
067937bb-b4dd-41ea-a474-7876ecdde133,I Put a Spell on You,,False,,,Marilyn Manson,Marilyn Manson,5dfdca28-9ddc-4853-933c-8bc97d87beec,Marilyn Manson,5dfdca28-9ddc-4853-933c-8bc97d87beec,
2cc3474e-24b2-4d11-b122-0c096a47efbe,Bruised,125000,True,,recandplay session,Lasse Lindh,Lasse Lindh,40fa3a53-cfef-4294-8aa7-b03f06e8277f,Lasse Lindh,40fa3a53-cfef-4294-8aa7-b03f06e8277f,
79fedfda-5f1b-41a4-86eb-042cd5cd04a2,Outono,203000,True,,,Melim & Djavan,Melim|Djavan,32c3479f-da76-4771-9bc7-841d9645454d|751e517d-9663-4692-8c20-942e16d484c5,Melim,32c3479f-da76-4771-9bc7-841d9645454d,
f70d0f8a-5678-4da0-8134-56570244f4f9,Speechless,,True,,"Official: Live at Royal Variety Performance (December 7, 2009)",Lady Gaga,Lady Gaga,650e7db6-b795-4eb5-a702-5ea2fc46c848,Lady Gaga,650e7db6-b795-4eb5-a702-5ea2fc46c848,
1a373b3c-79df-4dc8-9f2f-94d71e393b43,Cats In The Cradle,256000,True,,official,Ugly Kid Joe,Ugly Kid Joe,91f32a6b-fc11-45b6-a243-4dd90eaee781,Ugly Kid Joe,91f32a6b-fc11-45b6-a243-4dd90eaee781,
1631c01f-1a32-4cd0-be50-546b9f33e3de,Sad But True,375000,True,,official,The HU,The HU,8601a656-4830-457c-a3f1-f25b105d1629,The HU,8601a656-4830-457c-a3f1-f25b105d1629,
4791cfa8-a338-4fff-9624-14ae327e2d82,Failure,278000,True,,official,Ugly Kid Joe,Ugly Kid Joe,91f32a6b-fc11-45b6-a243-4dd90eaee781,Ugly Kid Joe,91f32a6b-fc11-45b6-a243-4dd90eaee781,
b2c8229a-c31f-4dbe-a285-670c245c080e,NEIGHBOR,297000,True,,official,Ugly Kid Joe,Ugly Kid Joe,91f32a6b-fc11-45b6-a243-4dd90eaee781,Ugly Kid Joe,91f32a6b-fc11-45b6-a243-4dd90eaee781,
200a8c68-af93-4662-a829-38790fe3e6a3,Long Road,213000,True,,official,Ugly Kid Joe,Ugly Kid Joe,91f32a6b-fc11-45b6-a243-4dd90eaee781,Ugly Kid Joe,91f32a6b-fc11-45b6-a243-4dd90eaee781,
731ff9c4-7ef5-4dbf-8e88-346ab6d2a435,Wolf Totem,397000,True,,official,The HU,The HU,8601a656-4830-457c-a3f1-f25b105d1629,The HU,8601a656-4830-457c-a3f1-f25b105d1629,
67cebf09-2e9a-464c-8319-2c61d19b86bd,Kill The Pain,232000,True,,official,Ugly Kid Joe,Ugly Kid Joe,91f32a6b-fc11-45b6-a243-4dd90eaee781,Ugly Kid Joe,91f32a6b-fc11-45b6-a243-4dd90eaee781,
a22900d4-2a95-4e25-9563-3bf09b8156f4,Yuve Yuve Yu,353000,True,,official,The HU,The HU,8601a656-4830-457c-a3f1-f25b105d1629,The HU,8601a656-4830-457c-a3f1-f25b105d1629,
9bf6080b-5e9b-4c34-82f3-9fe6499f69f5,Everything About You,248000,True,,official,Ugly Kid Joe,Ugly Kid Joe,91f32a6b-fc11-45b6-a243-4dd90eaee781,Ugly Kid Joe,91f32a6b-fc11-45b6-a243-4dd90eaee781,
43cf4af5-3c36-4f49-b0d2-4a4d67267de7,Just Dance,,False,,,Lady Gaga,Lady Gaga,650e7db6-b795-4eb5-a702-5ea2fc46c848,Lady Gaga,650e7db6-b795-4eb5-a702-5ea2fc46c848,
18cc2d20-6ced-486d-803b-85fd96adf51b,Dope,,False,,,Lady Gaga,Lady Gaga,650e7db6-b795-4eb5-a702-5ea2fc46c848,Lady Gaga,650e7db6-b795-4eb5-a702-5ea2fc46c848,
f5831cb0-cff6-4835-9ef8-f12dd723573a,Monster,,False,,,Lady Gaga,Lady Gaga,650e7db6-b795-4eb5-a702-5ea2fc46c848,Lady Gaga,650e7db6-b795-4eb5-a702-5ea2fc46c848,
5d6732d6-b2bc-4e4e-add7-23aabc71c02f,Bad Romance,,False,,,Lady Gaga,Lady Gaga,650e7db6-b795-4eb5-a702-5ea2fc46c848,Lady Gaga,650e7db6-b795-4eb5-a702-5ea2fc46c848,
2da5028e-d39d-4d8c-ba5e-f07783e51539,Teach Your Children,175000,True,,official,"Crosby, Stills, Nash & Young","Crosby, Stills, Nash & Young",46a782ea-4308-476b-abd1-a91b197f3037,"Crosby, Stills, Nash & Young",46a782ea-4308-476b-abd1-a91b197f3037,
deeb500b-97ae-4a39-9983-e137fa4bd127,Without Love,204000,True,,official,Descendents,Descendents,f035837e-4117-438d-a524-cacf43500e68,Descendents,f035837e-4117-438d-a524-cacf43500e68,
8620ac5d-a935-449d-971f-1584ee5cabce,Popular,219000,True,,official,Nada Surf,Nada Surf,b9a2a9a6-7a40-48a6-bcb1-8eff5b89ad5b,Nada Surf,b9a2a9a6-7a40-48a6-bcb1-8eff5b89ad5b,
b7b583ae-38b3-4b18-8bd8-b741a0c6f3d2,Our House,182000,True,,official,"Crosby, Stills, Nash & Young","Crosby, Stills, Nash & Young",46a782ea-4308-476b-abd1-a91b197f3037,"Crosby, Stills, Nash & Young",46a782ea-4308-476b-abd1-a91b197f3037,
cf6bc1c0-5941-4e8b-a714-a3103ba9943b,On Paper,106000,True,,official,Descendents,Descendents,f035837e-4117-438d-a524-cacf43500e68,Descendents,f035837e-4117-438d-a524-cacf43500e68,
0206ec16-8f7c-4da1-b656-847f11a39f50,Ohio,185000,True,,official,"Crosby, Stills, Nash & Young","Crosby, Stills, Nash & Young",46a782ea-4308-476b-abd1-a91b197f3037,"Crosby, Stills, Nash & Young",46a782ea-4308-476b-abd1-a91b197f3037,
d2d1d409-4654-4702-aa43-7e59a645470a,Full Circle,115000,True,,official,Descendents,Descendents,f035837e-4117-438d-a524-cacf43500e68,Descendents,f035837e-4117-438d-a524-cacf43500e68,
5f958a95-54b2-439b-aba9-14135e21305b,Middle Finger,167000,True,,official,Dropkick Murphys,Dropkick Murphys,e8374874-4178-4869-b92e-fef6bf30dc04,Dropkick Murphys,e8374874-4178-4869-b92e-fef6bf30dc04,
a0e8bba3-81a9-4002-b480-a3fff1cd2982,Who We Are,239000,True,,official,Descendents,Descendents,f035837e-4117-438d-a524-cacf43500e68,Descendents,f035837e-4117-438d-a524-cacf43500e68,
671ce10e-7cad-4c19-9a49-07e66e07d6e6,Blood,241000,True,,official,Dropkick Murphys,Dropkick Murphys,e8374874-4178-4869-b92e-fef6bf30dc04,Dropkick Murphys,e8374874-4178-4869-b92e-fef6bf30dc04,
6a41a4ff-0722-4de8-b0d6-ff75e21f401e,I'm Shipping Up To Boston,158000,True,,official,Dropkick Murphys,Dropkick Murphys,e8374874-4178-4869-b92e-fef6bf30dc04,Dropkick Murphys,e8374874-4178-4869-b92e-fef6bf30dc04,
f6d80c1e-ac9b-4623-8570-edbc80cf9946,Walk Away,192000,True,,official,Dropkick Murphys,Dropkick Murphys,e8374874-4178-4869-b92e-fef6bf30dc04,Dropkick Murphys,e8374874-4178-4869-b92e-fef6bf30dc04,
3d8253ce-d4fb-4a27-8800-10bb2607ad4f,Papua New Guinea (7″ original),,False,,,The Future Sound of London,The Future Sound of London,a1d77dd4-8728-4a47-bdfa-9663d791139c,The Future Sound of London,a1d77dd4-8728-4a47-bdfa-9663d791139c,
73c33ee8-e57a-40be-b21d-490ae459c179,Papua New Guinea (Monsoon mix),,False,,,The Future Sound of London,The Future Sound of London,a1d77dd4-8728-4a47-bdfa-9663d791139c,The Future Sound of London,a1d77dd4-8728-4a47-bdfa-9663d791139c,
5fd87065-bf55-4a17-b0e2-cc0747c76dda,Let Them All Talk,186000,True,,official,Elvis Costello & The Attractions,Elvis Costello & The Attractions,0ffb6573-a98e-412e-aa01-0a580e9d8b06,Elvis Costello & The Attractions,0ffb6573-a98e-412e-aa01-0a580e9d8b06,
ad6b1be2-fa92-49ce-9865-03e720d762a5,(I Don't Want To Go To) Chelsea,192000,True,,official,Elvis Costello & The Attractions,Elvis Costello & The Attractions,0ffb6573-a98e-412e-aa01-0a580e9d8b06,Elvis Costello & The Attractions,0ffb6573-a98e-412e-aa01-0a580e9d8b06,
dea83b97-8abb-4ff7-a654-a7d06a3df7f2,You Little Fool,191000,True,,official,Elvis Costello & The Attractions,Elvis Costello & The Attractions,0ffb6573-a98e-412e-aa01-0a580e9d8b06,Elvis Costello & The Attractions,0ffb6573-a98e-412e-aa01-0a580e9d8b06,
58817518-8dfe-4d39-b314-d1501244cac7,Sweet Dreams,177000,True,,official,Elvis Costello & The Attractions,Elvis Costello & The Attractions,0ffb6573-a98e-412e-aa01-0a580e9d8b06,Elvis Costello & The Attractions,0ffb6573-a98e-412e-aa01-0a580e9d8b06,
11b2bc68-8503-45e5-969a-ba8132fda679,The Gambler,211000,True,,,Kenny Rogers,Kenny Rogers,c3d14b41-a48d-488f-bfed-ce0597bb0b1f,Kenny Rogers,c3d14b41-a48d-488f-bfed-ce0597bb0b1f,
6b8e4a76-dce3-490a-84b0-4273a6d27a18,I Can't Stand Up For Falling Down,120000,True,,official,Elvis Costello & The Attractions,Elvis Costello & The Attractions,0ffb6573-a98e-412e-aa01-0a580e9d8b06,Elvis Costello & The Attractions,0ffb6573-a98e-412e-aa01-0a580e9d8b06,
7f73bc47-613a-4fd8-bd3c-1549d2efdb81,Love For Tender,113000,True,,official,Elvis Costello & The Attractions,Elvis Costello & The Attractions,0ffb6573-a98e-412e-aa01-0a580e9d8b06,Elvis Costello & The Attractions,0ffb6573-a98e-412e-aa01-0a580e9d8b06,
6beab60f-0c17-4aab-8522-daaa11fc945e,I Fought The Law,160000,True,,official,Joe Strummer,Joe Strummer,af4ea2a3-c54d-40b4-8120-a1f0b838ad54,Joe Strummer,af4ea2a3-c54d-40b4-8120-a1f0b838ad54,
6dd9ee52-aa49-4282-9d62-37ea0e2a8f72,Good Year For The Roses,193000,True,,official,Elvis Costello & The Attractions,Elvis Costello & The Attractions,0ffb6573-a98e-412e-aa01-0a580e9d8b06,Elvis Costello & The Attractions,0ffb6573-a98e-412e-aa01-0a580e9d8b06,
84bfa054-67d9-4b07-8412-957f7f65f93f,Pump It Up,194000,True,,official,Elvis Costello & The Attractions,Elvis Costello & The Attractions,0ffb6573-a98e-412e-aa01-0a580e9d8b06,Elvis Costello & The Attractions,0ffb6573-a98e-412e-aa01-0a580e9d8b06,
6a0ae941-5db8-4179-95e7-cc40225e5fa0,Oliver's Army,177000,True,,official,Elvis Costello & The Attractions,Elvis Costello & The Attractions,0ffb6573-a98e-412e-aa01-0a580e9d8b06,Elvis Costello & The Attractions,0ffb6573-a98e-412e-aa01-0a580e9d8b06,
9dbf817d-b70a-45df-8801-7e9955b819d8,Don't Let Me Be Misunderstood,199000,True,,official,Elvis Costello,Elvis Costello,8a338e06-d182-46f2-bd16-30a09bc840ba,Elvis Costello,8a338e06-d182-46f2-bd16-30a09bc840ba,
21f2d530-89f3-4ccf-84c3-766508d7fba9,Ghosts,330000,True,,,Bruce Springsteen,Bruce Springsteen,70248960-cb53-4ea4-943a-edb18f7d336f,Bruce Springsteen,70248960-cb53-4ea4-943a-edb18f7d336f,USSM12004749
3e8d2331-3734-4f4b-b865-3313b7bf4303,I’ll See You in My Dreams,211000,True,,,Bruce Springsteen,Bruce Springsteen,70248960-cb53-4ea4-943a-edb18f7d336f,Bruce Springsteen,70248960-cb53-4ea4-943a-edb18f7d336f,USSM12004751
a430d3e5-6bce-4ae3-8bd7-532e00ad9d20,Amnesia,307000,True,,official video,KMFDM,KMFDM,45074d7c-5307-44a8-854f-ae072e1622ae,KMFDM,45074d7c-5307-44a8-854f-ae072e1622ae,
6b5a31ce-9218-4643-ad99-e37a0f4b3d62,Haze,218000,True,,,Skinny Puppy,Skinny Puppy,5a24bc1a-c093-4a82-84ed-8d7f2da0570d,Skinny Puppy,5a24bc1a-c093-4a82-84ed-8d7f2da0570d,
9f86afdc-35d8-4e56-b0d5-5288744c2ae8,Deep Down Trauma Hounds,289000,True,,Official Video,Skinny Puppy,Skinny Puppy,5a24bc1a-c093-4a82-84ed-8d7f2da0570d,Skinny Puppy,5a24bc1a-c093-4a82-84ed-8d7f2da0570d,
4ea73150-4c12-40f6-9660-c64cd3f815ec,It’s My Life,333000,True,,,Bruce Springsteen & The E Street Band,Bruce Springsteen|The E Street Band,70248960-cb53-4ea4-943a-edb18f7d336f|d6652e7b-33fe-49ef-8336-4c863b4f996f,Bruce Springsteen,70248960-cb53-4ea4-943a-edb18f7d336f,
dae186ad-e036-42d2-aa38-695c6ae84e95,1x1,139000,False,,,Galantis,Galantis,a7229e38-bab7-48c1-9f35-9b4c49738b0f,Galantis,a7229e38-bab7-48c1-9f35-9b4c49738b0f,
8f674c6a-aea5-4bd0-9488-b9215dc4bb67,No Diggity,219000,False,,,HÄWK,HÄWK,0b398fae-a653-4ad4-b1db-af5f393f44f7,HÄWK,0b398fae-a653-4ad4-b1db-af5f393f44f7,
ea3c3391-2241-4614-9eb4-cf64f40ca375,Hold Me Closer (Joel Corry remix),251000,True,,,Elton John & Britney Spears,Elton John|Britney Spears,b83bc61f-8451-4a5d-8b8e-7e9ed295e822|45a663b5-b1cb-4a91-bff6-2bef7bbfdd76,Elton John,b83bc61f-8451-4a5d-8b8e-7e9ed295e822,
2f042d6e-5aca-478b-8d0f-2b60603bd994,Requiem For A Dream,246000,False,,The Two Towers Trailer Theme,Clint Mansell,Clint Mansell,fc015f11-be38-4b7d-b3e8-5d809242ecec,Clint Mansell,fc015f11-be38-4b7d-b3e8-5d809242ecec,
0046e0a4-a668-490c-958f-4c76a75f0c5a,weapon,225000,True,,music video,Against the Current,Against the Current,c40a79e9-3b9e-492e-9469-0e5b952ad3e1,Against the Current,c40a79e9-3b9e-492e-9469-0e5b952ad3e1,
0b710701-fbc6-4ae9-9514-f41d904f1d74,again&again,210000,True,,music video,Against the Current,Against the Current,c40a79e9-3b9e-492e-9469-0e5b952ad3e1,Against the Current,c40a79e9-3b9e-492e-9469-0e5b952ad3e1,
e2131f28-66c9-4302-aa11-142bb76e82af,jump,178000,True,,music video,Against the Current,Against the Current,c40a79e9-3b9e-492e-9469-0e5b952ad3e1,Against the Current,c40a79e9-3b9e-492e-9469-0e5b952ad3e1,
023c53b1-5d3d-4765-bfc9-7edf238f2cfc,Steal My Girl,318000,True,,full length,One Direction,One Direction,1a425bbd-cca4-4b2c-aeb7-71cb176c828a,One Direction,1a425bbd-cca4-4b2c-aeb7-71cb176c828a,
c93023b0-0cce-4d4c-ad5d-3626dbe89308,Chelsea Dagger,232000,True,,"live, The Chris Evans Breakfast Show",The Fratellis,The Fratellis,f4ad883e-9a92-45ed-a540-a49c2d1c36dd,The Fratellis,f4ad883e-9a92-45ed-a540-a49c2d1c36dd,
8c86cf28-3630-4fc1-8d26-b939caf02bd6,Miss You,169000,True,,,Oliver Tree & Robin Schulz,Oliver Tree|Robin Schulz,1fa3bded-908f-47be-9784-3c9ef850682b|163218c2-9e0f-4d2d-aecb-ebbdef6aab70,Oliver Tree,1fa3bded-908f-47be-9784-3c9ef850682b,
f47cb429-d268-4385-a9c7-2f60b3b5f62c,Hair,174000,True,,"2006-07-11: Philadelphia, PA",The Early November,The Early November,8448783d-a68c-490f-b5c5-4a6364ef5537,The Early November,8448783d-a68c-490f-b5c5-4a6364ef5537,
4105c0c7-ad09-406d-8794-cee4aea7836f,Fool for Your Loving,263000,True,,1988 version,Whitesnake,Whitesnake,5dedf5cf-a598-4408-9556-3bf3f149f3ba,Whitesnake,5dedf5cf-a598-4408-9556-3bf3f149f3ba,
734abf0e-cdc0-4783-8cce-ffc9c5fe575b,Bloody Mary,181000,True,,,Whitesnake,Whitesnake,5dedf5cf-a598-4408-9556-3bf3f149f3ba,Whitesnake,5dedf5cf-a598-4408-9556-3bf3f149f3ba,
1c6700f0-b14e-49e9-a0b6-8fab44ddbf20,Fool for Your Loving,254000,True,,original version,Whitesnake,Whitesnake,5dedf5cf-a598-4408-9556-3bf3f149f3ba,Whitesnake,5dedf5cf-a598-4408-9556-3bf3f149f3ba,
bc823ce6-7d92-4d7e-9c82-f6ff220dd676,Is This Love,274000,True,,,Whitesnake,Whitesnake,5dedf5cf-a598-4408-9556-3bf3f149f3ba,Whitesnake,5dedf5cf-a598-4408-9556-3bf3f149f3ba,
f0e65df3-97ae-40b5-8e61-26fd8c43c927,Youth of the Nation,245000,True,,,P.O.D.,P.O.D.,57e79d57-b795-475e-9fa2-5dd9d5513b8c,P.O.D.,57e79d57-b795-475e-9fa2-5dd9d5513b8c,
8a4c2d91-b1cc-41fb-ab42-62c9fd2804a4,Don’t Break My Heart Again,222000,True,,,Whitesnake,Whitesnake,5dedf5cf-a598-4408-9556-3bf3f149f3ba,Whitesnake,5dedf5cf-a598-4408-9556-3bf3f149f3ba,
00445de6-25a6-4ce3-9552-4fd4db159db4,Africa,243000,True,,,Weezer,Weezer,6fe07aa5-fec0-4eca-a456-f29bff451b04,Weezer,6fe07aa5-fec0-4eca-a456-f29bff451b04,
ecfbbce4-c454-412d-b4f5-206246ba43cd,Here I Go Again,304000,True,,original version,Whitesnake,Whitesnake,5dedf5cf-a598-4408-9556-3bf3f149f3ba,Whitesnake,5dedf5cf-a598-4408-9556-3bf3f149f3ba,
8e6b0805-0048-40e2-9b23-7a9e89d02f5a,Come On,197000,True,,,Whitesnake,Whitesnake,5dedf5cf-a598-4408-9556-3bf3f149f3ba,Whitesnake,5dedf5cf-a598-4408-9556-3bf3f149f3ba,
28eafcdf-3896-42bd-a191-382840423461,Kiss Me,174000,True,,,New Found Glory,New Found Glory,6acb932e-840d-47ac-8e0d-725ad8a6e52c,New Found Glory,6acb932e-840d-47ac-8e0d-725ad8a6e52c,
f5e24be3-ceee-4cf9-b548-c618ae7ec87a,Lost Control,206000,True,,B2A & Anklebreaker Bootleg,B2A & Anklebreaker,B2A|Anklebreaker,da121f1a-d347-45e4-bf08-bbef021a9464|f3629ee6-518e-4227-a95e-feac784eece5,B2A,da121f1a-d347-45e4-bf08-bbef021a9464,
3de7bdeb-0f77-4b1f-b3f8-f6514e5fa6ce,Street Life,204000,True,,,Beenie Man,Beenie Man,0d85b9f2-802d-48bb-aa85-6a9668869053,Beenie Man,0d85b9f2-802d-48bb-aa85-6a9668869053,
39419399-c5fb-44d2-93ba-e63cda236c66,Queendom,207000,True,,Official Video,AURORA,AURORA,484a4e90-6899-4e4b-a948-a2255d365340,AURORA,484a4e90-6899-4e4b-a948-a2255d365340,
e2b16e90-6daa-4004-a128-d0e8a74b3bc6,Runaway,249000,True,,Official Video,AURORA,AURORA,484a4e90-6899-4e4b-a948-a2255d365340,AURORA,484a4e90-6899-4e4b-a948-a2255d365340,
560c7c2e-664d-47a4-a850-41a5ea604e60,Devil Town,316000,True,,live,Cavetown,Cavetown,7999a8a1-6cbd-4453-8dd4-ebd03a10e44f,Cavetown,7999a8a1-6cbd-4453-8dd4-ebd03a10e44f,
b7b1e513-e409-4103-b505-6fd7104f7cef,Turn Back the Hands of Time,182000,True,,,Bruce Springsteen,Bruce Springsteen,70248960-cb53-4ea4-943a-edb18f7d336f,Bruce Springsteen,70248960-cb53-4ea4-943a-edb18f7d336f,
bafa4107-f4c0-4bbb-a21b-a7a5eea959e0,Miracle,,True,,,Stuck in the Sound,Stuck in the Sound,335abb73-0134-4264-bfd7-9b110ab8d4db,Stuck in the Sound,335abb73-0134-4264-bfd7-9b110ab8d4db,
c0968218-938d-4f75-82d7-d5b00ab862f2,Don’t Stop the Madness,,False,,,Hardwell & W&W feat. Fatman Scoop,Hardwell|W&W|Fatman Scoop,170d6637-36e0-49dd-a225-c4fd5b77a285|5df88386-32bb-48b2-8eff-47a450079075|d3d20e96-5783-4126-9d64-075566611c5e,Hardwell,170d6637-36e0-49dd-a225-c4fd5b77a285,
489c2bb6-afc2-41b0-9ed5-93967144a7d4,Father,,True,,,LL Cool J,LL Cool J,a4dd0e77-83b8-4e92-89b7-effb0e47fd8c,LL Cool J,a4dd0e77-83b8-4e92-89b7-effb0e47fd8c,
e7bb0624-8065-4620-b233-90582bfffbc0,The Way,50000,True,,PREMIERE,Matt Johnson,Matt Johnson,23d8458f-dcc0-4a51-9d09-af933af07eec,Matt Johnson,23d8458f-dcc0-4a51-9d09-af933af07eec,
4f4ecd7c-547a-4ec0-a1a1-462dfffc879a,Happy Birthday,90000,True,,,Matt Johnson,Matt Johnson,23d8458f-dcc0-4a51-9d09-af933af07eec,Matt Johnson,23d8458f-dcc0-4a51-9d09-af933af07eec,
6bcc3c3d-fac3-4ac9-aea0-133505b273a6,Trouble,291000,True,,music video,Coldplay,Coldplay,cc197bad-dc9c-440d-a5b5-d52ba2e14234,Coldplay,cc197bad-dc9c-440d-a5b5-d52ba2e14234,
cba55137-16ed-4b8d-9180-4768a30a1094,Heart Attack,215000,True,,music video,Demi Lovato,Demi Lovato,faf4cefb-036c-4c88-b93a-5b03dd0a0e6b,Demi Lovato,faf4cefb-036c-4c88-b93a-5b03dd0a0e6b,
aa8dfefe-f000-4644-b1bf-7d48e7cc7c28,Lux Æterna,210000,True,,official music video,Metallica,Metallica,65f4f0c5-ef9e-490c-aee3-909e7ae6b2ab,Metallica,65f4f0c5-ef9e-490c-aee3-909e7ae6b2ab,
1bcf49d3-2d08-4b31-a16b-616bc393a4b4,Don’t You (Forget About Me),331000,True,,"live, 2022‐10‐29: Later… With Jools Holland, Alexandra Palace, London, UK",Simple Minds,Simple Minds,f41490ce-fe39-435d-86c0-ab5ce098b423,Simple Minds,f41490ce-fe39-435d-86c0-ab5ce098b423,
fbb70b25-bcde-4fe3-8a5d-0f485e23a7d6,The Car,184000,True,,"live, 2022-11-05: Later… with Jools Holland: Arctic Monkeys",Arctic Monkeys,Arctic Monkeys,ada7a83c-e3e1-40f1-93f9-3e73dbc9298a,Arctic Monkeys,ada7a83c-e3e1-40f1-93f9-3e73dbc9298a,
cfd7f6c4-900e-48c3-986e-7f7e3b5035e8,Free,238000,True,,"live, 2022-06-18: Later… with Jools Holland, Alexandra Palace, London",Florence + the Machine,Florence + the Machine,5fee3020-513b-48c2-b1f7-4681b01db0c6,Florence + the Machine,5fee3020-513b-48c2-b1f7-4681b01db0c6,
8174027d-f7f8-4fff-99c5-36365101aef3,Down,217000,True,,"live, 2022-10-22: Later… with Jools Holland, Alexandra Palace, London",Hot Chip,Hot Chip,d8915e13-d67a-4aa0-9c0b-1f126af951af,Hot Chip,d8915e13-d67a-4aa0-9c0b-1f126af951af,
ac25e13e-03ef-4b2f-9282-bba2cc27a949,I’m in Love With You,259000,True,,"live, 2022-10-01: Later… with Jools Holland, Alexandra Palace, London",The 1975,The 1975,5b6ebfe0-f72b-4902-bba9-74c8af0f1af0,The 1975,5b6ebfe0-f72b-4902-bba9-74c8af0f1af0,
02f336ca-dbb7-4a45-a2f4-eda8aa3adb9e,Dreaming,219000,False,,,Laura Marling,Laura Marling,cd9713d6-6e5f-4143-9412-4d12b7bd47f2,Laura Marling,cd9713d6-6e5f-4143-9412-4d12b7bd47f2,
01769f5e-7a0d-4a2e-9dcf-95b65f6d0e1c,Happiness,268000,True,,"live, 2022-10-01: Later… with Jools Holland, Alexandra Palace, London",The 1975,The 1975,5b6ebfe0-f72b-4902-bba9-74c8af0f1af0,The 1975,5b6ebfe0-f72b-4902-bba9-74c8af0f1af0,
ca2297f9-7e77-4d34-bdfb-93b41bec9572,Out of My Head,211000,True,,"live, 2022-11-12: Jools’ 30th Birthday Bash",First Aid Kit,First Aid Kit,373faa02-74d7-4b1d-9b47-7574ad510f8d,First Aid Kit,373faa02-74d7-4b1d-9b47-7574ad510f8d,
44fe8b29-09d4-4d52-a86a-44e7c5737ce3,Home Again,234000,True,,"live, 2022-11-12: Jools’ 30th Birthday Bash",Michael Kiwanuka,Michael Kiwanuka,11f570ff-44d9-4e9c-8812-e6d56103c5c1,Michael Kiwanuka,11f570ff-44d9-4e9c-8812-e6d56103c5c1,
cbb110b7-a288-4019-b39b-133da031fa95,My Love,211000,True,,"live, 2022-06-18: Later… with Jools Holland, Alexandra Palace, London",Florence + the Machine,Florence + the Machine,5fee3020-513b-48c2-b1f7-4681b01db0c6,Florence + the Machine,5fee3020-513b-48c2-b1f7-4681b01db0c6,
ad59cc97-1cda-408f-b377-013146e011e7,Count On Me,206000,False,,,Hogland,Hogland,34f3c9c9-12a6-48ca-bd1a-c4854d4a3ea4,Hogland,34f3c9c9-12a6-48ca-bd1a-c4854d4a3ea4,
8309ce82-a98a-42bd-9632-ce825f517561,I Ain’t Quite Where I Think I Am,192000,True,,"live, 2022-11-05: Later… with Jools Holland: Arctic Monkeys",Arctic Monkeys,Arctic Monkeys,ada7a83c-e3e1-40f1-93f9-3e73dbc9298a,Arctic Monkeys,ada7a83c-e3e1-40f1-93f9-3e73dbc9298a,
1db26df3-4e8e-4140-9519-a4f8223a79af,Journey,168000,True,,,DECO*27 feat.初音ミク,DECO*27|初音ミク,bd247ab3-c22d-4b5d-a6fd-437771cacbbe|130d679a-9a92-4373-8348-0800b6b93a30,DECO*27,bd247ab3-c22d-4b5d-a6fd-437771cacbbe,
286beaf8-493f-48e1-88b2-62d36a618929,Okay Dokey,,False,,,MINO & ZICO,MINO|ZICO,2650741e-908c-4cae-ba98-0717da3c3ce0|f2215143-d7db-4cf0-9cd4-b0040eb63cbd,MINO,2650741e-908c-4cae-ba98-0717da3c3ce0,
257b9a85-0559-4100-92c4-2e3b70054f7f,Mary Did You Know,184000,False,,,Lionheart,Lionheart,e4ed94f9-f757-419f-b05e-7b524b3ce421,Lionheart,e4ed94f9-f757-419f-b05e-7b524b3ce421,
27c00500-76bd-457e-8f7d-bf0ca5d804eb,"Run, Rudolph, Run",138000,False,,,Otherwise,Otherwise,6e54ac59-8b9c-4c96-a1ca-3a759a2280d8,Otherwise,6e54ac59-8b9c-4c96-a1ca-3a759a2280d8,
9f1455e9-336b-4ed4-aa2c-4920dd62064c,"Run, Rudolph, Run",138000,False,,,Otherwise,Otherwise,6e54ac59-8b9c-4c96-a1ca-3a759a2280d8,Otherwise,6e54ac59-8b9c-4c96-a1ca-3a759a2280d8,
43a09e23-e899-437e-bd3d-da7193efd01b,Dreaming,75000,False,,,IU,IU,b9545342-1e6d-4dae-84ac-013374ad8d7c,IU,b9545342-1e6d-4dae-84ac-013374ad8d7c,
d858a56f-937d-437a-a75f-dc29bd3e2afa,Without Me,,False,,unreleased demo,Halsey feat. Juice WRLD,Halsey|Juice WRLD,3377f3bb-60fc-4403-aea9-7e800612e060|4e4ebde4-0c56-4dec-844b-6c73adcdd92d,Halsey,3377f3bb-60fc-4403-aea9-7e800612e060,
b283a3b2-dadf-420a-854c-885409b41bb4,Mother,689000,False,,,Electrelane,Electrelane,7756e3dc-f44c-4678-a7bc-d1b31204a963,Electrelane,7756e3dc-f44c-4678-a7bc-d1b31204a963,
53313fac-d316-486b-927d-8ab607e608e2,All Around the World,246000,False,,live on WMMS 92,The Dead Milkmen,The Dead Milkmen,cdd2e0f0-703d-454d-b5c7-cc3bb6dd5552,The Dead Milkmen,cdd2e0f0-703d-454d-b5c7-cc3bb6dd5552,
6cc40a62-42b4-4589-b7c1-1fb53cc97d0c,Born to Die,283000,True,,"live, 2011-10-10: The Premises, London, England, UK",Lana Del Rey,Lana Del Rey,b7539c32-53e7-4908-bda3-81449c367da6,Lana Del Rey,b7539c32-53e7-4908-bda3-81449c367da6,
23f0df1c-7ae0-4e53-bca6-3449ead261e8,The One That Got Away,158000,True,,In the Live Lounge,Tate McRae,Tate McRae,f9133869-f87c-459c-9aa7-2f176cda7e06,Tate McRae,f9133869-f87c-459c-9aa7-2f176cda7e06,
4f9e72d9-8c45-40f7-8426-22accd2bc5d4,Leña de pirul,211000,True,,Homenaje a Salvador Lizárraga,"La Original Banda El Limón de Salvador Lizárraga, Luis Ángel ""El Flaco""","La Original Banda El Limón de Salvador Lizárraga|Luis Ángel ""El Flaco""",4e948360-3283-42a1-8b8c-b1e16c3fd600|67faa467-c859-48a2-8f25-37e1fefed089,La Original Banda El Limón de Salvador Lizárraga,4e948360-3283-42a1-8b8c-b1e16c3fd600,
73f1bbe1-eb9c-496f-b2fb-0b595da08c0b,About Her,188000,True,,,MiZeb,MiZeb,863ccc59-0081-47dd-8918-c14197ff87cf,MiZeb,863ccc59-0081-47dd-8918-c14197ff87cf,
ef076d2d-9702-40ec-afa4-f169a81cffd6,Insane,204000,True,,,AP Dhillon,AP Dhillon,ed29f721-0d40-4a90-9f25-a91c2ccccd5e,AP Dhillon,ed29f721-0d40-4a90-9f25-a91c2ccccd5e,
7a437576-a856-40b3-8393-681f98c9fc35,Brown Munde,268000,True,,,AP Dhillon,AP Dhillon,ed29f721-0d40-4a90-9f25-a91c2ccccd5e,AP Dhillon,ed29f721-0d40-4a90-9f25-a91c2ccccd5e,
b068febb-5ab9-47f4-a429-8afaacd595dc,Excuses,177000,True,,,AP Dhillon,AP Dhillon,ed29f721-0d40-4a90-9f25-a91c2ccccd5e,AP Dhillon,ed29f721-0d40-4a90-9f25-a91c2ccccd5e,
b4ff8255-cb67-478c-a73c-e20ebc10dd97,Nicht heute,166000,True,,,MiZeb x Zate,MiZeb|Zate,863ccc59-0081-47dd-8918-c14197ff87cf|0710a0a3-bce1-4a93-a31e-9854cbab5e33,MiZeb,863ccc59-0081-47dd-8918-c14197ff87cf,
26d78821-8eee-4cda-be29-080be35eba57,Nüchtern,158000,False,,,Anstandslos & Durchgeknallt & Emi Flemming,Anstandslos & Durchgeknallt|Emi Flemming,87dd5e55-becf-4b9d-88bd-0a5c61821d25|9d6be30d-b7fe-4299-b6cb-555fb912f555,Anstandslos & Durchgeknallt,87dd5e55-becf-4b9d-88bd-0a5c61821d25,
84d97cba-60a0-42ff-ba7c-7f212297ebcd,Christmas Lights,270000,True,,,Coldplay,Coldplay,cc197bad-dc9c-440d-a5b5-d52ba2e14234,Coldplay,cc197bad-dc9c-440d-a5b5-d52ba2e14234,
d7ef5f07-9951-47b7-a344-fdee07787556,Talk,286000,True,,live: Austin City Limits,Coldplay,Coldplay,cc197bad-dc9c-440d-a5b5-d52ba2e14234,Coldplay,cc197bad-dc9c-440d-a5b5-d52ba2e14234,
aa220182-5cc2-47cf-b568-04a78bac1c74,Yellow,290000,True,,live: Austin City Limits,Coldplay,Coldplay,cc197bad-dc9c-440d-a5b5-d52ba2e14234,Coldplay,cc197bad-dc9c-440d-a5b5-d52ba2e14234,
bb89df44-ea1b-4d60-9c55-57301c02c1f5,Clocks,385000,True,,live: Austin City Limits,Coldplay,Coldplay,cc197bad-dc9c-440d-a5b5-d52ba2e14234,Coldplay,cc197bad-dc9c-440d-a5b5-d52ba2e14234,
fd3682c2-6cdd-41ce-a8c5-8a1fe4c40c56,Fix You,322000,True,,live: Austin City Limits,Coldplay,Coldplay,cc197bad-dc9c-440d-a5b5-d52ba2e14234,Coldplay,cc197bad-dc9c-440d-a5b5-d52ba2e14234,
47690775-92b1-464b-bd9f-621cb37142f5,God Put a Smile Upon Your Face,299000,True,,,Coldplay,Coldplay,cc197bad-dc9c-440d-a5b5-d52ba2e14234,Coldplay,cc197bad-dc9c-440d-a5b5-d52ba2e14234,
b2ba01e1-e1d6-4e20-bbd7-af39725c388c,Shiver,299000,True,,,Coldplay,Coldplay,cc197bad-dc9c-440d-a5b5-d52ba2e14234,Coldplay,cc197bad-dc9c-440d-a5b5-d52ba2e14234,
93dc0335-bdf5-4ae3-bdcf-925861a086c0,Little Drummer Boy,172000,False,,,Alanis Morissette,Alanis Morissette,4bdcee62-4902-4773-8cd1-e252e2e31225,Alanis Morissette,4bdcee62-4902-4773-8cd1-e252e2e31225,
9c359822-2d32-4fad-8d25-4a5d9effc057,Dirty Rat,223000,True,,music video,Orbital & Sleaford Mods,Orbital|Sleaford Mods,f3e2a7d9-c6bb-4848-95e5-04c0a1e2f511|09d8290b-6ada-422f-8ce3-19349fb1c15d,Orbital,f3e2a7d9-c6bb-4848-95e5-04c0a1e2f511,
7e72684a-2d89-4f1c-bac0-1bd81d97b3fb,Dreamland,,False,,,Elton John & Bruce Hornsby,Elton John|Bruce Hornsby,b83bc61f-8451-4a5d-8b8e-7e9ed295e822|e60dbba7-6f55-429a-bd22-5e9c6a87ae70,Elton John,b83bc61f-8451-4a5d-8b8e-7e9ed295e822,
2bb76314-9598-4a1b-8452-57e610211d9c,Sacrifice,,False,,,Elton John & Gary Barlow,Elton John|Gary Barlow,b83bc61f-8451-4a5d-8b8e-7e9ed295e822|c999fc02-ab9a-4f4c-a0e7-98ff8325ffb5,Elton John,b83bc61f-8451-4a5d-8b8e-7e9ed295e822,
15c0570a-46a7-4531-ae2b-dcb218da55e0,Popular,170000,False,,,Playboi Carti,Playboi Carti,2baf3276-ed6a-4349-8d2e-f4601e7b2167,Playboi Carti,2baf3276-ed6a-4349-8d2e-f4601e7b2167,
d0cefe63-4812-4d3c-a538-eac289860580,Money,84000,False,,,Playboi Carti,Playboi Carti,2baf3276-ed6a-4349-8d2e-f4601e7b2167,Playboi Carti,2baf3276-ed6a-4349-8d2e-f4601e7b2167,
086f2f2d-905e-4452-b1fe-317c7437d846,Ridin,247000,False,,,Playboi Carti,Playboi Carti,2baf3276-ed6a-4349-8d2e-f4601e7b2167,Playboi Carti,2baf3276-ed6a-4349-8d2e-f4601e7b2167,
7b028ddd-5646-413c-8194-8d0b1271a978,She Sells Sanctuary,,False,,,The Cult,The Cult,8846e4ff-0c19-4af2-872b-7a8dc7497f68,The Cult,8846e4ff-0c19-4af2-872b-7a8dc7497f68,
85f17e5a-835c-41e5-b6a9-15bcdc358009,Tunnel of Love,3783000,True,,,Bruce Springsteen,Bruce Springsteen,70248960-cb53-4ea4-943a-edb18f7d336f,Bruce Springsteen,70248960-cb53-4ea4-943a-edb18f7d336f,
8b7dd4dc-5a0e-4bc3-84fe-f06ae3cc96ea,The River,6640000,True,,,Bruce Springsteen,Bruce Springsteen,70248960-cb53-4ea4-943a-edb18f7d336f,Bruce Springsteen,70248960-cb53-4ea4-943a-edb18f7d336f,
054cc6e9-fd8b-42bb-b54f-cd3bd9d2b492,Heaven,184000,True,,,MiZeb,MiZeb,863ccc59-0081-47dd-8918-c14197ff87cf,MiZeb,863ccc59-0081-47dd-8918-c14197ff87cf,
9fbb0919-9a98-49b9-9feb-1b32bcafac94,Fairytale of New York,269000,False,,,Third Eye Blind,Third Eye Blind,92a42e82-b36f-4308-82c1-68bad2e03c89,Third Eye Blind,92a42e82-b36f-4308-82c1-68bad2e03c89,
9dcd7656-0c7d-4e70-83c2-87dc3770ac45,Crazy,,False,,,Gnarls Barkley,Gnarls Barkley,a47c3aa2-7d87-475c-a2c7-1e2047dafb09,Gnarls Barkley,a47c3aa2-7d87-475c-a2c7-1e2047dafb09,
2c7df443-7ea4-46cd-a608-7b0006387108,Last Nite,,True,,"ive, 2006-06-23: Later… with Jools Holland, BBC Television Centre",The Strokes,The Strokes,f181961b-20f7-459e-89de-920ef03c7ed0,The Strokes,f181961b-20f7-459e-89de-920ef03c7ed0,
3c4fd059-8ff0-4868-a314-cdd4d2abe500,Let’s Stay Together,208000,True,,"live, 1993-07-16: Later… with Jools Holland, BBC Television Centre, London, UK",Al Green,Al Green,fb7272ba-f130-4f0a-934d-6eeea4c18c9a,Al Green,fb7272ba-f130-4f0a-934d-6eeea4c18c9a,
e0b30e7d-3148-4b18-97ee-0d72e54a96bb,Crazy Love,196000,True,,"live, 2022-12-31: Jools’ Annual Hootenanny",George Ezra,George Ezra,2c5e2a98-d9ea-46b5-9618-d9bb4863a920,George Ezra,2c5e2a98-d9ea-46b5-9618-d9bb4863a920,
5e7439b4-6af8-4d4a-8d77-35a10a69920d,You to Me Are Everything,253000,True,,"live, 2022-12-31: Jools’ Annual Hootenanny",The Real Thing,The Real Thing,71668e88-208d-410f-ac5f-7a54ebee26cf,The Real Thing,71668e88-208d-410f-ac5f-7a54ebee26cf,
374c1840-7bd4-4818-86aa-f211415ab0d5,Dreams,258000,True,,"live, 2022-12-31: Jools’ Annual Hootenanny",Gabrielle,Gabrielle,d55fe7ec-3c7f-44e7-b9cc-b025c4351f70,Gabrielle,d55fe7ec-3c7f-44e7-b9cc-b025c4351f70,
6d6cc9a0-1deb-4d3a-9085-29e061aaa440,Lose Yourself,,True,,,Eminem,Eminem,b95ce3ff-3d05-4e87-9e01-c97b66af13d4,Eminem,b95ce3ff-3d05-4e87-9e01-c97b66af13d4,
fbbeb823-5cd0-4935-b899-0d2e0b98caa8,Flores,140000,True,,video oficial,Kenia OS,Kenia Os,f28b704b-38e2-4b01-b51a-5337d7e5ac2d,Kenia Os,f28b704b-38e2-4b01-b51a-5337d7e5ac2d,
3f98ae5b-1f43-495e-8a80-684cf42ecf92,Mad World,203000,True,,Timeless 2013 live,Mylène Farmer feat. Gary Jules,Mylène Farmer|Gary Jules,18b23026-ed29-445a-9bb4-4e86598ab5a9|3d65bead-6eae-4012-8665-d5f593ea4a62,Mylène Farmer,18b23026-ed29-445a-9bb4-4e86598ab5a9,
b0dfb52b-6e01-4dbc-8ff6-9dfbc81db740,Strange,245000,True,,"live, 2019-10-24: Later… with Jools Holland, BBC Television Centre, White City, London, UK",Celeste,Celeste,1b8a634e-9fa2-4ddb-bdcf-50bc7e4b167c,Celeste,1b8a634e-9fa2-4ddb-bdcf-50bc7e4b167c,
82d73e23-8553-46ab-b62d-78c78eed45db,Lately,239000,True,,"live, 2019-10-24: Later… with Jools Holland, BBC Television Centre, White City, London, UK",Celeste,Celeste,1b8a634e-9fa2-4ddb-bdcf-50bc7e4b167c,Celeste,1b8a634e-9fa2-4ddb-bdcf-50bc7e4b167c,
1a5f91dc-4850-4c7a-82f6-6e1840e276d3,Human Touch,4180000,True,,,Bruce Springsteen,Bruce Springsteen,70248960-cb53-4ea4-943a-edb18f7d336f,Bruce Springsteen,70248960-cb53-4ea4-943a-edb18f7d336f,
9c2cf76d-5a48-4cb6-add6-730d58845ce8,High Hopes,3477000,True,,,Bruce Springsteen,Bruce Springsteen,70248960-cb53-4ea4-943a-edb18f7d336f,Bruce Springsteen,70248960-cb53-4ea4-943a-edb18f7d336f,
d61ce9a3-27f6-40a2-8c86-7573ee90d0a9,Si no te hubieras ido,263000,True,,,"David Bisbal, Juan Luis Guerra",David Bisbal|Juan Luis Guerra,95c8b6b7-1e24-4987-804c-024f6b05cd91|c3dcad1b-1380-4a94-98d8-3f8272f19df6,David Bisbal,95c8b6b7-1e24-4987-804c-024f6b05cd91,
88d194ab-6bb3-4165-9e34-b7867c9591f6,Magic,3518000,True,,,Bruce Springsteen,Bruce Springsteen,70248960-cb53-4ea4-943a-edb18f7d336f,Bruce Springsteen,70248960-cb53-4ea4-943a-edb18f7d336f,
a4db4518-8aec-4ae3-bd02-b3e207463a79,The Rising,5706000,True,,,Bruce Springsteen,Bruce Springsteen,70248960-cb53-4ea4-943a-edb18f7d336f,Bruce Springsteen,70248960-cb53-4ea4-943a-edb18f7d336f,
e3361f6c-ee7a-4036-8e93-8364a1c31ba0,Born in the U.S.A.,3888000,True,,acoustic,Bruce Springsteen,Bruce Springsteen,70248960-cb53-4ea4-943a-edb18f7d336f,Bruce Springsteen,70248960-cb53-4ea4-943a-edb18f7d336f,
0e45fabf-b6e3-4ba7-a7ee-d60dd56d2b10,Born to Run,3265000,True,,,Bruce Springsteen,Bruce Springsteen,70248960-cb53-4ea4-943a-edb18f7d336f,Bruce Springsteen,70248960-cb53-4ea4-943a-edb18f7d336f,
45acb1c1-1b2e-45bf-8790-0ec60a5cae4a,Hurricane,319000,False,,,Fleurie,Fleurie,6246cb0e-cf51-446d-b723-35ee10578474,Fleurie,6246cb0e-cf51-446d-b723-35ee10578474,
51a231bd-00f4-4366-8c0c-f20df260c43b,Chandelier,253000,True,,"live, 2014-07-19: Madison Square Garden, New York, NY, USA",Sara Bareilles,Sara Bareilles,e54be6b7-5c26-4b47-bb3f-c137429b9b55,Sara Bareilles,e54be6b7-5c26-4b47-bb3f-c137429b9b55,
a8e3cbb4-3098-49a1-9684-bee31b0ae191,I Choose You,226000,True,,"live, 2021-05-07: Hollywood Bowl, Hollywood Hills, CA, USA",Sara Bareilles,Sara Bareilles,e54be6b7-5c26-4b47-bb3f-c137429b9b55,Sara Bareilles,e54be6b7-5c26-4b47-bb3f-c137429b9b55,
dcf672a7-c684-4931-ae4f-a08df4c51946,The Race Is On,,False,,,George Jones,George Jones,f2903be0-79a7-4334-8cc5-e45309482a97,George Jones,f2903be0-79a7-4334-8cc5-e45309482a97,
0766d136-26f3-4113-9225-a59e0cd2593e,Waiting on the World to Change,247000,True,,Live from Abbey Road,John Mayer,John Mayer,144ef525-85e9-40c3-8335-02c32d0861f3,John Mayer,144ef525-85e9-40c3-8335-02c32d0861f3,
f96bb9e2-b9d1-43e6-9831-5a907341a1ad,Half of My Heart,257000,False,,"live, 2009-12: Sirious Satellite Radio",John Mayer,John Mayer,144ef525-85e9-40c3-8335-02c32d0861f3,John Mayer,144ef525-85e9-40c3-8335-02c32d0861f3,
3cfec8a2-9b86-48fa-a877-85d9aa4aef5b,Last Train Home,199000,True,,"live, 2021-06-07: Jimmy Kimmel Live!",John Mayer,John Mayer,144ef525-85e9-40c3-8335-02c32d0861f3,John Mayer,144ef525-85e9-40c3-8335-02c32d0861f3,
8a622174-6f6d-4fe4-a1f2-1111c227969b,Butterfly,269000,False,,demo,Third Eye Blind,Third Eye Blind,92a42e82-b36f-4308-82c1-68bad2e03c89,Third Eye Blind,92a42e82-b36f-4308-82c1-68bad2e03c89,
3324b849-7e58-43b0-89a1-b71525563c6b,honest,187000,True,,music video,Gareth.T feat. moon tang,Gareth.T|moon tang,e5eadc96-78c3-4630-bd2a-f1b9d9eb91aa|51b0eb17-af53-4cf7-aaf7-0a5d3c351c9c,Gareth.T,e5eadc96-78c3-4630-bd2a-f1b9d9eb91aa,
245feebf-a759-4e5e-bc66-09c1c5e9aa2b,Hot Potato,,True,,,The Wiggles,The Wiggles,e684ed8b-bced-4e0f-bdfa-462861891409,The Wiggles,e684ed8b-bced-4e0f-bdfa-462861891409,
dc4f7d9b-0757-4053-b555-f5187dd0a9f4,Shouldn't Matter but It Does,238000,True,,"live, 2021-07-15: The Tonight Show Starring Jimmy Fallon",John Mayer,John Mayer,144ef525-85e9-40c3-8335-02c32d0861f3,John Mayer,144ef525-85e9-40c3-8335-02c32d0861f3,
9a9012db-6ddf-403d-8aca-e0807cd17f24,Who Says,184000,False,,"live, 2010-01-13: Desmet Studios, Amsterdam, Netherlands",John Mayer,John Mayer,144ef525-85e9-40c3-8335-02c32d0861f3,John Mayer,144ef525-85e9-40c3-8335-02c32d0861f3,
e947c595-c766-432b-8492-930683db41b1,Half of My Heart,284000,True,,"live, 2010-08-07: TIC-FM Acoustic Cafe, Hartford, CT, USA",John Mayer,John Mayer,144ef525-85e9-40c3-8335-02c32d0861f3,John Mayer,144ef525-85e9-40c3-8335-02c32d0861f3,
dc1bd6cd-5a79-4146-afca-5a1e7f797ba1,Gravity,190000,False,,"live, 2007-02-11: 49th Annual GRAMMY Awards, Staples Center, Los Angeles, CA, USA",John Mayer,John Mayer,144ef525-85e9-40c3-8335-02c32d0861f3,John Mayer,144ef525-85e9-40c3-8335-02c32d0861f3,
51c24a1c-f18c-4ae9-8c25-cac4dca2245d,Half of My Heart,261000,True,,Tokyo acoustic version,John Mayer,John Mayer,144ef525-85e9-40c3-8335-02c32d0861f3,John Mayer,144ef525-85e9-40c3-8335-02c32d0861f3,
b0f7b889-1343-4267-8053-d02a05bb9806,Heartbreak Warfare,284000,True,,"live, 2009-11-17: Beacon Theatre, New York, NY, USA",John Mayer,John Mayer,144ef525-85e9-40c3-8335-02c32d0861f3,John Mayer,144ef525-85e9-40c3-8335-02c32d0861f3,
35e6f162-f1f6-47e2-b328-7cc5bcb13f1c,Who Says,212000,True,,"live, 2013-03-21: Village Studios, Los Angeles, CA, USA",John Mayer,John Mayer,144ef525-85e9-40c3-8335-02c32d0861f3,John Mayer,144ef525-85e9-40c3-8335-02c32d0861f3,
23defe8f-abe8-46a4-9da8-49d2fd92fe0f,Heartbreak Warfare,268000,False,,"live, 2010-01-13: Desmet Studios, Amsterdam, Netherlands",John Mayer,John Mayer,144ef525-85e9-40c3-8335-02c32d0861f3,John Mayer,144ef525-85e9-40c3-8335-02c32d0861f3,
cae48949-6c4d-4575-bb1b-e0f3d0b370c1,Who Says,192000,True,,"live, 2010-08-07: TIC-FM Acoustic Cafe, Hartford, CT, USA",John Mayer,John Mayer,144ef525-85e9-40c3-8335-02c32d0861f3,John Mayer,144ef525-85e9-40c3-8335-02c32d0861f3,
acbf848d-63f2-4792-979c-37666203a1c8,March of the Pigs,184000,True,,official music video,Nine Inch Nails,Nine Inch Nails,b7ffd2af-418f-4be2-bdd1-22f8b48613da,Nine Inch Nails,b7ffd2af-418f-4be2-bdd1-22f8b48613da,
d59cf5d7-4c24-45bd-beb8-1be6791a37cb,Last Hope,327000,True,,"live, 2014-07-11: First Midwest Bank Amphitheatre, Chicago, IL, USA",Paramore,Paramore,44cf61b8-5197-448a-b82b-cef6ee89fac5,Paramore,44cf61b8-5197-448a-b82b-cef6ee89fac5,
e7c813cb-e633-4a4d-8746-864a623c4edb,Wildfire,391000,True,,official music video,Periphery,Periphery,a0cef17a-4574-44f4-9f97-fd068615dac6,Periphery,a0cef17a-4574-44f4-9f97-fd068615dac6,
2d7a7826-78dc-4730-a061-8a3d9f41a31f,NEET GAME,185000,True,,,花冷え。,花冷え。,ce2703e5-34f4-4389-883f-00f8ca2662c2,花冷え。,ce2703e5-34f4-4389-883f-00f8ca2662c2,
d3f7c545-e632-4702-8c34-5d6c369ad094,Runaway,174000,True,,,The Bones,The Bones,042871f1-c7f0-4c82-a71d-8da75d4f2a94,The Bones,042871f1-c7f0-4c82-a71d-8da75d4f2a94,
65e90e8e-117f-4eb7-918f-b0445015abfc,Young Folks,232000,True,,,James Blunt,James Blunt,ebee61b4-bbdd-4087-9bcb-d5aa099088ec,James Blunt,ebee61b4-bbdd-4087-9bcb-d5aa099088ec,
921e64be-b61a-44bc-b9b6-5a6e4b56a2f4,Again,219000,True,,,Faith Evans,Faith Evans,ebcd0bad-75ef-4203-b7b3-7af38a9ef198,Faith Evans,ebcd0bad-75ef-4203-b7b3-7af38a9ef198,
3a4aa12a-4ed6-475a-8bbc-583162f10aac,Lonely,263000,True,,,Akon,Akon,1138a764-2212-4d0a-b02d-0dc14df91e08,Akon,1138a764-2212-4d0a-b02d-0dc14df91e08,
da605834-1e91-4110-aa1d-c3fed68e22f2,XT4S1S,,False,,,Danna Paola,Danna Paola,3ad91c4e-ef5a-4d7c-99e7-21a8b0c9379d,Danna Paola,3ad91c4e-ef5a-4d7c-99e7-21a8b0c9379d,
bf2d7792-5d39-429a-ab55-de7768dd124d,Sweet Love,,True,,,Anita Baker,Anita Baker,02349767-d5ac-4528-892d-17b6d40107a1,Anita Baker,02349767-d5ac-4528-892d-17b6d40107a1,
e8854ac2-7c89-4da9-90ac-3c3f69240d7d,Paranoid,215000,True,,,MADKID,MADKID,897a7223-a5ce-4144-b37f-7773f4079ee7,MADKID,897a7223-a5ce-4144-b37f-7773f4079ee7,
3230e610-9835-4904-ad72-75a629324490,Limbo,239000,True,,official music video,Thornhill,Thornhill,368f19e5-51c0-45d7-80c5-963be6971ac7,Thornhill,368f19e5-51c0-45d7-80c5-963be6971ac7,
235fb549-571d-490b-82cc-c24406a4b8f4,Reptile,,True,,official music video,Thornhill,Thornhill,368f19e5-51c0-45d7-80c5-963be6971ac7,Thornhill,368f19e5-51c0-45d7-80c5-963be6971ac7,
d2539004-ca90-4c34-8b65-16b1b9d81fc7,Outcast,,True,,official music video,Thornhill,Thornhill,368f19e5-51c0-45d7-80c5-963be6971ac7,Thornhill,368f19e5-51c0-45d7-80c5-963be6971ac7,
f9e23d13-05aa-461d-91d5-76286ff84fcc,Heartbeats,162000,True,,official music video,José González,José González,cd8c5019-5d75-4d5c-bc28-e1e26a7dd5c8,José González,cd8c5019-5d75-4d5c-bc28-e1e26a7dd5c8,
210c23b2-e1c2-4ecf-b00a-b716c205c82c,DROP,308000,True,,,美波,美波,be5ae183-78b6-4564-93e1-553d752d3b84,美波,be5ae183-78b6-4564-93e1-553d752d3b84,
a721fe18-7a35-4eb9-a3c8-b2c2f7c12a3b,Put Your Records On,234000,True,,,Corinne Bailey Rae,Corinne Bailey Rae,bc85c6f6-6b06-44c1-8754-ef32c1e6b824,Corinne Bailey Rae,bc85c6f6-6b06-44c1-8754-ef32c1e6b824,
960cdf33-9347-4f8c-af6b-890607578d98,Sing,228000,True,,,Travis,Travis,22a40b75-affc-4e69-8884-266d087e4751,Travis,22a40b75-affc-4e69-8884-266d087e4751,
87530134-2257-4fb2-9217-4ab4bc8e7778,Incredible,230000,True,,,The Shapeshifters,The Shapeshifters,f43b00ef-66cd-4c60-9c81-2c55236b5006,The Shapeshifters,f43b00ef-66cd-4c60-9c81-2c55236b5006,
07bfad09-8a82-449a-ba7c-caac01820f2c,Superstylin’,259000,True,,,Groove Armada,Groove Armada,35723b60-732e-4bd8-957f-320b416e7b7f,Groove Armada,35723b60-732e-4bd8-957f-320b416e7b7f,
6364dca3-ea26-4279-8fca-4b44f1d4e264,No Worries,219000,True,,,Simon Webbe,Simon Webbe,65414866-f572-4636-a19e-45a47739f334,Simon Webbe,65414866-f572-4636-a19e-45a47739f334,
81512381-f60c-48f8-a606-caeeef8ee3ca,Hold On,206000,True,,,KT Tunstall,KT Tunstall,951d2103-9c7d-4849-ae60-88bf6aa4790b,KT Tunstall,951d2103-9c7d-4849-ae60-88bf6aa4790b,
496e3e96-ac79-4e64-b64b-84d543c8dfd3,Love Is Gone,221000,True,,,David Guetta & Chris Willis,David Guetta|Chris Willis,302bd7b9-d012-4360-897a-93b00c855680|9871f931-c64a-4c09-b090-d1ce25b2c073,David Guetta,302bd7b9-d012-4360-897a-93b00c855680,
e929de26-f9d5-4cea-9fd9-30b4c85607f4,Young Folks,277000,True,,,Peter Bjorn and John,Peter Bjorn and John,32a83250-7e26-422d-b9ac-f4564343e9ce,Peter Bjorn and John,32a83250-7e26-422d-b9ac-f4564343e9ce,
7b0670d9-3bfc-49c0-a804-9b5d0d7a2833,Tears Dry on Their Own,187000,True,,,Amy Winehouse,Amy Winehouse,dfe9a7c4-8cf2-47f4-9dcb-d233c2b86ec3,Amy Winehouse,dfe9a7c4-8cf2-47f4-9dcb-d233c2b86ec3,
13ea7594-c7b6-468a-829f-3bfe78439f17,Johnny B. Goode,,False,,,Grateful Dead,Grateful Dead,6faa7ca7-0d99-4a5e-bfa6-1fd5037520c6,Grateful Dead,6faa7ca7-0d99-4a5e-bfa6-1fd5037520c6,
d3efea29-69db-4e1e-a1c4-8ccece917143,Breaking Up Is Hard to Do,,False,,,Neil Sedaka,Neil Sedaka,577d92bd-32ac-48b6-86df-4db6b0b52fbf,Neil Sedaka,577d92bd-32ac-48b6-86df-4db6b0b52fbf,
d2025316-6b72-4554-8e0d-0abb727a6a31,Don’t Let the Sun Go Down on Me,341000,True,,"live, 2000‐10‐21: Madison Square Garden, New York, NY, USA",Elton John,Elton John,b83bc61f-8451-4a5d-8b8e-7e9ed295e822,Elton John,b83bc61f-8451-4a5d-8b8e-7e9ed295e822,
a2862bdb-bd55-4bf8-9f04-c4bf2135816c,Can You Feel the Love Tonight,247000,True,,"live, 1998-01-23: Nashville Arena, Nashville, TN, USA",Elton John,Elton John,b83bc61f-8451-4a5d-8b8e-7e9ed295e822,Elton John,b83bc61f-8451-4a5d-8b8e-7e9ed295e822,
d606c5e1-1775-4096-b4b7-7491b5e760e9,Your Song,228000,True,,"live, 1971-01-14: Top of the Pops",Elton John,Elton John,b83bc61f-8451-4a5d-8b8e-7e9ed295e822,Elton John,b83bc61f-8451-4a5d-8b8e-7e9ed295e822,
73e11342-c0a0-48f6-b0d3-a3febd5196d2,Brave,185000,False,,,J Prince,J Prince,05c36395-70f0-4d59-a6d7-6dd7a0af90f2,J Prince,05c36395-70f0-4d59-a6d7-6dd7a0af90f2,TTA552100072
5ae8d9a0-e364-4895-a719-e5e226028050,Night,290000,True,,"live, 2023‐02‐14: Toyota Center, Houston, TX, USA; YouTube – OhioRails",Bruce Springsteen & The E Street Band,Bruce Springsteen|The E Street Band,70248960-cb53-4ea4-943a-edb18f7d336f|d6652e7b-33fe-49ef-8336-4c863b4f996f,Bruce Springsteen,70248960-cb53-4ea4-943a-edb18f7d336f,
6ff16778-b0df-4f2e-a784-d3349093e229,Because the Night,442000,True,,"live, 2023‐02‐14: Toyota Center, Houston, TX, USA; YouTube – The Stone Pony ES",Bruce Springsteen & The E Street Band,Bruce Springsteen|The E Street Band,70248960-cb53-4ea4-943a-edb18f7d336f|d6652e7b-33fe-49ef-8336-4c863b4f996f,Bruce Springsteen,70248960-cb53-4ea4-943a-edb18f7d336f,
520581a3-3d88-49a3-8b63-282130bbeb0e,Ghosts,373000,True,,"live, 2023‐02‐14: Toyota Center, Houston, TX, USA; YouTube – The Stone Pony ES",Bruce Springsteen & The E Street Band,Bruce Springsteen|The E Street Band,70248960-cb53-4ea4-943a-edb18f7d336f|d6652e7b-33fe-49ef-8336-4c863b4f996f,Bruce Springsteen,70248960-cb53-4ea4-943a-edb18f7d336f,
93e5d385-4b2f-4f2f-bad7-7d92d3eef9fc,Night,215000,True,,"live, 2023‐02‐14: Toyota Center, Houston, TX, USA; YouTube – Spring‐Nuts",Bruce Springsteen & The E Street Band,Bruce Springsteen|The E Street Band,70248960-cb53-4ea4-943a-edb18f7d336f|d6652e7b-33fe-49ef-8336-4c863b4f996f,Bruce Springsteen,70248960-cb53-4ea4-943a-edb18f7d336f,
0a479e08-5a0b-4f55-9378-ac598845b4c7,Night,292000,True,,"live, 2023‐02‐14: Toyota Center, Houston, TX, USA; YouTube – The Stone Pony ES",Bruce Springsteen & The E Street Band,Bruce Springsteen|The E Street Band,70248960-cb53-4ea4-943a-edb18f7d336f|d6652e7b-33fe-49ef-8336-4c863b4f996f,Bruce Springsteen,70248960-cb53-4ea4-943a-edb18f7d336f,
9bf89e93-6a90-43ee-813a-a8952c626f2c,boyfriend material,173000,True,,,Gareth.T,Gareth.T,e5eadc96-78c3-4630-bd2a-f1b9d9eb91aa,Gareth.T,e5eadc96-78c3-4630-bd2a-f1b9d9eb91aa,
a6edb79f-b217-4037-a156-1352593d94e2,Edge of Desire,246000,True,,"live, 2021-01-22: NAMM",John Mayer,John Mayer,144ef525-85e9-40c3-8335-02c32d0861f3,John Mayer,144ef525-85e9-40c3-8335-02c32d0861f3,
9d07e879-5266-42ad-95f7-e1af8a1532bc,No Surrender,325000,True,,"live, 2023‐02‐01: Amalie Arena, Tampa, FL, USA; YouTube – Springsteen & Rock Music, video edited with the official audio from the Springsteen archives download",Bruce Springsteen & The E Street Band,Bruce Springsteen|The E Street Band,70248960-cb53-4ea4-943a-edb18f7d336f|d6652e7b-33fe-49ef-8336-4c863b4f996f,Bruce Springsteen,70248960-cb53-4ea4-943a-edb18f7d336f,
088b8198-d194-4e3e-94ed-7522d685d8fb,Slow Dancing in a Burning Room,216000,True,,"live, 2021-01-22: NAMM",John Mayer,John Mayer,144ef525-85e9-40c3-8335-02c32d0861f3,John Mayer,144ef525-85e9-40c3-8335-02c32d0861f3,
10a29e3a-21db-4481-81ae-923bc5b32412,Who Says,176000,True,,"live, 2021-01-22: NAMM",John Mayer,John Mayer,144ef525-85e9-40c3-8335-02c32d0861f3,John Mayer,144ef525-85e9-40c3-8335-02c32d0861f3,
e0ac8f21-aff8-425d-8cb7-d6e9027a54ee,Ghosts,363000,True,,"live, 2023‐02‐01: Amalie Arena, Tampa, FL, USA; YouTube – Springsteen & Rock Music, video edited with the official audio from the Springsteen archives download",Bruce Springsteen & The E Street Band,Bruce Springsteen|The E Street Band,70248960-cb53-4ea4-943a-edb18f7d336f|d6652e7b-33fe-49ef-8336-4c863b4f996f,Bruce Springsteen,70248960-cb53-4ea4-943a-edb18f7d336f,
30a4ac1a-5a2f-49f3-97f0-4f6f9d7cfe30,The Rising,301000,True,,"live, 2023‐02‐03: State Farm Arena, Atlanta, GA, USA; YouTube – Tim G",Bruce Springsteen & The E Street Band,Bruce Springsteen|The E Street Band,70248960-cb53-4ea4-943a-edb18f7d336f|d6652e7b-33fe-49ef-8336-4c863b4f996f,Bruce Springsteen,70248960-cb53-4ea4-943a-edb18f7d336f,
3b36ab9c-bce0-42f2-86d8-86c35b6a5c54,Mansion on the Hill,246000,True,,"live, 2023‐02‐07: Hard Rock Live, Hollywood, FL, USA; YouTube – Bruce Springsteen – The Stone Pony ES",Bruce Springsteen & The E Street Band,Bruce Springsteen|The E Street Band,70248960-cb53-4ea4-943a-edb18f7d336f|d6652e7b-33fe-49ef-8336-4c863b4f996f,Bruce Springsteen,70248960-cb53-4ea4-943a-edb18f7d336f,
07143751-fe4a-4264-bef0-f1a62972f25c,Pornoqueen,268000,True,,,Centhron,Centhron,ebf2f8fb-bec6-46f8-9da0-c964a5f45205,Centhron,ebf2f8fb-bec6-46f8-9da0-c964a5f45205,
1cb10350-94e2-47f5-a2df-56381ccb98b1,Mansion on the Hill,260000,True,,"live, 2023‐02‐07: Hard Rock Live, Hollywood, FL, USA; YouTube – Eddie Johanson",Bruce Springsteen & The E Street Band,Bruce Springsteen|The E Street Band,70248960-cb53-4ea4-943a-edb18f7d336f|d6652e7b-33fe-49ef-8336-4c863b4f996f,Bruce Springsteen,70248960-cb53-4ea4-943a-edb18f7d336f,
a6f65ff5-2137-45d9-a796-b639bb41239d,Last Man Standing,263000,True,,"live, 2023‐02‐05: Amway Center, Orlando, FL, USA; YouTube – DeLucaFilms",Bruce Springsteen & The E Street Band,Bruce Springsteen|The E Street Band,70248960-cb53-4ea4-943a-edb18f7d336f|d6652e7b-33fe-49ef-8336-4c863b4f996f,Bruce Springsteen,70248960-cb53-4ea4-943a-edb18f7d336f,
532125a6-24a9-497e-8b7b-491d7813565f,Badlands,347000,True,,"live, 2023‐02‐03: State Farm Arena, Atlanta, GA, USA; YouTube – Tim G",Bruce Springsteen & The E Street Band,Bruce Springsteen|The E Street Band,70248960-cb53-4ea4-943a-edb18f7d336f|d6652e7b-33fe-49ef-8336-4c863b4f996f,Bruce Springsteen,70248960-cb53-4ea4-943a-edb18f7d336f,
ea705a7e-7aa0-4fc4-b584-85e4c6ee4938,Dancing in the Dark,303000,True,,"live, 2023‐02‐01: Amalie Arena, Tampa, FL, USA; YouTube – Bo Simpson",Bruce Springsteen & The E Street Band,Bruce Springsteen|The E Street Band,70248960-cb53-4ea4-943a-edb18f7d336f|d6652e7b-33fe-49ef-8336-4c863b4f996f,Bruce Springsteen,70248960-cb53-4ea4-943a-edb18f7d336f,
8f9b6682-d14b-4b52-98ba-13001f9a7c90,No Surrender,307000,True,,"live, 2023‐02‐10: American Airlines Center, Dallas, TX, USA; YouTube – Jay David",Bruce Springsteen & The E Street Band,Bruce Springsteen|The E Street Band,70248960-cb53-4ea4-943a-edb18f7d336f|d6652e7b-33fe-49ef-8336-4c863b4f996f,Bruce Springsteen,70248960-cb53-4ea4-943a-edb18f7d336f,
6d43c4a9-7ce9-4a83-9ba3-80ea9a05d97e,Ghosts,379000,True,,"live, 2023‐02‐03: State Farm Arena, Atlanta, GA, USA; YouTube – Tim G",Bruce Springsteen & The E Street Band,Bruce Springsteen|The E Street Band,70248960-cb53-4ea4-943a-edb18f7d336f|d6652e7b-33fe-49ef-8336-4c863b4f996f,Bruce Springsteen,70248960-cb53-4ea4-943a-edb18f7d336f,
d6157d84-9fe3-4c4a-b9ea-1b52a9e5f470,She’s the One,295000,True,,"live, 2023‐02‐01: Amalie Arena, Tampa, FL, USA; YouTube – Jay Berk",Bruce Springsteen & The E Street Band,Bruce Springsteen|The E Street Band,70248960-cb53-4ea4-943a-edb18f7d336f|d6652e7b-33fe-49ef-8336-4c863b4f996f,Bruce Springsteen,70248960-cb53-4ea4-943a-edb18f7d336f,
f0c495cf-6307-41c5-b8f6-bfeeb87237f9,Badlands,392000,True,,"live, 2023‐02‐01: Amalie Arena, Tampa, FL, USA; YouTube – Lorenzo Contini Live Videos",Bruce Springsteen & The E Street Band,Bruce Springsteen|The E Street Band,70248960-cb53-4ea4-943a-edb18f7d336f|d6652e7b-33fe-49ef-8336-4c863b4f996f,Bruce Springsteen,70248960-cb53-4ea4-943a-edb18f7d336f,
84fa501c-e122-4abc-a4a6-75ad92c29b2b,Badlands,362000,True,,"live, 2023‐02‐10: American Airlines Center, Dallas, TX, USA; YouTube – Joe Siegler",Bruce Springsteen & The E Street Band,Bruce Springsteen|The E Street Band,70248960-cb53-4ea4-943a-edb18f7d336f|d6652e7b-33fe-49ef-8336-4c863b4f996f,Bruce Springsteen,70248960-cb53-4ea4-943a-edb18f7d336f,
4a051d78-cdc0-44ca-b8cb-5269ac04fa8b,Badlands,342000,True,,"live, 2023‐02‐01: Amalie Arena, Tampa, FL, USA; YouTube – Lisa F",Bruce Springsteen & The E Street Band,Bruce Springsteen|The E Street Band,70248960-cb53-4ea4-943a-edb18f7d336f|d6652e7b-33fe-49ef-8336-4c863b4f996f,Bruce Springsteen,70248960-cb53-4ea4-943a-edb18f7d336f,
f9c4e93d-6e1d-4a13-a84c-c20c1a179586,The Rising,295000,True,,"live, 2023‐02‐01: Amalie Arena, Tampa, FL, USA; YouTube – Lorenzo Contini Live Videos",Bruce Springsteen & The E Street Band,Bruce Springsteen|The E Street Band,70248960-cb53-4ea4-943a-edb18f7d336f|d6652e7b-33fe-49ef-8336-4c863b4f996f,Bruce Springsteen,70248960-cb53-4ea4-943a-edb18f7d336f,
0bf6ba6f-3614-4852-ad06-cc0d5115f28e,Born to Run,307000,True,,"live, 2023‐02‐01: Amalie Arena, Tampa, FL, USA; YouTube – Lorenzo Contini Live Videos",Bruce Springsteen & The E Street Band,Bruce Springsteen|The E Street Band,70248960-cb53-4ea4-943a-edb18f7d336f|d6652e7b-33fe-49ef-8336-4c863b4f996f,Bruce Springsteen,70248960-cb53-4ea4-943a-edb18f7d336f,
13341bb8-7776-46c2-a487-f56fedf4dc31,Born to Run,309000,True,,"live, 2023‐02‐10: American Airlines Center, Dallas, TX, USA; YouTube – Joe Siegler",Bruce Springsteen & The E Street Band,Bruce Springsteen|The E Street Band,70248960-cb53-4ea4-943a-edb18f7d336f|d6652e7b-33fe-49ef-8336-4c863b4f996f,Bruce Springsteen,70248960-cb53-4ea4-943a-edb18f7d336f,
ea9a3c89-1f1d-47e2-a577-b69f2dab5b8a,No Surrender,356000,True,,"live, 2023‐02‐01: Amalie Arena, Tampa, FL, USA; You Tube – Scottypup1234",Bruce Springsteen & The E Street Band,Bruce Springsteen|The E Street Band,70248960-cb53-4ea4-943a-edb18f7d336f|d6652e7b-33fe-49ef-8336-4c863b4f996f,Bruce Springsteen,70248960-cb53-4ea4-943a-edb18f7d336f,
8fa9eec3-cb8a-428e-ab1b-9f5f11084bee,I’ll See You in My Dreams,194000,True,,"live, 2023‐02‐10: American Airlines Center, Dallas, TX, USA; YouTube – Jay David",Bruce Springsteen,Bruce Springsteen,70248960-cb53-4ea4-943a-edb18f7d336f,Bruce Springsteen,70248960-cb53-4ea4-943a-edb18f7d336f,
e9654bb3-5e8e-4f77-95b9-86e27c8d82f7,No Surrender,359000,True,,"live, 2023‐02‐01: Amalie Arena, Tampa, FL, USA; You Tube – That One Lyric",Bruce Springsteen & The E Street Band,Bruce Springsteen|The E Street Band,70248960-cb53-4ea4-943a-edb18f7d336f|d6652e7b-33fe-49ef-8336-4c863b4f996f,Bruce Springsteen,70248960-cb53-4ea4-943a-edb18f7d336f,
80c62af3-65ef-4e89-bee9-5a4c1821807f,The Rising,308000,True,,"live, 2023‐02‐10: American Airlines Center, Dallas, TX, USA; YouTube – Joe Siegler",Bruce Springsteen & The E Street Band,Bruce Springsteen|The E Street Band,70248960-cb53-4ea4-943a-edb18f7d336f|d6652e7b-33fe-49ef-8336-4c863b4f996f,Bruce Springsteen,70248960-cb53-4ea4-943a-edb18f7d336f,
abd930db-e5f1-4e1f-90fa-3e94094c5550,Badlands,358000,True,,"live, 2023‐02‐01: Amalie Arena, Tampa, FL, USA; YouTube – Spring‐Nuts",Bruce Springsteen & The E Street Band,Bruce Springsteen|The E Street Band,70248960-cb53-4ea4-943a-edb18f7d336f|d6652e7b-33fe-49ef-8336-4c863b4f996f,Bruce Springsteen,70248960-cb53-4ea4-943a-edb18f7d336f,
fa2071c9-6f75-4b8c-ab21-996b3369fddb,Dancing in the Dark,469000,True,,"live, 2023‐02‐10: American Airlines Center, Dallas, TX, USA; YouTube – Joe Siegler",Bruce Springsteen & The E Street Band,Bruce Springsteen|The E Street Band,70248960-cb53-4ea4-943a-edb18f7d336f|d6652e7b-33fe-49ef-8336-4c863b4f996f,Bruce Springsteen,70248960-cb53-4ea4-943a-edb18f7d336f,
4837aaed-5e5b-4630-bb1c-aa80ee92c389,Ghosts,348000,True,,"live, 2023‐02‐01: Amalie Arena, Tampa, FL, USA; YouTube – Spring‐Nuts",Bruce Springsteen & The E Street Band,Bruce Springsteen|The E Street Band,70248960-cb53-4ea4-943a-edb18f7d336f|d6652e7b-33fe-49ef-8336-4c863b4f996f,Bruce Springsteen,70248960-cb53-4ea4-943a-edb18f7d336f,
4bd24bfd-4c08-4a4a-9342-174bb468584a,Because the Night,332000,True,,"live, 2023‐02‐01: Amalie Arena, Tampa, FL, USA; YouTube – 10thFloorClown",Bruce Springsteen & The E Street Band,Bruce Springsteen|The E Street Band,70248960-cb53-4ea4-943a-edb18f7d336f|d6652e7b-33fe-49ef-8336-4c863b4f996f,Bruce Springsteen,70248960-cb53-4ea4-943a-edb18f7d336f,
5fa53729-84e7-4cc2-b521-8a2642963865,I’ll See You in My Dreams,180000,True,,"live, 2023‐02‐01: Amalie Arena, Tampa, FL, USA; YouTube – Spring‐Nuts",Bruce Springsteen,Bruce Springsteen,70248960-cb53-4ea4-943a-edb18f7d336f,Bruce Springsteen,70248960-cb53-4ea4-943a-edb18f7d336f,
eafeda98-b900-4dcc-beb7-064cebd81135,I’ll See You in My Dreams,205000,True,,"live, 2023‐02‐01: Amalie Arena, Tampa, FL, USA; YouTube – John From Tampa",Bruce Springsteen,Bruce Springsteen,70248960-cb53-4ea4-943a-edb18f7d336f,Bruce Springsteen,70248960-cb53-4ea4-943a-edb18f7d336f,
4ba67ce9-c1fa-4e52-a5ad-43176ed7299a,Born to Run,298000,True,,"live, 2023‐02‐01: Amalie Arena, Tampa, FL, USA; YouTube – Jeff King Florida",Bruce Springsteen & The E Street Band,Bruce Springsteen|The E Street Band,70248960-cb53-4ea4-943a-edb18f7d336f|d6652e7b-33fe-49ef-8336-4c863b4f996f,Bruce Springsteen,70248960-cb53-4ea4-943a-edb18f7d336f,
0b76c30e-622d-460f-bbfb-c9326a4eabdb,Because the Night,269000,True,,"live, 2023‐02‐10: American Airlines Center, Dallas, TX, USA; YouTube – Joe Siegler",Bruce Springsteen & The E Street Band,Bruce Springsteen|The E Street Band,70248960-cb53-4ea4-943a-edb18f7d336f|d6652e7b-33fe-49ef-8336-4c863b4f996f,Bruce Springsteen,70248960-cb53-4ea4-943a-edb18f7d336f,
9f85959c-16cb-4dd5-9134-489ba58c59f9,No Surrender,370000,True,,"live, 2023‐02‐10: American Airlines Center, Dallas, TX, USA; YouTube – Joe Siegler",Bruce Springsteen & The E Street Band,Bruce Springsteen|The E Street Band,70248960-cb53-4ea4-943a-edb18f7d336f|d6652e7b-33fe-49ef-8336-4c863b4f996f,Bruce Springsteen,70248960-cb53-4ea4-943a-edb18f7d336f,
1b1ecb4d-a2f9-4f98-8fc1-a639139f87bd,No Surrender,364000,True,,"live, 2023‐02‐07: Hard Rock Live, Hollywood, FL, USA; YouTube – DEBERIADARTEVERGUENZ",Bruce Springsteen & The E Street Band,Bruce Springsteen|The E Street Band,70248960-cb53-4ea4-943a-edb18f7d336f|d6652e7b-33fe-49ef-8336-4c863b4f996f,Bruce Springsteen,70248960-cb53-4ea4-943a-edb18f7d336f,
136f67db-890d-4ad4-b40a-cdd0c493c39b,Until I Found You,,False,,,ROSÉ,ROSÉ,7f233cda-eacb-4235-b681-5f7be343a1a2,ROSÉ,7f233cda-eacb-4235-b681-5f7be343a1a2,
d183c3cb-13e0-4b5f-92be-073ffb3b8dbe,Last Man Standing,195000,True,,"live, 2023‐02‐01: Amalie Arena, Tampa, FL, USA; YouTube – Lorenzo Contini Live Videos",Bruce Springsteen & The E Street Band,Bruce Springsteen|The E Street Band,70248960-cb53-4ea4-943a-edb18f7d336f|d6652e7b-33fe-49ef-8336-4c863b4f996f,Bruce Springsteen,70248960-cb53-4ea4-943a-edb18f7d336f,
4dc4d45f-53a2-4379-87ef-170ee8c7433a,Journey to the Underworld,,False,,,ANNA,ANNA,898a73a5-580a-4ce6-8e71-ea0e6a1209fb,ANNA,898a73a5-580a-4ce6-8e71-ea0e6a1209fb,
2eeb793f-e5d7-4046-b211-c61a01bbe105,Together One Time,,False,,,Kaiserdisco,Kaiserdisco,ac4840b8-dd65-48d1-9d4a-8db33b94c54a,Kaiserdisco,ac4840b8-dd65-48d1-9d4a-8db33b94c54a,
860676fa-a96f-4002-95de-5e8b7c50e2e7,I’ll See You in My Dreams,257000,True,,"live, 2023‐02‐16: Moody Center, Austin, TX, USA; YouTube – The Stone Pony ES",Bruce Springsteen,Bruce Springsteen,70248960-cb53-4ea4-943a-edb18f7d336f,Bruce Springsteen,70248960-cb53-4ea4-943a-edb18f7d336f,
a085969c-d168-4610-9bb2-2bdca368386d,Born to Run,327000,True,,"live, 2023‐02‐16: Moody Center, Austin, TX, USA; YouTube – Kevin Wright",Bruce Springsteen & The E Street Band,Bruce Springsteen|The E Street Band,70248960-cb53-4ea4-943a-edb18f7d336f|d6652e7b-33fe-49ef-8336-4c863b4f996f,Bruce Springsteen,70248960-cb53-4ea4-943a-edb18f7d336f,
c8f76295-fdc3-4192-8938-db1c6f4759e4,Ghosts,365000,True,,"live, 2023‐02‐16: Moody Center, Austin, TX, USA; YouTube – The Stone Pony ES",Bruce Springsteen & The E Street Band,Bruce Springsteen|The E Street Band,70248960-cb53-4ea4-943a-edb18f7d336f|d6652e7b-33fe-49ef-8336-4c863b4f996f,Bruce Springsteen,70248960-cb53-4ea4-943a-edb18f7d336f,
ee37efdc-76be-4011-95f4-c1f04ef05c10,Because the Night,320000,True,,"live, 2023‐02‐16: Moody Center, Austin, TX, USA; YouTube – Kevin Wright",Bruce Springsteen & The E Street Band,Bruce Springsteen|The E Street Band,70248960-cb53-4ea4-943a-edb18f7d336f|d6652e7b-33fe-49ef-8336-4c863b4f996f,Bruce Springsteen,70248960-cb53-4ea4-943a-edb18f7d336f,
4bdfe6fe-b491-4dbc-a411-72c22471c8b6,Dancing in the Dark,310000,True,,"live, 2023‐02‐16: Moody Center, Austin, TX, USA; YouTube – Kevin Wright",Bruce Springsteen & The E Street Band,Bruce Springsteen|The E Street Band,70248960-cb53-4ea4-943a-edb18f7d336f|d6652e7b-33fe-49ef-8336-4c863b4f996f,Bruce Springsteen,70248960-cb53-4ea4-943a-edb18f7d336f,
fbb581b5-0bec-455e-849a-7e4d08b9acc3,She’s the One,301000,True,,"live, 2023‐02‐16: Moody Center, Austin, TX, USA; YouTube – Kevin Wright",Bruce Springsteen & The E Street Band,Bruce Springsteen|The E Street Band,70248960-cb53-4ea4-943a-edb18f7d336f|d6652e7b-33fe-49ef-8336-4c863b4f996f,Bruce Springsteen,70248960-cb53-4ea4-943a-edb18f7d336f,
59178517-85a8-43eb-8ef7-360fe8818844,She’s the One,314000,True,,"live, 2023‐02‐01: Amalie Arena, Tampa, FL, USA; YouTube – Dirty Rock Magazine",Bruce Springsteen & The E Street Band,Bruce Springsteen|The E Street Band,70248960-cb53-4ea4-943a-edb18f7d336f|d6652e7b-33fe-49ef-8336-4c863b4f996f,Bruce Springsteen,70248960-cb53-4ea4-943a-edb18f7d336f,
d7929b8b-2ec9-4e84-b9ba-2b3c15be093d,Born to Run,355000,True,,"live, 2023‐02‐03: State Farm Arena, Atlanta, GA, USA; YouTube – Tim G",Bruce Springsteen & The E Street Band,Bruce Springsteen|The E Street Band,70248960-cb53-4ea4-943a-edb18f7d336f|d6652e7b-33fe-49ef-8336-4c863b4f996f,Bruce Springsteen,70248960-cb53-4ea4-943a-edb18f7d336f,
c05401c8-9420-4af3-a60b-651b39a8a6ef,Dancing in the Dark,299000,True,,"live, 2023‐02‐10: American Airlines Center, Dallas, TX, USA; YouTube – João Augusto Charnet",Bruce Springsteen & The E Street Band,Bruce Springsteen|The E Street Band,70248960-cb53-4ea4-943a-edb18f7d336f|d6652e7b-33fe-49ef-8336-4c863b4f996f,Bruce Springsteen,70248960-cb53-4ea4-943a-edb18f7d336f,
3e010d7c-c210-4e88-9514-7cdf8706f383,Last Man Standing,207000,True,,"live, 2023‐02‐10: American Airlines Center, Dallas, TX, USA; YouTube – João Augusto Charnet",Bruce Springsteen & The E Street Band,Bruce Springsteen|The E Street Band,70248960-cb53-4ea4-943a-edb18f7d336f|d6652e7b-33fe-49ef-8336-4c863b4f996f,Bruce Springsteen,70248960-cb53-4ea4-943a-edb18f7d336f,
9b7a2c4c-7da3-45df-b457-1e111d0ffe65,No Surrender,385000,True,,"live, 2023‐02‐16: Moody Center, Austin, TX, USA; YouTube – OhioRails",Bruce Springsteen & The E Street Band,Bruce Springsteen|The E Street Band,70248960-cb53-4ea4-943a-edb18f7d336f|d6652e7b-33fe-49ef-8336-4c863b4f996f,Bruce Springsteen,70248960-cb53-4ea4-943a-edb18f7d336f,
e28b5a7a-922b-4d8e-a254-d2f6ac84ccb8,All Girls Are the Same,174000,True,,,MiZeb,MiZeb,863ccc59-0081-47dd-8918-c14197ff87cf,MiZeb,863ccc59-0081-47dd-8918-c14197ff87cf,
498f56c0-43df-420a-b209-92165e2e7b95,She’s the One,296000,True,,"live, 2023‐02‐10: American Airlines Center, Dallas, TX, USA; YouTube – U2Acrobat",Bruce Springsteen & The E Street Band,Bruce Springsteen|The E Street Band,70248960-cb53-4ea4-943a-edb18f7d336f|d6652e7b-33fe-49ef-8336-4c863b4f996f,Bruce Springsteen,70248960-cb53-4ea4-943a-edb18f7d336f,
e532cf61-450f-4cae-9368-c78a0a863ba0,I’ll See You in My Dreams,215000,True,,"live, 2023‐02‐10: American Airlines Center, Dallas, TX, USA; YouTube – João Augusto Charnet",Bruce Springsteen & The E Street Band,Bruce Springsteen|The E Street Band,70248960-cb53-4ea4-943a-edb18f7d336f|d6652e7b-33fe-49ef-8336-4c863b4f996f,Bruce Springsteen,70248960-cb53-4ea4-943a-edb18f7d336f,
a56cc17f-a05f-4f44-b760-a0f87bd282cd,Ghosts,385000,True,,"live, 2023‐02‐10: American Airlines Center, Dallas, TX, USA; YouTube – João Augusto Charnet",Bruce Springsteen & The E Street Band,Bruce Springsteen|The E Street Band,70248960-cb53-4ea4-943a-edb18f7d336f|d6652e7b-33fe-49ef-8336-4c863b4f996f,Bruce Springsteen,70248960-cb53-4ea4-943a-edb18f7d336f,
15402c61-fecd-43a4-a0bb-194b053d7527,Time To Kill,,False,,,Benny Page & Zero-G,Benny Page|Zero‐G,caa877e4-8918-46c9-aef4-30f9c91918d5|b8d05da7-e58a-4d03-9934-f096e6c09dbb,Benny Page,caa877e4-8918-46c9-aef4-30f9c91918d5,
9cdac378-a4f9-446c-a9e0-c060078fd7f3,Running Out of Time,215000,True,,music video,Paramore,Paramore,44cf61b8-5197-448a-b82b-cef6ee89fac5,Paramore,44cf61b8-5197-448a-b82b-cef6ee89fac5,
5372f27d-1c2a-498a-b43c-3c51e3ccb120,No Surrender,364000,True,,"live, 2023‐02‐01: Amalie Arena, Tampa, FL, USA; YouTube – Adam Blank",Bruce Springsteen & The E Street Band,Bruce Springsteen|The E Street Band,70248960-cb53-4ea4-943a-edb18f7d336f|d6652e7b-33fe-49ef-8336-4c863b4f996f,Bruce Springsteen,70248960-cb53-4ea4-943a-edb18f7d336f,
55a69207-cdcc-4bca-8fe8-c3f9f9a2b364,No Surrender,165000,True,,"live, 2023‐02‐03: State Farm Arena, Atlanta, GA, USA; YouTube – Michael Hughes",Bruce Springsteen & The E Street Band,Bruce Springsteen|The E Street Band,70248960-cb53-4ea4-943a-edb18f7d336f|d6652e7b-33fe-49ef-8336-4c863b4f996f,Bruce Springsteen,70248960-cb53-4ea4-943a-edb18f7d336f,
24a424a1-786c-4d64-9b67-7b947bf46931,This Is Why,237000,True,,music video,Paramore,Paramore,44cf61b8-5197-448a-b82b-cef6ee89fac5,Paramore,44cf61b8-5197-448a-b82b-cef6ee89fac5,
a4b6bd7a-db12-4bd7-821e-cf87553242a8,No Surrender,290000,True,,"live, 2023‐02‐01: Amalie Arena, Tampa, FL, USA; YouTube – chris javaruski, multicam and video edited with the official audio from the Springsteen archives download",Bruce Springsteen & The E Street Band,Bruce Springsteen|The E Street Band,70248960-cb53-4ea4-943a-edb18f7d336f|d6652e7b-33fe-49ef-8336-4c863b4f996f,Bruce Springsteen,70248960-cb53-4ea4-943a-edb18f7d336f,
76d33582-b8c8-463f-a4c0-939743c1bf5f,Badlands,298000,True,,"live, 2023‐02‐14: Toyota Center, Houston, TX, USA; YouTube – chris javaruski, multicam and video edited with the official audio from the Springsteen archives download",Bruce Springsteen & The E Street Band,Bruce Springsteen|The E Street Band,70248960-cb53-4ea4-943a-edb18f7d336f|d6652e7b-33fe-49ef-8336-4c863b4f996f,Bruce Springsteen,70248960-cb53-4ea4-943a-edb18f7d336f,
cc98e058-1d7e-4602-8a18-9e4ad352e4d4,Mansion on the Hill,255000,True,,"live, 2023‐02‐07: Hard Rock Live, Hollywood, FL, USA; YouTube – Bruce Springsteen – Springsteen & Rock Music, video edited with the official audio from the Springsteen archives download",Bruce Springsteen & The E Street Band,Bruce Springsteen|The E Street Band,70248960-cb53-4ea4-943a-edb18f7d336f|d6652e7b-33fe-49ef-8336-4c863b4f996f,Bruce Springsteen,70248960-cb53-4ea4-943a-edb18f7d336f,
27d6301f-2ffc-48e6-9246-07545ac3a891,Vega,165000,False,,graves & Tails,graves,graves,cb000d61-929f-4e17-9fe3-a154a734acc2,graves,cb000d61-929f-4e17-9fe3-a154a734acc2,
cd63a4d5-a696-4819-85a1-fb7f54b52879,Dancing in the Dark,301000,True,,"live, 2023‐02‐18: T‐Mobile Center, Kansas City, MO, USA; YouTube – Reality Redemption",Bruce Springsteen & The E Street Band,Bruce Springsteen|The E Street Band,70248960-cb53-4ea4-943a-edb18f7d336f|d6652e7b-33fe-49ef-8336-4c863b4f996f,Bruce Springsteen,70248960-cb53-4ea4-943a-edb18f7d336f,
a7a42ecf-8938-4fbf-af40-733078199d03,losing interest,96000,False,,[w/shamana],prxz,prxz,722266c7-ed95-477d-b764-e9c01ed8d1d4,prxz,722266c7-ed95-477d-b764-e9c01ed8d1d4,
a9609bcc-0664-40a2-973b-2febc3400429,I’ll See You In My Dreams,219000,True,,"live, 2023‐02‐18: T‐Mobile Center, Kansas City, MO, USA; YouTube – Reality Redemption",Bruce Springsteen & The E Street Band,Bruce Springsteen|The E Street Band,70248960-cb53-4ea4-943a-edb18f7d336f|d6652e7b-33fe-49ef-8336-4c863b4f996f,Bruce Springsteen,70248960-cb53-4ea4-943a-edb18f7d336f,
731153d1-2fdc-4529-a8ca-166b67ac2e4e,Born to Run,284000,True,,"live, 2023‐02‐18: T‐Mobile Center, Kansas City, MO, USA; YouTube – Reality Redemption",Bruce Springsteen & The E Street Band,Bruce Springsteen|The E Street Band,70248960-cb53-4ea4-943a-edb18f7d336f|d6652e7b-33fe-49ef-8336-4c863b4f996f,Bruce Springsteen,70248960-cb53-4ea4-943a-edb18f7d336f,
ce081a58-b29e-4180-92f5-f9409aae406b,Badlands,358000,True,,"live, 2023‐02‐07: Hard Rock Live, Hollywood, FL, USA; YouTube – Spring‐Nuts",Bruce Springsteen & The E Street Band,Bruce Springsteen|The E Street Band,70248960-cb53-4ea4-943a-edb18f7d336f|d6652e7b-33fe-49ef-8336-4c863b4f996f,Bruce Springsteen,70248960-cb53-4ea4-943a-edb18f7d336f,
8e63ee39-c590-4525-afba-4e5c7bce7ad2,Ghosts,366000,True,,"live, 2023‐02‐01: Amalie Arena, Tampa, FL, USA; YouTube – chris javaruski, multicam and video edited with the official audio from the Springsteen archives download",Bruce Springsteen & The E Street Band,Bruce Springsteen|The E Street Band,70248960-cb53-4ea4-943a-edb18f7d336f|d6652e7b-33fe-49ef-8336-4c863b4f996f,Bruce Springsteen,70248960-cb53-4ea4-943a-edb18f7d336f,
6ef9b131-8eb2-4ac2-a533-26d62cf38c97,She’s the One,327000,True,,"live, 2023‐02‐01: Amalie Arena, Tampa, FL, USA; YouTube – Springsteen & Rock Music, video edited with the official audio from the Springsteen archives download",Bruce Springsteen & The E Street Band,Bruce Springsteen|The E Street Band,70248960-cb53-4ea4-943a-edb18f7d336f|d6652e7b-33fe-49ef-8336-4c863b4f996f,Bruce Springsteen,70248960-cb53-4ea4-943a-edb18f7d336f,
0a880ccf-8231-4b13-b284-6e9eb33cc571,Home,,False,,,Orbital,Orbital,f3e2a7d9-c6bb-4848-95e5-04c0a1e2f511,Orbital,f3e2a7d9-c6bb-4848-95e5-04c0a1e2f511,
afe6c4ed-3eac-4fca-9ea0-a06b690fdc75,Dirty Rat,,False,,,Orbital,Orbital,f3e2a7d9-c6bb-4848-95e5-04c0a1e2f511,Orbital,f3e2a7d9-c6bb-4848-95e5-04c0a1e2f511,
661164cf-82b1-4b22-8fa0-983e87575aa8,I’m on Fire,153000,True,,"live, 2023‐02‐25: Moda Center, Portland, OR, USA; YouTube – Jay Berk",Bruce Springsteen & The E Street Band,Bruce Springsteen|The E Street Band,70248960-cb53-4ea4-943a-edb18f7d336f|d6652e7b-33fe-49ef-8336-4c863b4f996f,Bruce Springsteen,70248960-cb53-4ea4-943a-edb18f7d336f,
8ab69f34-2414-4e77-a57e-96b67ec55576,Day One,,False,,,Orbital,Orbital,f3e2a7d9-c6bb-4848-95e5-04c0a1e2f511,Orbital,f3e2a7d9-c6bb-4848-95e5-04c0a1e2f511,
7a667dc5-c01a-45a5-9c7f-cabef218658f,Badlands,352000,True,,"live, 2023‐02‐25: Moda Center, Portland, OR, USA; YouTube – Randy Walton",Bruce Springsteen & The E Street Band,Bruce Springsteen|The E Street Band,70248960-cb53-4ea4-943a-edb18f7d336f|d6652e7b-33fe-49ef-8336-4c863b4f996f,Bruce Springsteen,70248960-cb53-4ea4-943a-edb18f7d336f,
1d42146d-a3ba-4298-88b1-0b87cb364f76,Born to Run,335000,True,,"live, 2023‐02‐25: Moda Center, Portland, OR, USA; YouTube – Randy Walton",Bruce Springsteen & The E Street Band,Bruce Springsteen|The E Street Band,70248960-cb53-4ea4-943a-edb18f7d336f|d6652e7b-33fe-49ef-8336-4c863b4f996f,Bruce Springsteen,70248960-cb53-4ea4-943a-edb18f7d336f,
197fe3e3-4221-424d-ad27-03d8bfe96e5d,No Surrender,371000,True,,"live, 2023‐02‐21: BOK Center, Tulsa, OK, USA; YouTube – Rene Slegers",Bruce Springsteen & The E Street Band,Bruce Springsteen|The E Street Band,70248960-cb53-4ea4-943a-edb18f7d336f|d6652e7b-33fe-49ef-8336-4c863b4f996f,Bruce Springsteen,70248960-cb53-4ea4-943a-edb18f7d336f,
1ad41fd9-3725-4ea3-9f77-581bdb30f88f,I’ll See You in My Dreams,237000,True,,"live, 2023‐02‐18: T‐Mobile Center, Kansas City, MO, USA; YouTube – Rene Slegers",Bruce Springsteen,Bruce Springsteen,70248960-cb53-4ea4-943a-edb18f7d336f,Bruce Springsteen,70248960-cb53-4ea4-943a-edb18f7d336f,
62c5287d-440c-4f5a-a7fc-ac73267a753f,She’s the One,283000,True,,"live, 2023‐02‐18: T‐Mobile Center, Kansas City, MO, USA; YouTube – Reality Redemption",Bruce Springsteen & The E Street Band,Bruce Springsteen|The E Street Band,70248960-cb53-4ea4-943a-edb18f7d336f|d6652e7b-33fe-49ef-8336-4c863b4f996f,Bruce Springsteen,70248960-cb53-4ea4-943a-edb18f7d336f,
3ecec651-615f-433c-9999-32abf8572e2c,Because the Night,176000,True,,"live, 2023‐02‐18: T‐Mobile Center, Kansas City, MO, USA; YouTube – Reality Redemption",Bruce Springsteen & The E Street Band,Bruce Springsteen|The E Street Band,70248960-cb53-4ea4-943a-edb18f7d336f|d6652e7b-33fe-49ef-8336-4c863b4f996f,Bruce Springsteen,70248960-cb53-4ea4-943a-edb18f7d336f,
e4dd681a-226b-49fc-a1ff-255c634e98ae,The Rising,285000,True,,"live, 2023‐02‐18: T‐Mobile Center, Kansas City, MO, USA; YouTube – Reality Redemption",Bruce Springsteen & The E Street Band,Bruce Springsteen|The E Street Band,70248960-cb53-4ea4-943a-edb18f7d336f|d6652e7b-33fe-49ef-8336-4c863b4f996f,Bruce Springsteen,70248960-cb53-4ea4-943a-edb18f7d336f,
9c0e6e3d-878c-491d-9395-ab5b6c92a541,Last Man Standing,418000,True,,"live, 2023‐02‐18: T‐Mobile Center, Kansas City, MO, USA; YouTube – Reality Redemption",Bruce Springsteen & The E Street Band,Bruce Springsteen|The E Street Band,70248960-cb53-4ea4-943a-edb18f7d336f|d6652e7b-33fe-49ef-8336-4c863b4f996f,Bruce Springsteen,70248960-cb53-4ea4-943a-edb18f7d336f,
4cee16f7-4128-4516-bf94-56ce8bcec1b5,No Surrender,274000,True,,"live, 2023‐02‐18: T‐Mobile Center, Kansas City, MO, USA; YouTube – Reality Redemption",Bruce Springsteen & The E Street Band,Bruce Springsteen|The E Street Band,70248960-cb53-4ea4-943a-edb18f7d336f|d6652e7b-33fe-49ef-8336-4c863b4f996f,Bruce Springsteen,70248960-cb53-4ea4-943a-edb18f7d336f,
bc52342e-3b0f-4d7f-a186-274f87001745,Ghosts,172000,True,,"live, 2023‐02‐18: T‐Mobile Center, Kansas City, MO, USA; YouTube – Reality Redemption",Bruce Springsteen & The E Street Band,Bruce Springsteen|The E Street Band,70248960-cb53-4ea4-943a-edb18f7d336f|d6652e7b-33fe-49ef-8336-4c863b4f996f,Bruce Springsteen,70248960-cb53-4ea4-943a-edb18f7d336f,
cfac653c-05be-41be-a8fb-9b2cd3f778fa,Last Man Standing,453000,True,,"live, 2023‐02‐18: T‐Mobile Center, Kansas City, MO, USA; YouTube – Rene Slegers",Bruce Springsteen & The E Street Band,Bruce Springsteen|The E Street Band,70248960-cb53-4ea4-943a-edb18f7d336f|d6652e7b-33fe-49ef-8336-4c863b4f996f,Bruce Springsteen,70248960-cb53-4ea4-943a-edb18f7d336f,
d16c7c8e-cba3-409b-8154-af3576cbb593,Badlands,336000,True,,"live, 2023‐02‐18: T‐Mobile Center, Kansas City, MO, USA; YouTube – Reality Redemption",Bruce Springsteen & The E Street Band,Bruce Springsteen|The E Street Band,70248960-cb53-4ea4-943a-edb18f7d336f|d6652e7b-33fe-49ef-8336-4c863b4f996f,Bruce Springsteen,70248960-cb53-4ea4-943a-edb18f7d336f,
2f62ab3f-fee3-4e13-a8af-2bf950b3f784,Because the Night,330000,False,,"live, 2023‐02‐14: Toyota Center, Houston, TX, USA; YouTube – mkcooper, from Springsteen’s official live download site at live.brucespringsteen.net",Bruce Springsteen & The E Street Band,Bruce Springsteen|The E Street Band,70248960-cb53-4ea4-943a-edb18f7d336f|d6652e7b-33fe-49ef-8336-4c863b4f996f,Bruce Springsteen,70248960-cb53-4ea4-943a-edb18f7d336f,
293c6a8d-12b4-484e-a1ad-9a16ebecd4d9,Dancing in the Dark,325000,True,,"live, 2023‐02‐14: Toyota Center, Houston, TX, USA; YouTube – GTR🎸ALIVE",Bruce Springsteen & The E Street Band,Bruce Springsteen|The E Street Band,70248960-cb53-4ea4-943a-edb18f7d336f|d6652e7b-33fe-49ef-8336-4c863b4f996f,Bruce Springsteen,70248960-cb53-4ea4-943a-edb18f7d336f,
decefa27-77ec-4a5a-831e-697f8c0ca674,Ghosts,87000,True,,"live, 2023‐02‐16: Moody Center, Austin, TX, USA; YouTube – nnmvt videos",Bruce Springsteen & The E Street Band,Bruce Springsteen|The E Street Band,70248960-cb53-4ea4-943a-edb18f7d336f|d6652e7b-33fe-49ef-8336-4c863b4f996f,Bruce Springsteen,70248960-cb53-4ea4-943a-edb18f7d336f,
4bfe30a9-76c5-425e-a357-cd41087d2e2e,I’ll See You in My Dreams,174000,True,,"live, 2023‐02‐16: Moody Center, Austin, TX, USA; YouTube – LiveMusicLover",Bruce Springsteen,Bruce Springsteen,70248960-cb53-4ea4-943a-edb18f7d336f,Bruce Springsteen,70248960-cb53-4ea4-943a-edb18f7d336f,
77b2990f-3a92-482d-8560-7f499d2e4d65,Last Man Standing,283000,True,,"live, 2023‐02‐16: Moody Center, Austin, TX, USA; YouTube – nnmvt videos",Bruce Springsteen & The E Street Band,Bruce Springsteen|The E Street Band,70248960-cb53-4ea4-943a-edb18f7d336f|d6652e7b-33fe-49ef-8336-4c863b4f996f,Bruce Springsteen,70248960-cb53-4ea4-943a-edb18f7d336f,
f4728001-9259-43d8-87a3-033aad66563e,Because the Night,313000,True,,"live, 2023‐02‐01: Amalie Arena, Tampa, FL, USA; YouTube – Scottypup1234",Bruce Springsteen & The E Street Band,Bruce Springsteen|The E Street Band,70248960-cb53-4ea4-943a-edb18f7d336f|d6652e7b-33fe-49ef-8336-4c863b4f996f,Bruce Springsteen,70248960-cb53-4ea4-943a-edb18f7d336f,
68d2df82-d91b-4360-8fcd-e590a4d0e440,Born to Run,358000,True,,"live, 2023‐02‐14: Toyota Center, Houston, TX, USA; YouTube – steven thomson",Bruce Springsteen & The E Street Band,Bruce Springsteen|The E Street Band,70248960-cb53-4ea4-943a-edb18f7d336f|d6652e7b-33fe-49ef-8336-4c863b4f996f,Bruce Springsteen,70248960-cb53-4ea4-943a-edb18f7d336f,
bf28714d-522f-4b00-95ca-3bfe76f04b1e,Born to Run,329000,True,,"live, 2023‐02‐21: BOK Center, Tulsa, OK, USA; YouTube – Terry Smith",Bruce Springsteen & The E Street Band,Bruce Springsteen|The E Street Band,70248960-cb53-4ea4-943a-edb18f7d336f|d6652e7b-33fe-49ef-8336-4c863b4f996f,Bruce Springsteen,70248960-cb53-4ea4-943a-edb18f7d336f,
3cded1ed-8df4-4d12-b28f-be3c1052c23f,She’s the One,303000,True,,"live, 2023‐02‐16: Moody Center, Austin, TX, USA; YouTube – nnmvt videos",Bruce Springsteen & The E Street Band,Bruce Springsteen|The E Street Band,70248960-cb53-4ea4-943a-edb18f7d336f|d6652e7b-33fe-49ef-8336-4c863b4f996f,Bruce Springsteen,70248960-cb53-4ea4-943a-edb18f7d336f,
40969c26-c90f-45fd-847e-2b3e2d945021,The Rising,289000,True,,"live, 2023‐02‐16: Moody Center, Austin, TX, USA; YouTube – LiveMusicLover",Bruce Springsteen & The E Street Band,Bruce Springsteen|The E Street Band,70248960-cb53-4ea4-943a-edb18f7d336f|d6652e7b-33fe-49ef-8336-4c863b4f996f,Bruce Springsteen,70248960-cb53-4ea4-943a-edb18f7d336f,
3c51b65a-bc4d-4057-ac0e-d3891c3cb655,Night,235000,False,,"live, 2023‐02‐14: Toyota Center, Houston, TX, USA; YouTube – mkcooper, from Springsteen’s official live download site at live.brucespringsteen.net",Bruce Springsteen & The E Street Band,Bruce Springsteen|The E Street Band,70248960-cb53-4ea4-943a-edb18f7d336f|d6652e7b-33fe-49ef-8336-4c863b4f996f,Bruce Springsteen,70248960-cb53-4ea4-943a-edb18f7d336f,
25321b2c-6440-4dc9-8661-105e806d008c,No Surrender,396000,True,,"live, 2023‐02‐16: Moody Center, Austin, TX, USA; YouTube – MASAMI KATOH",Bruce Springsteen & The E Street Band,Bruce Springsteen|The E Street Band,70248960-cb53-4ea4-943a-edb18f7d336f|d6652e7b-33fe-49ef-8336-4c863b4f996f,Bruce Springsteen,70248960-cb53-4ea4-943a-edb18f7d336f,
d763d9e1-a742-41ba-ac5b-6048a981391d,I’ll See You in My Dreams,257000,True,,"live, 2023‐02‐21: BOK Center, Tulsa, OK, USA; YouTube – MASAMI KATOH",Bruce Springsteen,Bruce Springsteen,70248960-cb53-4ea4-943a-edb18f7d336f,Bruce Springsteen,70248960-cb53-4ea4-943a-edb18f7d336f,
675e36cf-fece-4b55-9954-c8a760245038,Ghosts,362000,True,,"live, 2023‐02‐16: Moody Center, Austin, TX, USA; YouTube – MASAMI KATOH",Bruce Springsteen & The E Street Band,Bruce Springsteen|The E Street Band,70248960-cb53-4ea4-943a-edb18f7d336f|d6652e7b-33fe-49ef-8336-4c863b4f996f,Bruce Springsteen,70248960-cb53-4ea4-943a-edb18f7d336f,
3a6319e7-5532-4af4-ad33-b1f0041ddbba,Dancing in the Dark,467000,True,,"live, 2023‐02‐21: BOK Center, Tulsa, OK, USA; YouTube – Terry Smith",Bruce Springsteen & The E Street Band,Bruce Springsteen|The E Street Band,70248960-cb53-4ea4-943a-edb18f7d336f|d6652e7b-33fe-49ef-8336-4c863b4f996f,Bruce Springsteen,70248960-cb53-4ea4-943a-edb18f7d336f,
2f92cd75-4d5c-4e82-b5f3-dbe7eaf207f5,Because the Night,89000,True,,"live, 2023‐02‐16: Moody Center, Austin, TX, USA; YouTube – nnmvt videos",Bruce Springsteen & The E Street Band,Bruce Springsteen|The E Street Band,70248960-cb53-4ea4-943a-edb18f7d336f|d6652e7b-33fe-49ef-8336-4c863b4f996f,Bruce Springsteen,70248960-cb53-4ea4-943a-edb18f7d336f,
e78b3fcb-39ec-4cb4-9500-df761fc54793,No Surrender,393000,True,,"live, 2023‐02‐16: Moody Center, Austin, TX, USA; YouTube – LiveMusicLover",Bruce Springsteen & The E Street Band,Bruce Springsteen|The E Street Band,70248960-cb53-4ea4-943a-edb18f7d336f|d6652e7b-33fe-49ef-8336-4c863b4f996f,Bruce Springsteen,70248960-cb53-4ea4-943a-edb18f7d336f,
6441a907-53ce-4f6e-962d-5da53cdc8c32,No Surrender,236000,True,,"live, 2023‐02‐16: Moody Center, Austin, TX, USA; YouTube – nnmvt videos",Bruce Springsteen & The E Street Band,Bruce Springsteen|The E Street Band,70248960-cb53-4ea4-943a-edb18f7d336f|d6652e7b-33fe-49ef-8336-4c863b4f996f,Bruce Springsteen,70248960-cb53-4ea4-943a-edb18f7d336f,
e80721ea-896b-458d-9769-9de4a4e85a16,I’ll See You in My Dreams,217000,True,,"live, 2023‐02‐16: Moody Center, Austin, TX, USA; YouTube – nnmvt videos",Bruce Springsteen,Bruce Springsteen,70248960-cb53-4ea4-943a-edb18f7d336f,Bruce Springsteen,70248960-cb53-4ea4-943a-edb18f7d336f,
3893d5bb-e607-48f9-9ee6-510526a6a82d,Because the Night,311000,True,,"live, 2023‐02‐21: BOK Center, Tulsa, OK, USA; YouTube – MASAMI KATOH",Bruce Springsteen & The E Street Band,Bruce Springsteen|The E Street Band,70248960-cb53-4ea4-943a-edb18f7d336f|d6652e7b-33fe-49ef-8336-4c863b4f996f,Bruce Springsteen,70248960-cb53-4ea4-943a-edb18f7d336f,
4df44b86-92ee-4d08-8fad-144f975a698c,The Rising,301000,True,,"live, 2023‐02‐18: T‐Mobile Center, Kansas City, MO, USA; YouTube – Shawn Everidge",Bruce Springsteen & The E Street Band,Bruce Springsteen|The E Street Band,70248960-cb53-4ea4-943a-edb18f7d336f|d6652e7b-33fe-49ef-8336-4c863b4f996f,Bruce Springsteen,70248960-cb53-4ea4-943a-edb18f7d336f,
6a5fe839-1b75-40bf-802e-d21310847d96,Last Man Standing,191000,True,,"live, 2023‐02‐16: Moody Center, Austin, TX, USA; YouTube – LiveMusicLover",Bruce Springsteen & The E Street Band,Bruce Springsteen|The E Street Band,70248960-cb53-4ea4-943a-edb18f7d336f|d6652e7b-33fe-49ef-8336-4c863b4f996f,Bruce Springsteen,70248960-cb53-4ea4-943a-edb18f7d336f,
9699f92f-6872-42cb-9f8f-001c62a5976a,I’ll See You in My Dreams,250000,True,,"live, 2023‐02‐21: BOK Center, Tulsa, OK, USA; YouTube – Terry Smith",Bruce Springsteen,Bruce Springsteen,70248960-cb53-4ea4-943a-edb18f7d336f,Bruce Springsteen,70248960-cb53-4ea4-943a-edb18f7d336f,
23ab616c-0ed8-4748-9d44-d12812944209,No Surrender,360000,True,,"live, 2023‐02‐21: BOK Center, Tulsa, OK, USA; YouTube – OhioRails",Bruce Springsteen & The E Street Band,Bruce Springsteen|The E Street Band,70248960-cb53-4ea4-943a-edb18f7d336f|d6652e7b-33fe-49ef-8336-4c863b4f996f,Bruce Springsteen,70248960-cb53-4ea4-943a-edb18f7d336f,
f11da1c6-0b1e-4f7b-977e-f051c1d9bf50,I’ll See You in My Dreams,186000,True,,"live, 2023‐02‐05: Amway Center, Orlando, FL, USA; YouTube – Denise P",Bruce Springsteen,Bruce Springsteen,70248960-cb53-4ea4-943a-edb18f7d336f,Bruce Springsteen,70248960-cb53-4ea4-943a-edb18f7d336f,
83292030-0b98-4f67-b497-8d18a107cae9,Ghosts,363000,True,,"live, 2023‐02‐01: Amalie Arena, Tampa, FL, USA; YouTube – Denise P",Bruce Springsteen & The E Street Band,Bruce Springsteen|The E Street Band,70248960-cb53-4ea4-943a-edb18f7d336f|d6652e7b-33fe-49ef-8336-4c863b4f996f,Bruce Springsteen,70248960-cb53-4ea4-943a-edb18f7d336f,
7c65c577-9b1b-4dbe-937e-2668551ab41b,Last Man Standing,435000,True,,"live, 2023‐02‐21: BOK Center, Tulsa, OK, USA; YouTube – Nobody Special",Bruce Springsteen & The E Street Band,Bruce Springsteen|The E Street Band,70248960-cb53-4ea4-943a-edb18f7d336f|d6652e7b-33fe-49ef-8336-4c863b4f996f,Bruce Springsteen,70248960-cb53-4ea4-943a-edb18f7d336f,
b226427a-fa88-42c9-a244-44df595e8f45,No Surrender,376000,True,,"live, 2023‐02‐21: BOK Center, Tulsa, OK, USA; YouTube – Tim Hollandsworth",Bruce Springsteen & The E Street Band,Bruce Springsteen|The E Street Band,70248960-cb53-4ea4-943a-edb18f7d336f|d6652e7b-33fe-49ef-8336-4c863b4f996f,Bruce Springsteen,70248960-cb53-4ea4-943a-edb18f7d336f,
3a0ca248-50c7-45fc-b809-bfd2d1d6b420,Eclipse,241000,True,,Official Music Video,Northlane,Northlane,f4e44995-1890-42a0-a6c1-9185b71655fa,Northlane,f4e44995-1890-42a0-a6c1-9185b71655fa,
4b1acc5e-d032-458f-84e6-bba81b5f880d,Thoughts And Prayers,278000,True,,Official Music Video,Filter,Filter,6ae51665-8261-4ae5-883f-1899651ad31b,Filter,6ae51665-8261-4ae5-883f-1899651ad31b,
728ed0dc-b472-428e-8d65-916860eda92a,Antichrist Superstar,327000,True,,official music video,Marilyn Manson,Marilyn Manson,5dfdca28-9ddc-4853-933c-8bc97d87beec,Marilyn Manson,5dfdca28-9ddc-4853-933c-8bc97d87beec,
63067822-bdb7-4a5a-b5e2-85f0e9e87ec2,Head Like a Hole,272000,True,,Official Music Video,Nine Inch Nails,Nine Inch Nails,b7ffd2af-418f-4be2-bdd1-22f8b48613da,Nine Inch Nails,b7ffd2af-418f-4be2-bdd1-22f8b48613da,
a1c48a98-3db9-4aaf-a55d-65df9e232c1f,Animals,245000,True,,Official Music Video,Architects,Architects,05dffdbe-dc6e-4c8d-a075-50a09c4cb45c,Architects,05dffdbe-dc6e-4c8d-a075-50a09c4cb45c,
1ab06346-2135-4422-82ac-8bc6fde36eb8,Ricochet,218000,True,,,Faith No More,Faith No More,b15ebd71-a252-417d-9e1c-3e6863da68f8,Faith No More,b15ebd71-a252-417d-9e1c-3e6863da68f8,
8c0d1ecd-b914-4c50-b427-a254b6511338,Deep,241000,True,,official music video,Nine Inch Nails,Nine Inch Nails,b7ffd2af-418f-4be2-bdd1-22f8b48613da,Nine Inch Nails,b7ffd2af-418f-4be2-bdd1-22f8b48613da,
e49e5730-c7a1-4fa0-b6da-eae762b53f93,Boom!,182000,True,,official music video,System of a Down,System of a Down,cc0b7089-c08d-4c10-b6b0-873582c17fd6,System of a Down,cc0b7089-c08d-4c10-b6b0-873582c17fd6,
b60c5088-00bc-48b6-a9fe-c09224400e91,Lost,199000,True,,Official Music Video,Linkin Park,Linkin Park,f59c5520-5f46-4d2c-b2c4-822eabf53419,Linkin Park,f59c5520-5f46-4d2c-b2c4-822eabf53419,
9aea82ce-7806-40a0-ad4f-25f0c14b9910,Nero Forte,319000,True,,official music video,Slipknot,Slipknot,a466c2a2-6517-42fb-a160-1087c3bafd9f,Slipknot,a466c2a2-6517-42fb-a160-1087c3bafd9f,
a608942a-0fb7-4155-b171-21a367dfae56,Bloodline,215000,True,,Official Music Video,Northlane,Northlane,f4e44995-1890-42a0-a6c1-9185b71655fa,Northlane,f4e44995-1890-42a0-a6c1-9185b71655fa,
6dbb6c95-7512-4af5-a8f1-ddff1e89fc71,The Devil In I,355000,True,,official music video,Slipknot,Slipknot,a466c2a2-6517-42fb-a160-1087c3bafd9f,Slipknot,a466c2a2-6517-42fb-a160-1087c3bafd9f,
5a77aac8-f180-4d08-ac49-1afbebf525e4,One,268000,True,,Official Music Video,Filter,Filter,6ae51665-8261-4ae5-883f-1899651ad31b,Filter,6ae51665-8261-4ae5-883f-1899651ad31b,
85af7d35-1d75-4f82-88f6-5f093a98fd2e,Lonely Day,172000,True,,Official Music Video,System of a Down,System of a Down,cc0b7089-c08d-4c10-b6b0-873582c17fd6,System of a Down,cc0b7089-c08d-4c10-b6b0-873582c17fd6,
3354ff8c-7bea-4299-845b-79aca60ba8bf,Wish,225000,True,,Official Music Video,Nine Inch Nails,Nine Inch Nails,b7ffd2af-418f-4be2-bdd1-22f8b48613da,Nine Inch Nails,b7ffd2af-418f-4be2-bdd1-22f8b48613da,
e96f55bf-dff2-4c05-89a8-36e61abd2f5f,Black Lungs,248000,True,,Official Music Video,Architects,Architects,05dffdbe-dc6e-4c8d-a075-50a09c4cb45c,Architects,05dffdbe-dc6e-4c8d-a075-50a09c4cb45c,
01038e8c-86c6-469d-a444-37e8f93a3cef,War?,193000,True,,official music video,System of a Down,System of a Down,cc0b7089-c08d-4c10-b6b0-873582c17fd6,System of a Down,cc0b7089-c08d-4c10-b6b0-873582c17fd6,
2adbe57f-3956-4d58-a5bf-2e58b561f0fd,Save Me,199000,True,,Official Music Video,Damageplan,Damageplan,fdd1f131-4bae-456b-8bb1-c132d2af8e6c,Damageplan,fdd1f131-4bae-456b-8bb1-c132d2af8e6c,
cd7d01b0-edc3-4995-a856-4b921417475b,The Dying Song (Time To Sing),271000,True,,Official Music Video,Slipknot,Slipknot,a466c2a2-6517-42fb-a160-1087c3bafd9f,Slipknot,a466c2a2-6517-42fb-a160-1087c3bafd9f,
7c89d8d8-89f7-466b-864f-45134cd59ea9,when we were young,212000,True,,Official Music Video,Architects,Architects,05dffdbe-dc6e-4c8d-a075-50a09c4cb45c,Architects,05dffdbe-dc6e-4c8d-a075-50a09c4cb45c,
31f1a3cd-db3f-44ba-af02-66a18f688084,Dead Butterflies,243000,True,,Official Music Video,Architects,Architects,05dffdbe-dc6e-4c8d-a075-50a09c4cb45c,Architects,05dffdbe-dc6e-4c8d-a075-50a09c4cb45c,
e139bee8-5042-4dc8-a066-e87d77c064b7,deep fake,214000,True,,Official Music Video,Architects,Architects,05dffdbe-dc6e-4c8d-a075-50a09c4cb45c,Architects,05dffdbe-dc6e-4c8d-a075-50a09c4cb45c,
44ff4793-aec2-4e65-b278-7cec70062d70,Aerials,244000,True,,official music video,System of a Down,System of a Down,cc0b7089-c08d-4c10-b6b0-873582c17fd6,System of a Down,cc0b7089-c08d-4c10-b6b0-873582c17fd6,
63970118-0c20-4c40-a7d1-d1fcecc4fde7,Spiders,216000,True,,Official Music Video,System of a Down,System of a Down,cc0b7089-c08d-4c10-b6b0-873582c17fd6,System of a Down,cc0b7089-c08d-4c10-b6b0-873582c17fd6,
328e7cf4-4691-4ead-a686-eeeab2f699ce,Hypnotize,229000,True,,Official Music Video,System of a Down,System of a Down,cc0b7089-c08d-4c10-b6b0-873582c17fd6,System of a Down,cc0b7089-c08d-4c10-b6b0-873582c17fd6,
a072b710-da27-435a-b16b-725c5129d3eb,a new moral low ground,212000,True,,Official Music Video,Architects,Architects,05dffdbe-dc6e-4c8d-a075-50a09c4cb45c,Architects,05dffdbe-dc6e-4c8d-a075-50a09c4cb45c,
a3bb7d42-d274-4e67-8644-bd115ed3a4f1,Lost In The Echo,230000,True,,Official Music Video,Linkin Park,Linkin Park,f59c5520-5f46-4d2c-b2c4-822eabf53419,Linkin Park,f59c5520-5f46-4d2c-b2c4-822eabf53419,
fa4e4e21-aaec-4b74-b451-faf61d43a1b9,tear gas,288000,True,,Official Music Video,Architects,Architects,05dffdbe-dc6e-4c8d-a075-50a09c4cb45c,Architects,05dffdbe-dc6e-4c8d-a075-50a09c4cb45c,
a848788e-7f7c-4749-b287-208dc700e9a3,Sugar,211000,True,,Official Music Video,System of a Down,System of a Down,cc0b7089-c08d-4c10-b6b0-873582c17fd6,System of a Down,cc0b7089-c08d-4c10-b6b0-873582c17fd6,
59604b72-0cd2-4b03-b043-e901c4aff3d0,Chop Suey!,209000,True,,Official Music Video,System of a Down,System of a Down,cc0b7089-c08d-4c10-b6b0-873582c17fd6,System of a Down,cc0b7089-c08d-4c10-b6b0-873582c17fd6,
ca4715a1-31fb-444d-92b8-a136b2feb195,Meteor,260000,True,,Official Music Video,Architects,Architects,05dffdbe-dc6e-4c8d-a075-50a09c4cb45c,Architects,05dffdbe-dc6e-4c8d-a075-50a09c4cb45c,
4b576c4a-f345-4b58-abc6-3ccddbb253e5,Into the Void,252000,True,,Official Music Video,Nine Inch Nails,Nine Inch Nails,b7ffd2af-418f-4be2-bdd1-22f8b48613da,Nine Inch Nails,b7ffd2af-418f-4be2-bdd1-22f8b48613da,
2845cc21-24ec-4400-a9a2-d778c1de91aa,New Divide,269000,True,,Official Music Video,Linkin Park,Linkin Park,f59c5520-5f46-4d2c-b2c4-822eabf53419,Linkin Park,f59c5520-5f46-4d2c-b2c4-822eabf53419,
dcc6da30-9dc4-421f-9efb-6d35a8fc21e7,Sin,263000,True,,Official Music Video,Nine Inch Nails,Nine Inch Nails,b7ffd2af-418f-4be2-bdd1-22f8b48613da,Nine Inch Nails,b7ffd2af-418f-4be2-bdd1-22f8b48613da,
f447f86e-9568-458b-9e44-e90781770698,Gravedigger,249000,True,,official music video,Architects,Architects,05dffdbe-dc6e-4c8d-a075-50a09c4cb45c,Architects,05dffdbe-dc6e-4c8d-a075-50a09c4cb45c,
6eb42d30-b969-4abe-a5ac-78f55b0ebcd6,Visions,259000,True,,official music video,Bring Me the Horizon,Bring Me the Horizon,074e3847-f67f-49f9-81f1-8c8cea147e8e,Bring Me the Horizon,074e3847-f67f-49f9-81f1-8c8cea147e8e,
3410dfc6-646f-4965-89fb-c603157dfba2,Gone With The Wind,230000,True,,official music video,Architects,Architects,05dffdbe-dc6e-4c8d-a075-50a09c4cb45c,Architects,05dffdbe-dc6e-4c8d-a075-50a09c4cb45c,
34284d24-7cd0-4d14-847f-95665385d50e,Anthem,240000,True,,official music video,Bring Me the Horizon,Bring Me the Horizon,074e3847-f67f-49f9-81f1-8c8cea147e8e,Bring Me the Horizon,074e3847-f67f-49f9-81f1-8c8cea147e8e,
03e24758-e9f8-40b7-b4ea-d8760eee96d9,wonderful life,277000,True,,official lyric video,Bring Me the Horizon feat. Dani Filth,Bring Me the Horizon|Dani Filth,074e3847-f67f-49f9-81f1-8c8cea147e8e|aca7a1ca-c19b-42f3-857f-52939c1bbb65,Bring Me the Horizon,074e3847-f67f-49f9-81f1-8c8cea147e8e,
77132e51-c807-4afd-add0-ae47a64d2402,sugar honey ice & tea,292000,True,,official music video,Bring Me the Horizon,Bring Me the Horizon,074e3847-f67f-49f9-81f1-8c8cea147e8e,Bring Me the Horizon,074e3847-f67f-49f9-81f1-8c8cea147e8e,
63feac3d-6557-40af-92c0-11742d7051db,Need Some1,201000,True,,official music video,The Prodigy,The Prodigy,4a4ee089-93b1-4470-af9a-6ff575d32704,The Prodigy,4a4ee089-93b1-4470-af9a-6ff575d32704,
91740197-a452-4644-9e51-d484e87dbddd,It Never Ends,281000,True,,official music video,Bring Me the Horizon,Bring Me the Horizon,074e3847-f67f-49f9-81f1-8c8cea147e8e,Bring Me the Horizon,074e3847-f67f-49f9-81f1-8c8cea147e8e,
a9f93124-c005-4f20-b918-11ffa4ae3c21,Follow You,290000,True,,official music video,Bring Me the Horizon,Bring Me the Horizon,074e3847-f67f-49f9-81f1-8c8cea147e8e,Bring Me the Horizon,074e3847-f67f-49f9-81f1-8c8cea147e8e,
24893e24-7aeb-4960-b76d-35dc96fd61e7,Obey,230000,True,,official music video,Bring Me the Horizon feat. YUNGBLUD,Bring Me the Horizon|YUNGBLUD,074e3847-f67f-49f9-81f1-8c8cea147e8e|97529a9e-4b5a-4a9c-9c08-c42401d1c268,Bring Me the Horizon,074e3847-f67f-49f9-81f1-8c8cea147e8e,
ab168d74-c032-4bed-b42c-384312738634,Hereafter,257000,True,,official music video,Architects,Architects,05dffdbe-dc6e-4c8d-a075-50a09c4cb45c,Architects,05dffdbe-dc6e-4c8d-a075-50a09c4cb45c,
e595f403-fe4d-44bd-a2d4-07ac0a775de2,in the dark,288000,True,,official music video,Bring Me the Horizon,Bring Me the Horizon,074e3847-f67f-49f9-81f1-8c8cea147e8e,Bring Me the Horizon,074e3847-f67f-49f9-81f1-8c8cea147e8e,
dbc7cab7-a5fe-41e8-8497-f2491fac8691,Sleepwalking,237000,True,,official music video,Bring Me the Horizon,Bring Me the Horizon,074e3847-f67f-49f9-81f1-8c8cea147e8e,Bring Me the Horizon,074e3847-f67f-49f9-81f1-8c8cea147e8e,
10cfb646-854f-4460-b45b-0011a52ff544,medicine,229000,True,,official music video,Bring Me the Horizon,Bring Me the Horizon,074e3847-f67f-49f9-81f1-8c8cea147e8e,Bring Me the Horizon,074e3847-f67f-49f9-81f1-8c8cea147e8e,
c220aabb-5d19-4d0e-b280-c0a50a419a10,mother tongue,231000,True,,official music video,Bring Me the Horizon,Bring Me the Horizon,074e3847-f67f-49f9-81f1-8c8cea147e8e,Bring Me the Horizon,074e3847-f67f-49f9-81f1-8c8cea147e8e,
e25fbf63-e14b-4fa1-a0dd-0fa510cf22d2,Because the Night,324000,True,,"live, 2023‐02‐27: Climate Pledge Arena, Seattle, WA, USA; YouTube – Mitch Wight",Bruce Springsteen & The E Street Band,Bruce Springsteen|The E Street Band,70248960-cb53-4ea4-943a-edb18f7d336f|d6652e7b-33fe-49ef-8336-4c863b4f996f,Bruce Springsteen,70248960-cb53-4ea4-943a-edb18f7d336f,
a9d5ab14-8f21-4555-b231-2a9f60c58325,Oh No,304000,True,,official music video,Bring Me the Horizon,Bring Me the Horizon,074e3847-f67f-49f9-81f1-8c8cea147e8e,Bring Me the Horizon,074e3847-f67f-49f9-81f1-8c8cea147e8e,
499c0039-6bde-4084-b123-728c4b3f59ff,Shadow Moses,255000,True,,official music video,Bring Me the Horizon,Bring Me the Horizon,074e3847-f67f-49f9-81f1-8c8cea147e8e,Bring Me the Horizon,074e3847-f67f-49f9-81f1-8c8cea147e8e,
00da7576-c1c6-4264-afca-ece3cc298c88,Dancing in the Dark,295000,True,,"live, 2023‐02‐27: Climate Pledge Arena, Seattle, WA, USA; YouTube – Mitch Wight",Bruce Springsteen & The E Street Band,Bruce Springsteen|The E Street Band,70248960-cb53-4ea4-943a-edb18f7d336f|d6652e7b-33fe-49ef-8336-4c863b4f996f,Bruce Springsteen,70248960-cb53-4ea4-943a-edb18f7d336f,
420afc15-4714-4f7b-bd12-547a1e41be3a,Born to Run,301000,True,,"live, 2023‐02‐27: Climate Pledge Arena, Seattle, WA, USA; YouTube – Mitch Wight",Bruce Springsteen & The E Street Band,Bruce Springsteen|The E Street Band,70248960-cb53-4ea4-943a-edb18f7d336f|d6652e7b-33fe-49ef-8336-4c863b4f996f,Bruce Springsteen,70248960-cb53-4ea4-943a-edb18f7d336f,
c240e794-b98d-4bcd-a25b-6406478b53ce,Gravity,208000,True,,official music video,Architects,Architects,05dffdbe-dc6e-4c8d-a075-50a09c4cb45c,Architects,05dffdbe-dc6e-4c8d-a075-50a09c4cb45c,
82fc8d58-36e5-4cc2-933f-d027af9f288d,True Friends,460000,True,,official music video,Bring Me the Horizon,Bring Me the Horizon,074e3847-f67f-49f9-81f1-8c8cea147e8e,Bring Me the Horizon,074e3847-f67f-49f9-81f1-8c8cea147e8e,
01fb9bf2-eb06-484b-929b-8ad672a00f62,Drown,246000,True,,official music video,Bring Me the Horizon,Bring Me the Horizon,074e3847-f67f-49f9-81f1-8c8cea147e8e,Bring Me the Horizon,074e3847-f67f-49f9-81f1-8c8cea147e8e,
baf5fa72-3d0e-44f3-ae62-b25dc6fd0d55,Trapped,302000,True,,"live, 2023‐02‐27: Climate Pledge Arena, Seattle, WA, USA; YouTube – Mitch Wight",Bruce Springsteen & The E Street Band,Bruce Springsteen|The E Street Band,70248960-cb53-4ea4-943a-edb18f7d336f|d6652e7b-33fe-49ef-8336-4c863b4f996f,Bruce Springsteen,70248960-cb53-4ea4-943a-edb18f7d336f,
bba2d844-cd86-4ec0-adef-c859aa9de80e,Avalanche,276000,True,,official music video,Bring Me the Horizon,Bring Me the Horizon,074e3847-f67f-49f9-81f1-8c8cea147e8e,Bring Me the Horizon,074e3847-f67f-49f9-81f1-8c8cea147e8e,
321df126-6504-45a4-b72f-8db372906026,Teardrops,218000,True,,official music video,Bring Me the Horizon,Bring Me the Horizon,074e3847-f67f-49f9-81f1-8c8cea147e8e,Bring Me the Horizon,074e3847-f67f-49f9-81f1-8c8cea147e8e,
2dffc002-a915-4759-b553-5f02206b64c3,Dancing in the Dark,303000,True,,"live, 2023‐02‐27: Climate Pledge Arena, Seattle, WA, USA; YouTube – Charlcee Davis",Bruce Springsteen & The E Street Band,Bruce Springsteen|The E Street Band,70248960-cb53-4ea4-943a-edb18f7d336f|d6652e7b-33fe-49ef-8336-4c863b4f996f,Bruce Springsteen,70248960-cb53-4ea4-943a-edb18f7d336f,
60a67d5e-ae35-4878-b276-2d3b60270256,Can You Feel My Heart,229000,True,,official music video,Bring Me the Horizon,Bring Me the Horizon,074e3847-f67f-49f9-81f1-8c8cea147e8e,Bring Me the Horizon,074e3847-f67f-49f9-81f1-8c8cea147e8e,
f06cddbf-9aa6-45b2-bcde-4612adbbf03e,Royal Beggars,246000,True,,official music video,Architects,Architects,05dffdbe-dc6e-4c8d-a075-50a09c4cb45c,Architects,05dffdbe-dc6e-4c8d-a075-50a09c4cb45c,
851668ee-50dc-4041-8c32-00743f023e76,MANTRA,232000,True,,official music video,Bring Me the Horizon,Bring Me the Horizon,074e3847-f67f-49f9-81f1-8c8cea147e8e,Bring Me the Horizon,074e3847-f67f-49f9-81f1-8c8cea147e8e,
ad67c8da-96c8-467f-97ef-b9a1c1b479ce,"Go To Hell, For Heaven's Sake",250000,True,,official music video,Bring Me the Horizon,Bring Me the Horizon,074e3847-f67f-49f9-81f1-8c8cea147e8e,Bring Me the Horizon,074e3847-f67f-49f9-81f1-8c8cea147e8e,
627de77f-bebd-4545-9bf2-9f0dac97a10f,Ghosts,281000,True,,"live, 2023‐02‐27: Climate Pledge Arena, Seattle, WA, USA; YouTube – Mitch Wight",Bruce Springsteen & The E Street Band,Bruce Springsteen|The E Street Band,70248960-cb53-4ea4-943a-edb18f7d336f|d6652e7b-33fe-49ef-8336-4c863b4f996f,Bruce Springsteen,70248960-cb53-4ea4-943a-edb18f7d336f,
81535702-3ea9-4b7a-b656-ede46cb6f070,Chelsea Smile,253000,True,,official music video,Bring Me the Horizon,Bring Me the Horizon,074e3847-f67f-49f9-81f1-8c8cea147e8e,Bring Me the Horizon,074e3847-f67f-49f9-81f1-8c8cea147e8e,
ac1eb2ae-3bc2-427d-8784-e4eebff080e5,Throne,190000,True,,official music video,Bring Me the Horizon,Bring Me the Horizon,074e3847-f67f-49f9-81f1-8c8cea147e8e,Bring Me the Horizon,074e3847-f67f-49f9-81f1-8c8cea147e8e,
5bff79a1-f4f9-46b2-8e4d-4f311fe12b09,Parasite Eve,296000,True,,official music video,Bring Me the Horizon,Bring Me the Horizon,074e3847-f67f-49f9-81f1-8c8cea147e8e,Bring Me the Horizon,074e3847-f67f-49f9-81f1-8c8cea147e8e,
ce8f868c-c8f3-4aa1-af7e-29f0b0aebc1b,The Rising,312000,True,,"live, 2023‐02‐25: Moda Center, Portland, OR, USA; YouTube – Matt McGee",Bruce Springsteen & The E Street Band,Bruce Springsteen|The E Street Band,70248960-cb53-4ea4-943a-edb18f7d336f|d6652e7b-33fe-49ef-8336-4c863b4f996f,Bruce Springsteen,70248960-cb53-4ea4-943a-edb18f7d336f,
a1f924af-5291-4cc5-bb9c-f817beec544b,Trapped,309000,True,,"live, 2023‐02‐27: Climate Pledge Arena, Seattle, WA, USA; YouTube – Always Another Show",Bruce Springsteen & The E Street Band,Bruce Springsteen|The E Street Band,70248960-cb53-4ea4-943a-edb18f7d336f|d6652e7b-33fe-49ef-8336-4c863b4f996f,Bruce Springsteen,70248960-cb53-4ea4-943a-edb18f7d336f,
7743f022-84e0-439f-a6a8-4fe3f971c504,Ghosts,381000,True,,"live, 2023‐02‐21: BOK Center, Tulsa, OK, USA; YouTube – David Glenn",Bruce Springsteen & The E Street Band,Bruce Springsteen|The E Street Band,70248960-cb53-4ea4-943a-edb18f7d336f|d6652e7b-33fe-49ef-8336-4c863b4f996f,Bruce Springsteen,70248960-cb53-4ea4-943a-edb18f7d336f,
01bfb523-48c9-4aaa-a945-b6366749b978,No Surrender,322000,True,,"live, 2023‐02‐25: Moda Center, Portland, OR, USA; YouTube – Mitch Wight",Bruce Springsteen & The E Street Band,Bruce Springsteen|The E Street Band,70248960-cb53-4ea4-943a-edb18f7d336f|d6652e7b-33fe-49ef-8336-4c863b4f996f,Bruce Springsteen,70248960-cb53-4ea4-943a-edb18f7d336f,
ba2200b3-375a-4f3f-9e29-63e13323ceea,Ghosts,367000,True,,"live, 2023‐02‐25: Moda Center, Portland, OR, USA; YouTube – Mannie Maze",Bruce Springsteen & The E Street Band,Bruce Springsteen|The E Street Band,70248960-cb53-4ea4-943a-edb18f7d336f|d6652e7b-33fe-49ef-8336-4c863b4f996f,Bruce Springsteen,70248960-cb53-4ea4-943a-edb18f7d336f,
d3610ca2-9eba-4189-bd3c-8dfacb048ef3,I’m on Fire,180000,True,,"live, 2023‐02‐25: Moda Center, Portland, OR, USA; YouTube – Mitch Wight",Bruce Springsteen & The E Street Band,Bruce Springsteen|The E Street Band,70248960-cb53-4ea4-943a-edb18f7d336f|d6652e7b-33fe-49ef-8336-4c863b4f996f,Bruce Springsteen,70248960-cb53-4ea4-943a-edb18f7d336f,
0a504559-889b-415a-9654-5464b93d732e,Born to Run,315000,True,,"live, 2023‐02‐25: Moda Center, Portland, OR, USA; YouTube – Mitch Wight",Bruce Springsteen & The E Street Band,Bruce Springsteen|The E Street Band,70248960-cb53-4ea4-943a-edb18f7d336f|d6652e7b-33fe-49ef-8336-4c863b4f996f,Bruce Springsteen,70248960-cb53-4ea4-943a-edb18f7d336f,
81487bb1-98e5-4ed2-9973-e789a279ed06,Because the Night,304000,True,,"live, 2023‐02‐25: Moda Center, Portland, OR, USA; YouTube – Mitch Wight",Bruce Springsteen & The E Street Band,Bruce Springsteen|The E Street Band,70248960-cb53-4ea4-943a-edb18f7d336f|d6652e7b-33fe-49ef-8336-4c863b4f996f,Bruce Springsteen,70248960-cb53-4ea4-943a-edb18f7d336f,
c1943cf8-5990-4f0a-afd2-1dbe122c6224,No Surrender,391000,True,,"live, 2023‐02‐27: Climate Pledge Arena, Seattle, WA, USA; YouTube – Darren Camp",Bruce Springsteen & The E Street Band,Bruce Springsteen|The E Street Band,70248960-cb53-4ea4-943a-edb18f7d336f|d6652e7b-33fe-49ef-8336-4c863b4f996f,Bruce Springsteen,70248960-cb53-4ea4-943a-edb18f7d336f,
30936142-5729-4c2d-ae8e-fa78387d59ad,I’ll See You in My Dreams,211000,True,,"live, 2023‐02‐25: Moda Center, Portland, OR, USA; YouTube – Mitch Wight",Bruce Springsteen,Bruce Springsteen,70248960-cb53-4ea4-943a-edb18f7d336f,Bruce Springsteen,70248960-cb53-4ea4-943a-edb18f7d336f,
15df776b-5037-4d02-823c-b6a330d55015,She’s the One,242000,True,,"live, 2023‐02‐25: Moda Center, Portland, OR, USA; YouTube – Lewis",Bruce Springsteen & The E Street Band,Bruce Springsteen|The E Street Band,70248960-cb53-4ea4-943a-edb18f7d336f|d6652e7b-33fe-49ef-8336-4c863b4f996f,Bruce Springsteen,70248960-cb53-4ea4-943a-edb18f7d336f,
27461276-ebc8-4e78-8e28-e835d24147a1,Night,198000,True,,"live, 2023‐02‐14: Toyota Center, Houston, TX, USA; YouTube – chris javaruski, multicam and video edited with the official audio from the Springsteen archives download",Bruce Springsteen & The E Street Band,Bruce Springsteen|The E Street Band,70248960-cb53-4ea4-943a-edb18f7d336f|d6652e7b-33fe-49ef-8336-4c863b4f996f,Bruce Springsteen,70248960-cb53-4ea4-943a-edb18f7d336f,
c874ae54-fc06-4050-a3a4-6f86742e4f8f,I’m on Fire,186000,True,,"live, 2023‐02‐25: Moda Center, Portland, OR, USA; YouTube – Tony Callucii",Bruce Springsteen & The E Street Band,Bruce Springsteen|The E Street Band,70248960-cb53-4ea4-943a-edb18f7d336f|d6652e7b-33fe-49ef-8336-4c863b4f996f,Bruce Springsteen,70248960-cb53-4ea4-943a-edb18f7d336f,
ebf3a703-14f4-49bf-aeaa-7ef232cc6afb,She’s the One,298000,True,,"live, 2023‐02‐25: Moda Center, Portland, OR, USA; YouTube – Mitch Wight",Bruce Springsteen & The E Street Band,Bruce Springsteen|The E Street Band,70248960-cb53-4ea4-943a-edb18f7d336f|d6652e7b-33fe-49ef-8336-4c863b4f996f,Bruce Springsteen,70248960-cb53-4ea4-943a-edb18f7d336f,
b1e8def6-a5cb-4402-b232-effdcea427c6,Last Man Standing,242000,True,,"live, 2023‐02‐21: BOK Center, Tulsa, OK, USA; YouTube – Justin",Bruce Springsteen & The E Street Band,Bruce Springsteen|The E Street Band,70248960-cb53-4ea4-943a-edb18f7d336f|d6652e7b-33fe-49ef-8336-4c863b4f996f,Bruce Springsteen,70248960-cb53-4ea4-943a-edb18f7d336f,
072a1aaa-d96a-4e29-a097-8bb3e5b50347,Born to Run,334000,True,,"live, 2023‐02‐27: Climate Pledge Arena, Seattle, WA, USA; YouTube – Pete Kluge",Bruce Springsteen & The E Street Band,Bruce Springsteen|The E Street Band,70248960-cb53-4ea4-943a-edb18f7d336f|d6652e7b-33fe-49ef-8336-4c863b4f996f,Bruce Springsteen,70248960-cb53-4ea4-943a-edb18f7d336f,
69396510-f24f-4dd8-91b4-ded85e65f391,Dancing in the Dark,312000,True,,"live, 2023‐02‐25: Moda Center, Portland, OR, USA; YouTube – Mitch Wight",Bruce Springsteen & The E Street Band,Bruce Springsteen|The E Street Band,70248960-cb53-4ea4-943a-edb18f7d336f|d6652e7b-33fe-49ef-8336-4c863b4f996f,Bruce Springsteen,70248960-cb53-4ea4-943a-edb18f7d336f,
3e14ced7-b92a-4dea-9f35-a0667fae38f9,Ghosts,380000,True,,"live, 2023‐02‐27: Climate Pledge Arena, Seattle, WA, USA; YouTube – Darren Camp",Bruce Springsteen & The E Street Band,Bruce Springsteen|The E Street Band,70248960-cb53-4ea4-943a-edb18f7d336f|d6652e7b-33fe-49ef-8336-4c863b4f996f,Bruce Springsteen,70248960-cb53-4ea4-943a-edb18f7d336f,
8b34489b-0c0c-4092-86c5-82d8c569fa9b,I’m on Fire,164000,True,,"live, 2023‐02‐25: Moda Center, Portland, OR, USA; YouTube – Mannie Maze",Bruce Springsteen & The E Street Band,Bruce Springsteen|The E Street Band,70248960-cb53-4ea4-943a-edb18f7d336f|d6652e7b-33fe-49ef-8336-4c863b4f996f,Bruce Springsteen,70248960-cb53-4ea4-943a-edb18f7d336f,
2b136058-e81f-4dea-b517-5d129d311e43,The Rising,670000,True,,"live, 2023‐02‐25: Moda Center, Portland, OR, USA; YouTube – Mitch Wight",Bruce Springsteen & The E Street Band,Bruce Springsteen|The E Street Band,70248960-cb53-4ea4-943a-edb18f7d336f|d6652e7b-33fe-49ef-8336-4c863b4f996f,Bruce Springsteen,70248960-cb53-4ea4-943a-edb18f7d336f,
9e74e6db-4c54-4038-b1d5-dccf6006db9b,I’ll See You in My Dreams,261000,True,,"live, 2023‐02‐27: Climate Pledge Arena, Seattle, WA, USA; YouTube – Devin Creisler Studios",Bruce Springsteen,Bruce Springsteen,70248960-cb53-4ea4-943a-edb18f7d336f,Bruce Springsteen,70248960-cb53-4ea4-943a-edb18f7d336f,
69045b34-da07-48ff-ac84-d339ff8c6579,Last Man Standing,411000,True,,"live, 2023‐03‐02: Ball Arena, Denver, CO, USA; YouTube – starman2112 rush",Bruce Springsteen & The E Street Band,Bruce Springsteen|The E Street Band,70248960-cb53-4ea4-943a-edb18f7d336f|d6652e7b-33fe-49ef-8336-4c863b4f996f,Bruce Springsteen,70248960-cb53-4ea4-943a-edb18f7d336f,
5cb48642-5aa4-4f3d-8d9f-e153d0990a53,Because the Night,297000,True,,"live, 2023‐02‐07: Hard Rock Live, Hollywood, FL, USA; YouTube – aonvision6",Bruce Springsteen & The E Street Band,Bruce Springsteen|The E Street Band,70248960-cb53-4ea4-943a-edb18f7d336f|d6652e7b-33fe-49ef-8336-4c863b4f996f,Bruce Springsteen,70248960-cb53-4ea4-943a-edb18f7d336f,
a29f0909-c5d0-4c0f-918f-e16a75fc2dfb,Night,229000,True,,"live, 2023‐02‐14: Toyota Center, Houston, TX, USA; YouTube – Reggie714, multicam and video edited with the official audio from the Springsteen archives download",Bruce Springsteen & The E Street Band,Bruce Springsteen|The E Street Band,70248960-cb53-4ea4-943a-edb18f7d336f|d6652e7b-33fe-49ef-8336-4c863b4f996f,Bruce Springsteen,70248960-cb53-4ea4-943a-edb18f7d336f,
af169b90-d9cf-4c83-bf4a-e709fa1ee4b9,I’m on Fire,181000,True,,"live, 2023‐02‐25: Moda Center, Portland, OR, USA; YouTube – Reggie714, multicam and video edited with the official audio from the Springsteen archives download",Bruce Springsteen & The E Street Band,Bruce Springsteen|The E Street Band,70248960-cb53-4ea4-943a-edb18f7d336f|d6652e7b-33fe-49ef-8336-4c863b4f996f,Bruce Springsteen,70248960-cb53-4ea4-943a-edb18f7d336f,
cc934c41-71ea-4c3e-81ea-d859f61bd7a9,Last Man Standing,416000,True,,"live, 2023‐02‐03: State Farm Arena, Atlanta, GA, USA; YouTube – Skipjack",Bruce Springsteen & The E Street Band,Bruce Springsteen|The E Street Band,70248960-cb53-4ea4-943a-edb18f7d336f|d6652e7b-33fe-49ef-8336-4c863b4f996f,Bruce Springsteen,70248960-cb53-4ea4-943a-edb18f7d336f,
749b847c-5027-4b8c-b2c8-1fc895eb9ee3,No Surrender,367000,True,,"live, 2023‐02‐07: Hard Rock Live, Hollywood, FL, USA; YouTube – Dan Hinchley",Bruce Springsteen & The E Street Band,Bruce Springsteen|The E Street Band,70248960-cb53-4ea4-943a-edb18f7d336f|d6652e7b-33fe-49ef-8336-4c863b4f996f,Bruce Springsteen,70248960-cb53-4ea4-943a-edb18f7d336f,
151db754-a0ef-4f7f-87a7-5d627f558468,Dancing in the Dark,319000,True,,"live, 2023‐02‐07: Hard Rock Live, Hollywood, FL, USA; YouTube – aonvision6",Bruce Springsteen & The E Street Band,Bruce Springsteen|The E Street Band,70248960-cb53-4ea4-943a-edb18f7d336f|d6652e7b-33fe-49ef-8336-4c863b4f996f,Bruce Springsteen,70248960-cb53-4ea4-943a-edb18f7d336f,
b3256c56-2b9d-4b15-b64e-0e73def4b214,I’ll See You in My Dreams,192000,True,,"live, 2023‐02‐27: Climate Pledge Arena, Seattle, WA, USA; YouTube – Benni James",Bruce Springsteen,Bruce Springsteen,70248960-cb53-4ea4-943a-edb18f7d336f,Bruce Springsteen,70248960-cb53-4ea4-943a-edb18f7d336f,
ed17a677-4b6d-407f-a8e6-3ac940edca0e,I’ll See You in My Dreams,190000,True,,"live, 2023‐02‐07: Hard Rock Live, Hollywood, FL, USA; YouTube – Dan Hinchley",Bruce Springsteen,Bruce Springsteen,70248960-cb53-4ea4-943a-edb18f7d336f,Bruce Springsteen,70248960-cb53-4ea4-943a-edb18f7d336f,
c62dfef6-1c65-46d6-a37c-277dda0747ca,Night,200000,True,,"live, 2023‐02‐14: Toyota Center, Houston, TX, USA; YouTube – Springsteen & Rock Music, video edited with the official audio from the Springsteen archives download",Bruce Springsteen & The E Street Band,Bruce Springsteen|The E Street Band,70248960-cb53-4ea4-943a-edb18f7d336f|d6652e7b-33fe-49ef-8336-4c863b4f996f,Bruce Springsteen,70248960-cb53-4ea4-943a-edb18f7d336f,
22c69b9e-052a-483e-89a6-291f5b20f927,Badlands,293000,True,,"live, 2023‐02‐14: Toyota Center, Houston, TX, USA; YouTube –hannir2",Bruce Springsteen & The E Street Band,Bruce Springsteen|The E Street Band,70248960-cb53-4ea4-943a-edb18f7d336f|d6652e7b-33fe-49ef-8336-4c863b4f996f,Bruce Springsteen,70248960-cb53-4ea4-943a-edb18f7d336f,
9f55c4e3-be05-4d99-9fac-6348e88fa542,Dancing in the Dark,308000,True,,"live, 2023‐02‐10: American Airlines Center, Dallas, TX, USA; YouTube – U2Acrobat",Bruce Springsteen & The E Street Band,Bruce Springsteen|The E Street Band,70248960-cb53-4ea4-943a-edb18f7d336f|d6652e7b-33fe-49ef-8336-4c863b4f996f,Bruce Springsteen,70248960-cb53-4ea4-943a-edb18f7d336f,
4fe6e9bc-fcaf-45ee-b9a7-15771258ba8d,Last Man Standing,392000,True,,"live, 2023‐02‐07: Hard Rock Live, Hollywood, FL, USA; YouTube – Live Music Is My Drug Of Choice",Bruce Springsteen & The E Street Band,Bruce Springsteen|The E Street Band,70248960-cb53-4ea4-943a-edb18f7d336f|d6652e7b-33fe-49ef-8336-4c863b4f996f,Bruce Springsteen,70248960-cb53-4ea4-943a-edb18f7d336f,
986d0f4e-8ce5-46b1-8654-ed2ebee868cc,Born to Run,195000,True,,"live, 2023‐02‐07: Hard Rock Live, Hollywood, FL, USA; YouTube – aonvision6",Bruce Springsteen & The E Street Band,Bruce Springsteen|The E Street Band,70248960-cb53-4ea4-943a-edb18f7d336f|d6652e7b-33fe-49ef-8336-4c863b4f996f,Bruce Springsteen,70248960-cb53-4ea4-943a-edb18f7d336f,
dde56083-b28d-4f70-9a5b-8a7b1b721ce4,Doomed,433000,True,,"live, 2016-04-22: Royal Albert Hall, London, England, official video",Bring Me the Horizon,Bring Me the Horizon,074e3847-f67f-49f9-81f1-8c8cea147e8e,Bring Me the Horizon,074e3847-f67f-49f9-81f1-8c8cea147e8e,
53599adf-94a5-4df9-acbf-55440da22eb8,Badlands,350000,True,,"live, 2023‐02‐07: Hard Rock Live, Hollywood, FL, USA; YouTube – aonvision6",Bruce Springsteen & The E Street Band,Bruce Springsteen|The E Street Band,70248960-cb53-4ea4-943a-edb18f7d336f|d6652e7b-33fe-49ef-8336-4c863b4f996f,Bruce Springsteen,70248960-cb53-4ea4-943a-edb18f7d336f,
0758e942-a819-4985-a971-84c1ee91a384,No Surrender,361000,True,,"live, 2023‐02‐01: Amalie Arena, Tampa, FL, USA; YouTube – dvddubbingguy",Bruce Springsteen & The E Street Band,Bruce Springsteen|The E Street Band,70248960-cb53-4ea4-943a-edb18f7d336f|d6652e7b-33fe-49ef-8336-4c863b4f996f,Bruce Springsteen,70248960-cb53-4ea4-943a-edb18f7d336f,
74f61d88-c447-44df-a1d8-e7ef7f075abf,Trapped,302000,True,,"live, 2023‐02‐27: Climate Pledge Arena, Seattle, WA, USA; YouTube – Reggie714, multicam and video edited with the official audio from the Springsteen archives download",Bruce Springsteen & The E Street Band,Bruce Springsteen|The E Street Band,70248960-cb53-4ea4-943a-edb18f7d336f|d6652e7b-33fe-49ef-8336-4c863b4f996f,Bruce Springsteen,70248960-cb53-4ea4-943a-edb18f7d336f,
5977381b-46c2-4caa-a432-f78484f7b844,Happy Song,286000,True,,"live, 2016-04-22: Royal Albert Hall, London, England, official video",Bring Me the Horizon,Bring Me the Horizon,074e3847-f67f-49f9-81f1-8c8cea147e8e,Bring Me the Horizon,074e3847-f67f-49f9-81f1-8c8cea147e8e,
382cce0f-c8fb-40ab-a2d9-a546a14a99e7,Last Man Standing,388000,True,,"live, 2023‐02‐14: Toyota Center, Houston, TX, USA; YouTube – Daniel Dorotik",Bruce Springsteen & The E Street Band,Bruce Springsteen|The E Street Band,70248960-cb53-4ea4-943a-edb18f7d336f|d6652e7b-33fe-49ef-8336-4c863b4f996f,Bruce Springsteen,70248960-cb53-4ea4-943a-edb18f7d336f,
f5c5c9a0-aa99-4070-bba0-d693d947894e,No Surrender,146000,True,,"live, 2023‐02‐16: Moody Center, Austin, TX, USA; YouTube – dvddubbingguy",Bruce Springsteen & The E Street Band,Bruce Springsteen|The E Street Band,70248960-cb53-4ea4-943a-edb18f7d336f|d6652e7b-33fe-49ef-8336-4c863b4f996f,Bruce Springsteen,70248960-cb53-4ea4-943a-edb18f7d336f,
af9ace50-18ef-4310-a002-0d838130fe9c,Last Man Standing,370000,False,,"live, 2023‐02‐01: Amalie Arena, Tampa, FL, USA; YouTube – mkcooper, from Springsteen’s official live download site at live.brucespringsteen.net",Bruce Springsteen & The E Street Band,Bruce Springsteen|The E Street Band,70248960-cb53-4ea4-943a-edb18f7d336f|d6652e7b-33fe-49ef-8336-4c863b4f996f,Bruce Springsteen,70248960-cb53-4ea4-943a-edb18f7d336f,
6a8f5efe-fdac-4ce1-860e-887eef153078,Guillotine,218000,True,,Official Music Video,Stray From the Path,Stray From the Path,0fff8ab2-c500-4564-b4f1-f4da7642d986,Stray From the Path,0fff8ab2-c500-4564-b4f1-f4da7642d986,
c18dea0b-a0e3-47f2-92d3-e02beff0c23a,Blue Monday,227000,True,,,Orgy,Orgy,5bb2a9c8-3505-4c45-9717-19f0f8f35425,Orgy,5bb2a9c8-3505-4c45-9717-19f0f8f35425,
4465331a-b1c5-4a64-af54-bdc53eda81e0,Holy Roller,172000,True,,Official Music Video,Spiritbox feat. Ryo Kinoshita,Spiritbox|Ryo Kinoshita,9c935736-7530-41e4-b776-1dbcf534c061|fc3e7d8d-f3fd-4d07-98a1-177736bdd094,Spiritbox,9c935736-7530-41e4-b776-1dbcf534c061,
69f710c4-59cb-461d-9e58-c181de484306,Hurt You,235000,True,,Official Music Video,Spiritbox,Spiritbox,9c935736-7530-41e4-b776-1dbcf534c061,Spiritbox,9c935736-7530-41e4-b776-1dbcf534c061,
d09cfc66-6c8b-41a5-9dbf-3e01c3ad4bf1,Secret Garden,236000,True,,Official Music Video,Spiritbox,Spiritbox,9c935736-7530-41e4-b776-1dbcf534c061,Spiritbox,9c935736-7530-41e4-b776-1dbcf534c061,
e8b2bcfe-b233-4102-84ee-d192bc31c767,Blessed Be,247000,True,,Official Music Video,Spiritbox,Spiritbox,9c935736-7530-41e4-b776-1dbcf534c061,Spiritbox,9c935736-7530-41e4-b776-1dbcf534c061,
d3234706-37bc-44f2-836d-fcac364e26b1,Rotoscope,216000,True,,Official Music Video,Spiritbox,Spiritbox,9c935736-7530-41e4-b776-1dbcf534c061,Spiritbox,9c935736-7530-41e4-b776-1dbcf534c061,
62a66dec-afc5-4ed0-88cf-523a813bdf02,Holy Roller,174000,True,,Official Music Video,Spiritbox,Spiritbox,9c935736-7530-41e4-b776-1dbcf534c061,Spiritbox,9c935736-7530-41e4-b776-1dbcf534c061,
2bd747e1-1549-43c5-a1fe-057bb8201a41,Circle With Me,234000,True,,Official Music Video,Spiritbox,Spiritbox,9c935736-7530-41e4-b776-1dbcf534c061,Spiritbox,9c935736-7530-41e4-b776-1dbcf534c061,
f5698c99-b37d-4432-9378-4f0cd1229cd9,Rule Of Nines,211000,True,,Official Music Video,Spiritbox,Spiritbox,9c935736-7530-41e4-b776-1dbcf534c061,Spiritbox,9c935736-7530-41e4-b776-1dbcf534c061,
e4d316ef-2efe-41bf-a173-ced64e67d534,Constance,272000,True,,Official Music Video,Spiritbox,Spiritbox,9c935736-7530-41e4-b776-1dbcf534c061,Spiritbox,9c935736-7530-41e4-b776-1dbcf534c061,
74a29ecf-23d2-4dc4-bf91-54b69a4ad037,Born to Run,328000,True,,"live, 2023‐03‐02: Ball Arena, Denver, CO, USA; YouTube – IceWarm",Bruce Springsteen & The E Street Band,Bruce Springsteen|The E Street Band,70248960-cb53-4ea4-943a-edb18f7d336f|d6652e7b-33fe-49ef-8336-4c863b4f996f,Bruce Springsteen,70248960-cb53-4ea4-943a-edb18f7d336f,
d3c9cd15-c2e2-45a4-b51c-7744c75b5df8,No Surrender,383000,True,,"live, 2023‐03‐02: Ball Arena, Denver, CO, USA; YouTube – Patrick S.",Bruce Springsteen & The E Street Band,Bruce Springsteen|The E Street Band,70248960-cb53-4ea4-943a-edb18f7d336f|d6652e7b-33fe-49ef-8336-4c863b4f996f,Bruce Springsteen,70248960-cb53-4ea4-943a-edb18f7d336f,
59275473-ea93-438e-819f-9fe148bcbd0f,Because the Night,328000,True,,"live, 2023‐03‐02: Ball Arena, Denver, CO, USA; YouTube – IceWarm",Bruce Springsteen & The E Street Band,Bruce Springsteen|The E Street Band,70248960-cb53-4ea4-943a-edb18f7d336f|d6652e7b-33fe-49ef-8336-4c863b4f996f,Bruce Springsteen,70248960-cb53-4ea4-943a-edb18f7d336f,
d2049942-4374-47b5-ad7e-bb823daa4c74,Badlands,356000,True,,"live, 2023‐03‐02: Ball Arena, Denver, CO, USA; YouTube – IceWarm",Bruce Springsteen & The E Street Band,Bruce Springsteen|The E Street Band,70248960-cb53-4ea4-943a-edb18f7d336f|d6652e7b-33fe-49ef-8336-4c863b4f996f,Bruce Springsteen,70248960-cb53-4ea4-943a-edb18f7d336f,
3d77603d-3af3-40c3-b308-75501fe808e9,The Rising,313000,True,,"live, 2023‐02‐21: BOK Center, Tulsa, OK, USA; YouTube –telenetworxx",Bruce Springsteen & The E Street Band,Bruce Springsteen|The E Street Band,70248960-cb53-4ea4-943a-edb18f7d336f|d6652e7b-33fe-49ef-8336-4c863b4f996f,Bruce Springsteen,70248960-cb53-4ea4-943a-edb18f7d336f,
9ba925e0-f9b7-4fd4-be78-28bd3a5a2c7f,Trapped,306000,True,,"live, 2023‐02‐27: Climate Pledge Arena, Seattle, WA, USA; YouTube – thepriceyoupay",Bruce Springsteen & The E Street Band,Bruce Springsteen|The E Street Band,70248960-cb53-4ea4-943a-edb18f7d336f|d6652e7b-33fe-49ef-8336-4c863b4f996f,Bruce Springsteen,70248960-cb53-4ea4-943a-edb18f7d336f,
9e4a4e6a-72d9-4354-91b0-a9451dcadf22,No Surrender,346000,True,,"live, 2023‐03‐02: Ball Arena, Denver, CO, USA; YouTube – starman2112 rush",Bruce Springsteen & The E Street Band,Bruce Springsteen|The E Street Band,70248960-cb53-4ea4-943a-edb18f7d336f|d6652e7b-33fe-49ef-8336-4c863b4f996f,Bruce Springsteen,70248960-cb53-4ea4-943a-edb18f7d336f,
4269aedd-951d-4fc1-8739-f2572f7b7fb0,I’m on Fire,185000,True,,"live, 2023‐02‐25: Moda Center, Portland, OR, USA; YouTube – Springsteen & Rock Music, video edited with the official audio from the Springsteen archives download",Bruce Springsteen & The E Street Band,Bruce Springsteen|The E Street Band,70248960-cb53-4ea4-943a-edb18f7d336f|d6652e7b-33fe-49ef-8336-4c863b4f996f,Bruce Springsteen,70248960-cb53-4ea4-943a-edb18f7d336f,
d3b63671-1797-4a40-85de-2216183fd547,Dancing in the Dark,294000,True,,"live, 2023‐03‐02: Ball Arena, Denver, CO, USA; YouTube – IceWarm",Bruce Springsteen & The E Street Band,Bruce Springsteen|The E Street Band,70248960-cb53-4ea4-943a-edb18f7d336f|d6652e7b-33fe-49ef-8336-4c863b4f996f,Bruce Springsteen,70248960-cb53-4ea4-943a-edb18f7d336f,
03fa5023-7c97-4653-aa2c-bd5640724308,Born to Run,115000,True,,"live, 2023‐03‐02: Ball Arena, Denver, CO, USA; YouTube – mandyhornful",Bruce Springsteen & The E Street Band,Bruce Springsteen|The E Street Band,70248960-cb53-4ea4-943a-edb18f7d336f|d6652e7b-33fe-49ef-8336-4c863b4f996f,Bruce Springsteen,70248960-cb53-4ea4-943a-edb18f7d336f,
03aba9d1-e20b-4295-9b04-989c96737a29,I’ll See You in My Dreams,225000,True,,"live, 2023‐03‐02: Ball Arena, Denver, CO, USA; YouTube – Patrick S.",Bruce Springsteen & The E Street Band,Bruce Springsteen|The E Street Band,70248960-cb53-4ea4-943a-edb18f7d336f|d6652e7b-33fe-49ef-8336-4c863b4f996f,Bruce Springsteen,70248960-cb53-4ea4-943a-edb18f7d336f,
59bbf4e7-9008-4298-8763-a52b3e86ac98,This Is What You Came For,,False,,Leaked Taylor's Version,Taylor Swift,Taylor Swift,20244d07-534f-4eff-b4d4-930878889970,Taylor Swift,20244d07-534f-4eff-b4d4-930878889970,
763fe1b7-620a-450c-af8a-da7ce95337aa,Superlove,209000,True,,official music video,Don Broco,Don Broco,38fd7691-0543-409c-997f-7f15c10394a4,Don Broco,38fd7691-0543-409c-997f-7f15c10394a4,
acd27642-95cf-4ec3-b868-f8f429cda6eb,Endlessly,306000,True,,official lyric video,Chevelle,Chevelle,8456e9f7-debf-4579-a86c-33a325a35d2d,Chevelle,8456e9f7-debf-4579-a86c-33a325a35d2d,
02058843-7823-4ed3-a4f3-15e8466a48a1,Guerrilla Radio,221000,True,,official music video,Rage Against the Machine,Rage Against the Machine,3798b104-01cb-484c-a3b0-56adc6399b80,Rage Against the Machine,3798b104-01cb-484c-a3b0-56adc6399b80,
ef851e89-020e-4ed2-8cd3-136f0232c920,Everybody,204000,True,,official music video,Don Broco,Don Broco,38fd7691-0543-409c-997f-7f15c10394a4,Don Broco,38fd7691-0543-409c-997f-7f15c10394a4,
0e6900f7-d7dc-48ad-a3a6-af80728001b6,ACTION,358000,True,,official music video,"Don Broco feat. Taka Moriuchi, Tyler Carter, Caleb Shomo & Tilian Pearson",Don Broco|Taka|Tyler Carter|Caleb Shomo|Tilian,38fd7691-0543-409c-997f-7f15c10394a4|0a8b5299-6bee-4fe0-8b1d-6ed528db0b24|8bb69a5f-7dbb-45ab-8d92-19930255e311|5855b3ad-3fd5-4df8-bdeb-3385406362ea|e1acdbc3-d87a-47df-a267-d1db9b3faeb5,Don Broco,38fd7691-0543-409c-997f-7f15c10394a4,
0c7363b3-4bd4-41ca-b970-6640ae4d2987,Nerve,231000,True,,official music video,Don Broco,Don Broco,38fd7691-0543-409c-997f-7f15c10394a4,Don Broco,38fd7691-0543-409c-997f-7f15c10394a4,
a3d2545f-09aa-425e-93a4-d7788147cd88,Closure,246000,True,,official music video,Chevelle,Chevelle,8456e9f7-debf-4579-a86c-33a325a35d2d,Chevelle,8456e9f7-debf-4579-a86c-33a325a35d2d,
72be2e56-eee8-4f67-a055-25cf03ac22d6,The Red,253000,True,,official music video,Chevelle,Chevelle,8456e9f7-debf-4579-a86c-33a325a35d2d,Chevelle,8456e9f7-debf-4579-a86c-33a325a35d2d,
2c2cfed4-c16b-4761-9cd2-1d3b5013f36d,Remember When,271000,True,,official lyric video,Chevelle,Chevelle,8456e9f7-debf-4579-a86c-33a325a35d2d,Chevelle,8456e9f7-debf-4579-a86c-33a325a35d2d,
cb9ae81d-efa2-4b5a-8992-4a3fb258820a,Pretty,232000,True,,official music video,Don Broco,Don Broco,38fd7691-0543-409c-997f-7f15c10394a4,Don Broco,38fd7691-0543-409c-997f-7f15c10394a4,
e8a319e1-3946-4c85-acd6-41904c47a377,Freedom,360000,True,,official music video,Rage Against the Machine,Rage Against the Machine,3798b104-01cb-484c-a3b0-56adc6399b80,Rage Against the Machine,3798b104-01cb-484c-a3b0-56adc6399b80,
6edde369-0c33-4b53-898b-0a836ee7c138,People of the Sun,153000,True,,official music video,Rage Against the Machine,Rage Against the Machine,3798b104-01cb-484c-a3b0-56adc6399b80,Rage Against the Machine,3798b104-01cb-484c-a3b0-56adc6399b80,
be5f70b7-e478-4181-8917-626319e76d50,Born to Run,416000,True,,"live, 2023‐02‐25: Moda Center, Portland, OR, USA; YouTube – Shane Adams",Bruce Springsteen & The E Street Band,Bruce Springsteen|The E Street Band,70248960-cb53-4ea4-943a-edb18f7d336f|d6652e7b-33fe-49ef-8336-4c863b4f996f,Bruce Springsteen,70248960-cb53-4ea4-943a-edb18f7d336f,
c23c77ec-0a3f-4fdf-9508-bcb98e9b5cab,Killing In the Name,314000,True,,official music video,Rage Against the Machine,Rage Against the Machine,3798b104-01cb-484c-a3b0-56adc6399b80,Rage Against the Machine,3798b104-01cb-484c-a3b0-56adc6399b80,
b1a9894f-26c3-45c5-835f-d293689074ff,Hold On,184000,True,,official music video,Don Broco,Don Broco,38fd7691-0543-409c-997f-7f15c10394a4,Don Broco,38fd7691-0543-409c-997f-7f15c10394a4,
711c8a22-bab9-49ad-81fb-8f49feedf79a,Technology,232000,True,,official music video,Don Broco,Don Broco,38fd7691-0543-409c-997f-7f15c10394a4,Don Broco,38fd7691-0543-409c-997f-7f15c10394a4,
33d526b9-63e2-45cd-8ae2-f8d978cb2a0a,Bulls On Parade,234000,True,,official music video,Rage Against the Machine,Rage Against the Machine,3798b104-01cb-484c-a3b0-56adc6399b80,Rage Against the Machine,3798b104-01cb-484c-a3b0-56adc6399b80,
72ccf9ea-ec27-4513-83ee-a304d87fc869,Last Man Standing,232000,True,,"live, 2023‐02‐16: Moody Center, Austin, TX, USA; YouTube – MASAMI KATOH",Bruce Springsteen & The E Street Band,Bruce Springsteen|The E Street Band,70248960-cb53-4ea4-943a-edb18f7d336f|d6652e7b-33fe-49ef-8336-4c863b4f996f,Bruce Springsteen,70248960-cb53-4ea4-943a-edb18f7d336f,
8dcc5db0-434f-4972-a678-2c88bd1c1e87,She’s the One,307000,True,,"live, 2023‐03‐07: fiserv.forum, Milwaukee, WI, USA; YouTube – zoy zandr",Bruce Springsteen & The E Street Band,Bruce Springsteen|The E Street Band,70248960-cb53-4ea4-943a-edb18f7d336f|d6652e7b-33fe-49ef-8336-4c863b4f996f,Bruce Springsteen,70248960-cb53-4ea4-943a-edb18f7d336f,
175093a1-d207-4b4f-9d82-a6659576be9a,Badlands,361000,True,,"live, 2023‐02‐21: BOK Center, Tulsa, OK, USA; YouTube – MASAMI KATOH",Bruce Springsteen & The E Street Band,Bruce Springsteen|The E Street Band,70248960-cb53-4ea4-943a-edb18f7d336f|d6652e7b-33fe-49ef-8336-4c863b4f996f,Bruce Springsteen,70248960-cb53-4ea4-943a-edb18f7d336f,
3f4347e6-983a-4d0e-be80-2c76d251ca3c,No Surrender,377000,True,,"live, 2023‐03‐05: Xcel Energy Center, Saint Paul, MN, USA; YouTube – Dave Simonson",Bruce Springsteen & The E Street Band,Bruce Springsteen|The E Street Band,70248960-cb53-4ea4-943a-edb18f7d336f|d6652e7b-33fe-49ef-8336-4c863b4f996f,Bruce Springsteen,70248960-cb53-4ea4-943a-edb18f7d336f,
fce308a0-f0e1-4670-a44e-73de49fc04cb,Badlands,400000,True,,"live, 2023‐03‐07: fiserv.forum, Milwaukee, WI, USA; YouTube – ernste40",Bruce Springsteen & The E Street Band,Bruce Springsteen|The E Street Band,70248960-cb53-4ea4-943a-edb18f7d336f|d6652e7b-33fe-49ef-8336-4c863b4f996f,Bruce Springsteen,70248960-cb53-4ea4-943a-edb18f7d336f,
aa145b29-2bee-4765-9e4a-98dc93239dea,Last Man Standing,459000,True,,"live, 2023‐02‐10: American Airlines Center, Dallas, TX, USA; YouTube – chris javaruski",Bruce Springsteen & The E Street Band,Bruce Springsteen|The E Street Band,70248960-cb53-4ea4-943a-edb18f7d336f|d6652e7b-33fe-49ef-8336-4c863b4f996f,Bruce Springsteen,70248960-cb53-4ea4-943a-edb18f7d336f,
c6595784-0eca-4ec1-b801-5f16dd5a887c,1979,268000,True,,official,The Contortionist,The Contortionist,a630b133-bcc4-4796-9a0e-685c68b1e6ab,The Contortionist,a630b133-bcc4-4796-9a0e-685c68b1e6ab,
843bdcfa-b910-490f-ad7f-e76660a7cc8d,Language I: Intuition,,True,,official,The Contortionist,The Contortionist,a630b133-bcc4-4796-9a0e-685c68b1e6ab,The Contortionist,a630b133-bcc4-4796-9a0e-685c68b1e6ab,
9d09bec7-a1d6-4599-850e-fface9605009,Reimagined,198000,True,,official,The Contortionist,The Contortionist,a630b133-bcc4-4796-9a0e-685c68b1e6ab,The Contortionist,a630b133-bcc4-4796-9a0e-685c68b1e6ab,
ebd8249e-bfc4-41d7-b550-5be3cd5e2b6b,Early Grave,232000,True,,official,The Contortionist,The Contortionist,a630b133-bcc4-4796-9a0e-685c68b1e6ab,The Contortionist,a630b133-bcc4-4796-9a0e-685c68b1e6ab,
ec60d622-0551-4ef4-b327-98c4b066ce86,For God Is With Us,244000,True,,official,for KING & COUNTRY,for KING & COUNTRY,594beb50-0853-4e48-b3b9-b9ce1c3b72c9,for KING & COUNTRY,594beb50-0853-4e48-b3b9-b9ce1c3b72c9,
b13ead34-f8be-4721-9fdc-40439d8931c7,joy.,309000,True,,official,for KING & COUNTRY,for KING & COUNTRY,594beb50-0853-4e48-b3b9-b9ce1c3b72c9,for KING & COUNTRY,594beb50-0853-4e48-b3b9-b9ce1c3b72c9,
3df4900a-2d68-443f-b07f-65ec28e7a4cd,Shoulders,324000,True,,official,for KING & COUNTRY,for KING & COUNTRY,594beb50-0853-4e48-b3b9-b9ce1c3b72c9,for KING & COUNTRY,594beb50-0853-4e48-b3b9-b9ce1c3b72c9,
bb3ef8b1-5ba0-4ebb-86da-9a672ec41297,Little Drummer Boy,300000,True,,official,for KING & COUNTRY,for KING & COUNTRY,594beb50-0853-4e48-b3b9-b9ce1c3b72c9,for KING & COUNTRY,594beb50-0853-4e48-b3b9-b9ce1c3b72c9,
1d9c4fc8-2baf-465f-a886-6772f5277f60,Broken Halos,233000,True,,official,for KING & COUNTRY,for KING & COUNTRY,594beb50-0853-4e48-b3b9-b9ce1c3b72c9,for KING & COUNTRY,594beb50-0853-4e48-b3b9-b9ce1c3b72c9,
c68bda82-b62d-4b5f-87ba-fb014adacd8a,River,162000,True,,official,Miley Cyrus,Miley Cyrus,7e9bd05a-117f-4cce-87bc-e011527a8b18,Miley Cyrus,7e9bd05a-117f-4cce-87bc-e011527a8b18,
89999fd3-caf7-4027-aeed-15a1571858ec,God Only Knows,263000,True,,official,for KING & COUNTRY,for KING & COUNTRY,594beb50-0853-4e48-b3b9-b9ce1c3b72c9,for KING & COUNTRY,594beb50-0853-4e48-b3b9-b9ce1c3b72c9,
a043be24-df3c-4caf-89c4-acfe6c2a0013,People Change,268000,True,,official,for KING & COUNTRY,for KING & COUNTRY,594beb50-0853-4e48-b3b9-b9ce1c3b72c9,for KING & COUNTRY,594beb50-0853-4e48-b3b9-b9ce1c3b72c9,
f94c0fe1-a00b-4ff6-b52e-125dcfbe6817,RELATE,196000,True,,official,for KING & COUNTRY,for KING & COUNTRY,594beb50-0853-4e48-b3b9-b9ce1c3b72c9,for KING & COUNTRY,594beb50-0853-4e48-b3b9-b9ce1c3b72c9,
faaa5b6b-f22d-46d4-897c-7b727c59f3b3,Do You Hear What I Hear?,189000,True,,official,for KING & COUNTRY,for KING & COUNTRY,594beb50-0853-4e48-b3b9-b9ce1c3b72c9,for KING & COUNTRY,594beb50-0853-4e48-b3b9-b9ce1c3b72c9,
53612011-a3b3-4ec7-8bd6-650a875a6d32,Malibu,228000,True,,official,Miley Cyrus,Miley Cyrus,7e9bd05a-117f-4cce-87bc-e011527a8b18,Miley Cyrus,7e9bd05a-117f-4cce-87bc-e011527a8b18,
9e24195c-2835-4d3c-8524-533016e00f75,Prisoner,194000,True,,official,Miley Cyrus feat. Dua Lipa,Miley Cyrus|Dua Lipa,7e9bd05a-117f-4cce-87bc-e011527a8b18|6f1a58bf-9b1b-49cf-a44a-6cefad7ae04f,Miley Cyrus,7e9bd05a-117f-4cce-87bc-e011527a8b18,
265a7b71-e34b-4203-bf44-a00e908bc862,pioneers,312000,True,,official,for KING & COUNTRY,for KING & COUNTRY,594beb50-0853-4e48-b3b9-b9ce1c3b72c9,for KING & COUNTRY,594beb50-0853-4e48-b3b9-b9ce1c3b72c9,
9f9ac877-012a-402d-a862-918c78e809f0,Doomswitch,287000,True,,official music video,Make Them Suffer,Make Them Suffer,b6f8cce8-cbac-48a0-b0fa-d6cc06447928,Make Them Suffer,b6f8cce8-cbac-48a0-b0fa-d6cc06447928,
d69bbd26-d06d-44ec-9aea-3a620ea5e631,amen,235000,True,,official,for KING & COUNTRY,for KING & COUNTRY,594beb50-0853-4e48-b3b9-b9ce1c3b72c9,for KING & COUNTRY,594beb50-0853-4e48-b3b9-b9ce1c3b72c9,
a02ab3b2-fb2d-45af-912d-79140ec05b58,Flowers,201000,True,,official,Miley Cyrus,Miley Cyrus,7e9bd05a-117f-4cce-87bc-e011527a8b18,Miley Cyrus,7e9bd05a-117f-4cce-87bc-e011527a8b18,
1dac8fe4-5736-41a0-8d31-c207b5ac4f50,Ceasefire,258000,True,,official,for KING & COUNTRY,for KING & COUNTRY,594beb50-0853-4e48-b3b9-b9ce1c3b72c9,for KING & COUNTRY,594beb50-0853-4e48-b3b9-b9ce1c3b72c9,
36ea75db-fde3-4999-a475-84362825e8ae,Love Me Like I Am,195000,True,,official,for KING & COUNTRY,for KING & COUNTRY,594beb50-0853-4e48-b3b9-b9ce1c3b72c9,for KING & COUNTRY,594beb50-0853-4e48-b3b9-b9ce1c3b72c9,
8fe38126-2e82-49bb-9823-ef2fd507eecf,burn the ships,282000,True,,official,for KING & COUNTRY,for KING & COUNTRY,594beb50-0853-4e48-b3b9-b9ce1c3b72c9,for KING & COUNTRY,594beb50-0853-4e48-b3b9-b9ce1c3b72c9,
34c65ed7-94f3-4fae-b493-ca8496e874ff,Out Of This World,225000,True,,official,Amber Mark,Amber Mark,b44e2752-deb5-4f10-b8e9-6671484acb34,Amber Mark,b44e2752-deb5-4f10-b8e9-6671484acb34,
80489b98-2836-4faa-b598-ca4109036505,Foreign Things,271000,True,,official,Amber Mark,Amber Mark,b44e2752-deb5-4f10-b8e9-6671484acb34,Amber Mark,b44e2752-deb5-4f10-b8e9-6671484acb34,
e6c560bf-e238-4591-834f-610e5e17765c,Bliss,243000,True,,official,Amber Mark,Amber Mark,b44e2752-deb5-4f10-b8e9-6671484acb34,Amber Mark,b44e2752-deb5-4f10-b8e9-6671484acb34,
f2c7e5c4-3938-4a7d-bec5-346260f59228,No Surrender,386000,True,,"live, 2023‐03‐16: Wells Fargo Center, Philadelphia, PA, USA; YouTube – OhioRails",Bruce Springsteen & The E Street Band,Bruce Springsteen|The E Street Band,70248960-cb53-4ea4-943a-edb18f7d336f|d6652e7b-33fe-49ef-8336-4c863b4f996f,Bruce Springsteen,70248960-cb53-4ea4-943a-edb18f7d336f,
928bad2c-59f1-4876-9e55-a0beb269cf2a,Trapped,303000,True,,"live, 2023‐03‐16: Wells Fargo Center, Philadelphia, PA, USA; YouTube – OhioRails",Bruce Springsteen & The E Street Band,Bruce Springsteen|The E Street Band,70248960-cb53-4ea4-943a-edb18f7d336f|d6652e7b-33fe-49ef-8336-4c863b4f996f,Bruce Springsteen,70248960-cb53-4ea4-943a-edb18f7d336f,
e51d13b9-a19a-4347-8973-ae5cc316731a,Les Nuits,217000,True,,Official Video,Nightmares on Wax,Nightmares on Wax,b8c5cc4f-239f-4e02-b46f-b040b77c2030,Nightmares on Wax,b8c5cc4f-239f-4e02-b46f-b040b77c2030,
3092ab1c-eb7f-4596-8d7f-214be78f84f7,My Master's Will,268000,True,,Official Video,Israel Vibration,Israel Vibration,ffce4003-a756-46c0-b062-2e942de13d37,Israel Vibration,ffce4003-a756-46c0-b062-2e942de13d37,
22d0e1e3-d4bf-4e1b-a04b-9b982a288980,You Wish,211000,True,,Official Video,Nightmares on Wax,Nightmares on Wax,b8c5cc4f-239f-4e02-b46f-b040b77c2030,Nightmares on Wax,b8c5cc4f-239f-4e02-b46f-b040b77c2030,
f46fd7cc-0d7f-4bae-a99f-b39519996e2b,Fall In Love,237000,True,,Official Video,Estelle feat. John Legend,Estelle|John Legend,4c7a5854-6b75-4623-a684-6a3d785d9015|75a72702-a5ef-4513-bca5-c5b944903546,Estelle,4c7a5854-6b75-4623-a684-6a3d785d9015,
49183b14-1c4a-4ea1-a0d1-7ecfb7ce4b1b,Don't Know Why,183000,True,,Official Video,Norah Jones,Norah Jones,985c709c-7771-4de3-9024-7bda29ebe3f9,Norah Jones,985c709c-7771-4de3-9024-7bda29ebe3f9,
bd308c7d-d2da-416d-bca4-d1cc848e5726,Wonderful Life,248000,True,,Official Video,Estelle,Estelle,4c7a5854-6b75-4623-a684-6a3d785d9015,Estelle,4c7a5854-6b75-4623-a684-6a3d785d9015,
04963d34-0f43-4163-924b-0f226abd1f2b,Back to Black,241000,True,,Official Video,Amy Winehouse,Amy Winehouse,dfe9a7c4-8cf2-47f4-9dcb-d233c2b86ec3,Amy Winehouse,dfe9a7c4-8cf2-47f4-9dcb-d233c2b86ec3,
765b0769-7801-486e-986c-0b0e2967efba,Money,206000,True,,Official Video,Cardi B,Cardi B,2f3c4d70-0462-40da-bba3-0aec5772c556,Cardi B,2f3c4d70-0462-40da-bba3-0aec5772c556,
1c3dfa48-6653-4be0-94b6-8825ab0b5be8,Come Away With Me,195000,True,,Official Video,Norah Jones,Norah Jones,985c709c-7771-4de3-9024-7bda29ebe3f9,Norah Jones,985c709c-7771-4de3-9024-7bda29ebe3f9,
15b6ec74-8ef7-48a9-bdc5-bf2b4fd62fce,Paper Planes,205000,True,,Official Video,M.I.A.,M.I.A.,7cf0ea9d-86b9-4dad-ba9e-2355a64899ea,M.I.A.,7cf0ea9d-86b9-4dad-ba9e-2355a64899ea,
4fefb880-b0b1-44df-b6d9-d061bc161fbc,Let Down,256000,True,,Official Video,Easy Star All‐Stars feat. Toots & The Maytals,Easy Star All-Stars|Toots & The Maytals,0cee95e3-a61d-4cd1-a39c-75464a05b606|29730ee3-e1c7-4e28-9ccd-3a0e6b0e8103,Easy Star All-Stars,0cee95e3-a61d-4cd1-a39c-75464a05b606,
1581316b-61ea-40d4-bdf2-da3f9e019580,I Like It,257000,True,,Official Video,Cardi B,Cardi B,2f3c4d70-0462-40da-bba3-0aec5772c556,Cardi B,2f3c4d70-0462-40da-bba3-0aec5772c556,
6e1ca853-c05f-4d18-a6df-1b6be88960f2,Just A Friend,280000,True,,Official Video,Biz Markie,Biz Markie,48b48175-5ffd-49a2-88e2-ca84118544ca,Biz Markie,48b48175-5ffd-49a2-88e2-ca84118544ca,
60118797-93a7-49a5-8f03-e1ac2710175c,Fade Into You,262000,True,,Official Video,Mazzy Star,Mazzy Star,c48d4327-8122-4286-af66-05e1ee6ac4d8,Mazzy Star,c48d4327-8122-4286-af66-05e1ee6ac4d8,
0af1d2f7-d43c-43b8-9300-5973046391b5,Carry On,171000,True,,Official Video,Norah Jones,Norah Jones,985c709c-7771-4de3-9024-7bda29ebe3f9,Norah Jones,985c709c-7771-4de3-9024-7bda29ebe3f9,
ec957ef6-6e44-4ca2-8571-064bd31b75a1,Atomic,272000,False,,,Lektrique & Seek N Destroy,LeKtriQue|Seek N Destroy,05f64359-5385-4e82-8472-ab9e0b7c4520|56fa5b65-fd34-4c93-bbe9-4ae91f2fdbe3,LeKtriQue,05f64359-5385-4e82-8472-ab9e0b7c4520,
7111b7d3-1128-4541-9777-9ecdaf141853,Reload,199000,True,,Official Video,M.I.A.,M.I.A.,7cf0ea9d-86b9-4dad-ba9e-2355a64899ea,M.I.A.,7cf0ea9d-86b9-4dad-ba9e-2355a64899ea,
aa2321b5-868a-4b96-811f-72e63b61e2d2,The Rising,293000,True,,"live, 2023‐03‐16: Wells Fargo Center, Philadelphia, PA, USA; YouTube – Spring‐Nuts",Bruce Springsteen & The E Street Band,Bruce Springsteen|The E Street Band,70248960-cb53-4ea4-943a-edb18f7d336f|d6652e7b-33fe-49ef-8336-4c863b4f996f,Bruce Springsteen,70248960-cb53-4ea4-943a-edb18f7d336f,
dca52cc4-81dc-49c8-b8ca-31c35c6b4802,I’ll See You in My Dreams,203000,True,,"live, 2023‐03‐16: Wells Fargo Center, Philadelphia, PA, USA; YouTube – chris javaruski, video edited with the official audio from the Springsteen archives download",Bruce Springsteen & The E Street Band,Bruce Springsteen|The E Street Band,70248960-cb53-4ea4-943a-edb18f7d336f|d6652e7b-33fe-49ef-8336-4c863b4f996f,Bruce Springsteen,70248960-cb53-4ea4-943a-edb18f7d336f,
46ec39e0-4e61-49e5-b155-93791d36fa2c,No Surrender,252000,True,,"live, 2023‐03‐18: Bryce Jordan Center, University Park, PA, USA; YouTube – tmancuso",Bruce Springsteen & The E Street Band,Bruce Springsteen|The E Street Band,70248960-cb53-4ea4-943a-edb18f7d336f|d6652e7b-33fe-49ef-8336-4c863b4f996f,Bruce Springsteen,70248960-cb53-4ea4-943a-edb18f7d336f,
d11943d1-f873-467c-b375-8f9f6bf8041c,Last Man Standing,218000,False,,"live, 2023‐03‐02: Ball Arena, Denver, CO, USA; YouTube – Badlands72, from Springsteen’s official live download site at live.brucespringsteen.net",Bruce Springsteen & The E Street Band,Bruce Springsteen|The E Street Band,70248960-cb53-4ea4-943a-edb18f7d336f|d6652e7b-33fe-49ef-8336-4c863b4f996f,Bruce Springsteen,70248960-cb53-4ea4-943a-edb18f7d336f,
2f7499ec-70e0-4f49-865d-a08b0b33df63,Trapped,313000,True,,"live, 2023‐03‐16: Wells Fargo Center, Philadelphia, PA, USA; YouTube – Reggie714, multicam and video edited with the official audio from the Springsteen archives download",Bruce Springsteen & The E Street Band,Bruce Springsteen|The E Street Band,70248960-cb53-4ea4-943a-edb18f7d336f|d6652e7b-33fe-49ef-8336-4c863b4f996f,Bruce Springsteen,70248960-cb53-4ea4-943a-edb18f7d336f,
c8ce5590-b981-47d2-bf50-3ca10571593e,Born to Run,334000,True,,"live, 2023‐03‐20: TD Garden, Boston, MA, USA; YouTube – Robert Ahearn",Bruce Springsteen & The E Street Band,Bruce Springsteen|The E Street Band,70248960-cb53-4ea4-943a-edb18f7d336f|d6652e7b-33fe-49ef-8336-4c863b4f996f,Bruce Springsteen,70248960-cb53-4ea4-943a-edb18f7d336f,
e76dab16-b87c-416f-ba24-49483f0d333b,Cocoon,,False,,,Ariana Grande,Ariana Grande,f4fdbb4c-e4b7-47a0-b83b-d91bbfcfa387,Ariana Grande,f4fdbb4c-e4b7-47a0-b83b-d91bbfcfa387,
0a484743-7a4a-40aa-82d3-d62daa9e6386,100,,False,,,Ariana Grande,Ariana Grande,f4fdbb4c-e4b7-47a0-b83b-d91bbfcfa387,Ariana Grande,f4fdbb4c-e4b7-47a0-b83b-d91bbfcfa387,
f74b320d-4655-470f-ae30-a7fbbfd50dbf,Farewell,273000,True,,,Rod Stewart,Rod Stewart,a35237a0-4f47-40a6-b6f3-1e786db23402,Rod Stewart,a35237a0-4f47-40a6-b6f3-1e786db23402,
7bba79ec-afe1-4e5d-8dc5-e68e9503ae63,Sex,,False,,,Ariana Grande,Ariana Grande,f4fdbb4c-e4b7-47a0-b83b-d91bbfcfa387,Ariana Grande,f4fdbb4c-e4b7-47a0-b83b-d91bbfcfa387,
719f72c8-a362-4bc6-9f98-965c0b0bc9e5,Wir eskalieren,216000,True,,,FiNCH x Mia Julia,FiNCH|Mia Julia,92653164-7cbd-468f-afa3-b0baa3e05986|2854b420-eb79-457b-ba7a-baf30e33d0b4,FiNCH,92653164-7cbd-468f-afa3-b0baa3e05986,
038b5632-6e48-430d-b583-90fb0b7f70f2,My Way,,False,,,Ariana Grande,Ariana Grande,f4fdbb4c-e4b7-47a0-b83b-d91bbfcfa387,Ariana Grande,f4fdbb4c-e4b7-47a0-b83b-d91bbfcfa387,
450483ab-cf58-40cb-b0ca-42425cbccdb8,I’ll See You in My Dreams,182000,True,,"live, 2023‐03‐16: Wells Fargo Center, Philadelphia, PA, USA; YouTube – Dave",Bruce Springsteen,Bruce Springsteen,70248960-cb53-4ea4-943a-edb18f7d336f,Bruce Springsteen,70248960-cb53-4ea4-943a-edb18f7d336f,
27cd7553-c923-4160-a245-38f6bc00ebc8,Remember,,False,,,Ariana Grande,Ariana Grande,f4fdbb4c-e4b7-47a0-b83b-d91bbfcfa387,Ariana Grande,f4fdbb4c-e4b7-47a0-b83b-d91bbfcfa387,
f5cf99b4-9b5a-4ee7-8807-e2cf5f1c553d,I’ll See You in My Dreams,205000,True,,"live, 2023‐03‐16: Wells Fargo Center, Philadelphia, PA, USA; YouTube – TapeheadToo",Bruce Springsteen,Bruce Springsteen,70248960-cb53-4ea4-943a-edb18f7d336f,Bruce Springsteen,70248960-cb53-4ea4-943a-edb18f7d336f,
66ad602f-ef29-4375-a23c-833f4d5d2dae,Everyday,,False,,,James Taylor,James Taylor,107d0c22-d051-4d98-8206-4e14de02132a,James Taylor,107d0c22-d051-4d98-8206-4e14de02132a,
35ed9f49-ad4e-4a4d-80d2-547478e90b00,Last Man Standing,438000,True,,"live, 2023‐03‐16: Wells Fargo Center, Philadelphia, PA, USA; YouTube – Dave",Bruce Springsteen & The E Street Band,Bruce Springsteen|The E Street Band,70248960-cb53-4ea4-943a-edb18f7d336f|d6652e7b-33fe-49ef-8336-4c863b4f996f,Bruce Springsteen,70248960-cb53-4ea4-943a-edb18f7d336f,
44cef5bf-86a1-450d-bc17-d93a56206b3f,No Surrender,382000,True,,"live, 2023‐02‐01: Amalie Arena, Tampa, FL, USA; YouTube – thepriceyoupay",Bruce Springsteen & The E Street Band,Bruce Springsteen|The E Street Band,70248960-cb53-4ea4-943a-edb18f7d336f|d6652e7b-33fe-49ef-8336-4c863b4f996f,Bruce Springsteen,70248960-cb53-4ea4-943a-edb18f7d336f,
ca25899f-17b5-4bea-aab0-91b0b255ff97,Country Road,,False,,,James Taylor,James Taylor,107d0c22-d051-4d98-8206-4e14de02132a,James Taylor,107d0c22-d051-4d98-8206-4e14de02132a,
aa1d6ee3-ca7a-4141-87a7-8a382fd09772,Because the Night,312000,True,,"live, 2023‐03‐16: Wells Fargo Center, Philadelphia, PA, USA; YouTube – Feewaybill57",Bruce Springsteen & The E Street Band,Bruce Springsteen|The E Street Band,70248960-cb53-4ea4-943a-edb18f7d336f|d6652e7b-33fe-49ef-8336-4c863b4f996f,Bruce Springsteen,70248960-cb53-4ea4-943a-edb18f7d336f,
bd454918-0b67-47ca-a088-2dad2b095d1a,Another Day,,False,,,James Taylor,James Taylor,107d0c22-d051-4d98-8206-4e14de02132a,James Taylor,107d0c22-d051-4d98-8206-4e14de02132a,
26a3b64d-ed2d-424c-9ae8-ba11abc826b8,I’m on Fire,190000,True,,"live, 2023‐03‐18: Bryce Jordan Center, University Park, PA, USA; YouTube – chris javaruski, multicam and video edited with the official audio from the Springsteen archives download",Bruce Springsteen & The E Street Band,Bruce Springsteen|The E Street Band,70248960-cb53-4ea4-943a-edb18f7d336f|d6652e7b-33fe-49ef-8336-4c863b4f996f,Bruce Springsteen,70248960-cb53-4ea4-943a-edb18f7d336f,
3e7f6845-81e5-47d3-b6d5-b7d2b9cad127,No Surrender,375000,True,,"live, 2023‐03‐25: Greensboro Coliseum, Greensboro, NC, USA; YouTube – oldgreycat",Bruce Springsteen & The E Street Band,Bruce Springsteen|The E Street Band,70248960-cb53-4ea4-943a-edb18f7d336f|d6652e7b-33fe-49ef-8336-4c863b4f996f,Bruce Springsteen,70248960-cb53-4ea4-943a-edb18f7d336f,
d2fb3cd9-273a-496f-9ad1-030fefd587b8,Trapped,290000,True,,"live, 2023‐03‐27: Capital One Arena, Washington, DC, USA; YouTube – Concert Chick",Bruce Springsteen & The E Street Band,Bruce Springsteen|The E Street Band,70248960-cb53-4ea4-943a-edb18f7d336f|d6652e7b-33fe-49ef-8336-4c863b4f996f,Bruce Springsteen,70248960-cb53-4ea4-943a-edb18f7d336f,
904703f7-ac80-4a1e-b861-1c1b6f891ab3,No Surrender,370000,True,,"live, 2023‐03‐23: KeyBank Center, Buffalo, NY, USA; YouTube – OhioRails",Bruce Springsteen & The E Street Band,Bruce Springsteen|The E Street Band,70248960-cb53-4ea4-943a-edb18f7d336f|d6652e7b-33fe-49ef-8336-4c863b4f996f,Bruce Springsteen,70248960-cb53-4ea4-943a-edb18f7d336f,
c8c3b846-151e-4be9-8ad6-31905d5769c3,Trapped,286000,True,,"live, 2023‐03‐23: KeyBank Center, Buffalo, NY, USA; YouTube – Denise P",Bruce Springsteen & The E Street Band,Bruce Springsteen|The E Street Band,70248960-cb53-4ea4-943a-edb18f7d336f|d6652e7b-33fe-49ef-8336-4c863b4f996f,Bruce Springsteen,70248960-cb53-4ea4-943a-edb18f7d336f,
fd5a4093-db1a-4ab5-a2aa-5e7f67253221,Unstoppable,218000,True,,official music video,Sia,Sia,2f548675-008d-4332-876c-108b0c7ab9c5,Sia,2f548675-008d-4332-876c-108b0c7ab9c5,
e98d125f-708f-48d8-96e7-39364d7e88d2,Off the Wall,,False,,,Michael Jackson,Michael Jackson,f27ec8db-af05-4f36-916e-3d57f91ecf5e,Michael Jackson,f27ec8db-af05-4f36-916e-3d57f91ecf5e,
cb514aae-bab0-461d-b36a-b0fe797c1cdc,Bad,,False,,,Michael Jackson,Michael Jackson,f27ec8db-af05-4f36-916e-3d57f91ecf5e,Michael Jackson,f27ec8db-af05-4f36-916e-3d57f91ecf5e,
6c6645bd-e5e0-4977-8f45-32bed823e2c8,The Rising,297000,True,,"live, 2023‐03‐16: Wells Fargo Center, Philadelphia, PA, USA; YouTube – Springsteen & Rock Music, video edited with the official audio from the Springsteen archives download",Bruce Springsteen & The E Street Band,Bruce Springsteen|The E Street Band,70248960-cb53-4ea4-943a-edb18f7d336f|d6652e7b-33fe-49ef-8336-4c863b4f996f,Bruce Springsteen,70248960-cb53-4ea4-943a-edb18f7d336f,
f9ed6c6b-bba5-444d-86b9-4996a2509700,Trapped,301000,True,,"live, 2023‐03‐16: Wells Fargo Center, Philadelphia, PA, USA; YouTube – Springsteen & Rock Music, video edited with the official audio from the Springsteen archives download",Bruce Springsteen & The E Street Band,Bruce Springsteen|The E Street Band,70248960-cb53-4ea4-943a-edb18f7d336f|d6652e7b-33fe-49ef-8336-4c863b4f996f,Bruce Springsteen,70248960-cb53-4ea4-943a-edb18f7d336f,
1fc95992-ef2d-46c5-b4c9-649f2c50c247,Dirty Water,248000,True,,"live, 2023‐03‐20: TD Garden, Boston, MA, USA; YouTube – Springsteen & Rock Music, video edited with the official audio from the Springsteen archives download",Bruce Springsteen & The E Street Band,Bruce Springsteen|The E Street Band,70248960-cb53-4ea4-943a-edb18f7d336f|d6652e7b-33fe-49ef-8336-4c863b4f996f,Bruce Springsteen,70248960-cb53-4ea4-943a-edb18f7d336f,
b4127751-f2d5-4b4c-adb9-dc6bda232c16,Letting Go,211000,False,,,Mohombi,Mohombi,257f84f9-a920-40cd-a810-3e48c57d275d,Mohombi,257f84f9-a920-40cd-a810-3e48c57d275d,
1de03487-f670-493c-9573-6a95d347a248,Dirty Water,264000,True,,"live, 2023‐03‐20: TD Garden, Boston, MA, USA; YouTube – Reggie714, multicam and video edited with the official audio from the Springsteen archives download",Bruce Springsteen & The E Street Band,Bruce Springsteen|The E Street Band,70248960-cb53-4ea4-943a-edb18f7d336f|d6652e7b-33fe-49ef-8336-4c863b4f996f,Bruce Springsteen,70248960-cb53-4ea4-943a-edb18f7d336f,
b7faadb7-ebd3-4107-8bbd-a406e95ce824,She’s the One,317000,True,,"live, 2023‐03‐16: Wells Fargo Center, Philadelphia, PA, USA; YouTube – chris javaruski, multicam and video edited with the official audio from the Springsteen archives download",Bruce Springsteen & The E Street Band,Bruce Springsteen|The E Street Band,70248960-cb53-4ea4-943a-edb18f7d336f|d6652e7b-33fe-49ef-8336-4c863b4f996f,Bruce Springsteen,70248960-cb53-4ea4-943a-edb18f7d336f,
d2d6fd27-04bc-46e4-afe0-b70e0c01012f,Careful What You Wish For,272000,True,,official music video,Bad Omens,Bad Omens,eecada09-acfc-472d-ae55-e9e5a43f12d8,Bad Omens,eecada09-acfc-472d-ae55-e9e5a43f12d8,
6d0576b4-9a59-4f84-97d7-a161b45267a7,Glass Houses,239000,True,,official music video,Bad Omens,Bad Omens,eecada09-acfc-472d-ae55-e9e5a43f12d8,Bad Omens,eecada09-acfc-472d-ae55-e9e5a43f12d8,
07669174-586c-46ea-87c4-9347350b9f17,Limits,209000,True,,official music video,Bad Omens,Bad Omens,eecada09-acfc-472d-ae55-e9e5a43f12d8,Bad Omens,eecada09-acfc-472d-ae55-e9e5a43f12d8,
d4c34037-37fb-4972-a49d-677381ec68f5,THE DEATH OF PEACE OF MIND,241000,True,,official music video,Bad Omens,Bad Omens,eecada09-acfc-472d-ae55-e9e5a43f12d8,Bad Omens,eecada09-acfc-472d-ae55-e9e5a43f12d8,
915d6898-89fd-498f-9acc-caeb0b9f2a1f,Like A Villain,212000,True,,official music video,Bad Omens,Bad Omens,eecada09-acfc-472d-ae55-e9e5a43f12d8,Bad Omens,eecada09-acfc-472d-ae55-e9e5a43f12d8,
c5a5180e-a6f0-4d91-92ff-4bda1b2185ff,ARTIFICIAL SUICIDE,197000,True,,official music video,Bad Omens,Bad Omens,eecada09-acfc-472d-ae55-e9e5a43f12d8,Bad Omens,eecada09-acfc-472d-ae55-e9e5a43f12d8,
3217c2fc-753d-4c37-ab76-34a0875e41ed,CONCRETE JUNGLE,232000,True,,official music video,Bad Omens,Bad Omens,eecada09-acfc-472d-ae55-e9e5a43f12d8,Bad Omens,eecada09-acfc-472d-ae55-e9e5a43f12d8,
74b61843-1a70-48db-ad15-f656dd3fb8c0,Nowhere To Go,249000,True,,official music video,Bad Omens,Bad Omens,eecada09-acfc-472d-ae55-e9e5a43f12d8,Bad Omens,eecada09-acfc-472d-ae55-e9e5a43f12d8,
6e97af86-21cc-4535-b797-60f2d9e77e6c,Dethrone,210000,True,,official music video,Bad Omens,Bad Omens,eecada09-acfc-472d-ae55-e9e5a43f12d8,Bad Omens,eecada09-acfc-472d-ae55-e9e5a43f12d8,
b7edfd2b-c695-4341-a5f0-2c01b5add857,The Grey,247000,True,,official music video,Bad Omens,Bad Omens,eecada09-acfc-472d-ae55-e9e5a43f12d8,Bad Omens,eecada09-acfc-472d-ae55-e9e5a43f12d8,
d05cd384-816b-4608-9da0-28b2d7565812,The Worst In Me,232000,True,,official music video,Bad Omens,Bad Omens,eecada09-acfc-472d-ae55-e9e5a43f12d8,Bad Omens,eecada09-acfc-472d-ae55-e9e5a43f12d8,
abb316e2-729e-46e1-8b0a-f6cd0871cd11,BITCH,208000,True,,official music video,Lennon Stella,Lennon Stella,b7179522-d90d-4b02-8082-af4e3589f337,Lennon Stella,b7179522-d90d-4b02-8082-af4e3589f337,
32d89782-438b-442c-8856-26214021ce69,Jealous,128000,True,,official music video,Lennon Stella,Lennon Stella,b7179522-d90d-4b02-8082-af4e3589f337,Lennon Stella,b7179522-d90d-4b02-8082-af4e3589f337,
fbc310ba-f393-405b-b1b2-1d01200d35d1,Fancy,191000,True,,official music video,Lennon Stella,Lennon Stella,b7179522-d90d-4b02-8082-af4e3589f337,Lennon Stella,b7179522-d90d-4b02-8082-af4e3589f337,
947d30a9-00b0-426e-92fe-737cd3759bd0,Takeaway,229000,True,,official music video,The Chainsmokers & ILLENIUM ft. Lennon Stella,The Chainsmokers|ILLENIUM|Lennon Stella,91a81925-92f9-4fc9-b897-93cf01226282|5f43abf6-92a5-468a-a633-b73f94627972|b7179522-d90d-4b02-8082-af4e3589f337,The Chainsmokers,91a81925-92f9-4fc9-b897-93cf01226282,
07b2f419-804e-4bdf-9ce0-65465134ec8f,Because the Night,341000,True,,"live, 2023‐03‐18: Bryce Jordan Center, University Park, PA, USA; YouTube – chris javaruski, multicam and video edited with the official audio from the Springsteen archives download",Bruce Springsteen & The E Street Band,Bruce Springsteen|The E Street Band,70248960-cb53-4ea4-943a-edb18f7d336f|d6652e7b-33fe-49ef-8336-4c863b4f996f,Bruce Springsteen,70248960-cb53-4ea4-943a-edb18f7d336f,
7978a18f-01ba-49ea-87e0-1dbde4fedf0d,Bubble,226000,True,,official music video,Lennon Stella,Lennon Stella,b7179522-d90d-4b02-8082-af4e3589f337,Lennon Stella,b7179522-d90d-4b02-8082-af4e3589f337,
908d4722-27a1-41bf-b50a-51b6bb17d4af,La Di Da,210000,True,,official music video,Lennon Stella,Lennon Stella,b7179522-d90d-4b02-8082-af4e3589f337,Lennon Stella,b7179522-d90d-4b02-8082-af4e3589f337,
0dc0e867-c4bf-43f8-95e3-01f180ca2b5f,Feelings,230000,True,,official music video,Lennon Stella,Lennon Stella,b7179522-d90d-4b02-8082-af4e3589f337,Lennon Stella,b7179522-d90d-4b02-8082-af4e3589f337,
c1e47587-54d2-4339-a6fa-6c3dc8459a7d,Bad,189000,True,,official music video,Lennon Stella,Lennon Stella,b7179522-d90d-4b02-8082-af4e3589f337,Lennon Stella,b7179522-d90d-4b02-8082-af4e3589f337,
b0849d1b-0952-45bb-b2f8-1b3752fe6c59,Behold,318000,False,,,Axwell,Axwell,4539050e-e355-4c39-bdfa-e74cb67ce365,Axwell,4539050e-e355-4c39-bdfa-e74cb67ce365,
b12001ec-beb8-43a8-982b-53236a52fef9,Brain Damage,,False,,,Pink Floyd,Pink Floyd,83d91898-7763-47d7-b03b-b92132375c47,Pink Floyd,83d91898-7763-47d7-b03b-b92132375c47,
a6551ede-1f13-494b-b83e-07eff4da7f38,Pocky Boy,240000,True,,,yeule,yeule,31da7b06-bc30-4a1f-9f4a-c2ac1a84167f,yeule,31da7b06-bc30-4a1f-9f4a-c2ac1a84167f,
6ea4fbd0-9f77-43d3-a5f6-6ec564b27296,Poison Arrow,282000,True,,,yeule,yeule,31da7b06-bc30-4a1f-9f4a-c2ac1a84167f,yeule,31da7b06-bc30-4a1f-9f4a-c2ac1a84167f,
645de40e-7aa4-43f8-b557-55e3f46390ad,Pixel Affection,221000,True,,,yeule,yeule,31da7b06-bc30-4a1f-9f4a-c2ac1a84167f,yeule,31da7b06-bc30-4a1f-9f4a-c2ac1a84167f,
82d7fa04-658e-48b9-88fd-b19f29634e1f,Intoxicated,191000,False,,,Martin Solveig & GTA,Martin Solveig|Good Times Ahead,06db73fd-57e2-4a6f-bcd3-699fb7bb7af4|e92d6330-65d2-445e-82e5-b98c683e727b,Martin Solveig,06db73fd-57e2-4a6f-bcd3-699fb7bb7af4,
adcbfeb6-c6eb-4af9-8e4b-4deea363e3c6,Bang!,173000,True,,,AJR,AJR,2eb55bd9-cfbf-44fd-a5da-92dd825284c7,AJR,2eb55bd9-cfbf-44fd-a5da-92dd825284c7,
39ae736c-e4ac-4085-80d9-0953a824ae8c,Playgirl,230000,True,,,Ladytron,Ladytron,b45335d1-5219-4262-a44d-936aa36eeaed,Ladytron,b45335d1-5219-4262-a44d-936aa36eeaed,
9e73097d-2b4d-4270-9bcb-ac05c2461b01,No Rain,247000,True,,,Blind Melon,Blind Melon,38c5cdab-5d6d-43d1-85b0-dac41bde186e,Blind Melon,38c5cdab-5d6d-43d1-85b0-dac41bde186e,
3703672e-1142-40db-9390-1b7e8ada4d9e,Mirage,253000,True,,,Ladytron,Ladytron,b45335d1-5219-4262-a44d-936aa36eeaed,Ladytron,b45335d1-5219-4262-a44d-936aa36eeaed,
d93bac29-4dd9-453d-90e0-a101e0250c23,Sugar,189000,True,,,Ladytron,Ladytron,b45335d1-5219-4262-a44d-936aa36eeaed,Ladytron,b45335d1-5219-4262-a44d-936aa36eeaed,
f35d268e-ef1f-4cf9-940b-a1a375002ece,Destroy Everything You Touch,233000,True,,,Ladytron,Ladytron,b45335d1-5219-4262-a44d-936aa36eeaed,Ladytron,b45335d1-5219-4262-a44d-936aa36eeaed,
eaa1a05e-9db5-4a46-b433-f10a4f0bd4cc,Mer du Japon,152000,True,,official music video,Air,Air,cb67438a-7f50-4f2b-a6f1-2bb2729fd538,Air,cb67438a-7f50-4f2b-a6f1-2bb2729fd538,
1f7be8b8-5ce3-494d-968d-3ca4800add01,I Wonder,272000,True,,Official Music Video,Blind Melon,Blind Melon,38c5cdab-5d6d-43d1-85b0-dac41bde186e,Blind Melon,38c5cdab-5d6d-43d1-85b0-dac41bde186e,
ae88f390-2f58-4a2a-ae3c-922c31f8d08b,BANG!!!,190000,True,,Music Video,EGOIST,EGOIST,fb483f0a-d1ec-4a98-8237-0b1d7542aca7,EGOIST,fb483f0a-d1ec-4a98-8237-0b1d7542aca7,
68035c5e-75c5-4d89-b8f4-11e1974d9840,Blue Jeans,233000,True,,,Ladytron,Ladytron,b45335d1-5219-4262-a44d-936aa36eeaed,Ladytron,b45335d1-5219-4262-a44d-936aa36eeaed,
55533440-6f5d-4d95-b3e8-72ba586f1e86,Tomorrow,217000,True,,,Ladytron,Ladytron,b45335d1-5219-4262-a44d-936aa36eeaed,Ladytron,b45335d1-5219-4262-a44d-936aa36eeaed,
4a1a08cb-f1ea-4f64-892e-501cbbb24665,All I Need,268000,True,,Official Music Video,Air,Air,cb67438a-7f50-4f2b-a6f1-2bb2729fd538,Air,cb67438a-7f50-4f2b-a6f1-2bb2729fd538,
3907615c-97cc-484c-95a9-7200e9446cc5,Change,221000,True,,Official Music Video,Blind Melon,Blind Melon,38c5cdab-5d6d-43d1-85b0-dac41bde186e,Blind Melon,38c5cdab-5d6d-43d1-85b0-dac41bde186e,
a05e456c-a1f1-4477-b979-124dd29cfd10,Ghosts,256000,True,,,Ladytron,Ladytron,b45335d1-5219-4262-a44d-936aa36eeaed,Ladytron,b45335d1-5219-4262-a44d-936aa36eeaed,
95ee9446-8532-4df3-86ab-d93c94deb06c,Evil,212000,True,,,Ladytron,Ladytron,b45335d1-5219-4262-a44d-936aa36eeaed,Ladytron,b45335d1-5219-4262-a44d-936aa36eeaed,
1a656617-5e22-4272-ab3b-445906af6b17,Overdose,193000,True,,,なとり,なとり,cad9e169-893d-4432-a23f-3aa16beb9f0e,なとり,cad9e169-893d-4432-a23f-3aa16beb9f0e,
c1a86f39-41b1-46d3-a1f1-877dce40e580,Spoonman,265000,True,,Music video,Soundgarden,Soundgarden,153c9281-268f-4cf3-8938-f5a4593e5df4,Soundgarden,153c9281-268f-4cf3-8938-f5a4593e5df4,
b66b8606-efdf-44b8-a5f9-9b72ebddb05b,Oceans,160000,True,,Music video,Pearl Jam,Pearl Jam,83b9cbe7-9857-49e2-ab8e-b57b01038103,Pearl Jam,83b9cbe7-9857-49e2-ab8e-b57b01038103,
8749ad75-225e-4728-a9a4-590eeb0768d1,Hands,243000,True,,Music video,The Raconteurs,The Raconteurs,be407b02-f3e6-4ed5-9489-f8e5f0ab36dc,The Raconteurs,be407b02-f3e6-4ed5-9489-f8e5f0ab36dc,
4bea026f-cc20-4900-b720-84e1c41cb5dd,Home,208000,True,,Music video,Zero 7,Zero 7,c23b637b-97c6-41eb-8ef6-6c724efc80a8,Zero 7,c23b637b-97c6-41eb-8ef6-6c724efc80a8,
fe25cc7c-290a-4a7e-9f44-f23a2773a3dd,Saturn,231000,True,,music video,"Sufjan Stevens, Nico Muhly, Bryce Dessner & James McAlister",Sufjan Stevens|Nico Muhly|Bryce Dessner|James McAlister,01d3c51b-9b98-418a-8d8e-37f6fab59d8c|cd9e43ec-12dc-4567-9c60-1e554164cf05|20336142-85de-4e11-a1fd-a6c815b4e583|167083f8-3aaa-4177-9541-afea93de39a1,Sufjan Stevens,01d3c51b-9b98-418a-8d8e-37f6fab59d8c,
be5f8bd5-2c46-42cf-8f54-d652046d5be9,Eleanor Rigby,131000,True,,Music video,The Beatles,The Beatles,b10bbbfc-cf9e-42e0-be17-e2c3e1d2600d,The Beatles,b10bbbfc-cf9e-42e0-be17-e2c3e1d2600d,
c82ffb90-2cfa-487b-aad6-a5a94db442a8,Ritual Spirit,235000,True,,Music video,Massive Attack feat.Azekel,Massive Attack|Azekel,10adbe5e-a2c0-4bf3-8249-2b4cbf6e6ca8|4f8287c6-d4a2-4253-9ed4-25d0ef3916d4,Massive Attack,10adbe5e-a2c0-4bf3-8249-2b4cbf6e6ca8,
1d841190-b9c3-4f38-9444-c836999e2025,Jane Says,290000,True,,Music video (unofficial),Jane’s Addiction,Jane’s Addiction,e3434cc7-d348-491a-9dc8-325af3d9086d,Jane’s Addiction,e3434cc7-d348-491a-9dc8-325af3d9086d,
59c5c117-df7e-4569-abaf-3dc912245ef7,Bleeding Heart,269000,True,,Music video,Jimi Hendrix,Jimi Hendrix,06fb1c8b-566e-4cb2-985b-b467c90781d4,Jimi Hendrix,06fb1c8b-566e-4cb2-985b-b467c90781d4,
a28125b6-af2e-4ebc-822b-c74e53de2b94,Somersault,234000,True,,music video,Zero 7,Zero 7,c23b637b-97c6-41eb-8ef6-6c724efc80a8,Zero 7,c23b637b-97c6-41eb-8ef6-6c724efc80a8,
411896b0-215a-4878-b9a2-a6d21b3aa90c,In the Waiting Line,233000,True,,Music video,Zero 7,Zero 7,c23b637b-97c6-41eb-8ef6-6c724efc80a8,Zero 7,c23b637b-97c6-41eb-8ef6-6c724efc80a8,
08ed78f5-b8ec-40a5-82b9-bcecddf6cf2d,My Curse,243000,True,,Music video,Killswitch Engage,Killswitch Engage,8295ee00-0096-461d-95c7-c2263d2a4c6d,Killswitch Engage,8295ee00-0096-461d-95c7-c2263d2a4c6d,
d33f0d65-becb-469c-b942-2e4b3e8b4d13,Should Have Known Better,304000,True,,music video,Sufjan Stevens,Sufjan Stevens,01d3c51b-9b98-418a-8d8e-37f6fab59d8c,Sufjan Stevens,01d3c51b-9b98-418a-8d8e-37f6fab59d8c,
f955753b-47ec-4fc2-b279-2539a553689a,Do Matter,231000,True,,Music video,Plaid,Plaid,7e54d133-2525-4bc0-ae94-65584145a386,Plaid,7e54d133-2525-4bc0-ae94-65584145a386,
2d2d760d-21aa-4e9e-a442-87b013fd00a2,Remedy,324000,True,,Music video,The Black Crowes,The Black Crowes,02ceff75-7363-493e-a78d-912dc86c7460,The Black Crowes,02ceff75-7363-493e-a78d-912dc86c7460,
dc8603b4-94c6-47e0-826b-585518dd8d80,Something,187000,True,,Music video,The Beatles,The Beatles,b10bbbfc-cf9e-42e0-be17-e2c3e1d2600d,The Beatles,b10bbbfc-cf9e-42e0-be17-e2c3e1d2600d,
c0dea5ac-d101-4c06-9d8b-b4c7d1897145,11:11,312000,True,,music video,Rodrigo y Gabriela feat. C.U.B.A.,Rodrigo y Gabriela|C.U.B.A.,a8ed28e3-5c08-4448-b889-867483e251f5|30f83564-b777-417a-9bb1-91633b7bfd20,Rodrigo y Gabriela,a8ed28e3-5c08-4448-b889-867483e251f5,
d9692600-7fa1-462e-89bc-6860c4c47b4f,Change (In the House of Flies),235000,True,,music video,Deftones,Deftones,7527f6c2-d762-4b88-b5e2-9244f1e34c46,Deftones,7527f6c2-d762-4b88-b5e2-9244f1e34c46,
558094af-3c41-4ae6-a85e-17e6e54ed7bb,At Last,277000,True,,Music video,Plaid,Plaid,7e54d133-2525-4bc0-ae94-65584145a386,Plaid,7e54d133-2525-4bc0-ae94-65584145a386,
3ab83f80-631c-4b5b-946d-f041b15160c6,Rain,318000,True,,,Project Pitchfork,Project Pitchfork,38e4df82-6079-42f8-91fa-904e0fecf78f,Project Pitchfork,38e4df82-6079-42f8-91fa-904e0fecf78f,
bac1bf51-5a67-4087-a213-38f322910f77,Just Because,233000,True,,Music video,Jane’s Addiction,Jane’s Addiction,e3434cc7-d348-491a-9dc8-325af3d9086d,Jane’s Addiction,e3434cc7-d348-491a-9dc8-325af3d9086d,
38e2a801-5c28-4882-8487-1baaa56c8084,Daydreaming,386000,True,,Music video,Radiohead,Radiohead,a74b1b7f-71a5-4011-9441-d0b5e4122711,Radiohead,a74b1b7f-71a5-4011-9441-d0b5e4122711,
786c7915-4ec5-4f64-93cc-fe258416da89,J’t’emmène au vent,168000,True,,"live, 2022‐09‐06: #LeDriveRTL2, RTL2 Studios, Paris, France",Louise Attaque,Louise Attaque,04d25080-32e2-49a2-b638-c9ca4f3e12bd,Louise Attaque,04d25080-32e2-49a2-b638-c9ca4f3e12bd,
ff7ec8b1-7245-4f66-aa0c-86343ededa65,Toes Across the Floor,222000,True,,Music video,Blind Melon,Blind Melon,38c5cdab-5d6d-43d1-85b0-dac41bde186e,Blind Melon,38c5cdab-5d6d-43d1-85b0-dac41bde186e,
dc935c1c-5e11-4dd4-bc9f-10de2630d7a5,Hard to Handle,198000,True,,Music video,The Black Crowes,The Black Crowes,02ceff75-7363-493e-a78d-912dc86c7460,The Black Crowes,02ceff75-7363-493e-a78d-912dc86c7460,
c6c17530-543b-4a79-b2ba-30916aff289e,Stop,276000,True,,Music video,Jane’s Addiction,Jane’s Addiction,e3434cc7-d348-491a-9dc8-325af3d9086d,Jane’s Addiction,e3434cc7-d348-491a-9dc8-325af3d9086d,
811ba14d-f55f-4ebb-b5a6-6511858104f6,Backyard,197000,False,,"live, 2006-05-17",Mad Caddies,Mad Caddies,cfb1c147-1046-4921-9c53-d3a226ebdb0b,Mad Caddies,cfb1c147-1046-4921-9c53-d3a226ebdb0b,
64dd988f-e25c-4ba9-a886-0d17e84f3613,Without You,195000,False,,live,Mad Caddies,Mad Caddies,cfb1c147-1046-4921-9c53-d3a226ebdb0b,Mad Caddies,cfb1c147-1046-4921-9c53-d3a226ebdb0b,
500616b2-ae47-4c43-bea2-43a6f1038d1b,Lift,247000,True,,Music video,Radiohead,Radiohead,a74b1b7f-71a5-4011-9441-d0b5e4122711,Radiohead,a74b1b7f-71a5-4011-9441-d0b5e4122711,
eb8963f2-f758-4597-9a55-5663e16efce0,Crosses,399000,True,,Music video,Zero 7 ft. José González,Zero 7|José González,c23b637b-97c6-41eb-8ef6-6c724efc80a8|cd8c5019-5d75-4d5c-bc28-e1e26a7dd5c8,Zero 7,c23b637b-97c6-41eb-8ef6-6c724efc80a8,
183e1a8b-ff36-4fce-bf9c-a598ffca99fd,Escape,273000,False,,,Jay-Jay Johanson feat. Robin Guthrie,Jay-Jay Johanson|Robin Guthrie,99e9b8ff-b8ea-4019-a073-acc9fbc93bbe|47d7b25e-585b-4c97-b98b-411b21a53379,Jay-Jay Johanson,99e9b8ff-b8ea-4019-a073-acc9fbc93bbe,
91ab9250-99a2-42f4-8f28-8bc08a64e39b,Jigsaw Falling Into Place,258000,True,,music video,Radiohead,Radiohead,a74b1b7f-71a5-4011-9441-d0b5e4122711,Radiohead,a74b1b7f-71a5-4011-9441-d0b5e4122711,
fbd9bd7d-38b2-497c-a852-c170ac36d5c7,Oi,306000,True,,Music video,Orbital,Orbital,f3e2a7d9-c6bb-4848-95e5-04c0a1e2f511,Orbital,f3e2a7d9-c6bb-4848-95e5-04c0a1e2f511,
1c286176-498a-41a0-bba7-0196e4e7cbd6,Say It Ain't So,259000,True,,Music video,Weezer,Weezer,6fe07aa5-fec0-4eca-a456-f29bff451b04,Weezer,6fe07aa5-fec0-4eca-a456-f29bff451b04,
e48bd69f-fa0a-4cec-86b0-e4ffb9f0229e,The Day I Tried to Live,319000,True,,Music video,Soundgarden,Soundgarden,153c9281-268f-4cf3-8938-f5a4593e5df4,Soundgarden,153c9281-268f-4cf3-8938-f5a4593e5df4,
792380a2-bb54-4aa6-a727-28dd68a27118,U.F.Orb,365000,True,,Music video,The Orb,The Orb,42c14c80-bd17-47e4-9bb2-a35897638c4d,The Orb,42c14c80-bd17-47e4-9bb2-a35897638c4d,
d0a240a1-6598-4f38-b838-5fcc0ccd5601,Style,255000,True,,Music video,Orbital,Orbital,f3e2a7d9-c6bb-4848-95e5-04c0a1e2f511,Orbital,f3e2a7d9-c6bb-4848-95e5-04c0a1e2f511,
606c6102-ff00-4ce4-8087-ab9e16e27007,Last Man Standing,198000,True,,"live, 2023‐04‐28: Estadi Olímpic Lluís Companys, Barcelona, Spain; YouTube – U2eddie",Bruce Springsteen,Bruce Springsteen,70248960-cb53-4ea4-943a-edb18f7d336f,Bruce Springsteen,70248960-cb53-4ea4-943a-edb18f7d336f,
4f9b2545-dc5f-48d3-8042-eeb18f03c0b4,Last Man Standing,381000,True,,"live, 2023‐04‐28: Estadi Olímpic Lluís Companys, Barcelona, Spain; YouTube – CapitanTrueno",Bruce Springsteen,Bruce Springsteen,70248960-cb53-4ea4-943a-edb18f7d336f,Bruce Springsteen,70248960-cb53-4ea4-943a-edb18f7d336f,
f101b6b0-e3d4-4bc7-bf71-3427c31ff8b5,Human Touch,454000,True,,"live, 2023‐04‐28: Estadi Olímpic Lluís Companys, Barcelona, Spain; YouTube – Y – G Bruce",Bruce Springsteen & The E Street Band,Bruce Springsteen|The E Street Band,70248960-cb53-4ea4-943a-edb18f7d336f|d6652e7b-33fe-49ef-8336-4c863b4f996f,Bruce Springsteen,70248960-cb53-4ea4-943a-edb18f7d336f,
3b4a1bca-44d5-40b7-9078-1ccf18cf0123,Halfway There,202000,True,,Music video,Soundgarden,Soundgarden,153c9281-268f-4cf3-8938-f5a4593e5df4,Soundgarden,153c9281-268f-4cf3-8938-f5a4593e5df4,
1aacc3b3-37e0-4f39-b9b3-4fa0b452ce08,The Wheel,252000,True,,music video,PJ Harvey,PJ Harvey,e795e03d-b5d5-4a5f-834d-162cfb308a2c,PJ Harvey,e795e03d-b5d5-4a5f-834d-162cfb308a2c,
12664620-bbcb-4f01-8d8e-112c3b66b7f6,Roses,114000,False,,,SAINt JHN,SAINt JHN,0f16ba6c-1874-42b9-b7a6-e060c2be454e,SAINt JHN,0f16ba6c-1874-42b9-b7a6-e060c2be454e,GBKPL2006481
b1b8be12-94ec-4036-b82d-0fc65b1d2e72,Routine,173000,True,,,Megaloh,Megaloh,d68a210f-7a76-49fd-9774-d29addb136f6,Megaloh,d68a210f-7a76-49fd-9774-d29addb136f6,
635ab01c-d84b-449c-a480-61fed3f2f7ed,Steady as She Goes,232000,True,,Music video - Malloy version,The Raconteurs,The Raconteurs,be407b02-f3e6-4ed5-9489-f8e5f0ab36dc,The Raconteurs,be407b02-f3e6-4ed5-9489-f8e5f0ab36dc,
b305b73b-800f-4c64-a33d-ac95dd9f7a99,Belfast,274000,True,,Music video,Orbital,Orbital,f3e2a7d9-c6bb-4848-95e5-04c0a1e2f511,Orbital,f3e2a7d9-c6bb-4848-95e5-04c0a1e2f511,
491ee0b5-7ebe-47bd-ae8f-5d4bc397c3ed,Tempest,374000,True,,official lyric video,Deftones,Deftones,7527f6c2-d762-4b88-b5e2-9244f1e34c46,Deftones,7527f6c2-d762-4b88-b5e2-9244f1e34c46,
06d1fdc2-8785-47e1-9538-579d2cfcebf5,Belfast,266000,True,,Music video,Orbital,Orbital,f3e2a7d9-c6bb-4848-95e5-04c0a1e2f511,Orbital,f3e2a7d9-c6bb-4848-95e5-04c0a1e2f511,
5c062dac-2951-4844-b7b1-879e07412b91,Utopia,243000,True,,Music video,Goldfrapp,Goldfrapp,7b885d42-3c41-4f43-9944-a5855ec5155e,Goldfrapp,7b885d42-3c41-4f43-9944-a5855ec5155e,
d0c1eeee-6676-4f6e-9187-6dedad4839fc,Bambro Koyo Ganda,207000,True,,Music video,Bonobo feat. Innov Gnawa,Bonobo|Innov Gnawa,9a709693-b4f8-4da9-8cc1-038c911a61be|fa64b827-e4cc-4b06-9860-bea7dd170021,Bonobo,9a709693-b4f8-4da9-8cc1-038c911a61be,
24d9603e-e285-4e8c-a18d-519b06bf1ebd,Blow Up the Outside World,302000,True,,Music video,Soundgarden,Soundgarden,153c9281-268f-4cf3-8938-f5a4593e5df4,Soundgarden,153c9281-268f-4cf3-8938-f5a4593e5df4,
ac053599-adb1-451d-8b37-82a61f993533,Sexy Boy,228000,True,,Music video,Air,Air,cb67438a-7f50-4f2b-a6f1-2bb2729fd538,Air,cb67438a-7f50-4f2b-a6f1-2bb2729fd538,
2c204a56-842f-40bb-a180-e803677556e7,Charlie Brown,285000,True,,Music video,Coldplay,Coldplay,cc197bad-dc9c-440d-a5b5-d52ba2e14234,Coldplay,cc197bad-dc9c-440d-a5b5-d52ba2e14234,
22bf1f03-3166-4712-afd4-57ee07402009,Illuminate,332000,True,,Music video,Orbital,Orbital,f3e2a7d9-c6bb-4848-95e5-04c0a1e2f511,Orbital,f3e2a7d9-c6bb-4848-95e5-04c0a1e2f511,
e15f94a2-55ef-48b1-b1c1-76bfe1ec4f08,Playground Love,199000,True,,Music video,Air,Air,cb67438a-7f50-4f2b-a6f1-2bb2729fd538,Air,cb67438a-7f50-4f2b-a6f1-2bb2729fd538,
4c171071-b507-46f3-9c6b-5de0bf8a0128,Alpha Beta Gaga,259000,True,,Music video,Air,Air,cb67438a-7f50-4f2b-a6f1-2bb2729fd538,Air,cb67438a-7f50-4f2b-a6f1-2bb2729fd538,
da69be7c-4ef6-493b-a54f-886e20898b5a,Over,239000,True,,Music video,Portishead,Portishead,8f6bd1e4-fbe1-4f50-aa9b-94c450ec0f11,Portishead,8f6bd1e4-fbe1-4f50-aa9b-94c450ec0f11,
a14bdaae-06af-4eb1-b4b7-418cc3e0d6db,Bored,256000,True,,music video,Deftones,Deftones,7527f6c2-d762-4b88-b5e2-9244f1e34c46,Deftones,7527f6c2-d762-4b88-b5e2-9244f1e34c46,
59cefb21-d57a-48fd-ae0f-0aabfcd1bca5,Check My Brain,221000,True,,music video,Alice in Chains,Alice in Chains,4bd95eea-b9f6-4d70-a36c-cfea77431553,Alice in Chains,4bd95eea-b9f6-4d70-a36c-cfea77431553,
3e368bbd-ca79-4c4a-bed8-fd7b03660e3e,Surrender,245000,True,,Music video,Billy Talent,Billy Talent,fd429857-5ace-4609-ae54-1502c3bdac11,Billy Talent,fd429857-5ace-4609-ae54-1502c3bdac11,
80061298-93ac-4fd5-97a4-07cbd86d2049,Cannonball,276000,True,,Music video,Damien Rice,Damien Rice,2119beb8-6ac5-4f21-82a4-b831c90c0024,Damien Rice,2119beb8-6ac5-4f21-82a4-b831c90c0024,
c5bcb2d2-7de7-4791-b498-5d16479bb0dc,No Reason,243000,True,,Music video,Bonobo feat. Nick Murphy,Bonobo|Nick Murphy,9a709693-b4f8-4da9-8cc1-038c911a61be|e999abf7-1f9a-4cdc-b3b1-26dd5a0ac767,Bonobo,9a709693-b4f8-4da9-8cc1-038c911a61be,
c40f149a-b65c-4c86-b010-acbabc2b904e,Once Upon a Time,230000,True,,Music video,Air,Air,cb67438a-7f50-4f2b-a6f1-2bb2729fd538,Air,cb67438a-7f50-4f2b-a6f1-2bb2729fd538,
9fa59d1c-54ee-48de-a5dd-bac87646d866,Magic,315000,True,,Music video,Coldplay,Coldplay,cc197bad-dc9c-440d-a5b5-d52ba2e14234,Coldplay,cc197bad-dc9c-440d-a5b5-d52ba2e14234,
c0321c88-13e7-4dbc-9382-66e50637e44f,How Does It Make You Feel,220000,True,,Music video,Air,Air,cb67438a-7f50-4f2b-a6f1-2bb2729fd538,Air,cb67438a-7f50-4f2b-a6f1-2bb2729fd538,
d775af09-83c6-4a47-88c2-d9adec585786,Born in the U.S.A.,277000,True,,"live, 2023‐04‐11: UBS Arena, Belmont Park, NY, USA; YouTube – Reggie714, multicam and video edited with the official audio from the Springsteen archives download",Bruce Springsteen & The E Street Band,Bruce Springsteen|The E Street Band,70248960-cb53-4ea4-943a-edb18f7d336f|d6652e7b-33fe-49ef-8336-4c863b4f996f,Bruce Springsteen,70248960-cb53-4ea4-943a-edb18f7d336f,
654984be-010d-444b-920e-73c3d9630459,Little Things,241000,True,,Music video,Bush,Bush,93ccd76c-3790-4435-a8bf-02bc26294b93,Bush,93ccd76c-3790-4435-a8bf-02bc26294b93,
9eadd469-e31a-40eb-8951-0f98e74d18a9,Burn That Candle,,False,,,Bill Haley and His Comets,Bill Haley and His Comets,4458d70d-c215-4f06-beea-ebd448dad6ac,Bill Haley and His Comets,4458d70d-c215-4f06-beea-ebd448dad6ac,
0916d91c-5e52-4728-887a-2f8c7c03f2f0,The Death We Seek,253000,True,,,Currents,Currents,b7e442b4-30cd-4bd2-9238-032e74f7807d,Currents,b7e442b4-30cd-4bd2-9238-032e74f7807d,
d9ad914e-02c5-4bad-85ae-16625e4d0f4a,Heaven,255000,True,,,Emeli Sandé,Emeli Sandé,7cfaac66-62e5-4fcd-af1b-9d3aa8f68e8b,Emeli Sandé,7cfaac66-62e5-4fcd-af1b-9d3aa8f68e8b,
81bbe3b7-7823-4ba6-af29-2abd8648e005,The Edge of Glory,327000,True,,,Lady Gaga,Lady Gaga,650e7db6-b795-4eb5-a702-5ea2fc46c848,Lady Gaga,650e7db6-b795-4eb5-a702-5ea2fc46c848,
3e020d84-374c-4248-b747-b06d2fc57056,Marry You,227000,True,,official lyric video,Bruno Mars,Bruno Mars,afb680f2-b6eb-4cd7-a70b-a63b25c763d5,Bruno Mars,afb680f2-b6eb-4cd7-a70b-a63b25c763d5,
9279e0ac-232e-4c6a-8779-379d86367095,It Girl,213000,True,,clean,Jason Derulo,Jason Derulo,6de0f914-3e60-4418-be3b-42e0feb6eb4d,Jason Derulo,6de0f914-3e60-4418-be3b-42e0feb6eb4d,
d4e08cfb-a614-4fa6-9d69-4f6b608a6a6d,Loca People,288000,True,,explicit,Sak Noel,Sak Noel,60041bf3-412a-40ab-847a-78c7b1db3823,Sak Noel,60041bf3-412a-40ab-847a-78c7b1db3823,
009f3752-5d57-4b24-8d58-555768a7728a,Collide,237000,True,,,Leona Lewis / Avicii,Leona Lewis|Avicii,8d552dfc-648f-401f-90de-e925013ca537|c85cfd6b-b1e9-4a50-bd55-eb725f04f7d5,Leona Lewis,8d552dfc-648f-401f-90de-e925013ca537,
d672d5e1-8a49-4d7b-ad24-0115d942c032,Earthquake,236000,True,,explicit,Labrinth feat. Tinie Tempah,Labrinth|Tinie Tempah,dc99e6fd-c710-4f79-b74b-127b4d0b7849|3cce3d37-d44f-46a2-b1e3-cd7247d5015c,Labrinth,dc99e6fd-c710-4f79-b74b-127b4d0b7849,
72a4953c-bf69-4a5a-a379-e52063cbed9b,In The End,249000,True,,,Dash Berlin,Dash Berlin,ccfa0410-bd90-4fd1-ab85-8995a57e265b,Dash Berlin,ccfa0410-bd90-4fd1-ab85-8995a57e265b,
7399bee7-7d54-4237-a308-edecf62f6ce3,Something’s Gotten Hold of My Heart,289000,True,,,Marc Almond feat. Gene Pitney,Marc Almond|Gene Pitney,d67e6b0a-d2c6-4e4a-ba30-7834701535a1|828b1208-2ce4-40c1-b659-11d7f540748c,Marc Almond,d67e6b0a-d2c6-4e4a-ba30-7834701535a1,
083dd374-8d64-4bd5-9142-22deb83cd73c,In The End,249000,True,,,Dash Berlin,Dash Berlin,ccfa0410-bd90-4fd1-ab85-8995a57e265b,Dash Berlin,ccfa0410-bd90-4fd1-ab85-8995a57e265b,
10766c27-61e4-477e-b1b3-25652f675470,Slow,234000,True,,,Rumer,Rumer,a30e3a7b-cd14-4e63-ba22-04d02ee6fe26,Rumer,a30e3a7b-cd14-4e63-ba22-04d02ee6fe26,
51f247b6-42f5-4e26-b63b-28cc86d90965,Heartbeat,255000,True,,,Enrique Iglesias ft. Nicole Scherzinger,Enrique Iglesias|Nicole Scherzinger,35f866dc-c061-48ba-8157-cf2e0eac4857|0f7534a6-dc5f-46ca-a2e0-13d214cdd52b,Enrique Iglesias,35f866dc-c061-48ba-8157-cf2e0eac4857,
025e740a-f336-46c9-bf15-cebd30ce8caf,Hollywood,223000,True,,,Michael Bublé,Michael Bublé,611700cf-27f0-4dc9-ae80-c513a767853e,Michael Bublé,611700cf-27f0-4dc9-ae80-c513a767853e,
1a49ece4-fcc5-4076-8565-6c41d7db99da,What If,255000,True,,,Jason Derulo,Jason Derulo,6de0f914-3e60-4418-be3b-42e0feb6eb4d,Jason Derulo,6de0f914-3e60-4418-be3b-42e0feb6eb4d,
ddd68ef3-1328-4c73-92c3-310e933d5531,The Cave,275000,True,,,Mumford & Sons,Mumford & Sons,c44e9c22-ef82-4a77-9bcd-af6c958446d6,Mumford & Sons,c44e9c22-ef82-4a77-9bcd-af6c958446d6,
52442b05-8fe5-46f3-a836-407ce30c8dd9,Firework,233000,True,,,Katy Perry,Katy Perry,122d63fc-8671-43e4-9752-34e846d62a9c,Katy Perry,122d63fc-8671-43e4-9752-34e846d62a9c,
48866d02-80a2-4b56-afc7-fe685faebb75,Cooler Than Me,275000,True,,,Mike Posner,Mike Posner,5b64e344-b2fb-47bd-bd7b-4c793b17d472,Mike Posner,5b64e344-b2fb-47bd-bd7b-4c793b17d472,
074b5183-80b3-48d3-9e7c-e0fb9a246cef,LosT,258000,True,,official music video,Bring Me the Horizon,Bring Me the Horizon,074e3847-f67f-49f9-81f1-8c8cea147e8e,Bring Me the Horizon,074e3847-f67f-49f9-81f1-8c8cea147e8e,
b5928609-3a56-4ce0-8511-fbb4feffc862,Butterflies,,False,,"live, 1997-07-07: The Warehouse, Toronto, Canada",Foo Fighters,Foo Fighters,67f66c07-6e61-4026-ade5-7e782fad3a5d,Foo Fighters,67f66c07-6e61-4026-ade5-7e782fad3a5d,
52ac0c5c-8ad6-4610-804d-fa7368db60cd,Everlong,,False,,"live, 1997-07-07: The Warehouse, Toronto, Canada",Foo Fighters,Foo Fighters,67f66c07-6e61-4026-ade5-7e782fad3a5d,Foo Fighters,67f66c07-6e61-4026-ade5-7e782fad3a5d,
5413a7b4-322f-41e7-9a49-110bf947f50d,Big Me,,False,,"live, 1997-07-07: The Warehouse, Toronto, Canada",Foo Fighters,Foo Fighters,67f66c07-6e61-4026-ade5-7e782fad3a5d,Foo Fighters,67f66c07-6e61-4026-ade5-7e782fad3a5d,
fb152e39-ab56-491a-b86f-0c2ab1e29991,Blank Space,180000,False,,,Cœur de pirate,Cœur de pirate,130e7bd0-6d34-48a9-822f-03eff7ea95d4,Cœur de pirate,130e7bd0-6d34-48a9-822f-03eff7ea95d4,
76a4f783-c778-4517-a29f-83f988e69650,My Heart Will Go On,182000,True,,Titanic Theme,Eddie Van Der Meer,Eddie Van Der Meer,b1fe5388-027e-4038-a929-7699f3a00ac4,Eddie Van Der Meer,b1fe5388-027e-4038-a929-7699f3a00ac4,
abfacfb4-57d0-48f5-a333-0a9e4f87b7e5,Bad Blood,164000,True,,,Eddie Van Der Meer,Eddie Van Der Meer,b1fe5388-027e-4038-a929-7699f3a00ac4,Eddie Van Der Meer,b1fe5388-027e-4038-a929-7699f3a00ac4,
f2271073-07b1-4268-ae5d-bf920bd5f107,Out Of Control,220000,True,,Official Video,The Ghost Inside,The Ghost Inside,6fbd58c3-e9b3-4419-a197-0a0f22baed94,The Ghost Inside,6fbd58c3-e9b3-4419-a197-0a0f22baed94,
e208fe18-8478-4e13-9205-abd99f27cbc4,Fall,229000,True,,Official Video,Neck Deep,Neck Deep,c41dd59f-d805-41df-9e0e-83ec0f9f468e,Neck Deep,c41dd59f-d805-41df-9e0e-83ec0f9f468e,
94eda3c5-92c8-454b-b6cb-fb5e54cb7a92,Motion Sickness,222000,True,,Official Video,Neck Deep,Neck Deep,c41dd59f-d805-41df-9e0e-83ec0f9f468e,Neck Deep,c41dd59f-d805-41df-9e0e-83ec0f9f468e,
3c94d60a-6f6f-4593-af36-24d67ef77b92,The Great Unknown,190000,True,,Official Video,The Ghost Inside,The Ghost Inside,6fbd58c3-e9b3-4419-a197-0a0f22baed94,The Ghost Inside,6fbd58c3-e9b3-4419-a197-0a0f22baed94,
b4569fb2-d7e4-47d6-8149-e66f60538418,Kali Ma,187000,True,,Official Video,Neck Deep,Neck Deep,c41dd59f-d805-41df-9e0e-83ec0f9f468e,Neck Deep,c41dd59f-d805-41df-9e0e-83ec0f9f468e,
b7995870-8b83-4b95-827c-46b62dfb8290,Parachute,222000,True,,Official Video,Neck Deep,Neck Deep,c41dd59f-d805-41df-9e0e-83ec0f9f468e,Neck Deep,c41dd59f-d805-41df-9e0e-83ec0f9f468e,
12ea492a-417a-488e-8c0d-5b8272b0adbd,Move Me,225000,True,,Official Video,The Ghost Inside,The Ghost Inside,6fbd58c3-e9b3-4419-a197-0a0f22baed94,The Ghost Inside,6fbd58c3-e9b3-4419-a197-0a0f22baed94,
9ab6b017-cc3a-429e-9705-a0eb030305ef,Unspoken,239000,True,,Official Video,The Ghost Inside,The Ghost Inside,6fbd58c3-e9b3-4419-a197-0a0f22baed94,The Ghost Inside,6fbd58c3-e9b3-4419-a197-0a0f22baed94,
4ba3be4d-8caf-49a1-ae02-b86135cdc62f,Over And Over,176000,True,,Official Video,Neck Deep,Neck Deep,c41dd59f-d805-41df-9e0e-83ec0f9f468e,Neck Deep,c41dd59f-d805-41df-9e0e-83ec0f9f468e,
53670e01-2eb9-4d95-a1c4-9b4fa214849b,STFU,171000,True,,Official Video,Neck Deep,Neck Deep,c41dd59f-d805-41df-9e0e-83ec0f9f468e,Neck Deep,c41dd59f-d805-41df-9e0e-83ec0f9f468e,
c6d365cd-41cb-4206-a41a-86c9a791a4c5,In Bloom,219000,True,,Official Video,Neck Deep,Neck Deep,c41dd59f-d805-41df-9e0e-83ec0f9f468e,Neck Deep,c41dd59f-d805-41df-9e0e-83ec0f9f468e,
24919db4-fb61-415b-9a63-8e5b859c2a29,うっせぇわ,203000,True,,,Ado,Ado,e134b52f-2e9e-4734-9bc3-bea9648d1fa1,Ado,e134b52f-2e9e-4734-9bc3-bea9648d1fa1,
2cf07513-cf1e-4036-8e4e-b4b397a99763,Lowlife,188000,True,,Official Video,Neck Deep,Neck Deep,c41dd59f-d805-41df-9e0e-83ec0f9f468e,Neck Deep,c41dd59f-d805-41df-9e0e-83ec0f9f468e,
8831c268-888d-4f2f-b87f-b3881c78df65,Between The Lines,207000,True,,Official Video,The Ghost Inside,The Ghost Inside,6fbd58c3-e9b3-4419-a197-0a0f22baed94,The Ghost Inside,6fbd58c3-e9b3-4419-a197-0a0f22baed94,
50d48671-9cb8-491b-b448-b92a17f566d2,Growing Pains,214000,True,,Official Video,Neck Deep,Neck Deep,c41dd59f-d805-41df-9e0e-83ec0f9f468e,Neck Deep,c41dd59f-d805-41df-9e0e-83ec0f9f468e,
dc65610b-f246-4e8c-81ca-9d8021321876,Everything,259000,True,,official music video,Sevendust,Sevendust,52b9e109-44a0-45eb-a197-226c4abab232,Sevendust,52b9e109-44a0-45eb-a197-226c4abab232,
fee5dfb3-be7d-47ee-bf0a-9ab98c223d9e,Exile,252000,True,,Taylor Swift Cover,Bastille,Bastille,7808accb-6395-4b25-858c-678bbb73896b,Bastille,7808accb-6395-4b25-858c-678bbb73896b,
a5ae926e-c849-4e60-9206-f22d3a8dbc39,Enter Sandman,312000,True,,,Motörhead,Motörhead,57961a97-3796-4bf7-9f02-a985a8979ae9,Motörhead,57961a97-3796-4bf7-9f02-a985a8979ae9,
803ee4d5-b24a-4609-a464-d7bb02d8db2a,サヨナラ,487000,True,,miwa ARENA tour 2017“SPLASH☆WORLD”,miwa feat. MC.waka,miwa|MC.waka,a83e47fb-d486-4c15-9919-ed8351cc395c|96e6e5e1-aa6c-4bc6-8d70-01b67c952d53,miwa,a83e47fb-d486-4c15-9919-ed8351cc395c,
4c7f74ca-cbf6-47e5-a3c0-b21e62e5cc8b,サヨナラ,192000,True,,,miwa feat. MC.waka,miwa|MC.waka,a83e47fb-d486-4c15-9919-ed8351cc395c|96e6e5e1-aa6c-4bc6-8d70-01b67c952d53,miwa,a83e47fb-d486-4c15-9919-ed8351cc395c,
6f90896e-311f-4bcf-b33d-6141b94d0fb5,Shut Your Mouth,253000,True,,Official Video,Pain,Pain,84d5a9df-dd85-43e9-92f3-ed87bcd59b58,Pain,84d5a9df-dd85-43e9-92f3-ed87bcd59b58,
68f3c857-3773-4acf-9218-edf3bf0e1f3d,Call Me,262000,True,,Official Video,Pain,Pain,84d5a9df-dd85-43e9-92f3-ed87bcd59b58,Pain,84d5a9df-dd85-43e9-92f3-ed87bcd59b58,
b89613a5-dad7-40a5-b1d3-51c7bbd389f0,Shut Your Mouth,253000,True,,Official Video,Pain,Pain,84d5a9df-dd85-43e9-92f3-ed87bcd59b58,Pain,84d5a9df-dd85-43e9-92f3-ed87bcd59b58,
e4f7a59c-4c14-413b-aeb0-06bd18579571,Shut Your Mouth,255000,True,,Official Video,Pain,Pain,84d5a9df-dd85-43e9-92f3-ed87bcd59b58,Pain,84d5a9df-dd85-43e9-92f3-ed87bcd59b58,
c02b1dd8-72f7-404e-826c-27cc12d00c69,すずめ,236000,True,,Tiktok Live 2022,RADWIMPS feat. 十明,RADWIMPS|十明,6f500293-7396-4903-b4fd-118127d06f9e|ddd49f88-6367-4f58-9dd9-a767e976b0b7,RADWIMPS,6f500293-7396-4903-b4fd-118127d06f9e,
9ad2c26b-ebad-47a7-8eb7-4aca2e9dd5d7,Party In My Head,210000,True,,Official Video,Pain,Pain,84d5a9df-dd85-43e9-92f3-ed87bcd59b58,Pain,84d5a9df-dd85-43e9-92f3-ed87bcd59b58,
83206665-526f-4c37-aa98-6ebb6b09c5ff,One Of Us,291000,True,,Official Video,Joan Osborne,Joan Osborne,746916c9-fd36-44e6-823d-03185e596f58,Joan Osborne,746916c9-fd36-44e6-823d-03185e596f58,
348fdca9-63d1-4599-8a46-8fff00145dd1,Coming Home,275000,True,,Official Video,Pain,Pain,84d5a9df-dd85-43e9-92f3-ed87bcd59b58,Pain,84d5a9df-dd85-43e9-92f3-ed87bcd59b58,
430fd5d3-3662-415f-aa72-2a1060eea05a,Gimme Shelter,239000,True,,Official Video,Pain,Pain,84d5a9df-dd85-43e9-92f3-ed87bcd59b58,Pain,84d5a9df-dd85-43e9-92f3-ed87bcd59b58,
6cd83200-82a1-408d-b525-fd854b4a25f6,すずめ,237000,True,,Live recording,RADWIMPS feat. 十明,RADWIMPS|十明,6f500293-7396-4903-b4fd-118127d06f9e|ddd49f88-6367-4f58-9dd9-a767e976b0b7,RADWIMPS,6f500293-7396-4903-b4fd-118127d06f9e,
638b7e75-e6ff-4a56-9654-2ea071949931,On And On,198000,True,,Official Video,Pain,Pain,84d5a9df-dd85-43e9-92f3-ed87bcd59b58,Pain,84d5a9df-dd85-43e9-92f3-ed87bcd59b58,
1ac95e23-b044-4b9c-8c41-de5d6ba8b936,On and On,199000,True,,Official Video,Pain,Pain,84d5a9df-dd85-43e9-92f3-ed87bcd59b58,Pain,84d5a9df-dd85-43e9-92f3-ed87bcd59b58,
df3296c6-7886-4911-afd2-d01882970ad1,History,248000,True,,Official Video,Thievery Corporation,Thievery Corporation,a505bb48-ad65-4af4-ae47-29149715bff9,Thievery Corporation,a505bb48-ad65-4af4-ae47-29149715bff9,
09ecb15b-534f-4dec-beed-8b92145e0143,Voyage Libre,238000,True,,Official Video,Thievery Corporation,Thievery Corporation,a505bb48-ad65-4af4-ae47-29149715bff9,Thievery Corporation,a505bb48-ad65-4af4-ae47-29149715bff9,
fd367bd3-f614-4c13-b0ea-835f9de2c287,The Richest Man In Babylon,250000,True,,Official Video,Thievery Corporation,Thievery Corporation,a505bb48-ad65-4af4-ae47-29149715bff9,Thievery Corporation,a505bb48-ad65-4af4-ae47-29149715bff9,
71eff905-ee08-440a-80bd-6638e914ae27,Depth of My Soul,249000,True,,Official Video,Thievery Corporation,Thievery Corporation,a505bb48-ad65-4af4-ae47-29149715bff9,Thievery Corporation,a505bb48-ad65-4af4-ae47-29149715bff9,
b19f28f6-02fe-499e-9a84-4ca466a911bf,Dancing in the Dark,459000,True,,"live, 2023‐05‐13: Paris La Défense Arena, Nanterre, France; YouTube – Alexvox92",Bruce Springsteen & The E Street Band,Bruce Springsteen|The E Street Band,70248960-cb53-4ea4-943a-edb18f7d336f|d6652e7b-33fe-49ef-8336-4c863b4f996f,Bruce Springsteen,70248960-cb53-4ea4-943a-edb18f7d336f,
19907ffe-f659-426b-ab14-b85c7bcf23c6,Because the Night,323000,True,,"live, 2023‐05‐15: Paris La Défense Arena, Nanterre, France; YouTube – Olive Toulouse",Bruce Springsteen & The E Street Band,Bruce Springsteen|The E Street Band,70248960-cb53-4ea4-943a-edb18f7d336f|d6652e7b-33fe-49ef-8336-4c863b4f996f,Bruce Springsteen,70248960-cb53-4ea4-943a-edb18f7d336f,
6d1e4f9d-1b6c-469e-a084-11a11900a6b2,Satellite,257000,True,,Official Video,The Beloved,The Beloved,2b87e134-b4a3-48d8-afac-9501d4c6e931,The Beloved,2b87e134-b4a3-48d8-afac-9501d4c6e931,
6281501a-006c-49f5-9fd8-7033ade08fb4,Sober,,False,,,Ariana Grande,Ariana Grande,f4fdbb4c-e4b7-47a0-b83b-d91bbfcfa387,Ariana Grande,f4fdbb4c-e4b7-47a0-b83b-d91bbfcfa387,
8aace548-ca01-4e83-8251-5a383e20d66c,Sweet Harmony,313000,True,,Official Video,The Beloved,The Beloved,2b87e134-b4a3-48d8-afac-9501d4c6e931,The Beloved,2b87e134-b4a3-48d8-afac-9501d4c6e931,
1df3ea5a-2d80-47df-8ba7-238e5441e6cf,Born to Run,287000,True,,"live, 2023‐05‐21: Circus Maximus, Rome, Italy; YouTube – Stefano G.",Bruce Springsteen & The E Street Band,Bruce Springsteen|The E Street Band,70248960-cb53-4ea4-943a-edb18f7d336f|d6652e7b-33fe-49ef-8336-4c863b4f996f,Bruce Springsteen,70248960-cb53-4ea4-943a-edb18f7d336f,
4decb0c9-7693-46fe-8955-7cc2a908f360,It Ain’t Me,241000,False,,,Selena Gomez & the Scene,Selena Gomez & the Scene,37d0a847-32d3-480f-bd1e-101f50a3d332,Selena Gomez & the Scene,37d0a847-32d3-480f-bd1e-101f50a3d332,
1d43fd81-5484-45af-90f0-bf187f044843,So Sick,209000,True,,,Ne‐Yo,Ne‐Yo,a4a01f5d-18e7-4571-8c3a-76ec0e24e2d7,Ne‐Yo,a4a01f5d-18e7-4571-8c3a-76ec0e24e2d7,
58724985-8a5d-48f0-aeac-74e06feb3099,Funkin’ for Jamaica,232000,True,,,Tom Browne,Tom Browne,2b2596a1-089b-47ee-9aad-0587da08383a,Tom Browne,2b2596a1-089b-47ee-9aad-0587da08383a,
d46399e0-1c02-488e-8c87-bad054ee85b8,Idol,226000,True,,,YOASOBI,YOASOBI,df6c619f-4334-43e2-8b6a-4a32af1e4f85,YOASOBI,df6c619f-4334-43e2-8b6a-4a32af1e4f85,
a07246d0-1096-4942-9a1e-3ec46f3c8f90,Don’t Be Cruel,253000,True,,,Bobby Brown,Bobby Brown,d11f9c07-0eac-4a1f-a443-19cd0f63d5f0,Bobby Brown,d11f9c07-0eac-4a1f-a443-19cd0f63d5f0,
24d21731-2ef5-430e-88c5-05b1b44c3f20,She's Got You High,181000,True,,,Mumm-Ra,Mumm-Ra,2d4bc261-0c96-4599-8c9f-81d5dc0760c7,Mumm-Ra,2d4bc261-0c96-4599-8c9f-81d5dc0760c7,
d0d541c6-6766-43be-b05b-25510c0d02c7,Feel the Beat,251000,True,,,Darude,Darude,9ffad8aa-b671-4a9a-a527-a95bdaaa0ec4,Darude,9ffad8aa-b671-4a9a-a527-a95bdaaa0ec4,
eef719e5-49d4-49e4-8a6c-8109c0a54d32,I’ll See You in My Dreams,252000,True,,"live, 2023‐05‐27: Johan Cruijff Arena, Amsterdam, The Netherlands; YouTube – Mikey Rennie",Bruce Springsteen,Bruce Springsteen,70248960-cb53-4ea4-943a-edb18f7d336f,Bruce Springsteen,70248960-cb53-4ea4-943a-edb18f7d336f,
cfbe8f55-f544-46f1-8975-a1c084281755,Concrete,197000,True,,,Crystal Castles,Crystal Castles,b1570544-93ab-4b2b-8398-131735394202,Crystal Castles,b1570544-93ab-4b2b-8398-131735394202,
6f39eb49-eee2-4c37-8f8a-0558577d9568,Goodbye,,False,,,Elton John feat. Royal Philharmonic Orchestra,Elton John|Royal Philharmonic Orchestra,b83bc61f-8451-4a5d-8b8e-7e9ed295e822|299597ae-3a20-4bf1-973e-03704af69f6b,Elton John,b83bc61f-8451-4a5d-8b8e-7e9ed295e822,
9a0b5a2b-6acf-4333-b7be-5fd446ecbcca,Reason,323000,True,,,Sighter,Sighter,5e9702b1-599e-4063-844e-462549a6b863,Sighter,5e9702b1-599e-4063-844e-462549a6b863,
d3a330e2-6b15-4280-8fe9-27961f7e1b5f,Never Enough,402000,True,,,Sighter & Durs,Sighter|Durs,5e9702b1-599e-4063-844e-462549a6b863|0fa7352c-9163-453f-bc4a-4c0a35843cc6,Sighter,5e9702b1-599e-4063-844e-462549a6b863,
c02a50cc-9380-4f04-9385-a37deecf2d30,Dragonfly,389000,False,,,Mark Knight & NO_ID,Mark Knight|NO_ID,b7ec322e-3450-4bd0-ac3c-1e2e9744e32b|43bc2a9e-6e80-4679-8494-3f695dcae4cf,Mark Knight,b7ec322e-3450-4bd0-ac3c-1e2e9744e32b,
2ca0e2bb-62ef-4c47-88ee-bdc3a0c232ee,Tunnel of Love,,False,,Dolby Atmos mix,Dire Straits,Dire Straits,614e3804-7d34-41ba-857f-811bad7c2b7a,Dire Straits,614e3804-7d34-41ba-857f-811bad7c2b7a,
daacfde5-a15d-4e31-9e0d-1716610953a8,Silencio,275000,True,,video oficial,Los Tipitos,Los Tipitos,d662d65c-0e7c-44c7-a4ff-12d4029f990c,Los Tipitos,d662d65c-0e7c-44c7-a4ff-12d4029f990c,
fed7d876-0166-4744-af74-e10a4d6afa5c,Sultans of Swing,,False,,Dolby Atmos mix,Dire Straits,Dire Straits,614e3804-7d34-41ba-857f-811bad7c2b7a,Dire Straits,614e3804-7d34-41ba-857f-811bad7c2b7a,
b6734e73-b137-45f6-815a-9e3f55948b0b,Romeo and Juliet,,False,,Dolby Atmos mix,Dire Straits,Dire Straits,614e3804-7d34-41ba-857f-811bad7c2b7a,Dire Straits,614e3804-7d34-41ba-857f-811bad7c2b7a,
9294c526-cc13-4aaf-9fe3-5e65ab6e360d,Walk This Way,,False,,,Aerosmith,Aerosmith,3d2b98e5-556f-4451-a3ff-c50ea18d57cb,Aerosmith,3d2b98e5-556f-4451-a3ff-c50ea18d57cb,
28ccd1dd-4cbc-4911-9552-2d45e60f662a,Dream On,,False,,,Aerosmith,Aerosmith,3d2b98e5-556f-4451-a3ff-c50ea18d57cb,Aerosmith,3d2b98e5-556f-4451-a3ff-c50ea18d57cb,
b87f668b-09fe-42ab-bb89-8085bb500738,Sweet Emotion,,False,,,Aerosmith,Aerosmith,3d2b98e5-556f-4451-a3ff-c50ea18d57cb,Aerosmith,3d2b98e5-556f-4451-a3ff-c50ea18d57cb,
fd932b2d-0dfc-4fc4-9604-c7f5f2fe24e2,Born to Run,266000,True,,"live, 2023‐05‐30: BT Murrayfield Stadium, Edinburgh, Scotland; YouTube – Rob Whitehead",Bruce Springsteen & The E Street Band,Bruce Springsteen|The E Street Band,70248960-cb53-4ea4-943a-edb18f7d336f|d6652e7b-33fe-49ef-8336-4c863b4f996f,Bruce Springsteen,70248960-cb53-4ea4-943a-edb18f7d336f,
7a341f7b-2d51-46c9-b889-b6ba43c66f7f,Something Special,,False,,,Anna Of The North,Anna of the North,4d7db1c4-3c00-4140-8c83-c6d99cfdecf4,Anna of the North,4d7db1c4-3c00-4140-8c83-c6d99cfdecf4,
2d79a68f-9410-4b4a-884d-f9a9e7ac58fc,Lionhearted,203000,True,,,Porter Robinson ft. Urban Cone,Porter Robinson|Urban Cone,4ae36ade-1798-48c4-b06b-cc68b7d3d83f|74a036b2-956e-4f5d-a53a-7a57f4142ec3,Porter Robinson,4ae36ade-1798-48c4-b06b-cc68b7d3d83f,
3ff1db9d-4bd7-4819-8ae6-616bd6f679cb,Emotion Sickness,271000,True,,,Queens of the Stone Age,Queens of the Stone Age,7dc8f5bd-9d0b-4087-9f73-dc164950bbd8,Queens of the Stone Age,7dc8f5bd-9d0b-4087-9f73-dc164950bbd8,
3dfaafe9-c98f-4b63-a774-9a12c1a4f6b8,Straight Outta Compton,268000,False,,,N.W.A,N.W.A,3a54bffa-2314-44a2-927b-60144119c780,N.W.A,3a54bffa-2314-44a2-927b-60144119c780,
51ecde1b-d91e-444d-a15c-c3e6aa7c3381,Shift,299000,False,,,deadmau5,deadmau5,4a00ec9d-c635-463a-8cd4-eb61725f0c60,deadmau5,4a00ec9d-c635-463a-8cd4-eb61725f0c60,
f4774a00-e342-432e-b83b-9b495c8d3cae,Quixotic,119000,False,,,jobii,jobii,44f8fa80-4ffa-4db0-bf31-257ff356d820,jobii,44f8fa80-4ffa-4db0-bf31-257ff356d820,
89d5732a-5b04-427c-b0c7-1dc27e89e6ce,Holy Water,237000,True,,official music video,Sevendust,Sevendust,52b9e109-44a0-45eb-a197-226c4abab232,Sevendust,52b9e109-44a0-45eb-a197-226c4abab232,
9dace9ca-a3b9-46cf-923f-66e65808dcab,Last Man Standing,212000,True,,"live, 2023‐06‐24: Ullevi, Gothenburg, Sweden; YouTube – Johnkult",Bruce Springsteen,Bruce Springsteen,70248960-cb53-4ea4-943a-edb18f7d336f,Bruce Springsteen,70248960-cb53-4ea4-943a-edb18f7d336f,
1ae9f22a-1d48-4f32-85e0-3131ee5b6579,Have a nice day,192000,True,,,imase,imase,bc83173f-c86f-4343-b3e7-aad839a47a54,imase,bc83173f-c86f-4343-b3e7-aad839a47a54,
c01d7a5d-b4be-4611-a520-0190d478c9b9,One Of Us,291000,True,,Official Video,Joan Osborne,Joan Osborne,746916c9-fd36-44e6-823d-03185e596f58,Joan Osborne,746916c9-fd36-44e6-823d-03185e596f58,
ea5b6af7-e283-46d9-a5d3-b16ff3f35788,Kickstart My Heart,284000,False,,,Mötley Crüe,Mötley Crüe,26f07661-e115-471d-a930-206f5c89d17c,Mötley Crüe,26f07661-e115-471d-a930-206f5c89d17c,
b27ab121-2984-4fcb-a3b4-e64201bf12ed,Home Sweet Home,241000,False,,,Mötley Crüe,Mötley Crüe,26f07661-e115-471d-a930-206f5c89d17c,Mötley Crüe,26f07661-e115-471d-a930-206f5c89d17c,
a9dfef8f-a139-4b57-97e3-ab22b2699648,Shout At The Devil,196000,False,,,Mötley Crüe,Mötley Crüe,26f07661-e115-471d-a930-206f5c89d17c,Mötley Crüe,26f07661-e115-471d-a930-206f5c89d17c,
481d02ca-dc8a-4968-946f-fb80bdbbdbbc,Twist & Shout,377000,True,,"live, 2023‐06‐28: Ullevi, Gothenburg, Sweden; YouTube – Jan Jelle",Bruce Springsteen & The E Street Band,Bruce Springsteen|The E Street Band,70248960-cb53-4ea4-943a-edb18f7d336f|d6652e7b-33fe-49ef-8336-4c863b4f996f,Bruce Springsteen,70248960-cb53-4ea4-943a-edb18f7d336f,
cc672174-fd71-479e-905a-d2cea399aa3c,Dancing in the Dark,304000,True,,"live, 2023‐06‐18: Festivalpark, Werchter, Belgium; YouTube – Brieuc M",Bruce Springsteen & The E Street Band,Bruce Springsteen|The E Street Band,70248960-cb53-4ea4-943a-edb18f7d336f|d6652e7b-33fe-49ef-8336-4c863b4f996f,Bruce Springsteen,70248960-cb53-4ea4-943a-edb18f7d336f,
b480fbb6-4fcd-4a7a-81ed-fc93b4a8fe4a,My Hometown,311000,True,,"live, 2023‐06‐16: Villa Park, Birmingham, England, UK; YouTube – Ian Corbridge",Bruce Springsteen & The E Street Band,Bruce Springsteen|The E Street Band,70248960-cb53-4ea4-943a-edb18f7d336f|d6652e7b-33fe-49ef-8336-4c863b4f996f,Bruce Springsteen,70248960-cb53-4ea4-943a-edb18f7d336f,
5ef32e95-fca7-4b72-b3b9-525df86d7c5b,Renegade,555000,False,,,Yanni,Yanni,9a2afb1e-504c-443e-acff-6c40ce75b1a1,Yanni,9a2afb1e-504c-443e-acff-6c40ce75b1a1,
4cae3310-bb15-4d7a-9b03-2edddfabfd26,Don't Shoot,,False,,,Nas,Nas,cfbc0924-0035-4d6c-8197-f024653af823,Nas,cfbc0924-0035-4d6c-8197-f024653af823,
7b8efee8-b4d1-4b4e-a7ad-af72593961d3,I'm on Fire,,False,,,Nas,Nas,cfbc0924-0035-4d6c-8197-f024653af823,Nas,cfbc0924-0035-4d6c-8197-f024653af823,
c4f024b1-4407-4d1a-9fa9-754fc592b718,Twist & Shout,88000,True,,"live, 2023‐07‐08: Hyde Park, London, England, UK; YouTube – p l",Bruce Springsteen & The E Street Band,Bruce Springsteen|The E Street Band,70248960-cb53-4ea4-943a-edb18f7d336f|d6652e7b-33fe-49ef-8336-4c863b4f996f,Bruce Springsteen,70248960-cb53-4ea4-943a-edb18f7d336f,
0fdaa0be-7510-4a6d-b7fb-e7f297b04e9b,Night,237000,True,,"live, 2023‐06‐28: Ullevi, Gothenburg, Sweden; YouTube – Billy Karlsson (WildBilly), multicam and video edited with the official audio from the Springsteen archives download",Bruce Springsteen & The E Street Band,Bruce Springsteen|The E Street Band,70248960-cb53-4ea4-943a-edb18f7d336f|d6652e7b-33fe-49ef-8336-4c863b4f996f,Bruce Springsteen,70248960-cb53-4ea4-943a-edb18f7d336f,
5d4002b3-0fe8-42d1-88a7-7444a71f52b4,I'll See You in My Dreams,231000,True,,"live, 2023‐06‐26: Ullevi, Gothenburg, Sweden; YouTube – Billy Karlsson (WildBilly), multicam and video edited with the official audio from the Springsteen archives download",Bruce Springsteen,Bruce Springsteen,70248960-cb53-4ea4-943a-edb18f7d336f,Bruce Springsteen,70248960-cb53-4ea4-943a-edb18f7d336f,
d58eed75-bd97-4124-8eef-a03a6b12b1f0,Trapped,313000,True,,"live, 2023‐06‐28: Ullevi, Gothenburg, Sweden; YouTube – Billy Karlsson (WildBilly), multicam and video edited with the official audio from the Springsteen archives download",Bruce Springsteen & The E Street Band,Bruce Springsteen|The E Street Band,70248960-cb53-4ea4-943a-edb18f7d336f|d6652e7b-33fe-49ef-8336-4c863b4f996f,Bruce Springsteen,70248960-cb53-4ea4-943a-edb18f7d336f,
219ea49c-3912-45ca-9919-c9cefff71554,Her,240000,True,,music video,Zpecial,Zpecial,4a90c893-76da-4dc5-a0fe-696b7ab01e23,Zpecial,4a90c893-76da-4dc5-a0fe-696b7ab01e23,
176e2dac-ce83-499a-ad3f-d021162ef87f,Stoopid,229000,True,,,Kwam.E x Buds,Kwam.E|Buds,c6a96d4d-75ce-4fc5-b1d3-4b5e3cc7c11b|4c12ef7f-ce00-4007-800b-7a5962aba5bc,Kwam.E,c6a96d4d-75ce-4fc5-b1d3-4b5e3cc7c11b,
9969f8c4-b76e-4740-a318-02c18b530f67,I’ll See You in My Dreams,270000,True,,"live, 2023‐07‐15: Volksparkstadion, Hamburg, Germany; YouTube – p l",Bruce Springsteen,Bruce Springsteen,70248960-cb53-4ea4-943a-edb18f7d336f,Bruce Springsteen,70248960-cb53-4ea4-943a-edb18f7d336f,
da025b74-b36f-4294-be69-26152bd30b9b,Reset,187000,True,,,DJ Mad Dog,DJ Mad Dog,afe076ee-9d64-48d4-9fa8-09a4a4e7d77c,DJ Mad Dog,afe076ee-9d64-48d4-9fa8-09a4a4e7d77c,
ac291e38-d599-4ca9-98f3-0dfe105aaa44,Dancing in the Dark,295000,True,,"live, 2023‐07‐18: Ernst‐Happel‐Stadion, Vienna, Austria; YouTube – greva61",Bruce Springsteen & The E Street Band,Bruce Springsteen|The E Street Band,70248960-cb53-4ea4-943a-edb18f7d336f|d6652e7b-33fe-49ef-8336-4c863b4f996f,Bruce Springsteen,70248960-cb53-4ea4-943a-edb18f7d336f,
566b234e-8411-42ce-b99d-b21338f96d82,Hello,296000,False,,,Kygo,Kygo,ba0e7638-0cd6-4ff4-8987-c3e224d22c23,Kygo,ba0e7638-0cd6-4ff4-8987-c3e224d22c23,
de5c4d18-dac7-4e3a-9aa3-d241ed15e1fb,Honey,233000,False,,,D.O.D,D.O.D,223baae0-498b-4175-805e-d61f6fd6984a,D.O.D,223baae0-498b-4175-805e-d61f6fd6984a,
a9f028a9-a357-46ac-b090-bee1b026bb36,Yoü and I (live),,False,,,Lady Gaga,Lady Gaga,650e7db6-b795-4eb5-a702-5ea2fc46c848,Lady Gaga,650e7db6-b795-4eb5-a702-5ea2fc46c848,
61427d8b-9130-4f26-8d52-98a444474239,Purple Rain,,True,,,Stevie Wonder,Stevie Wonder,1ee18fb3-18a6-4c7f-8ba0-bc41cdd0462e,Stevie Wonder,1ee18fb3-18a6-4c7f-8ba0-bc41cdd0462e,
f6f8e965-b217-4903-ab0c-7803fffdfc0d,(You Make Me Feel Like) A Natural Woman,172000,True,,"live, 2023-05-27: Later… with Jools Holland, Alexandra Palace, London",Olivia Dean & Jools Holland,Olivia Dean|Jools Holland,15e0d608-0869-429b-898d-3d8db3ecedd5|29a6f210-8c16-404a-9c0f-c26e26ecb29c,Olivia Dean,15e0d608-0869-429b-898d-3d8db3ecedd5,
2cbd0999-fd65-4d8e-a917-79244aa3923f,Pink,151000,True,,,BHZ,BHZ,3b762e5b-4486-41a5-acf6-5eb388072254,BHZ,3b762e5b-4486-41a5-acf6-5eb388072254,
e20673ab-7876-4ed4-ad21-4c2876d89187,Dive,191000,True,,"live, 2023-05-27: Later… with Jools Holland, Alexandra Palace, London",Olivia Dean,Olivia Dean,15e0d608-0869-429b-898d-3d8db3ecedd5,Olivia Dean,15e0d608-0869-429b-898d-3d8db3ecedd5,
94c78739-7cf1-4b99-9f14-70f1f0ac696f,Devil Town,309000,True,,v2,Cavetown,Cavetown,7999a8a1-6cbd-4453-8dd4-ebd03a10e44f,Cavetown,7999a8a1-6cbd-4453-8dd4-ebd03a10e44f,
a9aee683-8d8d-4588-a866-add9d2b0a3d4,Sommer,182000,True,,,MiZeb X Parker,MiZeb|Parker,863ccc59-0081-47dd-8918-c14197ff87cf|5ab5315b-962c-4294-a0d4-980836b67782,MiZeb,863ccc59-0081-47dd-8918-c14197ff87cf,
e26a61c8-6b99-4864-b27f-8f966b9f0bdb,Ghosts,369000,True,,"live, 2023‐08‐11: Wrigley Field, Chicago, IL, USA; YouTube – Crisp Rock",Bruce Springsteen & The E Street Band,Bruce Springsteen|The E Street Band,70248960-cb53-4ea4-943a-edb18f7d336f|d6652e7b-33fe-49ef-8336-4c863b4f996f,Bruce Springsteen,70248960-cb53-4ea4-943a-edb18f7d336f,
efcfb314-196e-4116-ad03-6b5f3d5cc0d8,Badlands,428000,True,,"live, 2023‐08‐09: Wrigley Field, Chicago, IL, USA; YouTube – Nunupics Zomot",Bruce Springsteen & The E Street Band,Bruce Springsteen|The E Street Band,70248960-cb53-4ea4-943a-edb18f7d336f|d6652e7b-33fe-49ef-8336-4c863b4f996f,Bruce Springsteen,70248960-cb53-4ea4-943a-edb18f7d336f,
dd0e961c-a0f7-472e-93d6-5964b8060683,No Surrender,234000,True,,"soundcheck, 2023‐08‐09: Wrigley Field, Chicago, IL, USA; YouTube – ABC 7 Chicago",Bruce Springsteen & The E Street Band,Bruce Springsteen|The E Street Band,70248960-cb53-4ea4-943a-edb18f7d336f|d6652e7b-33fe-49ef-8336-4c863b4f996f,Bruce Springsteen,70248960-cb53-4ea4-943a-edb18f7d336f,
04b24f03-2377-4781-82c9-aff63994af47,Anybody,191000,True,,live session,Burna Boy,Burna Boy,78a19169-ac75-4868-b504-7e2e073118e0,Burna Boy,78a19169-ac75-4868-b504-7e2e073118e0,
84257124-9296-4a11-b34f-e24a92b66007,BulletProof,274000,False,,,Nosferatu,Nosferatu,96b836fe-557d-4a19-9cf2-4aa21e5de0bf,Nosferatu,96b836fe-557d-4a19-9cf2-4aa21e5de0bf,
dc542294-bbb3-4dd4-a4b6-cb844004662d,Sleepwalker,210000,False,,Promo Edit,The Wallflowers,The Wallflowers,d9c90718-d54d-4ccf-a92e-37a5415ce299,The Wallflowers,d9c90718-d54d-4ccf-a92e-37a5415ce299,USIR10001104
5d6368a9-950a-4d58-879d-3668121d5e9a,Don't Give Up on Me,169000,False,,,The Wallflowers,The Wallflowers,d9c90718-d54d-4ccf-a92e-37a5415ce299,The Wallflowers,d9c90718-d54d-4ccf-a92e-37a5415ce299,USSM11204966
40ce1df8-c4c2-4300-97b8-730dfa152384,You Get What You Give,,False,,,Prince Daddy & the Hyena,Prince Daddy & The Hyena,c837c0fa-74dd-483b-95f7-25a46f92fa88,Prince Daddy & The Hyena,c837c0fa-74dd-483b-95f7-25a46f92fa88,USSTT2300237
80a3d370-f940-4bf2-825b-999cdf7e4774,Chinatown,282000,True,,YouTube – bleachers,Bleachers feat. Bruce Springsteen,Bleachers|Bruce Springsteen,58e235fc-f6ea-4614-9ed4-9855a5665ae1|70248960-cb53-4ea4-943a-edb18f7d336f,Bleachers,58e235fc-f6ea-4614-9ed4-9855a5665ae1,
f547b7eb-832b-435b-8b84-3bb236f676c9,Chinatown,230000,True,,"live, 2020‐11: Electric Lady Studios, New York City, NY, USA; YouTube – bleachers",Bleachers feat. Bruce Springsteen,Bleachers|Bruce Springsteen,58e235fc-f6ea-4614-9ed4-9855a5665ae1|70248960-cb53-4ea4-943a-edb18f7d336f,Bleachers,58e235fc-f6ea-4614-9ed4-9855a5665ae1,
6a3bc6b3-b397-4b02-b32a-78330b4b7ff1,Chinatown,297000,True,,"live, 2022‐07‐26: Radio City Music Hall, New York City, NY, USA; YouTube – Hannah Croteau",Bleachers feat. Bruce Springsteen,Bleachers|Bruce Springsteen,58e235fc-f6ea-4614-9ed4-9855a5665ae1|70248960-cb53-4ea4-943a-edb18f7d336f,Bleachers,58e235fc-f6ea-4614-9ed4-9855a5665ae1,
238dc460-96ff-4547-90a2-c901fa80501d,The Rising,284000,True,,"live, 2023‐09‐03: MetLife Stadium, East Rutherford, NJ, USA; YouTube – Coldplay Is The World",Bruce Springsteen & The E Street Band,Bruce Springsteen|The E Street Band,70248960-cb53-4ea4-943a-edb18f7d336f|d6652e7b-33fe-49ef-8336-4c863b4f996f,Bruce Springsteen,70248960-cb53-4ea4-943a-edb18f7d336f,
65fffb6c-c51f-4fd3-b895-e903b3a2ef80,Two Hearts,226000,True,,"live, 2023‐09‐03: MetLife Stadium, East Rutherford, NJ, USA; YouTube – Quentin Lejeune",Bruce Springsteen & The E Street Band,Bruce Springsteen|The E Street Band,70248960-cb53-4ea4-943a-edb18f7d336f|d6652e7b-33fe-49ef-8336-4c863b4f996f,Bruce Springsteen,70248960-cb53-4ea4-943a-edb18f7d336f,
b75756ee-e583-43a4-84e6-64795fc766da,No pibe,,False,,,Manal,Manal,84c5f4ff-d513-4334-b5ca-ee7ffc496f45,Manal,84c5f4ff-d513-4334-b5ca-ee7ffc496f45,
bcbdfecc-d149-4841-b85d-c9491ec430f5,Jugo de tomate,,False,,,Manal,Manal,84c5f4ff-d513-4334-b5ca-ee7ffc496f45,Manal,84c5f4ff-d513-4334-b5ca-ee7ffc496f45,
fa4dd94b-8d16-49ec-be19-03ab59bfdd8a,Fingerprint,,False,,,Lane 8,Lane 8,bd052b81-353a-4bce-8cd8-72ba9d4ce414,Lane 8,bd052b81-353a-4bce-8cd8-72ba9d4ce414,FR2X41686056
1d5a5ce6-e959-4959-9262-cb0d5508816d,Why Don't You Love Me,205000,False,,,FKA twigs & Dua Lipa,FKA twigs|Dua Lipa,1e4e9db7-5068-4a9c-bdd0-5777e47172c8|6f1a58bf-9b1b-49cf-a44a-6cefad7ae04f,FKA twigs,1e4e9db7-5068-4a9c-bdd0-5777e47172c8,UK7MC2000148
08062a3e-9e21-453e-9d1e-6ef038f3b3d6,Hallelujah,299000,True,,music video,Burna Boy,Burna Boy,78a19169-ac75-4868-b504-7e2e073118e0,Burna Boy,78a19169-ac75-4868-b504-7e2e073118e0,
72bf3914-7cc0-4b9d-9f71-f1ff02e92415,I Believe in a Thing Called Love,188000,False,,,Colin & Caroline,Colin & Caroline,1f291fda-6b00-4a82-bdf7-eb92135f9e47,Colin & Caroline,1f291fda-6b00-4a82-bdf7-eb92135f9e47,
193cd54d-e97e-4cad-b7c7-4270f22b2c84,Drift,247000,True,,,3TEETH,3TEETH,358278f1-e0c5-4f8d-99de-9815bff2d15b,3TEETH,358278f1-e0c5-4f8d-99de-9815bff2d15b,
8db9310d-cfb7-4a4b-8d64-e93a33063c51,Sleepwalker,216000,True,,"Flash Fusion, Live",The Wallflowers,The Wallflowers,d9c90718-d54d-4ccf-a92e-37a5415ce299,The Wallflowers,d9c90718-d54d-4ccf-a92e-37a5415ce299,USUV70501509
693f4df0-294d-4080-af73-90ab16613be1,Everything I Need,228000,True,,"Flash Fusion, Live",The Wallflowers,The Wallflowers,d9c90718-d54d-4ccf-a92e-37a5415ce299,The Wallflowers,d9c90718-d54d-4ccf-a92e-37a5415ce299,USUV70501513
c0c34960-29ea-42e2-825d-7e45516c53d2,One Headlight,332000,True,,"Flash Fusion, Live",The Wallflowers,The Wallflowers,d9c90718-d54d-4ccf-a92e-37a5415ce299,The Wallflowers,d9c90718-d54d-4ccf-a92e-37a5415ce299,USUV70501510
0d70f293-fdca-4faf-8de2-c370cc2f3c11,Spring,,True,,,RMB feat. Talla 2XLC,RMB|Talla 2XLC,b29c6896-8c6b-4ef5-9f33-57ba1131faac|4c72f54b-6651-4d7d-b55e-7e8f4de57dd7,RMB,b29c6896-8c6b-4ef5-9f33-57ba1131faac,
a6c7c675-6583-4e2f-942f-f9594115228c,Tonight You Belong to Me,115000,True,,"The Jerk, 1979",Steve Martin & Bernadette Peters,Steve Martin|Bernadette Peters,0da08c43-c04c-4016-968d-b9d3eb9b7751|87f63ba8-cbdd-49ee-a976-416778f51f43,Steve Martin,0da08c43-c04c-4016-968d-b9d3eb9b7751,
432c3469-76ad-46d5-a2d5-bfc92d2820a2,Omo,155000,True,,music video,Burna Boy,Burna Boy,78a19169-ac75-4868-b504-7e2e073118e0,Burna Boy,78a19169-ac75-4868-b504-7e2e073118e0,
1ad3f0ed-31b5-44ab-89a1-b8faace5cf9a,过客,270000,False,,,阿涵,阿涵,28749a4a-c43b-4f8f-b774-2109e350cf64,阿涵,28749a4a-c43b-4f8f-b774-2109e350cf64,
e67461e4-53d5-4334-88d9-0436f38da2e4,到此为止,206000,False,,,阿涵,阿涵,28749a4a-c43b-4f8f-b774-2109e350cf64,阿涵,28749a4a-c43b-4f8f-b774-2109e350cf64,
7f8c0bf2-a6c0-4122-a3fb-e3850a588a79,These Memories,192000,True,,,Andromida & Tethra,Andromida|Tethra,8e71ae04-e368-4e3a-8c5a-e9fdbe5b35b9|c1673ec3-e703-40d8-a17d-1d9756c273aa,Andromida,8e71ae04-e368-4e3a-8c5a-e9fdbe5b35b9,
a4351ee2-56c0-46a6-b382-6bb013655e54,Klassenfahrt,250000,True,,,BHZ,BHZ,3b762e5b-4486-41a5-acf6-5eb388072254,BHZ,3b762e5b-4486-41a5-acf6-5eb388072254,
cdc46a86-79a3-4f68-bd0e-43822ddeb384,Drowsy,,False,,,Stan Getz,Stan Getz,8f2422ab-0ec6-4c92-80c4-afe9622fab32,Stan Getz,8f2422ab-0ec6-4c92-80c4-afe9622fab32,
4ebdd2af-dc8b-4188-8fd2-ba409bb7cf65,Mood Indigo,,False,,,Kenny Burrell,Kenny Burrell,a85b66d2-34df-4d5a-8c0d-d585b8a14ce1,Kenny Burrell,a85b66d2-34df-4d5a-8c0d-d585b8a14ce1,
93414847-e7ca-489c-8341-78ac503dc46a,Don’t Give Up,,False,,,Röyksopp,Röyksopp,1c70a3fc-fa3c-4be1-8b55-c3192db8a884,Röyksopp,1c70a3fc-fa3c-4be1-8b55-c3192db8a884,
15a8fe70-936a-4c9f-b696-34363d181f47,Tu Hi Toh Hai,289000,True,,Extended Version,Pritam & Kunal Ganjawala,Pritam|Kunal Ganjawala,52db98c1-0cc9-4aab-9f2d-ea8d359234f3|d0b371e3-1a21-4b2d-bcfe-c4f712befbf1,Pritam,52db98c1-0cc9-4aab-9f2d-ea8d359234f3,
02b140af-db3e-43fc-b2ba-1fdbb6c08241,Cheerleader,138000,True,,,Ashnikko,Ashnikko,6dee6b6f-aa72-424c-9c8c-0d31ba5ff673,Ashnikko,6dee6b6f-aa72-424c-9c8c-0d31ba5ff673,
7dc30a4e-7b94-4a28-adb4-ebd664ee9f0b,Andromeda,,False,,,Röyksopp,Röyksopp,1c70a3fc-fa3c-4be1-8b55-c3192db8a884,Röyksopp,1c70a3fc-fa3c-4be1-8b55-c3192db8a884,
ff6c55fc-6fd1-47d9-a623-dff39181e7c8,Never Gonna Give You Up,213000,True,,Official Music Video,Rick Astley,Rick Astley,db92a151-1ac2-438b-bc43-b82e149ddd50,Rick Astley,db92a151-1ac2-438b-bc43-b82e149ddd50,
d49be287-087b-4fd7-9c2b-e4a313cc06f2,From This Moment On,218000,True,,,"Gloria Groove, Wanessa Camargo",Gloria Groove|Wanessa Camargo,30af9387-037c-4f4f-9a81-17c6d9f5a26e|d3acca3b-2a75-4b2d-b15c-a5f6ee723b45,Gloria Groove,30af9387-037c-4f4f-9a81-17c6d9f5a26e,
7a7c155c-4b36-4683-9432-89140a1340d0,More Than Words,212000,True,,,"Gloria Groove, Di Ferrero",Gloria Groove|Di Ferrero,30af9387-037c-4f4f-9a81-17c6d9f5a26e|0664a1ea-a52f-4b8e-8617-d08f476c729a,Gloria Groove,30af9387-037c-4f4f-9a81-17c6d9f5a26e,
44e7c1a1-59ee-4465-8cb9-43733bed75b9,Proibida pra mim,159000,True,,,"Gloria Groove, Melim, Di Ferrero & Lagum",Gloria Groove|Melim|Di Ferrero|Lagum,30af9387-037c-4f4f-9a81-17c6d9f5a26e|32c3479f-da76-4771-9bc7-841d9645454d|0664a1ea-a52f-4b8e-8617-d08f476c729a|f18b8a7d-93b6-40ea-a9ef-122c6f3b787a,Gloria Groove,30af9387-037c-4f4f-9a81-17c6d9f5a26e,
83e26e43-30bb-462a-9f72-d44f8c7557d0,Careless Whisper,196000,True,,,Gloria Groove,Gloria Groove,30af9387-037c-4f4f-9a81-17c6d9f5a26e,Gloria Groove,30af9387-037c-4f4f-9a81-17c6d9f5a26e,
9833dc44-1b93-4a64-be27-9efa9f41e047,Evidências,257000,True,,,Gloria Groove e Tierry,Gloria Groove|Tierry,30af9387-037c-4f4f-9a81-17c6d9f5a26e|d12680a9-dbc7-4d94-a352-94dcb067e32a,Gloria Groove,30af9387-037c-4f4f-9a81-17c6d9f5a26e,
4748bcee-8c8f-4c6b-967f-c62904484c12,Going to California,,False,,"live, 1971‐09‐29: Osaka Festival Hall, Osaka, Japan",Led Zeppelin,Led Zeppelin,678d88b2-87b0-403b-b63d-5da7465aecc3,Led Zeppelin,678d88b2-87b0-403b-b63d-5da7465aecc3,
12147153-5db6-48b1-801b-7e2aa6ea118b,Heartbreaker,,False,,"live, 1971‐09‐29: Osaka Festival Hall, Osaka, Japan",Led Zeppelin,Led Zeppelin,678d88b2-87b0-403b-b63d-5da7465aecc3,Led Zeppelin,678d88b2-87b0-403b-b63d-5da7465aecc3,
a06e4117-d9aa-474f-bca8-1456dcee0eef,Dazed and Confused,,False,,"live, 1971‐09‐29: Osaka Festival Hall, Osaka, Japan",Led Zeppelin,Led Zeppelin,678d88b2-87b0-403b-b63d-5da7465aecc3,Led Zeppelin,678d88b2-87b0-403b-b63d-5da7465aecc3,
80ee6c5e-3f49-4620-be36-eb8f2616074d,Dazed and Confused,,False,,"live, 1971‐09‐29: Osaka Festival Hall, Osaka, Japan",Led Zeppelin,Led Zeppelin,678d88b2-87b0-403b-b63d-5da7465aecc3,Led Zeppelin,678d88b2-87b0-403b-b63d-5da7465aecc3,
31198336-b7bd-4241-9938-feacb5a175c4,Heartbreaker,,False,,,Led Zeppelin,Led Zeppelin,678d88b2-87b0-403b-b63d-5da7465aecc3,Led Zeppelin,678d88b2-87b0-403b-b63d-5da7465aecc3,
f8c41d65-2953-4679-96e7-400ed757aa05,Introduction,,False,,"live, 1971‐09‐29: Osaka Festival Hall, Osaka, Japan",Led Zeppelin,Led Zeppelin,678d88b2-87b0-403b-b63d-5da7465aecc3,Led Zeppelin,678d88b2-87b0-403b-b63d-5da7465aecc3,
f6763613-1f01-4811-982a-b973e7fc9fc4,Going to California,,False,,"live, 1971‐09‐29: Osaka Festival Hall, Osaka, Japan",Led Zeppelin,Led Zeppelin,678d88b2-87b0-403b-b63d-5da7465aecc3,Led Zeppelin,678d88b2-87b0-403b-b63d-5da7465aecc3,
7fbbd463-df14-4826-a67d-e19563dc8811,Heartbreaker,,False,,"live, 1971‐09‐29: Osaka Festival Hall, Osaka, Japan",Led Zeppelin,Led Zeppelin,678d88b2-87b0-403b-b63d-5da7465aecc3,Led Zeppelin,678d88b2-87b0-403b-b63d-5da7465aecc3,
ff81a8d7-e18e-46b7-ba71-89ff8eb302ee,Going to California,,False,,"live, 1971‐09‐29: Osaka Festival Hall, Osaka, Japan",Led Zeppelin,Led Zeppelin,678d88b2-87b0-403b-b63d-5da7465aecc3,Led Zeppelin,678d88b2-87b0-403b-b63d-5da7465aecc3,
260fd00e-c992-4eb7-819d-e115a6cf71f3,Whole Lotta Love,,False,,"live, 1971‐09‐29: Osaka Festival Hall, Osaka, Japan",Led Zeppelin,Led Zeppelin,678d88b2-87b0-403b-b63d-5da7465aecc3,Led Zeppelin,678d88b2-87b0-403b-b63d-5da7465aecc3,
4fcee445-4181-408c-9273-63a3f28cdc13,Introduction,,False,,,Led Zeppelin,Led Zeppelin,678d88b2-87b0-403b-b63d-5da7465aecc3,Led Zeppelin,678d88b2-87b0-403b-b63d-5da7465aecc3,
9bba095b-6555-4312-b2d5-7c44bac6684a,Going to California,,False,,"live, 1971‐09‐29: Osaka Festival Hall, Osaka, Japan",Led Zeppelin,Led Zeppelin,678d88b2-87b0-403b-b63d-5da7465aecc3,Led Zeppelin,678d88b2-87b0-403b-b63d-5da7465aecc3,
bddc0f20-ae24-4b71-8bd7-c7d73efbf61e,Introduction,,False,,"live, 1971‐09‐29: Osaka Festival Hall, Osaka, Japan",Led Zeppelin,Led Zeppelin,678d88b2-87b0-403b-b63d-5da7465aecc3,Led Zeppelin,678d88b2-87b0-403b-b63d-5da7465aecc3,
bbdaf70f-aaba-473e-8be9-12933bb3ed4c,Going to California,,False,,,Led Zeppelin,Led Zeppelin,678d88b2-87b0-403b-b63d-5da7465aecc3,Led Zeppelin,678d88b2-87b0-403b-b63d-5da7465aecc3,
f3d212be-1c6a-40e7-9cc0-9100b6ebf54d,Heartbreaker,,False,,"live, 1971‐09‐29: Osaka Festival Hall, Osaka, Japan",Led Zeppelin,Led Zeppelin,678d88b2-87b0-403b-b63d-5da7465aecc3,Led Zeppelin,678d88b2-87b0-403b-b63d-5da7465aecc3,
83f5aa63-fc99-4242-9309-7d45c584c73d,Dazed and Confused,,False,,"live, 1971‐09‐29: Osaka Festival Hall, Osaka, Japan",Led Zeppelin,Led Zeppelin,678d88b2-87b0-403b-b63d-5da7465aecc3,Led Zeppelin,678d88b2-87b0-403b-b63d-5da7465aecc3,
6d301014-ff8a-4e18-b965-b86c4ef48273,Dazed and Confused,,False,,"live, 1971‐09‐29: Osaka Festival Hall, Osaka, Japan",Led Zeppelin,Led Zeppelin,678d88b2-87b0-403b-b63d-5da7465aecc3,Led Zeppelin,678d88b2-87b0-403b-b63d-5da7465aecc3,
eadd49e9-69b2-4ea5-8b56-2d6bd1ba4632,Heartbreaker,,False,,"live, 1971‐09‐29: Osaka Festival Hall, Osaka, Japan",Led Zeppelin,Led Zeppelin,678d88b2-87b0-403b-b63d-5da7465aecc3,Led Zeppelin,678d88b2-87b0-403b-b63d-5da7465aecc3,
94919152-a00e-47e4-95ab-c469a9bc9a39,Introduction,,False,,"live, 1971‐09‐29: Osaka Festival Hall, Osaka, Japan",Led Zeppelin,Led Zeppelin,678d88b2-87b0-403b-b63d-5da7465aecc3,Led Zeppelin,678d88b2-87b0-403b-b63d-5da7465aecc3,
20cb3678-4fce-43fc-8c25-a7a55dd6fba2,C’mon Everybody,,False,,,Led Zeppelin,Led Zeppelin,678d88b2-87b0-403b-b63d-5da7465aecc3,Led Zeppelin,678d88b2-87b0-403b-b63d-5da7465aecc3,
af308cd0-6c14-4f24-8836-05975ad86397,Dazed and Confused,,False,,,Led Zeppelin,Led Zeppelin,678d88b2-87b0-403b-b63d-5da7465aecc3,Led Zeppelin,678d88b2-87b0-403b-b63d-5da7465aecc3,
d9ec6184-2483-4b9c-81ed-694599d33479,Thank You,,False,,"live, 1971‐09‐29: Osaka Festival Hall, Osaka, Japan",Led Zeppelin,Led Zeppelin,678d88b2-87b0-403b-b63d-5da7465aecc3,Led Zeppelin,678d88b2-87b0-403b-b63d-5da7465aecc3,
701652a3-9ec3-4e2b-b80c-0ee51b23a080,Numbers,,False,,,Kraftwerk,Kraftwerk,5700dcd4-c139-4f31-aa3e-6382b9af9032,Kraftwerk,5700dcd4-c139-4f31-aa3e-6382b9af9032,
a6b9e0f3-9906-477b-9e18-840106654d4f,West End Girls,,False,,,Pet Shop Boys,Pet Shop Boys,be540c02-7898-4b79-9acc-c8122c7d9e83,Pet Shop Boys,be540c02-7898-4b79-9acc-c8122c7d9e83,
66f8d962-b948-46a4-a3cb-0814837d679a,Bad Habit,336000,False,,,Ghost,Ghost,57647f66-2f0c-4a29-ae4e-af928c35b694,Ghost,57647f66-2f0c-4a29-ae4e-af928c35b694,
2fe224aa-3321-48f8-b7f9-02211fe7ac66,Carried Away,199000,False,,,Zach Bryan,Zach Bryan,51e90731-08c0-4f60-89b6-5b78e5844de8,Zach Bryan,51e90731-08c0-4f60-89b6-5b78e5844de8,
7690797c-0ef6-4ef1-b2c8-81b1565f5e21,No No No,365000,False,,,Benny Page & Visionary,Benny Page|Visionary,caa877e4-8918-46c9-aef4-30f9c91918d5|09d9d292-2112-401d-8a7a-f601b37cbd31,Benny Page,caa877e4-8918-46c9-aef4-30f9c91918d5,
982c18db-712e-4965-945d-141e93a67182,Rope,236000,True,,,CASTLEBEAT,CASTLEBEAT,ccb9d51f-62a8-44c7-a433-8e961c86080b,CASTLEBEAT,ccb9d51f-62a8-44c7-a433-8e961c86080b,
a2b3c9f2-1d79-471e-a308-dad2cc603ce8,Free,392000,False,,,DJ Marky & Makoto,DJ Marky|Makoto,20f4225f-f50e-4382-8b6e-b18448bc037d|c854e1fa-5063-4a74-ac5a-59e8a88ecd2c,DJ Marky,20f4225f-f50e-4382-8b6e-b18448bc037d,
e64e841c-9f46-437d-b77c-4ba19aa1f823,Angels Fall,232000,False,,,DRS & LSB,DRS|LSB,90251db0-0ad8-4ffe-9cca-62b527ba561b|edd4f120-735c-4e63-a7b9-b66aca234348,DRS,90251db0-0ad8-4ffe-9cca-62b527ba561b,
481aec92-be59-4643-8161-1645bd959f55,Hold On,373000,False,,,Benny Page,Benny Page,caa877e4-8918-46c9-aef4-30f9c91918d5,Benny Page,caa877e4-8918-46c9-aef4-30f9c91918d5,
ce9b23a5-0183-470c-8881-6ee0bf6e2cde,Sometimes,388000,False,,,Low Steppa,Low Steppa,dcb645bd-ec79-4673-b2ab-d3b9b454dd61,Low Steppa,dcb645bd-ec79-4673-b2ab-d3b9b454dd61,
9e72bb39-49e3-42ee-ac55-ac4b72777603,No Woman No Cry,228000,False,,,Sublime,Sublime,95f5b748-d370-47fe-85bd-0af2dc450bc0,Sublime,95f5b748-d370-47fe-85bd-0af2dc450bc0,
b589ced1-3988-4e6c-85b1-accdb9c847f1,You're Dead,454000,False,,,Axel Thesleff,Axel Thesleff,8b05b805-7376-47f2-acc4-05564502a888,Axel Thesleff,8b05b805-7376-47f2-acc4-05564502a888,
2f73e4fc-2ac6-4b59-b9fb-c5f67dbd9851,Forever and for Always,,False,,,Shania Twain,Shania Twain,faabb55d-3c9e-4c23-8779-732ac2ee2c0d,Shania Twain,faabb55d-3c9e-4c23-8779-732ac2ee2c0d,
873673e3-7f8a-47b2-a092-75b6716e01c4,Criminal,210000,False,,,Lutan Fyah feat. Turbulence,Lutan Fyah|Turbulence,cc416d17-54de-4fdb-9fc9-db59cdaf079f|0e12d01b-e8ae-4cf5-8888-649be4ca90af,Lutan Fyah,cc416d17-54de-4fdb-9fc9-db59cdaf079f,
fce0bae6-93bf-40d5-8cb7-ae6cf761a642,Stand Up,252000,True,,music video,Dear Jane,Dear Jane,eaaa4d91-a43c-4ab2-82bb-4d740daff201,Dear Jane,eaaa4d91-a43c-4ab2-82bb-4d740daff201,
273b5456-8361-4364-8184-e29eaafe4141,Old Man & Me,,False,,,Hootie & the Blowfish,Hootie & the Blowfish,b3120863-d98d-4bad-a637-8abd8cde6685,Hootie & the Blowfish,b3120863-d98d-4bad-a637-8abd8cde6685,
2bf49039-0345-4fa0-a628-4406faffdb08,Time,,False,,,Hootie & the Blowfish,Hootie & the Blowfish,b3120863-d98d-4bad-a637-8abd8cde6685,Hootie & the Blowfish,b3120863-d98d-4bad-a637-8abd8cde6685,
9595c57f-edb8-48dd-a2de-40880581cedc,Hold My Hand,,False,,,Hootie & the Blowfish,Hootie & the Blowfish,b3120863-d98d-4bad-a637-8abd8cde6685,Hootie & the Blowfish,b3120863-d98d-4bad-a637-8abd8cde6685,
4d8acf3b-a734-46cc-aa77-bcf34bc442f5,Enchantment,369000,True,,lyric video,Paradise Lost,Paradise Lost,10bf95b6-30e3-44f1-817f-45762cdc0de0,Paradise Lost,10bf95b6-30e3-44f1-817f-45762cdc0de0,
d9280aa9-ace1-40e4-b08b-49719cd7bbc1,Wildest Moments,233000,True,,Watch Listen Tell session,Jessie Ware,Jessie Ware,6ed40778-8d03-4a5c-ad35-93cf814627c9,Jessie Ware,6ed40778-8d03-4a5c-ad35-93cf814627c9,
85b5f6be-bd83-4fe2-aafe-de27761094a1,To the Bone,181000,True,,Watch Listen Tell session,Bombay Bicycle Club,Bombay Bicycle Club,0ae49abe-d6af-44fa-8ab0-b9ace5690e6f,Bombay Bicycle Club,0ae49abe-d6af-44fa-8ab0-b9ace5690e6f,
90fd80e3-bd4a-4558-bf53-f644b418113b,Smells Like Teen Spirit,202000,True,,"live, 1992: Montreux",Tori Amos,Tori Amos,c0b2500e-0cef-4130-869d-732b23ed9df5,Tori Amos,c0b2500e-0cef-4130-869d-732b23ed9df5,
d61ddacb-5186-4ffd-8e02-f2ef0968ece5,Old Pine,273000,True,,Watch Listen Tell session,Ben Howard,Ben Howard,534dda3c-b73f-408b-8889-bd68eae84df6,Ben Howard,534dda3c-b73f-408b-8889-bd68eae84df6,
e6d39c7b-0738-438f-842c-16555cdb0bed,Night Bus,226000,True,,Watch Listen Tell session,Lucy Rose,Lucy Rose,c79df192-153f-4cc3-b9bf-9c36bc797c73,Lucy Rose,c79df192-153f-4cc3-b9bf-9c36bc797c73,
88d2591f-0751-4400-abf0-788a97099861,vampire,244000,True,,"live, 2023‐10‐09: The Theatre at Ace Hotel, Los Angeles, CA, USA",Olivia Rodrigo,Olivia Rodrigo,6925db17-f35e-42f3-a4eb-84ee6bf5d4b0,Olivia Rodrigo,6925db17-f35e-42f3-a4eb-84ee6bf5d4b0,USUMV2303383|USUMV2303390
d30fb7e0-24f0-4d73-8b65-36f8b22aa1b6,The Brave,204000,True,,,YOASOBI,YOASOBI,df6c619f-4334-43e2-8b6a-4a32af1e4f85,YOASOBI,df6c619f-4334-43e2-8b6a-4a32af1e4f85,
addaea19-8b05-4239-acd5-509d563a4116,Colours,,True,,,Hot Chip,Hot Chip,d8915e13-d67a-4aa0-9c0b-1f126af951af,Hot Chip,d8915e13-d67a-4aa0-9c0b-1f126af951af,
ee0bb3a8-9d9a-4b27-89d5-43071809afea,Take It,163000,True,,,Tom Novy ft Lima,Tom Novy|Lima,a143d507-b546-409b-be09-7f77c804b1b3|adc77d5b-38b9-4b68-bd32-59a46f1df940,Tom Novy,a143d507-b546-409b-be09-7f77c804b1b3,
edde3604-80e1-49cf-bd84-c0f809e5a6a3,traitor,229000,True,,"live, 2023‐10‐09: The Theatre at Ace Hotel, Los Angeles, CA, USA",Olivia Rodrigo,Olivia Rodrigo,6925db17-f35e-42f3-a4eb-84ee6bf5d4b0,Olivia Rodrigo,6925db17-f35e-42f3-a4eb-84ee6bf5d4b0,USUMV2303389
538b6204-c9fd-46e2-ab38-1879834dd8b0,Stoopid,238000,True,,,Snot,Snot,ede553ac-e7ee-443a-9d63-765e7e31e424,Snot,ede553ac-e7ee-443a-9d63-765e7e31e424,
601e0141-3656-4a67-8d2e-5c54aad23e50,Sorrow,217000,True,,unofficial video by nowness,The National,The National,664c3e0e-42d8-48c1-b209-1efca19c0325,The National,664c3e0e-42d8-48c1-b209-1efca19c0325,
9d54ddd0-fe18-42b0-8441-0ef8f271a39b,Sweet Caroline,239000,False,,Dazwell Quantized Intro Edit Crowd Chant Chorus,Neil Diamond,Neil Diamond,a42d3fd5-55de-4206-86c3-4fbb5404018f,Neil Diamond,a42d3fd5-55de-4206-86c3-4fbb5404018f,
999e1b63-6cd0-435e-9740-90a4e2714047,Miss Murder,203000,True,,short version,AFI,AFI,1c3919b2-43ca-4a4a-935d-9d50135ec0ef,AFI,1c3919b2-43ca-4a4a-935d-9d50135ec0ef,
457e33a0-7d54-4df5-8ee0-fc18ef9e2b5e,Hell,250000,False,,unreleased outtake from Made In England,Elton John,Elton John,b83bc61f-8451-4a5d-8b8e-7e9ed295e822,Elton John,b83bc61f-8451-4a5d-8b8e-7e9ed295e822,
16433df2-a80f-4a13-b054-9eee4c73b804,teenage dream,222000,True,,"live, 2023‐10‐09: The Theatre at Ace Hotel, Los Angeles, CA, USA",Olivia Rodrigo,Olivia Rodrigo,6925db17-f35e-42f3-a4eb-84ee6bf5d4b0,Olivia Rodrigo,6925db17-f35e-42f3-a4eb-84ee6bf5d4b0,USUMV2303387
f1c67b30-eb48-4d4d-9e39-311dc41034c0,Abracadabra,217000,True,,,Steve Miller Band,Steve Miller Band,e57f0cac-4f56-473c-8d7e-d93f753fd586,Steve Miller Band,e57f0cac-4f56-473c-8d7e-d93f753fd586,
8dbbf047-28f2-4ace-beb8-ac5a09d88603,Trippin,166000,False,,,Krafty Kuts,Krafty Kuts,d14416ef-2283-49ef-9118-d690613d0bc9,Krafty Kuts,d14416ef-2283-49ef-9118-d690613d0bc9,
aa1d6e00-61b1-4d25-9789-e9f14ead7df2,I Get The Sweetest Feeling,177000,True,,,Jackie Wilson,Jackie Wilson,f0bf4fa0-028e-452f-82d3-7d4375e105dd,Jackie Wilson,f0bf4fa0-028e-452f-82d3-7d4375e105dd,
d7ccc7cb-ff95-4346-93e8-92631d2347a0,Paradise,222000,False,,unreleased demo,No Doubt,No Doubt,fbd2a255-1d57-4d31-ac11-65b671c19958,No Doubt,fbd2a255-1d57-4d31-ac11-65b671c19958,
ad731146-589f-497c-86a5-b99a034f114c,Heartless,249000,True,,,The Fray,The Fray,2ddd167f-5b8a-4372-b350-6ad50493bac0,The Fray,2ddd167f-5b8a-4372-b350-6ad50493bac0,
0e96ae14-46a2-4754-814e-5e7369548ad3,Sliver,125000,False,,live Nirvana cover,No Doubt,No Doubt,fbd2a255-1d57-4d31-ac11-65b671c19958,No Doubt,fbd2a255-1d57-4d31-ac11-65b671c19958,
57a9d7c2-1940-4e4e-8636-225ddc319890,Hide and Seek,185000,False,,unreleased live only song,No Doubt,No Doubt,fbd2a255-1d57-4d31-ac11-65b671c19958,No Doubt,fbd2a255-1d57-4d31-ac11-65b671c19958,
8d15defc-104c-4849-90fc-48711dfa0186,I Will Survive (original 7″ version),,False,,,Gloria Gaynor,Gloria Gaynor,d5c51c36-ac67-4727-91ed-ee9f0df81a2d,Gloria Gaynor,d5c51c36-ac67-4727-91ed-ee9f0df81a2d,
0ab878d5-a33e-42d3-892f-27eb3b1274da,Too Shy,220000,True,,,Kajagoogoo,Kajagoogoo,7bc51021-6a84-4a04-ada3-0541615a97bc,Kajagoogoo,7bc51021-6a84-4a04-ada3-0541615a97bc,
04cb2da8-ef76-4103-9500-8309e60e1c11,Give It Up,201000,True,,,KC and the Sunshine Band,KC and the Sunshine Band,76a5a114-ed6a-4eb6-8a81-ad5768d4b41c,KC and the Sunshine Band,76a5a114-ed6a-4eb6-8a81-ad5768d4b41c,
cc9adda7-bfb8-41e3-a0a8-f07b000e133a,"Can’t Get Enough of Your Love, Babe",,False,,,Barry White,Barry White,b904d624-9e05-4398-8f4f-88fbcf022f79,Barry White,b904d624-9e05-4398-8f4f-88fbcf022f79,
52bba68d-2f7f-417c-81de-d64fea077d25,Rice Balls,202000,True,,,Pink Guy,Pink Guy,16c30e33-0f97-4146-9bec-dc21d074eaec,Pink Guy,16c30e33-0f97-4146-9bec-dc21d074eaec,
5a3158cd-4c87-4e53-b57d-f64b6be143b5,Molly And Tenbrooks,,False,,,The Stanley Brothers,The Stanley Brothers,8f918972-81e9-43a5-80a4-d244a42dc5b2,The Stanley Brothers,8f918972-81e9-43a5-80a4-d244a42dc5b2,
e00a2c8f-f045-49f4-be5d-140b0ef1b9dd,Going Up the Country,170000,False,,,Canned Heat,Canned Heat,815a0279-558c-4522-ac3b-6a1e259e95b5,Canned Heat,815a0279-558c-4522-ac3b-6a1e259e95b5,
3ad09bfa-d752-404f-b59d-32deb64be459,All Along the Watchtower,240000,False,,,Jimi Hendrix,Jimi Hendrix,06fb1c8b-566e-4cb2-985b-b467c90781d4,Jimi Hendrix,06fb1c8b-566e-4cb2-985b-b467c90781d4,
1ed51fe7-7d4c-423f-99ca-07df893c909c,The Winner Takes it All,220000,False,,,Billie Eilish,Billie Eilish,f4abc0b5-3f7a-4eff-8f78-ac078dbce533,Billie Eilish,f4abc0b5-3f7a-4eff-8f78-ac078dbce533,
1740f9ad-4b27-4a49-a7c4-2e65ecbeb076,CUTIE,207000,True,,music video,Gareth.T,Gareth.T,e5eadc96-78c3-4630-bd2a-f1b9d9eb91aa,Gareth.T,e5eadc96-78c3-4630-bd2a-f1b9d9eb91aa,
1f9e802a-26bd-4b60-902d-4077469dcb4c,waves,170000,True,,official visualizer,Gareth.T,Gareth.T,e5eadc96-78c3-4630-bd2a-f1b9d9eb91aa,Gareth.T,e5eadc96-78c3-4630-bd2a-f1b9d9eb91aa,
a8b39295-d943-4c68-947c-f68d54bcb0ec,Smoke Signals,215000,True,,music video,Cavetown feat. Tessa Violet,Cavetown|Tessa Violet,7999a8a1-6cbd-4453-8dd4-ebd03a10e44f|b4246b6b-b1fd-4401-b438-d12f98e5e2a4,Cavetown,7999a8a1-6cbd-4453-8dd4-ebd03a10e44f,
c07db347-563b-4256-958e-4025d7ea2c56,Andromeda,200000,True,,,MiZeb,MiZeb,863ccc59-0081-47dd-8918-c14197ff87cf,MiZeb,863ccc59-0081-47dd-8918-c14197ff87cf,
cf07c4b3-cf26-4e5b-a83d-de64918176e2,Phantom,222000,True,,,MiZeb x Deetox Vengeance,MiZeb|Deetox Vengeance,863ccc59-0081-47dd-8918-c14197ff87cf|47004353-f183-4d9b-9e33-23cea64576ef,MiZeb,863ccc59-0081-47dd-8918-c14197ff87cf,
fe4036c8-11bf-4975-aae3-e782b35e36bf,Burn,201000,True,,,MiZeb,MiZeb,863ccc59-0081-47dd-8918-c14197ff87cf,MiZeb,863ccc59-0081-47dd-8918-c14197ff87cf,
df2c42e3-db8a-4995-bb03-3f582fb49602,Sympathy,303000,True,,"live, 2022-11-30: Brooklyn Bowl Nashville, Nashville, Tennessee, USA",Bad Omens & Too Close to Touch,Bad Omens|Too Close to Touch,eecada09-acfc-472d-ae55-e9e5a43f12d8|92186754-6906-4f31-b98d-1a5d70ceed6c,Bad Omens,eecada09-acfc-472d-ae55-e9e5a43f12d8,
24e921ba-a8a1-4f64-9db9-00854882ba2d,Style,,False,,"live, 2023‐08: SoFi Stadium, Inglewood, CA, USA",Taylor Swift,Taylor Swift,20244d07-534f-4eff-b4d4-930878889970,Taylor Swift,20244d07-534f-4eff-b4d4-930878889970,
a5de56b1-6975-4917-ac11-83471775f062,Betty,,False,,"live, 2023‐08: SoFi Stadium, Inglewood, CA, USA",Taylor Swift,Taylor Swift,20244d07-534f-4eff-b4d4-930878889970,Taylor Swift,20244d07-534f-4eff-b4d4-930878889970,
b24fc88c-2652-4921-b248-a65d6d823a09,Enchanted,,False,,"live, 2023‐08: SoFi Stadium, Inglewood, CA, USA",Taylor Swift,Taylor Swift,20244d07-534f-4eff-b4d4-930878889970,Taylor Swift,20244d07-534f-4eff-b4d4-930878889970,
2ed17b75-4306-4f20-a619-e7e0b38cce82,Karma,,False,,"live, 2023‐08: SoFi Stadium, Inglewood, CA, USA",Taylor Swift,Taylor Swift,20244d07-534f-4eff-b4d4-930878889970,Taylor Swift,20244d07-534f-4eff-b4d4-930878889970,
0f710d7e-3601-45d5-b1b6-aaeb4281dad2,Fearless,,False,,"live, 2023‐08: SoFi Stadium, Inglewood, CA, USA",Taylor Swift,Taylor Swift,20244d07-534f-4eff-b4d4-930878889970,Taylor Swift,20244d07-534f-4eff-b4d4-930878889970,
a18b989b-55ec-46c4-ae85-4138197d40a3,Lover,,False,,"live, 2023‐08: SoFi Stadium, Inglewood, CA, USA",Taylor Swift,Taylor Swift,20244d07-534f-4eff-b4d4-930878889970,Taylor Swift,20244d07-534f-4eff-b4d4-930878889970,
08e8cd05-4998-41d1-a765-82abdd8d3017,Bad Blood,,False,,"live, 2023‐08: SoFi Stadium, Inglewood, CA, USA",Taylor Swift,Taylor Swift,20244d07-534f-4eff-b4d4-930878889970,Taylor Swift,20244d07-534f-4eff-b4d4-930878889970,
0f333783-9dbb-4d83-bd79-21f5d58bcaa7,Love Story,,False,,"live, 2023‐08: SoFi Stadium, Inglewood, CA, USA",Taylor Swift,Taylor Swift,20244d07-534f-4eff-b4d4-930878889970,Taylor Swift,20244d07-534f-4eff-b4d4-930878889970,
c54c2a50-d5ae-4653-9863-c5d4366c9272,Blank Space,,False,,"live, 2023‐08: SoFi Stadium, Inglewood, CA, USA",Taylor Swift,Taylor Swift,20244d07-534f-4eff-b4d4-930878889970,Taylor Swift,20244d07-534f-4eff-b4d4-930878889970,
faa140ed-9ecf-43c7-9487-e733cc6b8c36,Shake It Off,,False,,"live, 2023‐08: SoFi Stadium, Inglewood, CA, USA",Taylor Swift,Taylor Swift,20244d07-534f-4eff-b4d4-930878889970,Taylor Swift,20244d07-534f-4eff-b4d4-930878889970,
7d41c6f9-1637-457a-82cd-c7bf60693631,Delicate,,False,,"live, 2023‐08: SoFi Stadium, Inglewood, CA, USA",Taylor Swift,Taylor Swift,20244d07-534f-4eff-b4d4-930878889970,Taylor Swift,20244d07-534f-4eff-b4d4-930878889970,
faa0f002-a5e3-4048-8ab3-cbb0f18a7d79,August,,False,,"live, 2023‐08: SoFi Stadium, Inglewood, CA, USA",Taylor Swift,Taylor Swift,20244d07-534f-4eff-b4d4-930878889970,Taylor Swift,20244d07-534f-4eff-b4d4-930878889970,
d12992e8-5675-464b-8b4a-d025c0d81edf,Life Goes On,199000,True,,,Oliver Tree feat. Trippie Redd & Ski Mask,Oliver Tree|Trippie Redd|Ski Mask the Slump God,1fa3bded-908f-47be-9784-3c9ef850682b|8032cf05-d916-4b2a-9c53-6e75d4a24bd8|faf916e0-ffc5-4345-a10b-b79ed8c9b8f6,Oliver Tree,1fa3bded-908f-47be-9784-3c9ef850682b,
4856590c-a231-457a-acd4-503f9d3673f3,Energy,166000,False,,,Skrillex,Skrillex,ae002c5d-aac6-490b-a39a-30aa9e2edf2b,Skrillex,ae002c5d-aac6-490b-a39a-30aa9e2edf2b,
1103317f-50d2-430d-a69f-3ab676958a91,Breathe,249000,True,,,Faith Hill,Faith Hill,406552d4-5ba1-4226-b7c0-367bc50fc767,Faith Hill,406552d4-5ba1-4226-b7c0-367bc50fc767,
6a699c2b-e544-41ee-b862-5b3b46054d1f,The Remedy (I Won’t Worry),251000,True,,,Jason Mraz,Jason Mraz,82eb8936-7bf6-4577-8320-a2639465206d,Jason Mraz,82eb8936-7bf6-4577-8320-a2639465206d,
80cfeb1b-2236-4c34-8d71-91925df9e7c5,Seven Nation Army,238000,True,,,The White Stripes,The White Stripes,11ae9fbb-f3d7-4a47-936f-4c0a04d3b3b5,The White Stripes,11ae9fbb-f3d7-4a47-936f-4c0a04d3b3b5,
e7bc139f-87b3-48ac-ae52-7663b4420fa2,Thank You,,False,,,Queen + Robert Plant,Queen|Robert Plant,0383dadf-2a4e-4d10-a46a-e9e041da8eb3|bd53f9a7-8be9-46b0-bf7d-1deea3cb57bc,Queen,0383dadf-2a4e-4d10-a46a-e9e041da8eb3,
63e75e54-4cf6-4dce-85f6-d1eb7f2f48a6,When I’m Gone,257000,True,,"original video, ""swamp""",3 Doors Down,3 Doors Down,2386cd66-e923-4e8e-bf14-2eebe2e9b973,3 Doors Down,2386cd66-e923-4e8e-bf14-2eebe2e9b973,
ff9aeb08-070f-4fbc-81a7-15334dc7dd04,Drift Away,256000,True,,,Uncle Kracker,Uncle Kracker,1a02e1e4-000e-46fa-83de-f3a36674e4fc,Uncle Kracker,1a02e1e4-000e-46fa-83de-f3a36674e4fc,
c7c68973-5d72-4f46-bd79-43aacca844fb,Childhood,220000,False,,,TEEMID,TEEMID,c8fe96ee-2195-4b27-adb0-525843822b6d,TEEMID,c8fe96ee-2195-4b27-adb0-525843822b6d,
5c47b0b1-66ae-40ab-b892-5e455033011d,Five Little Ducks,174000,False,,,Super Simple Songs,Super Simple Songs,a642d9a4-f33e-4d6c-8e11-54a4bbf0f647,Super Simple Songs,a642d9a4-f33e-4d6c-8e11-54a4bbf0f647,
ad8867e4-5067-445c-9b7f-100949ca14a3,Girls Like Us,,False,,,Charli XCX,Charli xcx,260b6184-8828-48eb-945c-bc4cb6fc34ca,Charli xcx,260b6184-8828-48eb-945c-bc4cb6fc34ca,
ac7a7f51-881e-4616-9a2c-52b6097635ee,Girls Like Us,170000,False,,,Fifth Harmony,Fifth Harmony,e565610b-9a8f-451d-b594-ea658d76f725,Fifth Harmony,e565610b-9a8f-451d-b594-ea658d76f725,
847b3354-5289-4b29-a1b4-de26a81df155,Untitled,221000,False,,,Tensnake,Tensnake,1310615d-0222-4e59-876d-e7d263f7e1ea,Tensnake,1310615d-0222-4e59-876d-e7d263f7e1ea,
83c4dd62-5fe3-4cd1-99d0-dea2a3299548,La La Land,214000,False,,,Jax,Jax,91450f97-d44a-4364-acf4-882433df30a8,Jax,91450f97-d44a-4364-acf4-882433df30a8,
5fe81465-93d0-4fb3-89e9-6b5b5d349d75,Alex,190000,True,,music video,Teen Suicide,Teen Suicide,a63a5c27-aae4-40b3-86c7-527496bfeeb9,Teen Suicide,a63a5c27-aae4-40b3-86c7-527496bfeeb9,
5d31a1a2-1823-4e24-9580-df3c623c90a2,Word Up!,213000,True,,,Little Mix,Little Mix,38f59974-2f4d-4bfa-b2e3-d2696de1b675,Little Mix,38f59974-2f4d-4bfa-b2e3-d2696de1b675,
a8839ae9-79ef-43e3-b0de-594ac31ef481,My Love,190000,True,,,Route 94 feat. Jess Glynne,Route 94|Jess Glynne,e2d1f228-3aff-4e6d-8932-032f4036131b|89ccd7c3-b4f8-45a6-a53f-e903eaaf96be,Route 94,e2d1f228-3aff-4e6d-8932-032f4036131b,
6b5fdc29-773e-4d0b-a22a-c0b8453153c6,Hope,6923000,False,,full DVD recording including intro & credits,Hillsong Worship,Hillsong Worship,dabaab7a-e807-435e-b2d7-1403fcdc0671,Hillsong Worship,dabaab7a-e807-435e-b2d7-1403fcdc0671,
e9248b70-22fc-4566-810b-ed87e3b8524f,Ready for Your Love,207000,True,,,Gorgon City ft. MNEK,Gorgon City|MNEK,ba8aaa28-2de4-4d5c-824e-1e9d49235c55|27e7c2e8-badc-4a97-8b93-24b6c530b038,Gorgon City,ba8aaa28-2de4-4d5c-824e-1e9d49235c55,
d8f98141-3443-42ba-a34f-41826257d944,Have You Ever Seen The Rain?,200000,False,,,Hollywood Undead,Hollywood Undead,321fdfbb-426b-43f7-8295-fa9aca6348d9,Hollywood Undead,321fdfbb-426b-43f7-8295-fa9aca6348d9,
5f7471b0-b1a0-4b5d-a04e-713abecabc8a,Shiver,182000,True,,,The Libertines,The Libertines,82b304c0-7da4-45d3-896a-0767c7ae1141,The Libertines,82b304c0-7da4-45d3-896a-0767c7ae1141,
c56d4c9d-5c31-4d33-befb-584a1c936f13,Alejandro,,False,,live,Lady Gaga,Lady Gaga,650e7db6-b795-4eb5-a702-5ea2fc46c848,Lady Gaga,650e7db6-b795-4eb5-a702-5ea2fc46c848,
96f18433-a85d-4139-9f9e-5f2e0bc48eca,Eulogy,200000,True,,music video,The Flatliners,The Flatliners,e5b8c0f3-0752-4a76-987a-96098ce9d490,The Flatliners,e5b8c0f3-0752-4a76-987a-96098ce9d490,USFW40772302
cad70f8d-9cab-4b86-adad-4099b824416a,I Feel Better,,False,,,Hot Chip,Hot Chip,d8915e13-d67a-4aa0-9c0b-1f126af951af,Hot Chip,d8915e13-d67a-4aa0-9c0b-1f126af951af,
dd83a741-ffd9-4c9d-a027-9f09b72d1925,Midnight City,,False,,,M83,M83,6d7b7cd4-254b-4c25-83f6-dd20f98ceacd,M83,6d7b7cd4-254b-4c25-83f6-dd20f98ceacd,
3c849b62-4cf0-4872-ae13-4d82b8fbab85,Loneliness,382000,True,,official video,Pet Shop Boys,Pet Shop Boys,be540c02-7898-4b79-9acc-c8122c7d9e83,Pet Shop Boys,be540c02-7898-4b79-9acc-c8122c7d9e83,
028248f4-3e58-4cee-8e1b-61559eaa9f1d,Loneliness,,False,,5.1 mix,Pet Shop Boys,Pet Shop Boys,be540c02-7898-4b79-9acc-c8122c7d9e83,Pet Shop Boys,be540c02-7898-4b79-9acc-c8122c7d9e83,
2661ce30-63d3-4bb2-a829-4dcf0b02a13c,Temptation,188000,False,,Temptation | Some Kind of Monster: Music from the Rockumentary,Metallica,Metallica,65f4f0c5-ef9e-490c-aee3-909e7ae6b2ab,Metallica,65f4f0c5-ef9e-490c-aee3-909e7ae6b2ab,
052c67c6-0c33-44e4-b6ff-753804e1cb10,I Love You So,171000,True,,music video,The Walters,The Walters,61cdb045-7f89-4eb1-b3ed-35db94d9ab99,The Walters,61cdb045-7f89-4eb1-b3ed-35db94d9ab99,
3ef74346-8e8d-47f6-8f44-effff7c1009e,Earth Moving,,True,,Music Video,Mike Oldfield,Mike Oldfield,a1684a49-feaa-4150-b758-d9412fc59f12,Mike Oldfield,a1684a49-feaa-4150-b758-d9412fc59f12,
8dc0bee5-7833-4b66-b585-4e18583b2645,ラブソング,263000,True,,,なとり,なとり,cad9e169-893d-4432-a23f-3aa16beb9f0e,なとり,cad9e169-893d-4432-a23f-3aa16beb9f0e,
f3842d99-36e9-4586-b3b1-93c4b733ab99,Kilometre,135000,True,,music video,Burna Boy,Burna Boy,78a19169-ac75-4868-b504-7e2e073118e0,Burna Boy,78a19169-ac75-4868-b504-7e2e073118e0,
0e6a3754-6428-4c4b-96fd-f73ae7153a70,Te quiero,214000,True,,lyric video,"Hombres G, Carin León",Hombres G|Carin León,8b1628a7-130a-4faf-96d8-2418bd9043c2|db8efd58-7cd0-4ca8-a538-14ad6b44640b,Hombres G,8b1628a7-130a-4faf-96d8-2418bd9043c2,
822a24bc-3664-4d4a-a05d-2766e13a3a32,Crush,196000,False,,,Agnus Dei,Agnus Dei,d30bb58f-80ee-4a76-8ee9-aa1175fc24d8,Agnus Dei,d30bb58f-80ee-4a76-8ee9-aa1175fc24d8,
4c23129f-d6c8-48ea-83e2-38b2e9eb4e48,Remember When,,True,,music video,Alan Jackson,Alan Jackson,7291957b-c463-4275-a41c-a104c9e2337f,Alan Jackson,7291957b-c463-4275-a41c-a104c9e2337f,
431a6050-59c8-4062-b84a-81e3eb1a3ae8,How’s the Heart,279000,True,,Planet Rock acoustic session,Nightwish,Nightwish,00a9f935-ba93-4fc8-a33a-993abe9c936b,Nightwish,00a9f935-ba93-4fc8-a33a-993abe9c936b,
5f2d4c1d-a8a4-492a-96b2-5c100ae2edb8,Why,,True,,,Rascal Flatts,Rascal Flatts,6e0ae159-8449-4262-bba5-18ec87fa529f,Rascal Flatts,6e0ae159-8449-4262-bba5-18ec87fa529f,
2dc2b939-c5b1-48c1-8ef6-84a4fad68b94,Summer,234000,True,,,Calvin Harris,Calvin Harris,8dd98bdc-80ec-4e93-8509-2f46bafc09a7,Calvin Harris,8dd98bdc-80ec-4e93-8509-2f46bafc09a7,
4647f6f3-5dce-43da-86c4-967cbf47a593,Nobody Speak,233000,True,,,DJ Shadow,DJ Shadow,efa2c11a-1a35-4b60-bc1b-66d37de88511,DJ Shadow,efa2c11a-1a35-4b60-bc1b-66d37de88511,
b77385bb-7209-4756-a377-c02652402a66,Pollito Chicken,182000,True,,,Tatiana,Tatiana,3e3bc3d5-3100-48b3-b232-a474ba5075a9,Tatiana,3e3bc3d5-3100-48b3-b232-a474ba5075a9,
fdd5e921-5552-417a-83a8-247798c1683a,Why,197000,True,,"live studio, 2017-11-20",Sabrina Carpenter,Sabrina Carpenter,1882fe91-cdd9-49c9-9956-8e06a3810bd4,Sabrina Carpenter,1882fe91-cdd9-49c9-9956-8e06a3810bd4,
9f2d743c-5afd-461e-86d6-f4db0eca75d1,Wake Me When It's Over,258000,False,,,I’m With Her,I’m With Her,fe1a1451-cae2-4bf4-872e-b4b8839be83f,I’m With Her,fe1a1451-cae2-4bf4-872e-b4b8839be83f,
aab8d44d-e851-47f6-90e4-449f6b039f05,Échame La Culpa,210000,True,,,"Luis Fonsi, Demi Lovato",Luis Fonsi|Demi Lovato,d68fda90-ab8d-4799-be56-317ba4ae700f|faf4cefb-036c-4c88-b93a-5b03dd0a0e6b,Luis Fonsi,d68fda90-ab8d-4799-be56-317ba4ae700f,
a6785448-96f0-4be2-a24e-723df119c287,Birmingham,,False,,,Randy Newman,Randy Newman,da7bb7d8-557d-4635-9ca1-e6e985525bd5,Randy Newman,da7bb7d8-557d-4635-9ca1-e6e985525bd5,
b566f7ae-3ad1-4c43-b5d7-4ba811821a73,Friendly Fire,176000,True,,,Linkin Park,Linkin Park,f59c5520-5f46-4d2c-b2c4-822eabf53419,Linkin Park,f59c5520-5f46-4d2c-b2c4-822eabf53419,
7addfee5-1ec5-4a78-8716-cc59c36fa675,Feel Good Inc.,150000,True,,,Daniela Andrade,Daniela Andrade,a70bb21e-f84f-4343-978c-346a2c01d38e,Daniela Andrade,a70bb21e-f84f-4343-978c-346a2c01d38e,
c63d5898-2934-4b4e-84fe-60cee4d01008,Pink Soldiers,,False,,,Boris Way,Boris Way,a369e7a8-4c2f-4b43-9a22-7b64bef82d30,Boris Way,a369e7a8-4c2f-4b43-9a22-7b64bef82d30,
113b8495-2c3b-4c2e-b431-20261afc139c,Can't Stop,151000,True,,music video,The Planet Smashers,The Planet Smashers,7ade0ac8-bb60-4429-9623-30e2fe515b4d,The Planet Smashers,7ade0ac8-bb60-4429-9623-30e2fe515b4d,
83303839-a1f4-4207-96e2-bbac8a745392,Change,169000,True,,music video,The Planet Smashers,The Planet Smashers,7ade0ac8-bb60-4429-9623-30e2fe515b4d,The Planet Smashers,7ade0ac8-bb60-4429-9623-30e2fe515b4d,
70d688db-58d0-45a1-806f-d7631334724a,Como Antes,215000,False,,,Yandel & Wisin,Wisin & Yandel,3deeb747-c228-4d33-9892-f0aa081783c3,Wisin & Yandel,3deeb747-c228-4d33-9892-f0aa081783c3,
76030502-837f-4a74-99f2-60019e6f6905,Blind,153000,True,,music video,The Planet Smashers,The Planet Smashers,7ade0ac8-bb60-4429-9623-30e2fe515b4d,The Planet Smashers,7ade0ac8-bb60-4429-9623-30e2fe515b4d,
d0594de1-3397-4a02-9481-878f0b9906a5,Pon Mi,154000,True,,,Shenseea,Shenseea,c99aa692-67a6-468f-9d97-b6e36c401f6b,Shenseea,c99aa692-67a6-468f-9d97-b6e36c401f6b,
939b3bea-31a1-45ff-a61a-b68ee0f94936,Fantasy,428000,False,,,"Earth, Wind & Fire","Earth, Wind & Fire",535afeda-2538-435d-9dd1-5e10be586774,"Earth, Wind & Fire",535afeda-2538-435d-9dd1-5e10be586774,
78d047ef-55fe-4511-b564-b3976a4d9e9d,The Nearness of You,160000,True,,"Hoagy Carmichael cover, performed solo",Laufey,Laufey,21a89505-10a9-4ac0-8388-833bc07b9f86,Laufey,21a89505-10a9-4ac0-8388-833bc07b9f86,
ec1b3f91-2cad-4661-abcc-16ce669fd5f9,Tracks of My Tears,356000,False,,Avicii Bootleg,Avicii,Avicii,c85cfd6b-b1e9-4a50-bd55-eb725f04f7d5,Avicii,c85cfd6b-b1e9-4a50-bd55-eb725f04f7d5,
03aaa2ad-4cfe-44ff-8c4a-71bb2a08fe76,Make You Feel Good,140000,True,,,Fetty Wap,Fetty Wap,e3492ea0-5997-4241-a7bf-2fd7fb1bfad1,Fetty Wap,e3492ea0-5997-4241-a7bf-2fd7fb1bfad1,
feb659f4-f07d-43ab-9186-e214af96bc5b,Insatiable,180000,True,,official music video,Amaranthe,Amaranthe,eb380962-99bb-46c0-af40-1c7790a7822a,Amaranthe,eb380962-99bb-46c0-af40-1c7790a7822a,
26b82bb9-efcd-4dc7-a5a8-fb357dcf627b,Find Life,184000,True,,official music video,Amaranthe,Amaranthe,eb380962-99bb-46c0-af40-1c7790a7822a,Amaranthe,eb380962-99bb-46c0-af40-1c7790a7822a,
9df04566-2fcc-4c4f-8cae-2d9a551b06ce,679,223000,True,,,Fetty Wap feat. Remy Boyz,Fetty Wap|Remy Boyz,e3492ea0-5997-4241-a7bf-2fd7fb1bfad1|5bb2d44b-cc7a-4f41-8f0b-e62626d0c4b9,Fetty Wap,e3492ea0-5997-4241-a7bf-2fd7fb1bfad1,
9661e33d-47ee-427b-b279-46dd083ac994,Cardigan,,False,,live at SoFi Stadium,Taylor Swift,Taylor Swift,20244d07-534f-4eff-b4d4-930878889970,Taylor Swift,20244d07-534f-4eff-b4d4-930878889970,
98b337fb-9802-4ac2-a1fa-f64b533c9385,Energy,177000,True,,,Drake,Drake,9fff2f8a-21e6-47de-a2b8-7f449929d43f,Drake,9fff2f8a-21e6-47de-a2b8-7f449929d43f,
d9a6c6d4-ce4b-4db8-baf4-0a750eb80a87,The Catalyst,220000,True,,official music video,Amaranthe,Amaranthe,eb380962-99bb-46c0-af40-1c7790a7822a,Amaranthe,eb380962-99bb-46c0-af40-1c7790a7822a,
238af166-26d8-4695-83d7-03b281c0b256,About Damn Time,245000,True,,,Lizzo,Lizzo,8fb5370b-9568-4b61-9da5-2aa12c9928db,Lizzo,8fb5370b-9568-4b61-9da5-2aa12c9928db,
922e248e-8b5c-44ec-878c-d05393e41f76,Nice for What,262000,True,,explicit,Drake,Drake,9fff2f8a-21e6-47de-a2b8-7f449929d43f,Drake,9fff2f8a-21e6-47de-a2b8-7f449929d43f,
3a10970f-76ba-45fc-a791-0f8fa3e3fbe6,You & Me,246000,True,,,Moby X Anfisa Letyago,Moby|Anfisa Letyago,8970d868-0723-483b-a75b-51088913d3d4|f98ca939-7406-409b-8ee5-fcc9c777efa4,Moby,8970d868-0723-483b-a75b-51088913d3d4,
cfc4e57d-deaa-4046-a207-a0cf3960f707,Walking on a Dream,199000,True,,,Empire of the Sun,Empire of the Sun,ac7e838c-3d95-47c2-92a9-81767ad7c217,Empire of the Sun,ac7e838c-3d95-47c2-92a9-81767ad7c217,
9c0a4f88-0755-4f84-9ae2-4da3962bfbe4,In My Feelings,479000,True,,,Drake,Drake,9fff2f8a-21e6-47de-a2b8-7f449929d43f,Drake,9fff2f8a-21e6-47de-a2b8-7f449929d43f,
f0beba4f-08b4-4c0d-8cba-a400ac019e37,Violet,209000,True,,,Hole,Hole,1dcc8968-f2cd-441c-beda-6270f70f2863,Hole,1dcc8968-f2cd-441c-beda-6270f70f2863,
7a810159-4da7-4d06-a479-5fb68e9e5433,The Great Escape,207000,True,,,Boys Like Girls,Boys Like Girls,d6e65033-b56a-49df-8744-6fc3ffd75edd,Boys Like Girls,d6e65033-b56a-49df-8744-6fc3ffd75edd,
f7d8c61d-ace0-40cc-b82e-0853b2cc66fc,Us and Them,485000,False,,,Pink Floyd,Pink Floyd,83d91898-7763-47d7-b03b-b92132375c47,Pink Floyd,83d91898-7763-47d7-b03b-b92132375c47,
e27a39e6-0458-4ca2-b25c-889e3b7a909e,Riptide,200000,True,,"live, 2022-11: Forecourt, Sydney Opera House, Sydney, Australia",Vance Joy,Vance Joy,df36f6db-5987-46ed-9d02-0cf36ed4e060,Vance Joy,df36f6db-5987-46ed-9d02-0cf36ed4e060,
b47b23f8-d99c-4ec8-9b6c-15467f31d679,Kids,,True,,,Of Monsters and Men,Of Monsters and Men,9e103f85-7af7-41d7-b83b-49ba8f0c5abf,Of Monsters and Men,9e103f85-7af7-41d7-b83b-49ba8f0c5abf,
342ec74f-33c2-4a50-9dca-d96d95001a22,Dirty Paws,319000,True,,"live on KEXP, 2011-10-12: Kex Hostel, Reykjavik, Iceland",Of Monsters and Men,Of Monsters and Men,9e103f85-7af7-41d7-b83b-49ba8f0c5abf,Of Monsters and Men,9e103f85-7af7-41d7-b83b-49ba8f0c5abf,
47c6fff1-dbc4-444f-9977-044f99318dde,Twist and Shout,260000,True,,"live, 2024‐03‐19: Footprint Center, Phoenix, AZ, USA; YouTube – OhioRails",Bruce Springsteen & The E Street Band,Bruce Springsteen|The E Street Band,70248960-cb53-4ea4-943a-edb18f7d336f|d6652e7b-33fe-49ef-8336-4c863b4f996f,Bruce Springsteen,70248960-cb53-4ea4-943a-edb18f7d336f,
82b05bc1-306a-4c31-a9f9-a972a13bf81c,Ghosts,369000,True,,"live, 2024‐03‐19: Footprint Center, Phoenix, AZ, USA; YouTube – OhioRails",Bruce Springsteen & The E Street Band,Bruce Springsteen|The E Street Band,70248960-cb53-4ea4-943a-edb18f7d336f|d6652e7b-33fe-49ef-8336-4c863b4f996f,Bruce Springsteen,70248960-cb53-4ea4-943a-edb18f7d336f,
c37b6b54-834f-4e59-a334-45fa880295a6,Real Love,222000,True,,video mix,"Dolly Parton, Kenny Rogers",Dolly Parton|Kenny Rogers,1d543e07-d0d2-4834-a8db-d65c50c2a856|c3d14b41-a48d-488f-bfed-ce0597bb0b1f,Dolly Parton,1d543e07-d0d2-4834-a8db-d65c50c2a856,USRV80500248
0c76cae1-60b6-4020-befa-9bab4ccb1a83,Beautiful Things,192000,True,,,Benson Boone,Benson Boone,62b914a7-d775-4bb4-bb5e-d46e7df115b5,Benson Boone,62b914a7-d775-4bb4-bb5e-d46e7df115b5,
02fdacbf-50f7-496b-b477-d56536e00990,Hey Baby,211000,True,,taxi version,DJ Ötzi,DJ Ötzi,8d6a4455-1ae8-4e51-a481-08a85cb0141a,DJ Ötzi,8d6a4455-1ae8-4e51-a481-08a85cb0141a,
ecfc8e21-b796-417a-804a-66e7b35c60eb,Alibi,185000,True,,official visualiser,Rudimental ft. Ella Henderson,Rudimental|Ella Henderson,b09ced80-aa65-43c1-9aa7-58b1e982eada|3a60a284-256b-4481-9c33-84d12ea481cd,Rudimental,b09ced80-aa65-43c1-9aa7-58b1e982eada,
dc99c5b1-0b57-439f-8455-40ffd8b3c751,I Miss You,230000,True,,,blink‐182,blink‐182,0743b15a-3c32-48c8-ad58-cb325350befa,blink‐182,0743b15a-3c32-48c8-ad58-cb325350befa,
0c1a7d93-aea4-4101-bba1-18098914cec6,MAYDAY,232000,True,,,coldrain feat.Ryo from CRYSTAL LAKE,coldrain|Ryo Kinoshita,eeee01ef-15b6-4741-9f42-9477c9ee0804|fc3e7d8d-f3fd-4d07-98a1-177736bdd094,coldrain,eeee01ef-15b6-4741-9f42-9477c9ee0804,
cedb820c-0ea0-422d-9bb4-91485c2d63be,Still Alive,183000,True,,,Demi Lovato,Demi Lovato,faf4cefb-036c-4c88-b93a-5b03dd0a0e6b,Demi Lovato,faf4cefb-036c-4c88-b93a-5b03dd0a0e6b,
79f0b17a-5bf2-4bb2-86fe-6b5db58c66f0,Paparazzi,,False,,"live, 2009‐10‐03: “Saturday Night Live”, NBC Studio 8H, Midtown Manhattan, NY, USA",Lady Gaga,Lady Gaga,650e7db6-b795-4eb5-a702-5ea2fc46c848,Lady Gaga,650e7db6-b795-4eb5-a702-5ea2fc46c848,
9069f0dc-db54-4f1b-b61d-fdb43b50cb2c,Molly,,False,,,Playboi Carti,Playboi Carti,2baf3276-ed6a-4349-8d2e-f4601e7b2167,Playboi Carti,2baf3276-ed6a-4349-8d2e-f4601e7b2167,
7cd96da8-df56-4010-9b6b-1e2ea28e785c,Supernatural,,False,,,Madonna,Madonna,79239441-bfd5-4981-a70c-55c3f15c1287,Madonna,79239441-bfd5-4981-a70c-55c3f15c1287,
0d3f1518-383b-4dfd-9483-d38b24f1127a,Don't Dream It's Over,199000,False,,,The Rescues,The Rescues,7f31c424-fbdf-42f9-b3e6-5576c804026d,The Rescues,7f31c424-fbdf-42f9-b3e6-5576c804026d,
6608fd1a-e050-47e4-b879-055fcc2c39da,Uncover,217000,True,,,Zara Larsson,Zara Larsson,134e6410-6954-45d1-bd4a-0f2d2ad5471d,Zara Larsson,134e6410-6954-45d1-bd4a-0f2d2ad5471d,
6df8d9d5-12d2-455d-8d51-3625a7b7c8e5,Public Enemy,,True,,Official music video,POORSTACY,POORSTACY,eca63338-0650-443e-86f9-969bae7c1c63,POORSTACY,eca63338-0650-443e-86f9-969bae7c1c63,
01695d7b-6e83-4243-89d4-ecd1453f3700,Ink,62000,False,,,Biohazard,Biohazard,be5fe2ab-007c-4610-8d53-d81675d06a09,Biohazard,be5fe2ab-007c-4610-8d53-d81675d06a09,
55fbe603-ef5c-4743-ab3b-c843b9c7a153,Ink,125000,True,,clip of the recording session,Biohazard,Biohazard,be5fe2ab-007c-4610-8d53-d81675d06a09,Biohazard,be5fe2ab-007c-4610-8d53-d81675d06a09,
d62dd7b2-be71-4390-9d76-b02270cdd24c,You May Be Right,275000,False,,The Tonight Show,Billy Joel feat. Jimmy Fallon,Billy Joel|Jimmy Fallon,64b94289-9474-4d43-8c93-918ccc1920d1|78b7c31c-97cb-4f06-be5c-5c2e5a7c87bc,Billy Joel,64b94289-9474-4d43-8c93-918ccc1920d1,
296669c3-323e-4eea-9fbe-d4d296d1944e,Relax,218000,False,,unreleased track,Cookie Monsta,Cookie Monsta,28466217-e1ce-47d3-b0ea-7774dc4f3902,Cookie Monsta,28466217-e1ce-47d3-b0ea-7774dc4f3902,
baeb3516-301a-4a35-a74e-29c30c390277,Colors,235000,True,,"live, 2016-12-11: Telenor Arena, Fornebu, Bærum, Norway",Halsey,Halsey,3377f3bb-60fc-4403-aea9-7e800612e060,Halsey,3377f3bb-60fc-4403-aea9-7e800612e060,
d2ff77c3-3c11-4f46-8345-cdd48cc578af,Light of Day,248000,True,,"live, 2024‐03‐31: Chase Center, San Francisco, CA, USA; YouTube – Club Ninja",Bruce Springsteen & The E Street Band,Bruce Springsteen|The E Street Band,70248960-cb53-4ea4-943a-edb18f7d336f|d6652e7b-33fe-49ef-8336-4c863b4f996f,Bruce Springsteen,70248960-cb53-4ea4-943a-edb18f7d336f,
a6d2b116-2103-4ed0-b668-4a871a39d6c2,Viva Las Vegas,162000,True,,"live, 2024‐03‐22: T‐Mobile Arena, Las Vegas, NV, USA; YouTube – OhioRails",Bruce Springsteen & The E Street Band,Bruce Springsteen|The E Street Band,70248960-cb53-4ea4-943a-edb18f7d336f|d6652e7b-33fe-49ef-8336-4c863b4f996f,Bruce Springsteen,70248960-cb53-4ea4-943a-edb18f7d336f,
7a087124-755d-4a5b-a858-837df6041994,Colors,169000,True,,,Halsey,Halsey,3377f3bb-60fc-4403-aea9-7e800612e060,Halsey,3377f3bb-60fc-4403-aea9-7e800612e060,
c431bef1-cba5-4b70-baf3-90fbf8894548,Fire,231000,True,,"live, 2024‐04‐04: Kia Forum, Inglewood, CA, USA; YouTube – NoRetNoSurrender",Bruce Springsteen & The E Street Band feat. Patti Scialfa,Bruce Springsteen|The E Street Band|Patti Scialfa,70248960-cb53-4ea4-943a-edb18f7d336f|d6652e7b-33fe-49ef-8336-4c863b4f996f|f09aa40c-b613-4ea2-a8cf-6056c2657a9a,Bruce Springsteen,70248960-cb53-4ea4-943a-edb18f7d336f,
4e7ac16d-4bdd-4e69-aaaa-ee5f04fc5d79,Changes,283000,True,,,Empire of the Sun,Empire of the Sun,ac7e838c-3d95-47c2-92a9-81767ad7c217,Empire of the Sun,ac7e838c-3d95-47c2-92a9-81767ad7c217,
26768947-adfb-49c1-bae1-6bca36f8864a,Two Hearts,203000,True,,"live, 2005‐08‐03: Van Andel Arena, Grand Rapids, MI, USA; YouTube – BruceGaslightAnthemFallon",Bruce Springsteen,Bruce Springsteen,70248960-cb53-4ea4-943a-edb18f7d336f,Bruce Springsteen,70248960-cb53-4ea4-943a-edb18f7d336f,
4d32b24b-5956-4583-a222-2883801b25de,Boom Boom,358000,True,,"live, 2024‐04‐04: Kia Forum, Inglewood, CA, USA; YouTube – airhawker",Bruce Springsteen & The E Street Band,Bruce Springsteen|The E Street Band,70248960-cb53-4ea4-943a-edb18f7d336f|d6652e7b-33fe-49ef-8336-4c863b4f996f,Bruce Springsteen,70248960-cb53-4ea4-943a-edb18f7d336f,
595402ba-fa9a-4db4-a1bd-3d6cb85505d2,[untitled],105000,False,,pre-track gap on 'Cross the Line'; generally plays at the end of 'Plastic',Biohazard & Peter Steele,Biohazard|Peter Steele,be5fe2ab-007c-4610-8d53-d81675d06a09|1aeaefac-c871-4606-a971-d69b7bd1c4ec,Biohazard,be5fe2ab-007c-4610-8d53-d81675d06a09,
2b1eedb7-17d8-4148-8749-bb628cff8957,Pony,,False,,,Ginuwine,Ginuwine,9e5fd95d-c0c1-412c-be11-06e7fbe99556,Ginuwine,9e5fd95d-c0c1-412c-be11-06e7fbe99556,
2043624f-8ba5-4d14-890d-5403dcee0f47,Lovefool,29000,False,,30秒Ver.,Perfume,Perfume,486067ad-56d6-48b5-957b-d6cfe3e1af73,Perfume,486067ad-56d6-48b5-957b-d6cfe3e1af73,
261b0206-a64b-4c1d-b663-94e832820a99,Superstylin’,,False,,,Groove Armada,Groove Armada,35723b60-732e-4bd8-957f-320b416e7b7f,Groove Armada,35723b60-732e-4bd8-957f-320b416e7b7f,
799ecbdf-3358-44a7-ae21-7b7e9e45f2ad,Şımarık,192000,True,,,Tarkan,Tarkan,4ec2451d-ed0c-4273-b683-4c1312df25fd,Tarkan,4ec2451d-ed0c-4273-b683-4c1312df25fd,
d834cdc9-bbca-4727-81b6-c8cc34cf184e,My Hero,277000,True,,,MAN WITH A MISSION,MAN WITH A MISSION,d1c5a553-1fd0-43ca-a66a-da94c9f15570,MAN WITH A MISSION,d1c5a553-1fd0-43ca-a66a-da94c9f15570,
0c4b5118-d05a-480a-abd6-e8fb3b5631bf,World's Smallest Violin,187000,True,,,AJR,AJR,2eb55bd9-cfbf-44fd-a5da-92dd825284c7,AJR,2eb55bd9-cfbf-44fd-a5da-92dd825284c7,
5f661cb8-3638-4e71-90d6-91e1ebf00258,Coco Jamboo,222000,True,,,Mr. President,Mr. President,6255d25c-8231-4ff5-9b49-e26d760d6466,Mr. President,6255d25c-8231-4ff5-9b49-e26d760d6466,
bcd18b3c-99bb-443a-8d25-a323dbcec905,Boom Boom,267000,True,,"live, 2024‐04‐04: Kia Forum, Inglewood, CA, USA; YouTube – Springsteen & Rock Music, video edited with the official audio from the Springsteen archives download",Bruce Springsteen & The E Street Band,Bruce Springsteen|The E Street Band,70248960-cb53-4ea4-943a-edb18f7d336f|d6652e7b-33fe-49ef-8336-4c863b4f996f,Bruce Springsteen,70248960-cb53-4ea4-943a-edb18f7d336f,
68987b24-da6a-4613-822a-09f5d47844a6,自我安慰,329000,True,,music video,MC 張天賦,MC 張天賦,845efbcd-e18b-4f32-a9df-a2cbadcbea27,MC 張天賦,845efbcd-e18b-4f32-a9df-a2cbadcbea27,
7de8af39-0659-41d5-9af0-3927c8c4d222,與我無關,218000,True,,,MC 張天賦,MC 張天賦,845efbcd-e18b-4f32-a9df-a2cbadcbea27,MC 張天賦,845efbcd-e18b-4f32-a9df-a2cbadcbea27,HKY492308263
2f893265-534f-4c93-9f3b-aac23330c732,The Afterglow,190000,True,,,Silverstein,Silverstein,d89de379-665d-425c-b2e9-41b95d1edb36,Silverstein,d89de379-665d-425c-b2e9-41b95d1edb36,
ff2b5358-3a27-415d-aa00-7e8c5330baff,Downfall,193000,True,,,TRUSTcompany,TRUSTcompany,6ae8c8fe-143b-4386-882e-eb23a331f318,TRUSTcompany,6ae8c8fe-143b-4386-882e-eb23a331f318,
fdb6c37b-bd21-4d8f-b845-c85e6c5a3243,1999,222000,False,,Live from MTV New Years Day 1999,Limp Bizkit,Limp Bizkit,8f9d6bb2-dba4-4cca-9967-cc02b9f4820c,Limp Bizkit,8f9d6bb2-dba4-4cca-9967-cc02b9f4820c,
553c3688-d790-44b1-850c-5d60f463f01d,Ave Maria,,False,,,Lana Del Rey,Lana Del Rey,b7539c32-53e7-4908-bda3-81449c367da6,Lana Del Rey,b7539c32-53e7-4908-bda3-81449c367da6,
e3469be9-6fe7-4e8e-9741-df6756376a1d,Dirty,205000,True,,,Sevendust,Sevendust,52b9e109-44a0-45eb-a197-226c4abab232,Sevendust,52b9e109-44a0-45eb-a197-226c4abab232,
2910032c-0e74-4bd7-9fc8-f027755ba681,INHUMANE,244000,True,,,Polaris,Polaris,6ffb7be4-0a53-4014-853d-83790cd5e091,Polaris,6ffb7be4-0a53-4014-853d-83790cd5e091,
0c2645e2-4b20-42c4-af9c-95c3e8372be3,Desolation,247000,True,,official music video,Imminence,Imminence,431ed486-4606-485a-b11d-f05feb860257,Imminence,431ed486-4606-485a-b11d-f05feb860257,
68d9ae06-5f93-4716-ae73-86d76d6ea71c,Phenomenon,191000,True,,,LL Cool J,LL Cool J,a4dd0e77-83b8-4e92-89b7-effb0e47fd8c,LL Cool J,a4dd0e77-83b8-4e92-89b7-effb0e47fd8c,
27573143-d1a4-4098-98c3-a1ba31c37dee,Pony,273000,True,,,Ginuwine,Ginuwine,9e5fd95d-c0c1-412c-be11-06e7fbe99556,Ginuwine,9e5fd95d-c0c1-412c-be11-06e7fbe99556,
7fa17dee-359d-47a6-a3d4-80255c2b6f66,Youngstown,398000,True,,"live, 2024-04-21: Nationwide Arena, Columbus, OH, USA; YouTube – NoRetNoSurrender",Bruce Springsteen & The E Street Band,Bruce Springsteen|The E Street Band,70248960-cb53-4ea4-943a-edb18f7d336f|d6652e7b-33fe-49ef-8336-4c863b4f996f,Bruce Springsteen,70248960-cb53-4ea4-943a-edb18f7d336f,
0f5303f2-19d9-49f0-a90e-4567371d2e6a,You’re So Vain,261000,True,,,Olivia Rodrigo,Olivia Rodrigo,6925db17-f35e-42f3-a4eb-84ee6bf5d4b0,Olivia Rodrigo,6925db17-f35e-42f3-a4eb-84ee6bf5d4b0,
15103e23-89b3-42f2-9ee3-6c369c9b6980,golden hour,231000,True,,,JVKE,JVKE,f29e031f-c6b6-4d52-8edd-dc8e14378e74,JVKE,f29e031f-c6b6-4d52-8edd-dc8e14378e74,
548335f2-ef23-4d3b-8688-cdfea200e87a,Until I Found You,175000,True,,,Stephen Sanchez,Stephen Sanchez,a9c38fd2-04be-4bc6-a3bc-96508b226508,Stephen Sanchez,a9c38fd2-04be-4bc6-a3bc-96508b226508,
114596bb-bd4c-4851-a62d-fdf6ef35f53d,Washing Machine Heart,128000,True,,,Mitski,Mitski,fa58cf24-0e44-421d-8519-8bf461dcfaa5,Mitski,fa58cf24-0e44-421d-8519-8bf461dcfaa5,
5634675a-bbaf-41ef-8062-beff8751d6ea,Shine,226000,True,,,Mr. Big,Mr. Big,bd1180c4-4252-461f-94dc-543906c02522,Mr. Big,bd1180c4-4252-461f-94dc-543906c02522,
8efff66c-9daf-4f8a-bf10-57e18d1180a8,Ease,268000,True,,,Christian Löffler,Christian Löffler,a0d91c38-f5dc-487b-9b30-b67de1e7489e,Christian Löffler,a0d91c38-f5dc-487b-9b30-b67de1e7489e,
d87cbe0c-2980-4d78-b73c-827743d1931b,LA DI DA,220000,True,,,EVERGLOW,EVERGLOW,bd04c7b4-530c-4802-ae16-962d004a5093,EVERGLOW,bd04c7b4-530c-4802-ae16-962d004a5093,
90ae0078-e6be-41e5-94c6-1c323d3a0ad5,Youngstown,395000,True,,"live, 2024-04-21: Nationwide Arena, Columbus, OH, USA; YouTube – mkcooper, from Springsteen’s official live download site at live.brucespringsteen.net",Bruce Springsteen & The E Street Band,Bruce Springsteen|The E Street Band,70248960-cb53-4ea4-943a-edb18f7d336f|d6652e7b-33fe-49ef-8336-4c863b4f996f,Bruce Springsteen,70248960-cb53-4ea4-943a-edb18f7d336f,
1c514daa-530b-40ad-96ee-ebc0c1d9956e,Moonlight,,False,,,Tristam,Tristam,1849970f-0c71-4f80-89d3-0704797df50e,Tristam,1849970f-0c71-4f80-89d3-0704797df50e,
49aad901-b8b0-407e-8101-bd6229eefa78,Love You,189000,True,,,Jebroer,Jebroer,0fc3ed5c-eeb7-45b4-b222-132dae4834ef,Jebroer,0fc3ed5c-eeb7-45b4-b222-132dae4834ef,
4beae9d7-2102-4d0d-b78b-051a812b9d97,Can I Kick It?,235000,True,,,A Tribe Called Quest,A Tribe Called Quest,9689aa5a-4471-4fb4-9721-07cecda0fa9f,A Tribe Called Quest,9689aa5a-4471-4fb4-9721-07cecda0fa9f,
1e999b28-7bde-4cea-8ca1-6139cba32b24,Psycho,210000,False,,,Danielle Bradbery,Danielle Bradbery,efe7d853-d381-4887-be9b-dec26ff27705,Danielle Bradbery,efe7d853-d381-4887-be9b-dec26ff27705,
e27acf86-b5d6-4b9e-834f-ac905534c82b,Quiet Storm,260000,True,,clean,Mobb Deep ft. Lil’ Kim,Mobb Deep|Lil’ Kim,d75d1f08-bbb8-4eae-9877-399ca9121197|bc1b5c95-e6d6-46b5-957a-5e8908b02c1e,Mobb Deep,d75d1f08-bbb8-4eae-9877-399ca9121197,
bad2b19e-fb83-44cd-a49b-f3c47e8a2e0d,Real Muthaphuckkin G’s,286000,True,,,Eazy‐E,Eazy‐E,c3009d7a-51ac-4c9c-888a-04f5c3c4be0c,Eazy‐E,c3009d7a-51ac-4c9c-888a-04f5c3c4be0c,
8c0bd7f4-a352-495e-b3a7-9c2db944f899,Better Days,275000,True,,"live, 2024‐05‐05: Principality Stadium, Cardiff, Wales, UK; YouTube – Quentin Lejeune",Bruce Springsteen & The E Street Band,Bruce Springsteen|The E Street Band,70248960-cb53-4ea4-943a-edb18f7d336f|d6652e7b-33fe-49ef-8336-4c863b4f996f,Bruce Springsteen,70248960-cb53-4ea4-943a-edb18f7d336f,
bd63b5b7-41e1-4c32-a83f-2074472c20f7,No Surrender,390000,True,,"live, 2024‐05‐09: Boucher Road Playing Fields, Belfast, Northern Ireland, UK; YouTube – Martin Hughes",Bruce Springsteen & The E Street Band,Bruce Springsteen|The E Street Band,70248960-cb53-4ea4-943a-edb18f7d336f|d6652e7b-33fe-49ef-8336-4c863b4f996f,Bruce Springsteen,70248960-cb53-4ea4-943a-edb18f7d336f,
70941d58-af21-46ec-88a2-82e07730b36d,Just as Easy (Wildstylez & SMD rmx),,False,,part of “Qlimax 2009” DJ‐mix,Brennan Heart,Brennan Heart,6f95ac0e-728c-4b4c-b08e-e8519d2e6ab6,Brennan Heart,6f95ac0e-728c-4b4c-b08e-e8519d2e6ab6,
3600cbfa-a8e4-40da-8160-1e2955a73652,Dancing Queen,,False,,,ABBA,ABBA,d87e52c5-bb8d-4da8-b941-9f4928627dc8,ABBA,d87e52c5-bb8d-4da8-b941-9f4928627dc8,
aa088183-82a4-402e-a09d-34a84f822285,Fernando,,False,,,ABBA,ABBA,d87e52c5-bb8d-4da8-b941-9f4928627dc8,ABBA,d87e52c5-bb8d-4da8-b941-9f4928627dc8,
d426d89a-0d2c-4e8c-a3af-e0488fa0e500,Does Your Mother Know,,False,,,ABBA,ABBA,d87e52c5-bb8d-4da8-b941-9f4928627dc8,ABBA,d87e52c5-bb8d-4da8-b941-9f4928627dc8,
09fc5ccd-550c-40a5-b594-282b4c414992,Memory Lane,219000,True,,Live From Stockholm,Zara Larsson,Zara Larsson,134e6410-6954-45d1-bd4a-0f2d2ad5471d,Zara Larsson,134e6410-6954-45d1-bd4a-0f2d2ad5471d,
70189d0c-4741-4356-b1c7-0c96f03247e7,Stay,,True,,,Sugarland,Sugarland,f87b740a-c22b-4fae-9987-1f3e16f840c4,Sugarland,f87b740a-c22b-4fae-9987-1f3e16f840c4,
0504b6fc-19e1-4578-818f-13d1c02b4d0f,Cassandra,,False,,,ABBA,ABBA,d87e52c5-bb8d-4da8-b941-9f4928627dc8,ABBA,d87e52c5-bb8d-4da8-b941-9f4928627dc8,
4962821d-0b7c-470b-a94a-68259023ac47,Better Days,278000,True,,"live, 2024‐05‐05: Principality Stadium, Cardiff, Wales, UK; YouTube – Springsteen & Rock Music, video edited with the official audio from the Springsteen archives download",Bruce Springsteen & The E Street Band,Bruce Springsteen|The E Street Band,70248960-cb53-4ea4-943a-edb18f7d336f|d6652e7b-33fe-49ef-8336-4c863b4f996f,Bruce Springsteen,70248960-cb53-4ea4-943a-edb18f7d336f,
e03c0fc4-81e9-477e-be1b-3f8b7587cad1,Survivor,201000,False,,,Clarice Falcão,Clarice Falcão,76858c01-acf4-4630-84f3-1b5208c390db,Clarice Falcão,76858c01-acf4-4630-84f3-1b5208c390db,
dae104ab-9406-4b5c-bc32-6c4817093da3,Kill Me With Your Love,175000,True,,,One True God,One True God,9814ea3e-0755-463c-afe2-624c1f6c604f,One True God,9814ea3e-0755-463c-afe2-624c1f6c604f,
ed448a2b-37d7-4b03-b460-849756e335fe,Alive,,False,,,Pearl Jam,Pearl Jam,83b9cbe7-9857-49e2-ab8e-b57b01038103,Pearl Jam,83b9cbe7-9857-49e2-ab8e-b57b01038103,
c4fb80ed-bd4d-4224-9816-22d43f3fabc5,Burn It Down,193000,True,,,Parker McCollum,Parker McCollum,ba67b7da-cca7-4c3f-ba19-05349f0f7d97,Parker McCollum,ba67b7da-cca7-4c3f-ba19-05349f0f7d97,
81ec5d85-23e3-4216-abb3-803c6b3e53cb,[untitled],246000,False,,“funny little oversteps outtake (12.10.08)”,Autechre,Autechre,410c9baf-5469-44f6-9852-826524b80c61,Autechre,410c9baf-5469-44f6-9852-826524b80c61,
a7ecedf5-ab2e-4d47-a190-ee179c93e63a,Burden,277000,True,,official music video,As I Lay Dying,As I Lay Dying,ba147ea0-60c4-4a40-9da6-0d5c2b2e7b03,As I Lay Dying,ba147ea0-60c4-4a40-9da6-0d5c2b2e7b03,
bed10508-66a6-4b89-ac84-4ba39cc5cfee,The Reckoning,,False,,"live, Amsterdam, Netherlands",Within Temptation & Evanescence,Within Temptation|Evanescence,eace2373-31c8-4aba-9a5c-7bce22dd140a|f4a31f0a-51dd-4fa7-986d-3095c40c5ed9,Within Temptation,eace2373-31c8-4aba-9a5c-7bce22dd140a,NLR262400009
557e6c2d-28d4-494f-873f-7395ae0449a3,Honey,144000,True,,,One True God,One True God,9814ea3e-0755-463c-afe2-624c1f6c604f,One True God,9814ea3e-0755-463c-afe2-624c1f6c604f,
99ca469e-9853-4ccf-8463-d52e9af5320d,Tesla,177000,True,,,One True God & LICK,One True God|LICK,9814ea3e-0755-463c-afe2-624c1f6c604f|ca88b463-0c3b-42aa-aa0b-5684dbcc62ef,One True God,9814ea3e-0755-463c-afe2-624c1f6c604f,
26d4fa13-bc44-483d-b641-d796609a8ca5,Your Love,190000,True,,,One True God ft. Roniit,One True God|Roniit,9814ea3e-0755-463c-afe2-624c1f6c604f|bffa862f-06ef-4c9d-81e7-3a79c6d3920e,One True God,9814ea3e-0755-463c-afe2-624c1f6c604f,
b937df09-18b5-4009-b5cc-68a99983fc1e,Bad Company,168000,True,,,One True God & Le Castle Vania,One True God|Le Castle Vania,9814ea3e-0755-463c-afe2-624c1f6c604f|c21a699a-c7ae-4fec-8490-48c1eaee06e4,One True God,9814ea3e-0755-463c-afe2-624c1f6c604f,
6814fbe4-e874-4432-81d0-04c0e313f6fc,Emptiness,150000,True,,,One True God & Roniit,One True God|Roniit,9814ea3e-0755-463c-afe2-624c1f6c604f|bffa862f-06ef-4c9d-81e7-3a79c6d3920e,One True God,9814ea3e-0755-463c-afe2-624c1f6c604f,
4b4be3b0-080f-4b8c-b701-ff5b066fd2fe,Not Enough,183000,True,,,One True God & EDDIE,One True God|EDDIE,9814ea3e-0755-463c-afe2-624c1f6c604f|ac0d913b-cdd7-44d8-b1d9-a2c03ce3fb74,One True God,9814ea3e-0755-463c-afe2-624c1f6c604f,
0cc286f6-f345-4ad3-8938-f311d5035df1,Addicted,163000,True,,,One True God,One True God,9814ea3e-0755-463c-afe2-624c1f6c604f,One True God,9814ea3e-0755-463c-afe2-624c1f6c604f,
00eb046d-1d4c-47b1-80af-b10ecebe1bf6,All or Nothing,168000,True,,,One True God & Coka Cobra,One True God|Coka Cobra,9814ea3e-0755-463c-afe2-624c1f6c604f|5154d0d7-c12e-44a0-8a89-df7fcba49278,One True God,9814ea3e-0755-463c-afe2-624c1f6c604f,
1261ceb0-22ef-4880-a244-b0fd3f239c8b,Problems,145000,True,,,One True God & Tiny Elephant,One True God|Tiny Elephant,9814ea3e-0755-463c-afe2-624c1f6c604f|ad67198f-4f6e-4bf7-9fda-06eee5a79b81,One True God,9814ea3e-0755-463c-afe2-624c1f6c604f,
ecc60c26-86ae-4531-9fae-36217eb11a43,Burned,185000,True,,,One True God & Coka Cobra,One True God|Coka Cobra,9814ea3e-0755-463c-afe2-624c1f6c604f|5154d0d7-c12e-44a0-8a89-df7fcba49278,One True God,9814ea3e-0755-463c-afe2-624c1f6c604f,
045e2294-0ddc-4255-8e24-201c05d93842,No Names,163000,True,,,One True God,One True God,9814ea3e-0755-463c-afe2-624c1f6c604f,One True God,9814ea3e-0755-463c-afe2-624c1f6c604f,
3a20bb76-d373-43e6-b52c-96acc42bc09b,Misbehave,164000,True,,,One True God & ARIUS,One True God|ARIUS,9814ea3e-0755-463c-afe2-624c1f6c604f|6d5d8842-8e5e-4f12-8744-c0721ac1949a,One True God,9814ea3e-0755-463c-afe2-624c1f6c604f,
b4fa9440-30c1-486c-bd79-057874809742,Give it to Me,207000,True,,,One True God,One True God,9814ea3e-0755-463c-afe2-624c1f6c604f,One True God,9814ea3e-0755-463c-afe2-624c1f6c604f,
472b3155-e15a-4891-9c1e-d2099cb278da,Lovely Drug,221000,True,,,One True God ft. Vania,One True God|Vania,9814ea3e-0755-463c-afe2-624c1f6c604f|151f4382-7d07-4527-9fff-b5a0bc94db13,One True God,9814ea3e-0755-463c-afe2-624c1f6c604f,
195078a8-641e-4b20-aa87-61cdb31e1538,Pray For It,168000,True,,,One True God,One True God,9814ea3e-0755-463c-afe2-624c1f6c604f,One True God,9814ea3e-0755-463c-afe2-624c1f6c604f,
8bb6d0b6-3d6b-4bfe-988e-0edece83e385,Think About,205000,True,,,One True God & EDDIE,One True God|EDDIE,9814ea3e-0755-463c-afe2-624c1f6c604f|ac0d913b-cdd7-44d8-b1d9-a2c03ce3fb74,One True God,9814ea3e-0755-463c-afe2-624c1f6c604f,
1ddb813d-c9b1-49fe-b96a-ee863063ce06,Reason to Believe,350000,True,,"live, 2024‐05‐19: Croke Park, Dublin, Ireland; YouTube – Penayr",Bruce Springsteen & The E Street Band,Bruce Springsteen|The E Street Band,70248960-cb53-4ea4-943a-edb18f7d336f|d6652e7b-33fe-49ef-8336-4c863b4f996f,Bruce Springsteen,70248960-cb53-4ea4-943a-edb18f7d336f,
440aeebf-9efb-4fc9-9810-d01321005b68,Little Things,223000,True,,,One True God,One True God,9814ea3e-0755-463c-afe2-624c1f6c604f,One True God,9814ea3e-0755-463c-afe2-624c1f6c604f,
af189876-f6d8-4ac6-9cec-e9df8d7f270f,Mine,200000,True,,,One True God & Lucille Croft,One True God|Lucille Croft,9814ea3e-0755-463c-afe2-624c1f6c604f|b8553c12-ad9c-4a15-83db-4badb32e8358,One True God,9814ea3e-0755-463c-afe2-624c1f6c604f,
1b1e9c56-968e-4eda-aae5-19e00a3e3815,Everytime,152000,True,,,One True God,One True God,9814ea3e-0755-463c-afe2-624c1f6c604f,One True God,9814ea3e-0755-463c-afe2-624c1f6c604f,
8517c3ef-1397-4dff-a7a9-ff4eb6888c8f,Queue,187000,True,,,One True God & Not The Father,One True God|Not the Father,9814ea3e-0755-463c-afe2-624c1f6c604f|3e5e0043-0f52-4c8b-932c-1f513e46c624,One True God,9814ea3e-0755-463c-afe2-624c1f6c604f,
8c9c19a5-2c2f-4b60-92d7-6b6666fbfcc7,Godless,206000,True,,,One True God & AWAY,One True God|AWAY,9814ea3e-0755-463c-afe2-624c1f6c604f|0d8a7db8-efe5-47c0-b68e-06ce10e8285c,One True God,9814ea3e-0755-463c-afe2-624c1f6c604f,
73d58461-651b-4e74-8b1b-8dc2f9ae3248,Eat Your Soul,160000,True,,,One True God,One True God,9814ea3e-0755-463c-afe2-624c1f6c604f,One True God,9814ea3e-0755-463c-afe2-624c1f6c604f,
345a07b3-faa7-4c20-9bc6-56abfa794b80,Careless,203000,True,,,One True God ft. Vania,One True God|Vania,9814ea3e-0755-463c-afe2-624c1f6c604f|151f4382-7d07-4527-9fff-b5a0bc94db13,One True God,9814ea3e-0755-463c-afe2-624c1f6c604f,
58823dfe-8333-4c32-8085-1385bf87249d,JINN,187000,True,,,One True God,One True God,9814ea3e-0755-463c-afe2-624c1f6c604f,One True God,9814ea3e-0755-463c-afe2-624c1f6c604f,
926bd5f3-7001-454e-94cc-00c301ac359b,Fall Asleep,167000,True,,,One True God,One True God,9814ea3e-0755-463c-afe2-624c1f6c604f,One True God,9814ea3e-0755-463c-afe2-624c1f6c604f,
e2169b35-393b-466f-8059-314c37f34f45,Devotion,134000,True,,,One True God x adam&steve,One True God|adam&steve,9814ea3e-0755-463c-afe2-624c1f6c604f|9fc897b2-477f-47a8-af66-496ce8172812,One True God,9814ea3e-0755-463c-afe2-624c1f6c604f,
d997d080-1fa4-479d-84ae-6b853013b569,Afterlife,174000,True,,,One True God,One True God,9814ea3e-0755-463c-afe2-624c1f6c604f,One True God,9814ea3e-0755-463c-afe2-624c1f6c604f,
9de10630-2ff4-4c4f-b906-36a1258687df,Heaven,192000,True,,,One True God,One True God,9814ea3e-0755-463c-afe2-624c1f6c604f,One True God,9814ea3e-0755-463c-afe2-624c1f6c604f,
ea9185cb-2391-49fc-af39-2caed43b7246,Night Shift,231000,True,,,One True God & MASTERIA,One True God|MASTERIA,9814ea3e-0755-463c-afe2-624c1f6c604f|11445785-c0df-4be4-9770-62b1fbe6fa10,One True God,9814ea3e-0755-463c-afe2-624c1f6c604f,
904d720c-ae08-411d-8f6f-187cc0be9b08,Trapped,340000,True,,"live, 2024-04-21: Nationwide Arena, Columbus, OH, USA; YouTube – mkcooper, from Springsteen’s official live download site at live.brucespringsteen.net",Bruce Springsteen & The E Street Band,Bruce Springsteen|The E Street Band,70248960-cb53-4ea4-943a-edb18f7d336f|d6652e7b-33fe-49ef-8336-4c863b4f996f,Bruce Springsteen,70248960-cb53-4ea4-943a-edb18f7d336f,
05577001-338f-40f6-b05e-01db8ae9f49c,Naive,,False,,,Mattia Vlad Morleo,Mattia Vlad Morleo,704eeab7-da6b-4382-8cf8-d716af7a551c,Mattia Vlad Morleo,704eeab7-da6b-4382-8cf8-d716af7a551c,FRX872324337
33fc68f0-f4a1-467e-ab2b-fef1a6ebfbb9,So Sick,332000,False,,,Promo,Promo,c2f1c49a-1469-4d42-b0d5-f61bba9415ca,Promo,c2f1c49a-1469-4d42-b0d5-f61bba9415ca,
409790a6-6b03-4d4d-9c69-f33e0ed3690c,Robbers,,False,,,Cold War Kids,Cold War Kids,0741b30d-e15b-4a8c-b2e5-8834a03d6116,Cold War Kids,0741b30d-e15b-4a8c-b2e5-8834a03d6116,
7e195737-9a34-41fb-8f2c-2a2eff19f109,Down Down Down,,False,,,The Presets,The Presets,f5b8ea5f-c269-45dd-9936-1fedf3c56851,The Presets,f5b8ea5f-c269-45dd-9936-1fedf3c56851,
1aa471a6-4f5d-43b6-8299-9c56be64498d,Play With Fire,134000,False,,,Ramin Djawadi,Ramin Djawadi,f089f636-6b85-4e0e-a192-0d30ed2b44d1,Ramin Djawadi,f089f636-6b85-4e0e-a192-0d30ed2b44d1,
4b9384bc-8188-4222-8567-13c47e24d8b6,Through The Fire And Flames,440000,False,,,Ramin Djawadi,Ramin Djawadi,f089f636-6b85-4e0e-a192-0d30ed2b44d1,Ramin Djawadi,f089f636-6b85-4e0e-a192-0d30ed2b44d1,
1f9daacc-88d4-4d43-bd17-4979ca3fffa8,Through The Fire And Flames,267000,False,,,Ramin Djawadi,Ramin Djawadi,f089f636-6b85-4e0e-a192-0d30ed2b44d1,Ramin Djawadi,f089f636-6b85-4e0e-a192-0d30ed2b44d1,
9b35756e-5cc2-45cd-92be-4c10346c7822,All Around Me,200000,False,,,Ramin Djawadi,Ramin Djawadi,f089f636-6b85-4e0e-a192-0d30ed2b44d1,Ramin Djawadi,f089f636-6b85-4e0e-a192-0d30ed2b44d1,
fd23e188-b308-415b-90af-00a3a9361640,Nature Boy,171000,False,,,Ramin Djawadi,Ramin Djawadi,f089f636-6b85-4e0e-a192-0d30ed2b44d1,Ramin Djawadi,f089f636-6b85-4e0e-a192-0d30ed2b44d1,
dee74170-431c-4890-b334-b96efc8494a3,Secret,231000,False,,,Ramin Djawadi,Ramin Djawadi,f089f636-6b85-4e0e-a192-0d30ed2b44d1,Ramin Djawadi,f089f636-6b85-4e0e-a192-0d30ed2b44d1,
64b54ff9-3e8a-42df-b95e-eb3b46f2adbe,Run The Red Light,,False,,,British India,British India,c6c16e18-0e9a-4be9-99cb-4d0e53ba4e84,British India,c6c16e18-0e9a-4be9-99cb-4d0e53ba4e84,
c2b823e5-66b4-42bf-928e-6155141f2049,Russian Roulette,,False,,,British India,British India,c6c16e18-0e9a-4be9-99cb-4d0e53ba4e84,British India,c6c16e18-0e9a-4be9-99cb-4d0e53ba4e84,
16a6f180-8e20-432d-8afa-8261a5a6ec74,See You Again,,False,,,Wiz Khalifa,Wiz Khalifa,f5dfa020-ad69-41cd-b3d4-fd7af0414e94,Wiz Khalifa,f5dfa020-ad69-41cd-b3d4-fd7af0414e94,
4871d21d-03f8-4133-b1e9-0861f4723bf0,Cheerleader,,False,,,OMI,OMI,33e6ded6-22cc-447e-aefa-9a7a6ba81b6b,OMI,33e6ded6-22cc-447e-aefa-9a7a6ba81b6b,
e21dff95-29ee-4810-8058-9727528b1355,Twilight,175000,False,,,Flux Pavilion,Flux Pavilion,3ce513c5-bdd4-492c-a875-07e0f3e1993b,Flux Pavilion,3ce513c5-bdd4-492c-a875-07e0f3e1993b,
6accc05f-b69d-41f0-af2f-967aad67822f,Fight Song,,False,,,Rachel Platten,Rachel Platten,070c2401-1474-477d-b377-3e5827992fbf,Rachel Platten,070c2401-1474-477d-b377-3e5827992fbf,
2d4dc0b1-6f1c-4182-b061-f84225bc1e48,Hello,,False,,,Adele,Adele,cc2c9c3c-b7bc-4b8b-84d8-4fbd8779e493,Adele,cc2c9c3c-b7bc-4b8b-84d8-4fbd8779e493,
e07ef33d-c4ae-4215-9273-537b705eb9d4,Castle in the Sky,223000,False,,,The Chainsmokers,The Chainsmokers,91a81925-92f9-4fc9-b897-93cf01226282,The Chainsmokers,91a81925-92f9-4fc9-b897-93cf01226282,
55ac3647-6507-4b62-b763-8d95affcf4fb,Snap Back,,True,,,twenty one pilots,twenty one pilots,a6c6897a-7415-4f8d-b5a5-3a5e05f3be67,twenty one pilots,a6c6897a-7415-4f8d-b5a5-3a5e05f3be67,
b87fc7f6-94c7-421f-803f-62c353297e69,Wait,,False,,,M83,M83,6d7b7cd4-254b-4c25-83f6-dd20f98ceacd,M83,6d7b7cd4-254b-4c25-83f6-dd20f98ceacd,
74e314f5-4e23-4489-89ea-a5b890bbaf0a,Let You Go,232000,True,,official music video,All That Remains,All That Remains,4f8b7186-b2a2-40db-97ae-6e1cd46d57b1,All That Remains,4f8b7186-b2a2-40db-97ae-6e1cd46d57b1,
8128cd7c-f0ac-42f0-82d5-8bac5fc7df9d,Rockin’ All Over the World,184000,True,,"live, 2024‐06‐12: Cívitas Metropolitano, Madrid, Spain; YouTube – oskartxarrak",Bruce Springsteen & The E Street Band,Bruce Springsteen|The E Street Band,70248960-cb53-4ea4-943a-edb18f7d336f|d6652e7b-33fe-49ef-8336-4c863b4f996f,Bruce Springsteen,70248960-cb53-4ea4-943a-edb18f7d336f,
57e3d655-752e-4565-916d-241444a86edc,Because the Night,276000,True,,"live, 2024‐06‐14: Cívitas Metropolitano, Madrid, Spain; YouTube – innu_mccartney2",Bruce Springsteen & The E Street Band,Bruce Springsteen|The E Street Band,70248960-cb53-4ea4-943a-edb18f7d336f|d6652e7b-33fe-49ef-8336-4c863b4f996f,Bruce Springsteen,70248960-cb53-4ea4-943a-edb18f7d336f,
b2be1801-5482-4b8d-bbee-2189a8a53545,"O Come, All Ye Faithful",223000,True,,,Matt Johnson,Matt Johnson,23d8458f-dcc0-4a51-9d09-af933af07eec,Matt Johnson,23d8458f-dcc0-4a51-9d09-af933af07eec,
84204ddf-148f-4be0-b896-2be07e83be76,Reminder,307000,True,,"live at Velodrom, Berlin, 2016",Moderat,Moderat,7754905b-8bf7-48e2-935a-03d566fec464,Moderat,7754905b-8bf7-48e2-935a-03d566fec464,
5757a165-35e8-4d22-8982-43db9e89183d,the boy is mine,173000,True,,lyric visualizer,Ariana Grande,Ariana Grande,f4fdbb4c-e4b7-47a0-b83b-d91bbfcfa387,Ariana Grande,f4fdbb4c-e4b7-47a0-b83b-d91bbfcfa387,USUV72400914
9aef8c54-4efa-44d1-9fa9-88c749df8c9e,I'll See You in My Dreams,182000,True,,"live, 2024‐06‐17: Cívitas Metropolitano, Madrid, Spain; YouTube – Quentin Lejeune",Bruce Springsteen,Bruce Springsteen,70248960-cb53-4ea4-943a-edb18f7d336f,Bruce Springsteen,70248960-cb53-4ea4-943a-edb18f7d336f,
9e11e384-b3b4-42af-b35d-b296a457e484,O HOLY NIGHT,273000,True,,Reframed • SATB,Matt Johnson,Matt Johnson,23d8458f-dcc0-4a51-9d09-af933af07eec,Matt Johnson,23d8458f-dcc0-4a51-9d09-af933af07eec,USUX31512092
d090cdb6-19f7-4c70-b455-c92b51c07d69,HASTA LA VISTA,200000,False,,,Alonzo,Alonzo,9ff87295-bdfc-46fc-b605-456cc39d84ca,Alonzo,9ff87295-bdfc-46fc-b605-456cc39d84ca,
3f96a280-9c20-4182-a4a6-ff428ff5f589,Route 66,461000,True,,live in Montreux,Diana Krall & Russell Malone,Diana Krall|Russell Malone,67d2cb7a-9ddb-4a7f-82bf-5a2d1a038e98|a6efce2e-9c3b-4b50-9c46-5935968edfd0,Diana Krall,67d2cb7a-9ddb-4a7f-82bf-5a2d1a038e98,
5e26e9a1-6a77-4775-9196-2a164f355fb5,You Are,,True,,,Rodrigo y Gabriela,Rodrigo y Gabriela,a8ed28e3-5c08-4448-b889-867483e251f5,Rodrigo y Gabriela,a8ed28e3-5c08-4448-b889-867483e251f5,
72a0221f-9476-41f9-a3f2-2f4fc300c206,Old Town Road,,True,,,Rodrigo y Gabriela,Rodrigo y Gabriela,a8ed28e3-5c08-4448-b889-867483e251f5,Rodrigo y Gabriela,a8ed28e3-5c08-4448-b889-867483e251f5,
8a922976-5a37-48ca-aa88-fe5d02edd9dd,Satori,,True,,,Rodrigo y Gabriela,Rodrigo y Gabriela,a8ed28e3-5c08-4448-b889-867483e251f5,Rodrigo y Gabriela,a8ed28e3-5c08-4448-b889-867483e251f5,
de15ec86-ed9f-4f7f-a8bb-6f0ba870eb82,Bad Guy,,True,,,Rodrigo y Gabriela,Rodrigo y Gabriela,a8ed28e3-5c08-4448-b889-867483e251f5,Rodrigo y Gabriela,a8ed28e3-5c08-4448-b889-867483e251f5,
2fcac5bc-ed20-4fbe-99eb-90d241ffeba1,Time Is Running Out,,True,,,Rodrigo y Gabriela,Rodrigo y Gabriela,a8ed28e3-5c08-4448-b889-867483e251f5,Rodrigo y Gabriela,a8ed28e3-5c08-4448-b889-867483e251f5,
719cdb35-4c99-4276-91ae-ffda1defeb87,Blinding Lights,,True,,,Rodrigo y Gabriela,Rodrigo y Gabriela,a8ed28e3-5c08-4448-b889-867483e251f5,Rodrigo y Gabriela,a8ed28e3-5c08-4448-b889-867483e251f5,
63be20f2-54ee-49c8-8c78-53ceb471c360,Killing in the Name,,True,,,Rodrigo y Gabriela,Rodrigo y Gabriela,a8ed28e3-5c08-4448-b889-867483e251f5,Rodrigo y Gabriela,a8ed28e3-5c08-4448-b889-867483e251f5,
eb73fb36-11a6-4cb8-b3c4-0c39a6529bb1,All the Way,185000,True,,,Matt Johnson,Matt Johnson,23d8458f-dcc0-4a51-9d09-af933af07eec,Matt Johnson,23d8458f-dcc0-4a51-9d09-af933af07eec,
2cf64467-a9a2-44e6-9454-1d7764beeefd,さよならベイビー,288000,True,,live,サザンオールスターズ,サザンオールスターズ,24d9e513-c215-4901-87ee-b66aa769ab9d,サザンオールスターズ,24d9e513-c215-4901-87ee-b66aa769ab9d,
d58d954c-a089-48d8-925b-a4194f2b9736,We’ve Got to Try,268000,True,,,The Chemical Brothers,The Chemical Brothers,1946a82a-f927-40c2-8235-38d64f50d043,The Chemical Brothers,1946a82a-f927-40c2-8235-38d64f50d043,
1ff735af-fcb6-4b07-b438-ea2185d39a9a,Glad He’s Gone,,True,,,Tove Lo,Tove Lo,56756959-1e78-429c-b897-e1d056cb0225,Tove Lo,56756959-1e78-429c-b897-e1d056cb0225,
274be535-ff21-49b4-b3f2-98492dd93025,The First Noel,343000,True,,LMIC Performance,Matt Johnson,Matt Johnson,23d8458f-dcc0-4a51-9d09-af933af07eec,Matt Johnson,23d8458f-dcc0-4a51-9d09-af933af07eec,
2b68b895-ab83-4462-af01-7e5fdbee261b,Crash,250000,True,,,Charli XCX & Christine and the Queens,Charli xcx|Christine and the Queens,260b6184-8828-48eb-945c-bc4cb6fc34ca|9c90ffbf-b137-4dee-bfcc-b8010787840d,Charli xcx,260b6184-8828-48eb-945c-bc4cb6fc34ca,
e0019c89-8e6a-4f73-9395-315161bc4417,Celebrity,287000,True,,,Brad Paisley,Brad Paisley,6cfd7ffc-824f-4219-8e27-4b9417700f44,Brad Paisley,6cfd7ffc-824f-4219-8e27-4b9417700f44,
8ea4cde1-1128-4bb9-9fcf-30d01778b906,I Swear,262000,True,,,John Michael Montgomery,John Michael Montgomery,9647191b-5891-4885-bccc-f6bb9b200a6d,John Michael Montgomery,9647191b-5891-4885-bccc-f6bb9b200a6d,
fb3d8737-874d-4417-a583-a33cb0a1ee21,Chattahoochee,245000,True,,,Alan Jackson,Alan Jackson,7291957b-c463-4275-a41c-a104c9e2337f,Alan Jackson,7291957b-c463-4275-a41c-a104c9e2337f,
fedd1f33-9cb6-4c36-80ea-89576af401e0,Cowboy Take Me Away,287000,True,,,The Chicks,The Chicks,3248ed2d-bada-41b5-a7b6-ac88faa1f1ac,The Chicks,3248ed2d-bada-41b5-a7b6-ac88faa1f1ac,
7f891ebc-ccd6-475b-8155-1fdeff884b43,It’s Your Love,228000,True,,,Tim McGraw & Faith Hill,Tim McGraw|Faith Hill,7e5cfc9a-e9e1-46f1-b81a-861b12049488|406552d4-5ba1-4226-b7c0-367bc50fc767,Tim McGraw,7e5cfc9a-e9e1-46f1-b81a-861b12049488,
2eb69fd3-78a5-4546-a3c8-3b287b7ca094,Who’s Gonna Fill Their Shoes,307000,True,,,George Jones,George Jones,f2903be0-79a7-4334-8cc5-e45309482a97,George Jones,f2903be0-79a7-4334-8cc5-e45309482a97,
fbe05c6a-6776-40ad-9484-0c910721d103,Anymore,,True,,,Travis Tritt,Travis Tritt,615caab0-9cc2-4c24-9667-f46894be726e,Travis Tritt,615caab0-9cc2-4c24-9667-f46894be726e,
ac365ae9-13f6-4efe-a181-c1562778d3af,This Kiss,194000,True,,,Faith Hill,Faith Hill,406552d4-5ba1-4226-b7c0-367bc50fc767,Faith Hill,406552d4-5ba1-4226-b7c0-367bc50fc767,
f115d9a2-2ed0-41ca-bf97-4a7e00249918,Amazed,239000,True,,,Lonestar,Lonestar,407592bd-6b6e-4803-80fd-f17e59446734,Lonestar,407592bd-6b6e-4803-80fd-f17e59446734,
0de1df7a-e659-4ee3-9566-deff1bfe2d21,Boot Scootin’ Boogie,201000,True,,,Brooks & Dunn,Brooks & Dunn,f30118c5-f783-4969-8427-f3c096378267,Brooks & Dunn,f30118c5-f783-4969-8427-f3c096378267,
cd7a848b-2d7d-4520-9e69-00d1ad47419a,Country Boy,286000,True,,,Ricky Skaggs,Ricky Skaggs,1a14063c-9dca-48d5-98c3-89748c74562b,Ricky Skaggs,1a14063c-9dca-48d5-98c3-89748c74562b,
c3543713-23f9-4831-8a69-7815595c526c,Call Me The Breeze,268000,True,,,Lynyrd Skynyrd feat. Billy Gibbons,Lynyrd Skynyrd|Billy Gibbons,c544ed4d-2390-4442-a83e-1ea2883b09c8|f2c2f494-c2c3-42f9-85a8-576da85f9b90,Lynyrd Skynyrd,c544ed4d-2390-4442-a83e-1ea2883b09c8,
5c2fbc5b-7e9f-47ff-8cdb-016701037d9a,Achy Breaky Heart,234000,True,,,Billy Ray Cyrus,Billy Ray Cyrus,63e8d6f9-e247-45c9-aaf2-e079cddbdd54,Billy Ray Cyrus,63e8d6f9-e247-45c9-aaf2-e079cddbdd54,
e82a4182-24d7-44ba-96d9-ea7128dd47bc,Sweet Home Alabama,364000,True,,,Lynyrd Skynyrd,Lynyrd Skynyrd,c544ed4d-2390-4442-a83e-1ea2883b09c8,Lynyrd Skynyrd,c544ed4d-2390-4442-a83e-1ea2883b09c8,
d3fa06df-7390-4c8d-9eae-d073e4c8ae69,Deutschland 🇩🇪,165000,True,,,"Ski Aggu, Ikkimel",Ski Aggu|Ikkimel,f1d46f29-34fd-4cd5-959f-0a213e1f1d8e|b0061f91-ca53-45b9-ad13-d217f4f6caa2,Ski Aggu,f1d46f29-34fd-4cd5-959f-0a213e1f1d8e,
00168f7d-3025-4ec1-8b13-939e8c35bec9,Gypsy,,False,,live,Lady Gaga,Lady Gaga,650e7db6-b795-4eb5-a702-5ea2fc46c848,Lady Gaga,650e7db6-b795-4eb5-a702-5ea2fc46c848,
381a049b-61c2-46f7-8d47-5691f9b31850,Born This Way,,False,,live,Lady Gaga,Lady Gaga,650e7db6-b795-4eb5-a702-5ea2fc46c848,Lady Gaga,650e7db6-b795-4eb5-a702-5ea2fc46c848,
de61d14a-a08c-43cf-b3b0-f37287f03e87,Aura,,False,,live,Lady Gaga,Lady Gaga,650e7db6-b795-4eb5-a702-5ea2fc46c848,Lady Gaga,650e7db6-b795-4eb5-a702-5ea2fc46c848,
07f3131e-db5b-48b6-b143-9ccda6bf21ba,Bad Romance,,False,,live,Lady Gaga,Lady Gaga,650e7db6-b795-4eb5-a702-5ea2fc46c848,Lady Gaga,650e7db6-b795-4eb5-a702-5ea2fc46c848,
fea46add-ab6a-4bf7-b19e-2a2f5f773a74,You and I,,False,,live,Lady Gaga,Lady Gaga,650e7db6-b795-4eb5-a702-5ea2fc46c848,Lady Gaga,650e7db6-b795-4eb5-a702-5ea2fc46c848,
8ef2204f-6a1c-443c-8a80-3e29cd38e05e,Judas,,False,,live,Lady Gaga,Lady Gaga,650e7db6-b795-4eb5-a702-5ea2fc46c848,Lady Gaga,650e7db6-b795-4eb5-a702-5ea2fc46c848,
0fd6a4cd-3002-4aed-972e-f1c55494f896,The Edge of Glory,,False,,live,Lady Gaga,Lady Gaga,650e7db6-b795-4eb5-a702-5ea2fc46c848,Lady Gaga,650e7db6-b795-4eb5-a702-5ea2fc46c848,
e12d4795-d0e8-4ee0-8d66-da56ff51cae4,Bang Bang (My Baby Shot Me Down),,False,,live,Lady Gaga,Lady Gaga,650e7db6-b795-4eb5-a702-5ea2fc46c848,Lady Gaga,650e7db6-b795-4eb5-a702-5ea2fc46c848,
e6ef713e-00f3-4196-87ea-2101148e7856,Tell Me,193000,False,,,Taylor Swift,Taylor Swift,20244d07-534f-4eff-b4d4-930878889970,Taylor Swift,20244d07-534f-4eff-b4d4-930878889970,
26f54642-83ee-4420-9f1c-cbd4c9069482,High Horse,245000,True,,,Kacey Musgraves,Kacey Musgraves,d1393ecb-431b-4fde-a6ea-d769f2f040cb,Kacey Musgraves,d1393ecb-431b-4fde-a6ea-d769f2f040cb,
e1d0d5e4-326d-427f-89cc-f566c8ddc82a,Power Up,208000,True,,,Red Velvet,Red Velvet,4f0cb3b7-6c06-4317-ae35-ddf3106a17ee,Red Velvet,4f0cb3b7-6c06-4317-ae35-ddf3106a17ee,
8eed92cc-2648-4398-a20e-888983b94399,1999,209000,True,,,Charli XCX & Troye Sivan,Charli xcx|Troye Sivan,260b6184-8828-48eb-945c-bc4cb6fc34ca|e5712ceb-c37a-4c49-a11c-ccf4e21852d4,Charli xcx,260b6184-8828-48eb-945c-bc4cb6fc34ca,
eca97b6a-ac25-4126-8b1a-693fd5183fab,MIA,211000,True,,,Bad Bunny ft. Drake,Bad Bunny|Drake,89aa5ecb-59ad-46f5-b3eb-2d424e941f19|9fff2f8a-21e6-47de-a2b8-7f449929d43f,Bad Bunny,89aa5ecb-59ad-46f5-b3eb-2d424e941f19,
57ac9ba2-bda9-4e5f-aea3-ddb96abaf000,IDGAF,231000,True,,,Dua Lipa,Dua Lipa,6f1a58bf-9b1b-49cf-a44a-6cefad7ae04f,Dua Lipa,6f1a58bf-9b1b-49cf-a44a-6cefad7ae04f,
375bf4c5-b36c-49e2-ac67-0a35b759a77d,Come Over,299000,True,,,The Internet,The Internet,45804465-4271-4e6a-b881-ce668ef09530,The Internet,45804465-4271-4e6a-b881-ce668ef09530,
971187e9-9666-4ca5-b30c-b04014d08358,X,192000,True,,,Nicky Jam X J Balvin,Nicky Jam|J Balvin,c458e9dc-e0d5-45ea-9e83-f9d0395f030d|5bdeb32d-56a5-4b6d-a768-264101fa0a0a,Nicky Jam,c458e9dc-e0d5-45ea-9e83-f9d0395f030d,
f8fa5ecd-658c-404e-9a5b-c3293a8026c1,Sincerity Is Scary,241000,True,,,The 1975,The 1975,5b6ebfe0-f72b-4902-bba9-74c8af0f1af0,The 1975,5b6ebfe0-f72b-4902-bba9-74c8af0f1af0,
597bcbea-8251-42dd-bb02-a5659f940fa4,Dura,218000,True,,,Daddy Yankee,Daddy Yankee,2f522f5c-111c-4ce8-8bd0-d82e97c227ad,Daddy Yankee,2f522f5c-111c-4ce8-8bd0-d82e97c227ad,
56849b2e-d23b-43fd-8b76-6b0e13eb7af8,We Don't Talk Anymore,251000,True,,,Cliff Richard,Cliff Richard,b5c2fdfc-d037-45b8-84f9-09ebb7ff8aa1,Cliff Richard,b5c2fdfc-d037-45b8-84f9-09ebb7ff8aa1,
8151ea96-3401-4f77-8d33-a39166072f5d,I Don't Fuck With You,347000,True,,,Big Sean ft. E‐40,Big Sean|E‐40,942a9807-9c1a-4a0e-a285-1fde2c5be9d1|a449973b-074b-4cf0-a4d6-f11fa2d1073f,Big Sean,942a9807-9c1a-4a0e-a285-1fde2c5be9d1,
12f4dd43-9239-46fb-b12d-60fc99074065,Reason to Believe,363000,True,,"live, 2024‐07‐02: Festivalpark, Werchter, Belgium; YouTube – Quentin Lejeune",Bruce Springsteen & The E Street Band,Bruce Springsteen|The E Street Band,70248960-cb53-4ea4-943a-edb18f7d336f|d6652e7b-33fe-49ef-8336-4c863b4f996f,Bruce Springsteen,70248960-cb53-4ea4-943a-edb18f7d336f,
8f30569b-4337-4a97-b89c-96bb70eb0bed,Stronger,258000,False,,,Demi Lovato,Demi Lovato,faf4cefb-036c-4c88-b93a-5b03dd0a0e6b,Demi Lovato,faf4cefb-036c-4c88-b93a-5b03dd0a0e6b,
ed5dda37-4aef-438e-a0a8-6dd23d76ff77,Open,189000,False,,,Demi Lovato,Demi Lovato,faf4cefb-036c-4c88-b93a-5b03dd0a0e6b,Demi Lovato,faf4cefb-036c-4c88-b93a-5b03dd0a0e6b,
3a8532aa-e805-4f28-b334-0630ee7a557c,Ayrılık,262000,True,,,Deniz Tekin,Deniz Tekin,545fe4b7-0345-4575-a385-d8d7541000ea,Deniz Tekin,545fe4b7-0345-4575-a385-d8d7541000ea,
88f8c4d5-8f51-47ba-b1f8-ffc62a2894ed,no future,201000,False,,,Cö shu Nie,Cö shu Nie,d38d4afb-3c51-4cd5-b6e9-5d4ec71d2440,Cö shu Nie,d38d4afb-3c51-4cd5-b6e9-5d4ec71d2440,
46b34df9-1298-4fd9-8ad2-48983120bc7f,Shadow,195000,False,,,Demi Lovato,Demi Lovato,faf4cefb-036c-4c88-b93a-5b03dd0a0e6b,Demi Lovato,faf4cefb-036c-4c88-b93a-5b03dd0a0e6b,
e819e55f-6bde-49bf-8e65-50921f480e21,Among the Stars,127000,False,,,Lamb,Lamb,71dabae4-8e59-4f85-90e8-5bc7673e5c4a,Lamb,71dabae4-8e59-4f85-90e8-5bc7673e5c4a,
7ae4dc8f-0b26-49f9-9764-63b2ffdcf720,Berlín,,True,,,Aitana,Aitana,a24f2bd3-0d1b-4c03-8d91-6297ab5a2811,Aitana,a24f2bd3-0d1b-4c03-8d91-6297ab5a2811,
eaeba11d-bcba-4056-847e-9565e82e660c,Hello World,325000,True,,,Lady A,Lady A,0eedfc95-e79a-4fd9-832a-cd816a0b3fda,Lady A,0eedfc95-e79a-4fd9-832a-cd816a0b3fda,
2e9fd171-b058-4528-a687-46d7d8a10230,Water,265000,True,,,Brad Paisley,Brad Paisley,6cfd7ffc-824f-4219-8e27-4b9417700f44,Brad Paisley,6cfd7ffc-824f-4219-8e27-4b9417700f44,
d230d2b9-4363-49ad-9cd0-97b2c6847cd4,Emerald,214000,False,,,Melanie Martinez,Melanie Martinez,0df563ec-1a79-486e-a46d-5b9862a40311,Melanie Martinez,0df563ec-1a79-486e-a46d-5b9862a40311,
0d3fb425-6f87-4e97-955e-dd010945a4c8,Into the Fire,319000,True,,"live, 2024‐07‐05: Heinz‐von‐Heiden‐Arena, Hannover, Germany; YouTube – jumaa7",Bruce Springsteen & The E Street Band,Bruce Springsteen|The E Street Band,70248960-cb53-4ea4-943a-edb18f7d336f|d6652e7b-33fe-49ef-8336-4c863b4f996f,Bruce Springsteen,70248960-cb53-4ea4-943a-edb18f7d336f,
715be5a6-2c76-4764-b7b2-2b344604171e,Trouble,,False,,,Eminem,Eminem,b95ce3ff-3d05-4e87-9e01-c97b66af13d4,Eminem,b95ce3ff-3d05-4e87-9e01-c97b66af13d4,
5b0ecb60-6159-4245-844b-b917d4a22f45,Day and Night,164000,False,,,Lamb,Lamb,71dabae4-8e59-4f85-90e8-5bc7673e5c4a,Lamb,71dabae4-8e59-4f85-90e8-5bc7673e5c4a,
c99e6425-5961-4729-93d9-4b3cda8eb3d8,Lucifer,,False,,,Eminem,Eminem,b95ce3ff-3d05-4e87-9e01-c97b66af13d4,Eminem,b95ce3ff-3d05-4e87-9e01-c97b66af13d4,
4cc35d8e-82fc-462b-a36e-34570120ccca,Evil,,False,,,Eminem,Eminem,b95ce3ff-3d05-4e87-9e01-c97b66af13d4,Eminem,b95ce3ff-3d05-4e87-9e01-c97b66af13d4,
868fa542-e4f3-4435-931c-5ad4e64380dd,Fuel,,False,,,Eminem,Eminem,b95ce3ff-3d05-4e87-9e01-c97b66af13d4,Eminem,b95ce3ff-3d05-4e87-9e01-c97b66af13d4,
5f5cbcaa-2f7f-4a45-8c17-c138ca694a15,Habits,,False,,,Eminem,Eminem,b95ce3ff-3d05-4e87-9e01-c97b66af13d4,Eminem,b95ce3ff-3d05-4e87-9e01-c97b66af13d4,
70a3fa5f-254c-44c1-bd84-2bba825b091c,Reason to Believe,414000,True,,"live, 2024‐07‐09: Odense Dyrskueplads, Odense, Denmark; YouTube – Brian Frandsen",Bruce Springsteen & The E Street Band,Bruce Springsteen|The E Street Band,70248960-cb53-4ea4-943a-edb18f7d336f|d6652e7b-33fe-49ef-8336-4c863b4f996f,Bruce Springsteen,70248960-cb53-4ea4-943a-edb18f7d336f,
df31fadd-167a-4d97-8778-de18b345cc5a,Tattoo,192000,True,,music video,Fireboy DML,Fireboy DML,4d09a017-4e09-47a7-b274-a7e0767ac4e0,Fireboy DML,4d09a017-4e09-47a7-b274-a7e0767ac4e0,
7805cdf4-8f60-4f4b-8f44-6987624e1f90,Into the Fire,249000,True,,"live, 2024‐07‐15: Strawberry Arena, Solna, Sweden; YouTube – Poca",Bruce Springsteen & The E Street Band,Bruce Springsteen|The E Street Band,70248960-cb53-4ea4-943a-edb18f7d336f|d6652e7b-33fe-49ef-8336-4c863b4f996f,Bruce Springsteen,70248960-cb53-4ea4-943a-edb18f7d336f,
15416874-5762-4a4f-a500-2a9446da4604,Halo,,False,,,The Wallflowers,The Wallflowers,d9c90718-d54d-4ccf-a92e-37a5415ce299,The Wallflowers,d9c90718-d54d-4ccf-a92e-37a5415ce299,
613eb2fe-df91-4028-aa60-1c5bcf65dc1b,Dammit,,False,,,blink‐182,blink‐182,0743b15a-3c32-48c8-ad58-cb325350befa,blink‐182,0743b15a-3c32-48c8-ad58-cb325350befa,
40f56ac4-9633-4734-8622-29325a1af15d,Inferno,299000,False,,bonus track from a rerelease of Killing Joke s/t,Killing Joke,Killing Joke,f5aca88c-e3c1-4bc2-af33-68a9a9f7b56a,Killing Joke,f5aca88c-e3c1-4bc2-af33-68a9a9f7b56a,
7f63a788-d04c-4be9-9dc8-99bd5b8fbe46,Two Hearts,227000,True,,"live, 2024‐07‐12: Olympic Stadium, Helsinki, Finland; YouTube – WildBilly Production",Bruce Springsteen & The E Street Band,Bruce Springsteen|The E Street Band,70248960-cb53-4ea4-943a-edb18f7d336f|d6652e7b-33fe-49ef-8336-4c863b4f996f,Bruce Springsteen,70248960-cb53-4ea4-943a-edb18f7d336f,
6a902f0d-45d1-46e4-b718-8b6a743dcca0,Imagine,,True,,,Juliette Armanet,Juliette Armanet,bfc041af-595d-4a0d-9026-8bce9aab3e53,Juliette Armanet,bfc041af-595d-4a0d-9026-8bce9aab3e53,
67fe9298-b8c5-4be2-ac86-36e70a8a3baf,Dangerous Love,258000,True,,music video,Fuse ODG ft. Sean Paul,Fuse ODG|Sean Paul,abe41c91-3587-474c-8953-d6034d395a0a|c3da3346-2643-48a7-93cd-011f6834b3d7,Fuse ODG,abe41c91-3587-474c-8953-d6034d395a0a,
e3b9aeaf-81be-4d3a-8293-16b4e6263345,Intro,,False,,"live, 1971-02-26: Stadthalle, Offenbach, W. Germany",Pink Floyd,Pink Floyd,83d91898-7763-47d7-b03b-b92132375c47,Pink Floyd,83d91898-7763-47d7-b03b-b92132375c47,
22068f45-53a9-4817-b891-0c301d83a713,Love to Lose,175000,False,,,Taylor Swift,Taylor Swift,20244d07-534f-4eff-b4d4-930878889970,Taylor Swift,20244d07-534f-4eff-b4d4-930878889970,
fe28d21f-ee97-499a-ae64-31a344982946,Woman,198000,False,,,Beenie Man,Beenie Man,0d85b9f2-802d-48bb-aa85-6a9668869053,Beenie Man,0d85b9f2-802d-48bb-aa85-6a9668869053,
9600d9d2-b3ad-4255-84a2-53606147c24a,In My Mind,,True,,,Lyn Lapid,Lyn Lapid,b7c4e773-9c24-448e-996c-e6fc8cc9fc03,Lyn Lapid,b7c4e773-9c24-448e-996c-e6fc8cc9fc03,
85b56749-7bd6-4a7f-9e4e-5e3d347f5dcd,Fragile,,True,,4:08,Laufey,Laufey,21a89505-10a9-4ac0-8388-833bc07b9f86,Laufey,21a89505-10a9-4ac0-8388-833bc07b9f86,
614668fc-0b28-4e37-a220-535cce6d1da6,Promise,,True,,,Laufey,Laufey,21a89505-10a9-4ac0-8388-833bc07b9f86,Laufey,21a89505-10a9-4ac0-8388-833bc07b9f86,
34e993cc-ee08-4559-bcad-ca1d880b076e,Saturn,,True,,,Lyn Lapid,Lyn Lapid,b7c4e773-9c24-448e-996c-e6fc8cc9fc03,Lyn Lapid,b7c4e773-9c24-448e-996c-e6fc8cc9fc03,
8ded3ed0-e041-41ef-bb11-e7b3a1d48b41,Detached,,True,,,Lyn Lapid,Lyn Lapid,b7c4e773-9c24-448e-996c-e6fc8cc9fc03,Lyn Lapid,b7c4e773-9c24-448e-996c-e6fc8cc9fc03,
820e41b8-0517-482d-a846-b4feea622133,Ashes to Ashes,255000,True,,"1992, music video",The Wallflowers,The Wallflowers,d9c90718-d54d-4ccf-a92e-37a5415ce299,The Wallflowers,d9c90718-d54d-4ccf-a92e-37a5415ce299,
494ab06c-50d9-4acc-8e12-0ed00d9c9f4f,Block,163000,True,,,Kwam.E,Kwam.E,c6a96d4d-75ce-4fc5-b1d3-4b5e3cc7c11b,Kwam.E,c6a96d4d-75ce-4fc5-b1d3-4b5e3cc7c11b,
86dd06f7-01c8-4512-bfbb-e4428b2d5c30,Heroes,243000,True,,"1998, music video",The Wallflowers,The Wallflowers,d9c90718-d54d-4ccf-a92e-37a5415ce299,The Wallflowers,d9c90718-d54d-4ccf-a92e-37a5415ce299,
1a7f9b31-db37-4647-9d91-0a4f12965841,The Reaper,159000,False,,,Mothica,Mothica,41f0ee7a-c7f8-4b3d-a3a4-c705b4766130,Mothica,41f0ee7a-c7f8-4b3d-a3a4-c705b4766130,
7d18383f-4c41-4c2e-bff5-3982883bc611,Smack That,251000,True,,clean,Akon ft. Eminem,Akon|Eminem,1138a764-2212-4d0a-b02d-0dc14df91e08|b95ce3ff-3d05-4e87-9e01-c97b66af13d4,Akon,1138a764-2212-4d0a-b02d-0dc14df91e08,
6a38ff92-119b-4aa5-b2b4-1f3255549995,Ruby,209000,True,,,Kaiser Chiefs,Kaiser Chiefs,90218af4-4d58-4821-8d41-2ee295ebbe21,Kaiser Chiefs,90218af4-4d58-4821-8d41-2ee295ebbe21,
804906b0-a7fd-45f6-8b5a-aff9c3a3a21d,Mask Off,289000,True,,,Future,Future,48262e82-db9f-4a92-b650-dfef979b73ec,Future,48262e82-db9f-4a92-b650-dfef979b73ec,
95f2d9ee-d1ec-4f9d-93a2-6bd9f030f79d,Shake That,274000,True,,clean,Eminem ft. Nate Dogg,Eminem|Nate Dogg,b95ce3ff-3d05-4e87-9e01-c97b66af13d4|405528df-2632-4730-80fc-83e775a97651,Eminem,b95ce3ff-3d05-4e87-9e01-c97b66af13d4,
c96ce327-1c39-48ca-a64f-fa1a0ac9d8e6,Finale,,False,,,Soledad,Soledad,2ee895df-c04a-4a62-b872-9876f8932de3,Soledad,2ee895df-c04a-4a62-b872-9876f8932de3,
e63318c7-cc74-4b5e-97e3-a9d3ee23175e,Open Your Eyes,350000,True,,,Snow Patrol,Snow Patrol,a66999a7-ae5c-460e-ba94-1a01143ae847,Snow Patrol,a66999a7-ae5c-460e-ba94-1a01143ae847,
239f6086-7565-4d67-a585-5f5806dbac6f,How to Save a Life,263000,True,,first variant,The Fray,The Fray,2ddd167f-5b8a-4372-b350-6ad50493bac0,The Fray,2ddd167f-5b8a-4372-b350-6ad50493bac0,
dbb1e325-47d7-4dd9-9cc8-feb1768579f3,How to Save a Life,266000,True,,third variant,The Fray,The Fray,2ddd167f-5b8a-4372-b350-6ad50493bac0,The Fray,2ddd167f-5b8a-4372-b350-6ad50493bac0,
51e179ad-f4f3-432a-8636-98eb8ee1f6a1,Without You,232000,True,,,Keith Urban,Keith Urban,f45da029-7b00-4bf3-962c-0eeb20309cc4,Keith Urban,f45da029-7b00-4bf3-962c-0eeb20309cc4,
2d14f124-ad9a-412b-a264-7f77157751a5,Whistle for the Choir,216000,True,,,The Fratellis,The Fratellis,f4ad883e-9a92-45ed-a540-a49c2d1c36dd,The Fratellis,f4ad883e-9a92-45ed-a540-a49c2d1c36dd,
5f292291-a381-4ff8-8ae8-aafa44ed5c9b,You Know I’m No Good,243000,True,,,Amy Winehouse,Amy Winehouse,dfe9a7c4-8cf2-47f4-9dcb-d233c2b86ec3,Amy Winehouse,dfe9a7c4-8cf2-47f4-9dcb-d233c2b86ec3,
48696cae-ced2-4162-bcde-c1d504b244ce,The End of the World,260000,True,,BBC Radio 1 Piano Session,Billie Eilish,Billie Eilish,f4abc0b5-3f7a-4eff-8f78-ac078dbce533,Billie Eilish,f4abc0b5-3f7a-4eff-8f78-ac078dbce533,
ce5a7f0a-dd84-462b-8e4f-2a647e0a5b47,The Truth,237000,True,,,Jason Aldean,Jason Aldean,f24df11a-7e35-4979-a4db-a3b2a170ce27,Jason Aldean,f24df11a-7e35-4979-a4db-a3b2a170ce27,
834cac5b-078f-4182-b524-c368a88a134b,House of Mirrors,,False,,,Screaming Trees,Screaming Trees,bc5e6e42-73ba-44fa-a41e-3379402f0429,Screaming Trees,bc5e6e42-73ba-44fa-a41e-3379402f0429,
4c977ccf-1897-488a-ac71-fc1673b15873,Yesterday,210000,True,,live at the Oscars in 2020-02-09,Billie Eilish,Billie Eilish,f4abc0b5-3f7a-4eff-8f78-ac078dbce533,Billie Eilish,f4abc0b5-3f7a-4eff-8f78-ac078dbce533,
e1ec9fe7-ea9e-4d88-a9d2-d79d2587f5d6,Lucky,,False,,,Halsey,Halsey,3377f3bb-60fc-4403-aea9-7e800612e060,Halsey,3377f3bb-60fc-4403-aea9-7e800612e060,
1a0e9b7f-50fc-4109-8439-344570b1c5ef,Friends,207000,False,,"unreleased, but leaked in 2022",Billie Eilish,Billie Eilish,f4abc0b5-3f7a-4eff-8f78-ac078dbce533,Billie Eilish,f4abc0b5-3f7a-4eff-8f78-ac078dbce533,
9c430616-2415-45a1-b534-986dc070928a,Freaks,115000,False,,"unreleased, but leaked in 2024",Billie Eilish,Billie Eilish,f4abc0b5-3f7a-4eff-8f78-ac078dbce533,Billie Eilish,f4abc0b5-3f7a-4eff-8f78-ac078dbce533,
aba4484f-1bc3-498f-a6c3-61a470954b27,Limbo,243000,False,,"unreleased, but leaked in 2024",Billie Eilish,Billie Eilish,f4abc0b5-3f7a-4eff-8f78-ac078dbce533,Billie Eilish,f4abc0b5-3f7a-4eff-8f78-ac078dbce533,
215c5243-c884-465e-b06b-0d6bfa7ea530,Big Jet Plane,136000,True,,lyric video,Valley,Valley,6e91d65a-ab21-49b7-b81d-11c53c65601a,Valley,6e91d65a-ab21-49b7-b81d-11c53c65601a,CAUV72300148
3dcf854f-f8e7-4e92-ad29-1b48ac314b29,nevermind,175000,True,,lyric video,Valley,Valley,6e91d65a-ab21-49b7-b81d-11c53c65601a,Valley,6e91d65a-ab21-49b7-b81d-11c53c65601a,CAUV72000098
d59a7cd8-4d6d-465a-91d9-8263a8ae68f2,Natural,156000,True,,lyric video,Valley,Valley,6e91d65a-ab21-49b7-b81d-11c53c65601a,Valley,6e91d65a-ab21-49b7-b81d-11c53c65601a,CAUV72300110
171a897a-105d-4d5c-81d3-bdfc06db3ab3,Winner,216000,False,,unreleased recording leaked in 2024,Billie Eilish,Billie Eilish,f4abc0b5-3f7a-4eff-8f78-ac078dbce533,Billie Eilish,f4abc0b5-3f7a-4eff-8f78-ac078dbce533,
9b7538c3-50b6-4ed4-bf0e-803cf693a050,Ride,183000,False,,"unreleased recording from 2016, leaked in 2021",Billie Eilish & Nick Dungo,Billie Eilish|Nick Dungo,f4abc0b5-3f7a-4eff-8f78-ac078dbce533|93952341-8e44-4a5f-bd24-f63099e18c13,Billie Eilish,f4abc0b5-3f7a-4eff-8f78-ac078dbce533,
ec3c6aee-e55b-46eb-89fa-6e3d58ee5921,strange,216000,False,,unreleased recording leaked in 2024,Billie Eilish,Billie Eilish,f4abc0b5-3f7a-4eff-8f78-ac078dbce533,Billie Eilish,f4abc0b5-3f7a-4eff-8f78-ac078dbce533,
6130d4b4-86f3-457a-8f47-ac751e68ea9f,Ride,239000,False,,,"Snap, Mike D and Crucifix",Snap|Mike D|Crucifix,57c176ef-abf5-4688-8b23-8a75c78ad9e4|d3126097-d402-448a-80de-b863c34c735f|e49fc3b7-0d48-4fa2-9ff2-11dc7499d201,Snap,57c176ef-abf5-4688-8b23-8a75c78ad9e4,
721cf871-717a-457a-9679-f461f742f8e8,Linda,242000,False,,RPM The French Canadian band,RPM,RPM,be9c8bdc-3fcc-4646-b1e7-be0a2b869b5c,RPM,be9c8bdc-3fcc-4646-b1e7-be0a2b869b5c,CBE362400001
05d5ae4f-d7fb-4da3-8844-ff43566e7c10,Celestial,262000,True,,,Ed Sheeran,Ed Sheeran,b8a7c51f-362c-4dcb-a259-bc6e0095f0a6,Ed Sheeran,b8a7c51f-362c-4dcb-a259-bc6e0095f0a6,
197586ae-2b96-4481-aa21-efaabee25284,Blood // Water,250000,True,,MV,grandson,grandson,cc699fe3-db51-4837-928f-8f712c61a01a,grandson,cc699fe3-db51-4837-928f-8f712c61a01a,
fc891a76-a074-4012-bed6-f376a3246a0b,Apologize,196000,True,,MV,grandson,grandson,cc699fe3-db51-4837-928f-8f712c61a01a,grandson,cc699fe3-db51-4837-928f-8f712c61a01a,
f593c51d-743c-435b-b049-90001d0af830,Afterglow,220000,True,,,Phaeleh feat. Soundmouse,Phaeleh|Soundmouse,caae4789-c38c-4803-8808-2886b37ca8f9|35938327-19a4-493a-a7ba-05e34667a0dd,Phaeleh,caae4789-c38c-4803-8808-2886b37ca8f9,
42116e0b-adcc-4f80-a25d-ea874f5f7941,Alone,199000,True,,,Marshmello,Marshmello,301b45a4-b8b9-410e-8344-4b4eaf96691a,Marshmello,301b45a4-b8b9-410e-8344-4b4eaf96691a,
d25f07de-4404-4d42-823b-d64d8c3ca4f0,HP,196000,True,,,Maluma,Maluma,e8979f75-9110-4df8-ac70-898898d080d1,Maluma,e8979f75-9110-4df8-ac70-898898d080d1,
183b960f-d3d8-4c0b-8be6-372a35326a56,Madness,250000,False,,,(Origin Unknown),(Origin Unknown),b7ac24c0-daf3-4338-9f70-9682bd56a792,(Origin Unknown),b7ac24c0-daf3-4338-9f70-9682bd56a792,
a0938c2d-15ff-473a-9457-f4908d61465e,Labyrinth,317000,False,,,(Origin Unknown),(Origin Unknown),b7ac24c0-daf3-4338-9f70-9682bd56a792,(Origin Unknown),b7ac24c0-daf3-4338-9f70-9682bd56a792,
0273b1a8-c1ab-461f-8630-d94e98664a4c,11 PM,259000,True,,,Maluma,Maluma,e8979f75-9110-4df8-ac70-898898d080d1,Maluma,e8979f75-9110-4df8-ac70-898898d080d1,
4d7baafb-8352-49e0-9ba4-8e1edb8b6ee4,I Can't Wait,225000,True,,,Nu Shooz,Nu Shooz,5e709ff3-170e-40ff-83ad-ecfb3030ad38,Nu Shooz,5e709ff3-170e-40ff-83ad-ecfb3030ad38,
2a404a69-b6b4-4eb8-b527-bcad5d17f2ca,On My Own,273000,True,,,Patti LaBelle ft. Michael McDonald,Patti LaBelle|Michael McDonald,f319ec6a-9290-449b-baef-4244809c487a|cacbe57b-02d0-4d21-be86-c8a3a5ea6e1e,Patti LaBelle,f319ec6a-9290-449b-baef-4244809c487a,
e32c3803-6b58-4a16-ba63-6007c2d09eed,christmas lights,268000,True,,lyric video,Valley,Valley,6e91d65a-ab21-49b7-b81d-11c53c65601a,Valley,6e91d65a-ab21-49b7-b81d-11c53c65601a,CAUV72300246
2e03f9b7-e259-4f0f-b5f2-1eb1a8cf742b,CHAMPAGNE,179000,True,,lyric video,Valley,Valley,6e91d65a-ab21-49b7-b81d-11c53c65601a,Valley,6e91d65a-ab21-49b7-b81d-11c53c65601a,CAUV72200092
39c774a9-acb3-4b83-b1c0-94c5abe5f25b,Presagio,172000,False,,,Pedropiedra,Pedropiedra,7fad9300-4bc9-4935-a604-60601073ecb9,Pedropiedra,7fad9300-4bc9-4935-a604-60601073ecb9,
3a461f16-d5e2-4ae7-bd4a-3f5b98369a82,Cielo,214000,False,,,Pedropiedra,Pedropiedra,7fad9300-4bc9-4935-a604-60601073ecb9,Pedropiedra,7fad9300-4bc9-4935-a604-60601073ecb9,
8590aac8-e91a-4a36-87bd-3194a55ea945,Animal,178000,False,,,Pedropiedra,Pedropiedra,7fad9300-4bc9-4935-a604-60601073ecb9,Pedropiedra,7fad9300-4bc9-4935-a604-60601073ecb9,
c0afbab5-383a-4034-9912-dd2d36de9730,Little Dark Age,310000,True,,,MGMT,MGMT,c485632c-b784-4ee9-8ea1-c5fb365681fc,MGMT,c485632c-b784-4ee9-8ea1-c5fb365681fc,
3e585c4e-8175-4ae3-a226-959fe816fefc,Notion,195000,True,,,The Rare Occasions,The Rare Occasions,37177491-dc86-4536-8ac2-51887ccfa0bb,The Rare Occasions,37177491-dc86-4536-8ac2-51887ccfa0bb,
9997bc2a-ee4b-42dc-bab4-4b7b5b5c8174,Jump Around,217000,True,,,House of Pain,House of Pain,c2d6a6fb-7999-4bb3-b2df-7d752fdf4e95,House of Pain,c2d6a6fb-7999-4bb3-b2df-7d752fdf4e95,
4b58e1c2-fe96-46d0-923c-01ad8228b888,Eternity,192000,False,,,Stray Kids,Stray Kids,142b343d-bf5a-428c-a64f-6d1a7566bbe9,Stray Kids,142b343d-bf5a-428c-a64f-6d1a7566bbe9,
0b14aa19-1585-4792-85a9-3c5a44469976,Repeat After Me,,False,,,The Weeknd,The Weeknd,c8b03190-306c-4120-bb0b-6f2ebfc06ea9,The Weeknd,c8b03190-306c-4120-bb0b-6f2ebfc06ea9,
362f3cb5-b988-4ebe-8edf-2d5de0ef2f29,Alone Again,,False,,,The Weeknd,The Weeknd,c8b03190-306c-4120-bb0b-6f2ebfc06ea9,The Weeknd,c8b03190-306c-4120-bb0b-6f2ebfc06ea9,
ba8e66b4-d384-42cf-98a1-fedc3bf6e4d7,Save Your Tears,,False,,"live, 2024-09-07: MorumBIS, São Paulo, Brazil",The Weeknd,The Weeknd,c8b03190-306c-4120-bb0b-6f2ebfc06ea9,The Weeknd,c8b03190-306c-4120-bb0b-6f2ebfc06ea9,
efbdaba8-7a0c-470c-a506-c2ffc6c1e357,Faith,,False,,,The Weeknd,The Weeknd,c8b03190-306c-4120-bb0b-6f2ebfc06ea9,The Weeknd,c8b03190-306c-4120-bb0b-6f2ebfc06ea9,
82524bee-bbde-44cc-822d-074aeed0ba71,Heartless,,False,,,The Weeknd,The Weeknd,c8b03190-306c-4120-bb0b-6f2ebfc06ea9,The Weeknd,c8b03190-306c-4120-bb0b-6f2ebfc06ea9,
64420d83-dcef-473b-a577-8469313b5bcc,Too Late,,False,,,The Weeknd,The Weeknd,c8b03190-306c-4120-bb0b-6f2ebfc06ea9,The Weeknd,c8b03190-306c-4120-bb0b-6f2ebfc06ea9,
048634e9-b2b4-48e2-ae14-8d0657ca1dc1,Timeless,,False,,,The Weeknd feat. Playboi Carti,The Weeknd|Playboi Carti,c8b03190-306c-4120-bb0b-6f2ebfc06ea9|2baf3276-ed6a-4349-8d2e-f4601e7b2167,The Weeknd,c8b03190-306c-4120-bb0b-6f2ebfc06ea9,
0a6d468d-8006-451a-9705-b2b3a224c975,Sacrifice,,False,,live; SÃO PAULO,The Weeknd,The Weeknd,c8b03190-306c-4120-bb0b-6f2ebfc06ea9,The Weeknd,c8b03190-306c-4120-bb0b-6f2ebfc06ea9,
74f19ab7-8bf5-4d12-aef4-959e7630ac6f,Blinding Lights,,False,,SÃO PAULO LIVESTREAM,The Weeknd,The Weeknd,c8b03190-306c-4120-bb0b-6f2ebfc06ea9,The Weeknd,c8b03190-306c-4120-bb0b-6f2ebfc06ea9,
f184b0c4-cdab-485a-a1b8-0d613558e382,Wake Me Up,,False,,,The Weeknd,The Weeknd,c8b03190-306c-4120-bb0b-6f2ebfc06ea9,The Weeknd,c8b03190-306c-4120-bb0b-6f2ebfc06ea9,
8e9590f3-66c5-472a-b87c-93d90617c62d,SÃO PAULO,,False,,,The Weeknd feat. Anitta,The Weeknd|Anitta,c8b03190-306c-4120-bb0b-6f2ebfc06ea9|d606b860-cc03-4959-a3fd-3a24bccf2560,The Weeknd,c8b03190-306c-4120-bb0b-6f2ebfc06ea9,
fde123af-73fb-4fe1-8281-7139073bec47,Ashes to Ashes,,True,,"live, 1997‐05‐30: Top of the Pops, London, England, UK",Faith No More,Faith No More,b15ebd71-a252-417d-9e1c-3e6863da68f8,Faith No More,b15ebd71-a252-417d-9e1c-3e6863da68f8,
df375463-b43a-496a-868c-8961aa1bc27f,Goodbye,266000,False,,,Kid Cudi,Kid Cudi,e0e1db18-f7ba-4dee-95ff-7ae8cf545460,Kid Cudi,e0e1db18-f7ba-4dee-95ff-7ae8cf545460,
a627ccc2-d910-467f-ac6d-e1d9b684310d,Real Man,157000,True,,"live, 2024-08-02: Layfayette, London, UK",beabadoobee,beabadoobee,88d17133-abbc-42db-9526-4e2c1db60336,beabadoobee,88d17133-abbc-42db-9526-4e2c1db60336,
3ded8003-1d97-4875-ad2b-1efc5f41e2fb,[untitled],,False,,,mxmtoon,mxmtoon,ccbced49-2689-46f8-9101-1c265d6f7b8f,mxmtoon,ccbced49-2689-46f8-9101-1c265d6f7b8f,
920be437-4696-42b7-8cc9-45aa254ef8a5,Dreadfully Pious,268000,True,,,GosT,GosT,73ed3b2f-6d5e-46c6-8f75-952c383f6b33,GosT,73ed3b2f-6d5e-46c6-8f75-952c383f6b33,
671b28f4-4e80-4338-b437-9c9943b9f82b,Arise,379000,True,,,GosT,GosT,73ed3b2f-6d5e-46c6-8f75-952c383f6b33,GosT,73ed3b2f-6d5e-46c6-8f75-952c383f6b33,
5e3017e8-0cb9-4958-a379-64ab7ef92064,Beliar,204000,True,,,GosT,GosT,73ed3b2f-6d5e-46c6-8f75-952c383f6b33,GosT,73ed3b2f-6d5e-46c6-8f75-952c383f6b33,
2e97e6f9-e033-432f-bdcf-42843c6c1fa8,John Wayne,217000,False,,,Billy Idol,Billy Idol,47c8f88b-987a-4b64-9175-2b1b57809727,Billy Idol,47c8f88b-987a-4b64-9175-2b1b57809727,
63b1d90e-74b7-4a16-962b-66355fcbad6b,All the Small Things,,False,,"Live, 2000 MTV Video Music Awards",blink‐182,blink‐182,0743b15a-3c32-48c8-ad58-cb325350befa,blink‐182,0743b15a-3c32-48c8-ad58-cb325350befa,
694d2aec-b6c6-4a27-bd86-78efb73ec88a,"Ooh, La La",,False,,,Giorgio Moroder,Giorgio Moroder,38dd6337-19ae-4793-ab4b-313eff523457,Giorgio Moroder,38dd6337-19ae-4793-ab4b-313eff523457,
7db18156-1d32-402b-a6e7-d6b30fd08b2f,Too Hot To Handle,,False,,,Giorgio Moroder,Giorgio Moroder,38dd6337-19ae-4793-ab4b-313eff523457,Giorgio Moroder,38dd6337-19ae-4793-ab4b-313eff523457,
d7ea87e1-b392-4b6e-8a0c-cea987aa3467,The Runner,,False,,,Giorgio Moroder,Giorgio Moroder,38dd6337-19ae-4793-ab4b-313eff523457,Giorgio Moroder,38dd6337-19ae-4793-ab4b-313eff523457,
be572d51-47a8-4d26-922e-6c94d556fcb3,Boys (Don’t Cry),196000,True,,live: Triple J Like a Version,Wolf Alice,Wolf Alice,3547f34a-db02-4ab7-b4a0-380e1ef951a9,Wolf Alice,3547f34a-db02-4ab7-b4a0-380e1ef951a9,
e7aa339c-68bd-4675-8619-f496b242b45f,Let's Go,69000,False,,,Rusko,Rusko,ed962474-bb85-47f9-b108-073184f09bc8,Rusko,ed962474-bb85-47f9-b108-073184f09bc8,
e62ec017-7c9f-4512-a91c-68f98567387b,Love Me Tender,,True,,official video,Barbra Streisand ft. Elvis Presley,Barbra Streisand|Elvis Presley,56cd15a1-0d74-438b-8244-c96ffe1cae03|01809552-4f87-45b0-afff-2c6f0730a3be,Barbra Streisand,56cd15a1-0d74-438b-8244-c96ffe1cae03,
84e1be2b-7edf-454a-873e-453771eb4586,WALLFLOWER,164000,False,,,Ashnikko,Ashnikko,6dee6b6f-aa72-424c-9c8c-0d31ba5ff673,Ashnikko,6dee6b6f-aa72-424c-9c8c-0d31ba5ff673,
b3078857-5b0a-47f8-a4f1-4f4fc01a4697,Waterways,417000,False,,,Ludovico Einaudi,Ludovico Einaudi,fa34b363-79df-434f-a5b8-be4e6898543f,Ludovico Einaudi,fa34b363-79df-434f-a5b8-be4e6898543f,
20230e6c-1566-481f-b5e3-240660622868,Cologne,168000,True,,"live, VEVO studio performance",beabadoobee,beabadoobee,88d17133-abbc-42db-9526-4e2c1db60336,beabadoobee,88d17133-abbc-42db-9526-4e2c1db60336,
76fe2ad8-3e7d-4800-9944-d7458740993d,supernatural,163000,True,,lyric visualizer,Ariana Grande,Ariana Grande,f4fdbb4c-e4b7-47a0-b83b-d91bbfcfa387,Ariana Grande,f4fdbb4c-e4b7-47a0-b83b-d91bbfcfa387,USUV72400912
b5ab1179-139c-4495-9ccc-8654ddcf4370,supernatural,163000,True,,lyric visualizer,Ariana Grande ft. Troye Sivan,Ariana Grande|Troye Sivan,f4fdbb4c-e4b7-47a0-b83b-d91bbfcfa387|e5712ceb-c37a-4c49-a11c-ccf4e21852d4,Ariana Grande,f4fdbb4c-e4b7-47a0-b83b-d91bbfcfa387,USUV72400975
d4b6cc07-5145-4707-a419-2e99c748fece,supernatural,165000,True,,live version,Ariana Grande,Ariana Grande,f4fdbb4c-e4b7-47a0-b83b-d91bbfcfa387,Ariana Grande,f4fdbb4c-e4b7-47a0-b83b-d91bbfcfa387,USUV72404099
d0afd8b5-cd8e-4f2d-9f0d-04456600fa85,I Am,,False,,,Kane Brown,Kane Brown,a62e299b-4707-4ff5-ad53-d80b2b03319d,Kane Brown,a62e299b-4707-4ff5-ad53-d80b2b03319d,QZZVQ2400298
75be2fae-9e78-42bc-a0c3-4b5e5c3c804d,Stay,,False,,,Kane Brown,Kane Brown,a62e299b-4707-4ff5-ad53-d80b2b03319d,Kane Brown,a62e299b-4707-4ff5-ad53-d80b2b03319d,QZZVQ2400353
d7444972-421a-417f-9b55-1ed3af677cae,Beside Me,,False,,,Kane Brown,Kane Brown,a62e299b-4707-4ff5-ad53-d80b2b03319d,Kane Brown,a62e299b-4707-4ff5-ad53-d80b2b03319d,QZZVQ2400344
7f2e0936-c3f5-4cd0-8a3d-f2656be92df6,Borderline,,False,,,Adam Freeland & Brody Dalle,Adam Freeland|Brody Dalle,51af3ae9-3f39-4b2c-bec3-ded427708590|162aa6e5-4b35-4428-8c2a-ad036e875948,Adam Freeland,51af3ae9-3f39-4b2c-bec3-ded427708590,
4ad9836e-8a27-4641-8561-ff7c5c97c9c1,Heavy Is the Crown,226000,True,,official music video,Linkin Park,Linkin Park,f59c5520-5f46-4d2c-b2c4-822eabf53419,Linkin Park,f59c5520-5f46-4d2c-b2c4-822eabf53419,
122be700-e76e-42a5-9a05-b1e80f118969,Shallow,213000,True,,"live @ Tutti per uno - Arena di Verona, 2023-5-3",Il Volo feat. Annalisa,Il Volo|Annalisa,0bf8b6a0-8ae4-42f7-ba7a-d66d343c73da|d60d4edc-1b8f-48be-8eeb-2ada05e45c54,Il Volo,0bf8b6a0-8ae4-42f7-ba7a-d66d343c73da,
e7e25403-8891-4698-82d9-7ba6d52e5c85,Let Go,185000,True,,official music video,KMFDM,KMFDM,45074d7c-5307-44a8-854f-ae072e1622ae,KMFDM,45074d7c-5307-44a8-854f-ae072e1622ae,
7123fd02-0dd2-4fa9-9d0a-c72aea04c915,Break the Rules,205000,True,,,Charli xcx,Charli xcx,260b6184-8828-48eb-945c-bc4cb6fc34ca,Charli xcx,260b6184-8828-48eb-945c-bc4cb6fc34ca,
bec801f5-47a6-45ac-92ea-8cb951a62e94,Paradise,215000,True,,official music video,KMFDM,KMFDM,45074d7c-5307-44a8-854f-ae072e1622ae,KMFDM,45074d7c-5307-44a8-854f-ae072e1622ae,
d4a78373-8131-41d4-9f0c-8f9cd78da736,Airhead,282000,True,,,KMFDM,KMFDM,45074d7c-5307-44a8-854f-ae072e1622ae,KMFDM,45074d7c-5307-44a8-854f-ae072e1622ae,
8346bf65-74f8-4d42-862a-bd4227bbdfce,Perfect Stranger,,True,,,FKA twigs,FKA twigs,1e4e9db7-5068-4a9c-bdd0-5777e47172c8,FKA twigs,1e4e9db7-5068-4a9c-bdd0-5777e47172c8,
88678375-0b1b-4779-9a24-7218fd122e0b,Frankenstein,153000,True,,,Qveen Herby feat. Tech N9ne,Qveen Herby|Tech N9ne,fb274bf0-f0d5-4304-8d4a-1df8fe5bf8ab|dde3d9b1-0e44-48bc-b0c9-d739b3570000,Qveen Herby,fb274bf0-f0d5-4304-8d4a-1df8fe5bf8ab,
8958b5d4-f776-4a96-8bf8-fe8e7f99e8f7,Dancing in the Dark,225000,True,,"live, 2024-10-24: James R. Hallford Stadium, Clarkston, GA, USA; YouTube – Scotty’s Bruce Videos",Bruce Springsteen,Bruce Springsteen,70248960-cb53-4ea4-943a-edb18f7d336f,Bruce Springsteen,70248960-cb53-4ea4-943a-edb18f7d336f,
ffc317de-82d5-4378-a361-66caac8c8522,Yeah Yeah Yeah,306000,False,,original mix,Jax Jones,Jax Jones,a2507d4d-3387-4d31-a6e8-f2c9794fb37e,Jax Jones,a2507d4d-3387-4d31-a6e8-f2c9794fb37e,
c0d03c22-74b0-496e-ac39-d5f53ac5751d,Shelter,,False,,part of “You (One-Shot Megamix)” DJ‐mix,Porter Robinson & Madeon,Porter Robinson|Madeon,4ae36ade-1798-48c4-b06b-cc68b7d3d83f|fa1de503-aba7-41fa-a1ed-371b3e87a717,Porter Robinson,4ae36ade-1798-48c4-b06b-cc68b7d3d83f,
21d25f36-938a-40f6-8f8b-7001362e513e,Threat of Joy,317000,True,,,The Strokes,The Strokes,f181961b-20f7-459e-89de-920ef03c7ed0,The Strokes,f181961b-20f7-459e-89de-920ef03c7ed0,
bc0ac949-ab28-4fd3-9640-7ff2b8b4f3c8,Ghostbusters,231000,True,,"live, 2024‐10‐31: Bell Centre, Montreal, QC, Canada; YouTube – Scotty’s Bruce Videos",Bruce Springsteen & The E Street Band,Bruce Springsteen|The E Street Band,70248960-cb53-4ea4-943a-edb18f7d336f|d6652e7b-33fe-49ef-8336-4c863b4f996f,Bruce Springsteen,70248960-cb53-4ea4-943a-edb18f7d336f,
b216f3d5-aaa0-4e54-ba96-c890d7040346,What I Might Do,188000,True,,"second video, dancing",Ben Pearce,Ben Pearce,5da9fa64-75bb-4e1f-bb13-2f0eae6b40d6,Ben Pearce,5da9fa64-75bb-4e1f-bb13-2f0eae6b40d6,
997cd43f-76d7-437e-bded-8d7cd142e7e9,Know Your Enemy,192000,True,,,Green Day,Green Day,084308bd-1654-436f-ba03-df6697104e19,Green Day,084308bd-1654-436f-ba03-df6697104e19,
b38a327b-7696-4611-af0d-3fb6130192b9,Calm Down,365000,True,,lyric video,Busta Rhymes ft. Eminem,Busta Rhymes|Eminem,10a9ff92-9637-4498-afea-7044b2ab0dc0|b95ce3ff-3d05-4e87-9e01-c97b66af13d4,Busta Rhymes,10a9ff92-9637-4498-afea-7044b2ab0dc0,
788ac90e-cda8-485a-b155-1e13395d8392,Wine Slow,166000,True,,,Gyptian,Gyptian,c70a1a51-caf3-4667-b956-11e27a00fe37,Gyptian,c70a1a51-caf3-4667-b956-11e27a00fe37,
36e37111-ebcf-4eff-b93a-602289188099,Butterfly,213000,True,,,Crazy Town,Crazy Town,8996b655-fbad-4018-b430-1bd8fab43235,Crazy Town,8996b655-fbad-4018-b430-1bd8fab43235,
d4d96baf-557e-48e6-af22-d674ec0e4a1a,Empire,289000,False,,,311,311,bf600e2b-dc2d-4839-a1be-6ebef4087cd0,311,bf600e2b-dc2d-4839-a1be-6ebef4087cd0,
8dc73b49-00b6-4c87-975c-262a98154967,Bound by Blood,193000,False,,,"Daniel Rustage, Shwabadi & Connor Quest!",Rustage|Shwabadi|Connor Quest!,f4453c75-5f1c-48fc-9bbb-e8c20af94c72|9beab240-3390-4bec-9bf6-8a07f7ad3802|9c3545ff-af53-4dd6-8c3a-47d2db54832f,Rustage,f4453c75-5f1c-48fc-9bbb-e8c20af94c72,
2edccbdf-4a6f-4e28-8c6f-83999a17671d,Monster Trio,216000,False,,,"Daniel Rustage, Shwabadi & Connor Quest!",Rustage|Shwabadi|Connor Quest!,f4453c75-5f1c-48fc-9bbb-e8c20af94c72|9beab240-3390-4bec-9bf6-8a07f7ad3802|9c3545ff-af53-4dd6-8c3a-47d2db54832f,Rustage,f4453c75-5f1c-48fc-9bbb-e8c20af94c72,
c8e5fab2-f752-40ca-a554-068dcc175811,Kono Dio Da,167000,False,,,Daniel Rustage,Rustage,f4453c75-5f1c-48fc-9bbb-e8c20af94c72,Rustage,f4453c75-5f1c-48fc-9bbb-e8c20af94c72,
69ea0e7d-8221-4d57-aee3-35ead27d63c6,Monster Trio,216000,False,,,Daniel Rustage,Rustage,f4453c75-5f1c-48fc-9bbb-e8c20af94c72,Rustage,f4453c75-5f1c-48fc-9bbb-e8c20af94c72,
c196ca4b-6784-4214-bd0b-51f79eaad85d,King (Luffy Rap),141000,False,,,Daniel Rustage,Rustage,f4453c75-5f1c-48fc-9bbb-e8c20af94c72,Rustage,f4453c75-5f1c-48fc-9bbb-e8c20af94c72,
3677afe5-efc7-44cc-b4f9-b30979bf6b70,Stuck with U,229000,True,,official lyric video,Ariana Grande & Justin Bieber,Ariana Grande|Justin Bieber,f4fdbb4c-e4b7-47a0-b83b-d91bbfcfa387|e0140a67-e4d1-4f13-8a01-364355bee46e,Ariana Grande,f4fdbb4c-e4b7-47a0-b83b-d91bbfcfa387,USUV72002535
58a3da2e-6caa-4836-8814-64a0211ff587,Stuck with U,257000,True,,official video,Ariana Grande & Justin Bieber,Ariana Grande|Justin Bieber,f4fdbb4c-e4b7-47a0-b83b-d91bbfcfa387|e0140a67-e4d1-4f13-8a01-364355bee46e,Ariana Grande,f4fdbb4c-e4b7-47a0-b83b-d91bbfcfa387,USUV72002536
2c4acb7f-8a02-4fdb-8c26-633276867c56,Believe,325000,False,,yama cover,yama,yama,a3becc83-9dab-48c6-9513-e269e1e4c49a,yama,a3becc83-9dab-48c6-9513-e269e1e4c49a,
8fec020a-8282-4c6e-8a67-d0ec86f60911,Someone You Loved,232000,True,,,Lewis Capaldi,Lewis Capaldi,526aab94-697f-44a9-b630-41d1c0505953,Lewis Capaldi,526aab94-697f-44a9-b630-41d1c0505953,
abe8e834-2f62-47ff-a5c2-8475f61c5bf9,I’ll Be There,194000,True,,,JIN,Jin,09720eec-3871-49d5-932d-eb7542768cd3,Jin,09720eec-3871-49d5-932d-eb7542768cd3,
32c733ac-202d-42e3-9ce8-39372578c763,Running Wild,197000,True,,,JIN,Jin,09720eec-3871-49d5-932d-eb7542768cd3,Jin,09720eec-3871-49d5-932d-eb7542768cd3,
70346e2c-f178-43bb-9a6c-ebae8703796b,I Want You Back,180000,True,,"live, 1969-12-14: The Ed Sullivan Show, USA",The Jackson 5,The Jacksons,e5257dc5-1edd-4fca-b7e6-1158e00522c8,The Jacksons,e5257dc5-1edd-4fca-b7e6-1158e00522c8,
cb03e224-5bfc-4197-b527-e4691546e593,We Don’t Talk Anymore,251000,True,,,Cliff Richard,Cliff Richard,b5c2fdfc-d037-45b8-84f9-09ebb7ff8aa1,Cliff Richard,b5c2fdfc-d037-45b8-84f9-09ebb7ff8aa1,
074fbd95-cc94-46ce-89f6-6c5ce9e4bc29,As Long as You Love Me,217000,True,,,Backstreet Boys,Backstreet Boys,2f569e60-0a1b-4fb9-95a4-3dc1525d1aad,Backstreet Boys,2f569e60-0a1b-4fb9-95a4-3dc1525d1aad,
c1c15d37-ff19-4cfc-aa51-9ebc562c06e8,Hello/Hello,150000,False,,Bedroom ver.,MAISONdes feat. yama & 泣き虫☔︎,MAISONdes|yama|泣き虫☔︎,5005beb6-9da2-48ba-bfd9-aa8ddc6d0117|a3becc83-9dab-48c6-9513-e269e1e4c49a|7cf22431-0d69-4efe-bdb2-655cb6109b8c,MAISONdes,5005beb6-9da2-48ba-bfd9-aa8ddc6d0117,
2acd7981-b19b-432e-8198-9ba195f92389,ADIEU,288000,True,,,Dymytry,Dymytry,1ea9bc33-cb0d-4fc2-9a7e-96c88a2db68f,Dymytry,1ea9bc33-cb0d-4fc2-9a7e-96c88a2db68f,
cb6a52c5-1412-4d04-87ac-1ddf2c1b11a3,Too Close,214000,True,,audio visualizer,Ariana Grande,Ariana Grande,f4fdbb4c-e4b7-47a0-b83b-d91bbfcfa387,Ariana Grande,f4fdbb4c-e4b7-47a0-b83b-d91bbfcfa387,USUV72403405
d9377326-a868-4841-b6b0-d519752ca404,不可幸力,200000,True,,,NERO,NERO,a70114f0-d451-4b14-8a2e-c19adf0a5bc2,NERO,a70114f0-d451-4b14-8a2e-c19adf0a5bc2,
65843708-5aa4-4911-97d2-a7f12ae7fafd,Jekyll and Hide,179000,False,,"live, 2019-11-25: SiriusXM Studios",Bishop Briggs,Bishop Briggs,ee0c82bb-85ca-4a3c-94b8-d7221e74333f,Bishop Briggs,ee0c82bb-85ca-4a3c-94b8-d7221e74333f,
a5a39385-e145-4947-809c-77dfdb388ca3,Champion,169000,False,,"live, 2019-11-25: SiriusXM Studios",Bishop Briggs,Bishop Briggs,ee0c82bb-85ca-4a3c-94b8-d7221e74333f,Bishop Briggs,ee0c82bb-85ca-4a3c-94b8-d7221e74333f,
042fbcc0-d334-47e2-91ae-88f743927ebf,El recuento de los daños,152000,True,,en vivo en Hermosillo,Gloria Trevi y Carin León,Gloria Trevi|Carin León,f5b33d1b-e8bc-444e-bc5c-490473aa0f50|db8efd58-7cd0-4ca8-a538-14ad6b44640b,Gloria Trevi,f5b33d1b-e8bc-444e-bc5c-490473aa0f50,
2debe9f8-3b13-42ac-beeb-9321111be65e,For What It's Worth,162000,False,,,Hootie & the Blowfish,Hootie & the Blowfish,b3120863-d98d-4bad-a637-8abd8cde6685,Hootie & the Blowfish,b3120863-d98d-4bad-a637-8abd8cde6685,
262131a5-0c63-45a8-9656-3f1a9b5e22b6,Leave Out All the Rest,,False,,,Linkin Park,Linkin Park,f59c5520-5f46-4d2c-b2c4-822eabf53419,Linkin Park,f59c5520-5f46-4d2c-b2c4-822eabf53419,USWB12401901
e2c7ad18-5d40-4595-aaab-f16ba867091f,Thunder,528000,False,,original mix,Omar Santana & Evan Gamble Lewis,Omar Santana|Evan Gamble Lewis,8b165256-c588-4fc7-a642-93747f7acd50|babd6f54-82e6-42ca-80ef-291d1928db4e,Omar Santana,8b165256-c588-4fc7-a642-93747f7acd50,DEH740909278
68368adc-985a-43f2-8fdf-0c2dd454238e,Glitch,170000,True,,,Ağaçkakan,Ağaçkakan,469f7456-c900-4162-9740-8d6ed61811e3,Ağaçkakan,469f7456-c900-4162-9740-8d6ed61811e3,
849e77ba-3ae0-438b-9367-d4031e291862,Crazy,174000,True,,"live, 2024-09-11: MTV VMAs, UBS Arena, Elmont, NY, USA",LE SSERAFIM,LE SSERAFIM,1ee37742-1e3d-4e61-84d2-bc85f4c1459a,LE SSERAFIM,1ee37742-1e3d-4e61-84d2-bc85f4c1459a,
9802c253-6677-4972-b80a-c0e502947f1a,I’m on Fire,211000,True,,official video,Bruce Springsteen,Bruce Springsteen,70248960-cb53-4ea4-943a-edb18f7d336f,Bruce Springsteen,70248960-cb53-4ea4-943a-edb18f7d336f,USSM20000396
3e223336-5361-46db-bf65-3fc4a1d89641,Hold on to me,195000,False,,,Yuki,Yuki,70faee1e-5cef-48e0-b263-b5d4d8422703,Yuki,70faee1e-5cef-48e0-b263-b5d4d8422703,
72a5483d-7ec5-4b63-8311-79ec93cb8181,This Is What You Came For,239000,True,,official video,Calvin Harris feat. Rihanna,Calvin Harris|Rihanna,8dd98bdc-80ec-4e93-8509-2f46bafc09a7|73e5e69d-3554-40d8-8516-00cb38737a1c,Calvin Harris,8dd98bdc-80ec-4e93-8509-2f46bafc09a7,GB1101501456
4b18d46f-87ab-4a3d-ab6a-802fac2ceae5,Beautiful Things,206000,True,,"live, 2024-09-11: MTV VMAs, UBS Arena, Elmont, NY, USA",Benson Boone,Benson Boone,62b914a7-d775-4bb4-bb5e-d46e7df115b5,Benson Boone,62b914a7-d775-4bb4-bb5e-d46e7df115b5,
0b641988-99ce-4ce8-9d8a-8757bb0dce46,Ego,250000,True,,"live, 2024-09-11: MTV VMAs, UBS Arena, Elmont, NY, USA",Halsey,Halsey,3377f3bb-60fc-4403-aea9-7e800612e060,Halsey,3377f3bb-60fc-4403-aea9-7e800612e060,
a59823d1-3570-40eb-9317-227ded561779,Espresso,201000,True,,"live, 2024-05-18: Saturday Night Live",Sabrina Carpenter,Sabrina Carpenter,1882fe91-cdd9-49c9-9956-8e06a3810bd4,Sabrina Carpenter,1882fe91-cdd9-49c9-9956-8e06a3810bd4,USUV72402018
d1b37355-1913-470b-87e7-4ac58c55483d,Espresso,175000,True,,lyric video,Sabrina Carpenter,Sabrina Carpenter,1882fe91-cdd9-49c9-9956-8e06a3810bd4,Sabrina Carpenter,1882fe91-cdd9-49c9-9956-8e06a3810bd4,USUV72401954
b6e4c8a2-36a0-41df-a385-b57cb583de47,Nobody Knows,,True,,"live, 2024-09-11: MTV VMAs, UBS Arena, Elmont, NY, USA",Shawn Mendes,Shawn Mendes,b7d92248-97e3-4450-8057-6fe06738f735,Shawn Mendes,b7d92248-97e3-4450-8057-6fe06738f735,
6500a41d-6dae-484d-9d4c-28cfd22e7c17,God is a woman,207000,True,,BBC Radio 1 Live Lounge,Ariana Grande,Ariana Grande,f4fdbb4c-e4b7-47a0-b83b-d91bbfcfa387,Ariana Grande,f4fdbb4c-e4b7-47a0-b83b-d91bbfcfa387,GBC781800037
cda046fe-1494-441b-bc8d-f7a870c82562,God is a woman,208000,True,,Live From The 2018 MTV VMAs,Ariana Grande,Ariana Grande,f4fdbb4c-e4b7-47a0-b83b-d91bbfcfa387,Ariana Grande,f4fdbb4c-e4b7-47a0-b83b-d91bbfcfa387,USUV71802799
75cdfb0d-2c9c-4b98-a3bf-8c03ec062fe9,Side to Side,244000,True,,live on The Tonight Show starring Jimmy Fallon,Ariana Grande,Ariana Grande,f4fdbb4c-e4b7-47a0-b83b-d91bbfcfa387,Ariana Grande,f4fdbb4c-e4b7-47a0-b83b-d91bbfcfa387,USUV71602747
8b69a9e5-e740-4724-b517-958892aa959f,no tears left to cry,232000,True,,BBC Radio 1 Live Lounge,Ariana Grande,Ariana Grande,f4fdbb4c-e4b7-47a0-b83b-d91bbfcfa387,Ariana Grande,f4fdbb4c-e4b7-47a0-b83b-d91bbfcfa387,GBC781800040
3a6d1269-293b-443a-936a-3648847d8002,boyfriend,221000,True,,official video,Ariana Grande & Social House,Ariana Grande|Social House,f4fdbb4c-e4b7-47a0-b83b-d91bbfcfa387|ab17eba6-ea50-4062-b462-301245db5beb,Ariana Grande,f4fdbb4c-e4b7-47a0-b83b-d91bbfcfa387,USUMV1901213
aafd5cd0-7faa-41cc-af8e-6a085201fb80,Good Time,181000,True,,official music video,MC 張天賦,MC 張天賦,845efbcd-e18b-4f32-a9df-a2cbadcbea27,MC 張天賦,845efbcd-e18b-4f32-a9df-a2cbadcbea27,HKY492108201
fd99288b-b088-4432-992e-f89f78b85cb4,Million Pound Girl (Badder Than Bad),270000,True,,music video,Fuse ODG,Fuse ODG,abe41c91-3587-474c-8953-d6034d395a0a,Fuse ODG,abe41c91-3587-474c-8953-d6034d395a0a,
e7892a7d-71ec-4932-b20a-e0cac18ab1cc,What Else Is There?,250000,True,,,Mortemia feat. Zora Cock,Mortemia|Zora Cock,564e1d62-c6bf-4304-9e9d-eecb8077e151|ac933ad5-225f-4aff-8d59-5892342cb9c7,Mortemia,564e1d62-c6bf-4304-9e9d-eecb8077e151,
f0fbe95e-cf21-4bd7-bbef-f264453b125c,Riders on the Storm,246000,True,,,Mortemia feat. Emma Zoldan,Mortemia|Emmanuelle Zoldan,564e1d62-c6bf-4304-9e9d-eecb8077e151|92edb1d6-462d-496f-b79f-967036d606f1,Mortemia,564e1d62-c6bf-4304-9e9d-eecb8077e151,
633f024c-594a-4571-b44b-60e96369c60f,世一,309000,True,,official music video,MC 張天賦,MC 張天賦,845efbcd-e18b-4f32-a9df-a2cbadcbea27,MC 張天賦,845efbcd-e18b-4f32-a9df-a2cbadcbea27,HKY492308245
7859d3ad-d1df-4cfc-a067-c46d01eb2c6e,Lonely Soul,373000,False,,,DJ Shadow,DJ Shadow,efa2c11a-1a35-4b60-bc1b-66d37de88511,DJ Shadow,efa2c11a-1a35-4b60-bc1b-66d37de88511,
a3448092-b982-4935-99ee-f158823caddb,老派約會之必要,,True,,official music video,MC 張天賦,MC 張天賦,845efbcd-e18b-4f32-a9df-a2cbadcbea27,MC 張天賦,845efbcd-e18b-4f32-a9df-a2cbadcbea27,HKY492208203
8aca51ee-b3cc-4798-863e-3b64844a8e25,Crush,161000,True,,"live, 2024-09-21: Radio City Music Hall, New York, US",FLETCHER,FLETCHER,a66091aa-e093-46bb-916a-387aba16e15c,FLETCHER,a66091aa-e093-46bb-916a-387aba16e15c,USUMV2400134
1227659f-a933-4549-8fc4-d839b4cd3d45,Blinding Lights,,True,,"live, 2024-09-07: MorumBIS, São Paulo, Brazil",The Weeknd,The Weeknd,c8b03190-306c-4120-bb0b-6f2ebfc06ea9,The Weeknd,c8b03190-306c-4120-bb0b-6f2ebfc06ea9,USUMV2403154
1d0782e6-3ce8-4c0e-a42a-b5b87863d833,4 + 20,,False,,,"Crosby, Stills, Nash & Young","Crosby, Stills, Nash & Young",46a782ea-4308-476b-abd1-a91b197f3037,"Crosby, Stills, Nash & Young",46a782ea-4308-476b-abd1-a91b197f3037,
aa075e4b-944c-4158-b3d3-9d18ab578c88,Almost Cut My Hair,,False,,,"Crosby, Stills, Nash & Young","Crosby, Stills, Nash & Young",46a782ea-4308-476b-abd1-a91b197f3037,"Crosby, Stills, Nash & Young",46a782ea-4308-476b-abd1-a91b197f3037,
d75d9866-489e-4f09-ac86-5b1ff17712ca,São Paulo,304000,True,,"live, 2024-09-07: MorumBIS, São Paulo, Brazil",The Weeknd & Anitta,The Weeknd|Anitta,c8b03190-306c-4120-bb0b-6f2ebfc06ea9|d606b860-cc03-4959-a3fd-3a24bccf2560,The Weeknd,c8b03190-306c-4120-bb0b-6f2ebfc06ea9,USUMV2403166
9024f228-b22d-43f8-8acf-c562a094a0d4,Save Your Tears,,True,,"live, 2024-09-07: MorumBIS, São Paulo, Brazil",The Weeknd,The Weeknd,c8b03190-306c-4120-bb0b-6f2ebfc06ea9,The Weeknd,c8b03190-306c-4120-bb0b-6f2ebfc06ea9,USUMV2403152
cc1d957b-0246-4851-9a51-58bf46bd65cd,"O Come, O Come Emmanuel",256000,True,,,for KING & COUNTRY with Carin León,for KING & COUNTRY|Carin León,594beb50-0853-4e48-b3b9-b9ce1c3b72c9|db8efd58-7cd0-4ca8-a538-14ad6b44640b,for KING & COUNTRY,594beb50-0853-4e48-b3b9-b9ce1c3b72c9,
9e686847-26cf-4030-8c6a-bc63cae0c035,Living the Dream,88000,False,,,All Time Low,All Time Low,62162215-b023-4f0e-84bd-1e9412d5b32c,All Time Low,62162215-b023-4f0e-84bd-1e9412d5b32c,
f9ee6964-aaeb-4f30-befd-3ffe84075592,Afraid,274000,False,,version 1,Lana Del Ray,Lana Del Rey,b7539c32-53e7-4908-bda3-81449c367da6,Lana Del Rey,b7539c32-53e7-4908-bda3-81449c367da6,
b42581a9-2005-40ee-a4ca-b4ed947eba59,Goodbye,,False,,,Anxious,Anxious,f66d378e-d9f0-4c5d-a4b9-0ee1b9fb2e09,Anxious,f66d378e-d9f0-4c5d-a4b9-0ee1b9fb2e09,
141bade4-dc9b-422f-9d00-c75e3e481088,2002,205000,True,,official acoustic video,Anne‐Marie & Ed Sheeran,Anne‐Marie|Ed Sheeran,e3d5b5ec-101a-4529-9f2d-01dca64cf44e|b8a7c51f-362c-4dcb-a259-bc6e0095f0a6,Anne‐Marie,e3d5b5ec-101a-4529-9f2d-01dca64cf44e,GB1301800781
ed8a3726-ff6e-477d-991b-db384851b2dd,2002,200000,True,,"live, 2018-09-13: Brighton Music Hall, Boston, MA, US",Anne‐Marie,Anne‐Marie,e3d5b5ec-101a-4529-9f2d-01dca64cf44e,Anne‐Marie,e3d5b5ec-101a-4529-9f2d-01dca64cf44e,GB1301801000
dabee2b0-6c41-40fe-a53d-bb7ebaf221a2,Girlfriend,116000,False,,,Bruce Springsteen & The E Street Band,Bruce Springsteen|The E Street Band,70248960-cb53-4ea4-943a-edb18f7d336f|d6652e7b-33fe-49ef-8336-4c863b4f996f,Bruce Springsteen,70248960-cb53-4ea4-943a-edb18f7d336f,
a39ea3e7-e25b-4ee1-a82f-464625cff5a1,911,282000,True,,making of '𝟗𝟏𝟏' | Vevo footnotes,Lady Gaga,Lady Gaga,650e7db6-b795-4eb5-a702-5ea2fc46c848,Lady Gaga,650e7db6-b795-4eb5-a702-5ea2fc46c848,USUV72006986
b717c4ef-f74b-4ab2-8dc0-cca2a2c38762,Santa Tell Me,205000,True,,live version,Ariana Grande,Ariana Grande,f4fdbb4c-e4b7-47a0-b83b-d91bbfcfa387,Ariana Grande,f4fdbb4c-e4b7-47a0-b83b-d91bbfcfa387,
5a1dd382-f38e-4cf3-8413-033a9d76555a,MARIGOLD,218000,True,,official video,M.I.A,M.I.A.,7cf0ea9d-86b9-4dad-ba9e-2355a64899ea,M.I.A.,7cf0ea9d-86b9-4dad-ba9e-2355a64899ea,
81045ca6-fe3a-4e19-9a46-997dfdb31999,Trick or Treat,,False,,,Otis Redding,Otis Redding,82b1f5fd-cd31-41a9-b5d4-7e33f0eb9751,Otis Redding,82b1f5fd-cd31-41a9-b5d4-7e33f0eb9751,
a3d3415d-3194-4756-b9b3-101969ce2662,Remember Me,,False,,,Otis Redding,Otis Redding,82b1f5fd-cd31-41a9-b5d4-7e33f0eb9751,Otis Redding,82b1f5fd-cd31-41a9-b5d4-7e33f0eb9751,
2d36cc0a-96c9-425c-abbc-337a09370c00,Respect,,False,,,Otis Redding,Otis Redding,82b1f5fd-cd31-41a9-b5d4-7e33f0eb9751,Otis Redding,82b1f5fd-cd31-41a9-b5d4-7e33f0eb9751,
0b025c4a-3d09-4996-be64-b89bce124645,Trick or Treat,,False,,,Otis Redding,Otis Redding,82b1f5fd-cd31-41a9-b5d4-7e33f0eb9751,Otis Redding,82b1f5fd-cd31-41a9-b5d4-7e33f0eb9751,
609dea64-06ae-4cad-8520-57e035a9c5d0,(Sittin’ on) The Dock of the Bay,,False,,,Otis Redding,Otis Redding,82b1f5fd-cd31-41a9-b5d4-7e33f0eb9751,Otis Redding,82b1f5fd-cd31-41a9-b5d4-7e33f0eb9751,
75a53c3c-46d2-4895-90fc-1b7830b17a92,Silver Bells,213000,False,,Dolby Atmos mix,Stephen Sanchez,Stephen Sanchez,a9c38fd2-04be-4bc6-a3bc-96508b226508,Stephen Sanchez,a9c38fd2-04be-4bc6-a3bc-96508b226508,USUG12308333
8dbdec0c-f3c2-458c-903c-6900e162dcf8,Remember Me,,False,,,Otis Redding,Otis Redding,82b1f5fd-cd31-41a9-b5d4-7e33f0eb9751,Otis Redding,82b1f5fd-cd31-41a9-b5d4-7e33f0eb9751,
c04f9e75-ba9e-45c5-a940-66e744bc95d8,(Sittin’ on) The Dock of the Bay,,False,,,Otis Redding,Otis Redding,82b1f5fd-cd31-41a9-b5d4-7e33f0eb9751,Otis Redding,82b1f5fd-cd31-41a9-b5d4-7e33f0eb9751,
1659361e-cf3d-4b04-bf9a-ecc7ed45c0d1,Respect,,False,,,Otis Redding,Otis Redding,82b1f5fd-cd31-41a9-b5d4-7e33f0eb9751,Otis Redding,82b1f5fd-cd31-41a9-b5d4-7e33f0eb9751,
d24b62af-061c-46f9-8ff3-7ab16727b52b,Pree Me,208000,True,,,Burna Boy,Burna Boy,78a19169-ac75-4868-b504-7e2e073118e0,Burna Boy,78a19169-ac75-4868-b504-7e2e073118e0,
16e4330d-979e-4985-ad97-5fc86064bdd0,Control,207000,True,,,Disclosure ft. Ria Ritchie,Disclosure|Ria Ritchie,ae65c507-d9a0-4d42-9a6c-2b1f82158b9f|92901d45-8b41-46cd-a269-155ff7b2c679,Disclosure,ae65c507-d9a0-4d42-9a6c-2b1f82158b9f,
47b459ff-826b-49a0-a6f3-4ab100392adf,Elusive,253000,True,,,Lianne La Havas,Lianne La Havas,680466d6-f05b-44f6-858d-625d1b5087f6,Lianne La Havas,680466d6-f05b-44f6-858d-625d1b5087f6,
cb450ee0-4882-4cd9-a04a-9e01cdc9c34f,Drogba (Joanna),216000,True,,,Afro B,Afro B,75ddd2e6-8e48-4385-b5e2-625626c8e505,Afro B,75ddd2e6-8e48-4385-b5e2-625626c8e505,
9d68f2da-7ad6-4bbc-a917-95dcd1d57d8e,Elevate,272000,True,,,St. Lucia,St. Lucia,d996eadd-029d-4478-aa4b-fc9446653548,St. Lucia,d996eadd-029d-4478-aa4b-fc9446653548,
9b0962a9-abb8-41cb-b6de-67dba3424e7c,This Is What It Feels Like,218000,True,,,BANKS,BANKS,faa28a33-5470-4b90-90c3-e71955d93a44,BANKS,faa28a33-5470-4b90-90c3-e71955d93a44,
3ba3df37-5352-456e-ab3c-494a4f601607,"Spiders, Crocodiles & Kryptonite",,False,,,Faithless,Faithless,23d9d74d-c95e-46a6-be26-a6075c49747a,Faithless,23d9d74d-c95e-46a6-be26-a6075c49747a,
f517201e-020c-4a11-acbd-fb6e02b850dc,Winter Wonderland,183000,True,,visualiser,beabadoobee,beabadoobee,88d17133-abbc-42db-9526-4e2c1db60336,beabadoobee,88d17133-abbc-42db-9526-4e2c1db60336,GBK3W2102060
e9c48119-a88a-4e94-938a-77059d733012,If I Loved You,628000,True,,,Steven Pasquale & Laura Osnes,Steven Pasquale|Laura Osnes,5a42609f-d9f8-4d6d-9a8e-1fdd3b8eadde|b00ecb12-0e66-4c12-ac6b-a66a31bf065b,Steven Pasquale,5a42609f-d9f8-4d6d-9a8e-1fdd3b8eadde,
144ac7e5-50dd-44b9-a8ac-73995c5b08ed,LOVE SONG,248000,False,,,BIGBANG,BIGBANG,ec2bcb77-b9a1-49e2-bfe7-419586bbef48,BIGBANG,ec2bcb77-b9a1-49e2-bfe7-419586bbef48,
703270de-f405-4677-9a42-ae78a78f06f8,witchblades,150000,False,,,Lil Peep,Lil Peep,92da4329-77a4-425c-8e92-4280110cace9,Lil Peep,92da4329-77a4-425c-8e92-4280110cace9,
379564ec-10f5-4b1c-8604-65319361721b,Kiss,226000,False,,,Lil Peep,Lil Peep,92da4329-77a4-425c-8e92-4280110cace9,Lil Peep,92da4329-77a4-425c-8e92-4280110cace9,
b42603a2-16ea-49b8-96c0-8a5974f3f346,THIS LOVE,231000,False,,,BIGBANG,BIGBANG,ec2bcb77-b9a1-49e2-bfe7-419586bbef48,BIGBANG,ec2bcb77-b9a1-49e2-bfe7-419586bbef48,
4f5dff2d-8d37-426f-a3a3-1d13fb71df10,Cecilia,178000,False,,,COIN,COIN,14be55fa-72b8-4fad-906f-0589614d2ce8,COIN,14be55fa-72b8-4fad-906f-0589614d2ce8,
de6db5a6-50c8-4e4c-8850-b3bc83666044,That's All,,False,,Wedding Singer,Adam Sandler,Adam Sandler,dfc6d0b8-3d0b-4b33-9b3f-dff972e25594,Adam Sandler,dfc6d0b8-3d0b-4b33-9b3f-dff972e25594,
802af6d7-2915-478d-b97d-3b2b81624eb1,Fall Apart,237000,True,,,Sabrina Carpenter,Sabrina Carpenter,1882fe91-cdd9-49c9-9956-8e06a3810bd4,Sabrina Carpenter,1882fe91-cdd9-49c9-9956-8e06a3810bd4,
07fe24bd-937b-4d97-8804-35988f6e67dc,The Gift,,True,,,Seether,Seether,fbcd7b29-455f-49e6-9c4f-8249d20a055e,Seether,fbcd7b29-455f-49e6-9c4f-8249d20a055e,
d5c2b18e-3770-46db-b1a9-a5d230cf86ee,Truth,226000,True,,,Seether,Seether,fbcd7b29-455f-49e6-9c4f-8249d20a055e,Seether,fbcd7b29-455f-49e6-9c4f-8249d20a055e,
e7d0021d-fb6a-4dec-a276-48d64159c8d3,Jack Sparrow,196000,True,,,The Lonely Island feat. Michael Bolton,The Lonely Island|Michael Bolton,028e1863-cab4-4a3d-9dd9-91c682c91005|e8bee5d1-a3a5-4c1a-ada4-f1ca22101e84,The Lonely Island,028e1863-cab4-4a3d-9dd9-91c682c91005,
f057efc8-f562-4f81-9112-bddde53f2087,Por fin te encontré,,False,,acústico en Madrid/en vivo,Cali y El Dandee,Cali y El Dandee,a099c890-79b2-4afe-a1d8-fad36c489063,Cali y El Dandee,a099c890-79b2-4afe-a1d8-fad36c489063,
5faec21d-eeea-4754-a7e0-877d1b7e3881,A Day In The Life,,False,,,The Beatles,The Beatles,b10bbbfc-cf9e-42e0-be17-e2c3e1d2600d,The Beatles,b10bbbfc-cf9e-42e0-be17-e2c3e1d2600d,
7962514c-a2a1-4cf6-832d-68ff7754c392,Penny Lane,,False,,,The Beatles,The Beatles,b10bbbfc-cf9e-42e0-be17-e2c3e1d2600d,The Beatles,b10bbbfc-cf9e-42e0-be17-e2c3e1d2600d,
44f2890a-21bd-483e-9eac-e63612c8868e,Lucy In The Sky With Diamonds,,False,,,The Beatles,The Beatles,b10bbbfc-cf9e-42e0-be17-e2c3e1d2600d,The Beatles,b10bbbfc-cf9e-42e0-be17-e2c3e1d2600d,
d17124a3-b7cf-4ff6-b1e4-8538d9941d2c,Penny Lane,,False,,,The Beatles,The Beatles,b10bbbfc-cf9e-42e0-be17-e2c3e1d2600d,The Beatles,b10bbbfc-cf9e-42e0-be17-e2c3e1d2600d,
24ed71d5-9c7b-4ff1-9ed9-61524807fc24,With A Little Help From My Friends,,False,,,The Beatles,The Beatles,b10bbbfc-cf9e-42e0-be17-e2c3e1d2600d,The Beatles,b10bbbfc-cf9e-42e0-be17-e2c3e1d2600d,
97cfb760-af58-4bd8-95b6-81868c2edbcd,Strawberry Fields Forever,,False,,,The Beatles,The Beatles,b10bbbfc-cf9e-42e0-be17-e2c3e1d2600d,The Beatles,b10bbbfc-cf9e-42e0-be17-e2c3e1d2600d,
eee2a0d2-5119-45d3-a3e8-95d844cfed5e,A Day In The Life,,False,,,The Beatles,The Beatles,b10bbbfc-cf9e-42e0-be17-e2c3e1d2600d,The Beatles,b10bbbfc-cf9e-42e0-be17-e2c3e1d2600d,
c46dd4e7-5062-4dce-a329-0749e6ba58d0,Home,238000,True,,"live, 1998-08-20: VH1 Storytellers, Sony Studios, New York, NY, USA - aired 1998-08-21",Sheryl Crow,Sheryl Crow,80ccfede-c258-4575-a7ad-c982e9932e0f,Sheryl Crow,80ccfede-c258-4575-a7ad-c982e9932e0f,
89801561-c95e-4a7b-b50b-c672ba039567,With A Little Help From My Friends,,False,,,The Beatles,The Beatles,b10bbbfc-cf9e-42e0-be17-e2c3e1d2600d,The Beatles,b10bbbfc-cf9e-42e0-be17-e2c3e1d2600d,
b64f69da-b6b5-4331-9c84-e23bb24e252a,A Day In The Life,,False,,,The Beatles,The Beatles,b10bbbfc-cf9e-42e0-be17-e2c3e1d2600d,The Beatles,b10bbbfc-cf9e-42e0-be17-e2c3e1d2600d,
7e9ab4a8-9994-4478-90a9-b7f834505ed6,Pick Me Up,271000,True,,music video,Perfume,Perfume,486067ad-56d6-48b5-957b-d6cfe3e1af73,Perfume,486067ad-56d6-48b5-957b-d6cfe3e1af73,
eaf6a5d8-9f29-44ee-be9f-917cef5263df,Eternity,302000,False,,,Pondora & Vermont,Pondora|Vermont,68ed5d98-efc0-4212-99dc-7293342ad9e9|05041622-96e7-4d1e-8d24-9624cc5092b2,Pondora,68ed5d98-efc0-4212-99dc-7293342ad9e9,
cc8aa997-abee-4a07-9593-c7df33ef28f4,Lunaris,280000,False,,,Capital Monkey & Adalamoon,Capital Monkey|Adalamoon,12844d67-9afd-45c4-8ded-8a2aa1ddca42|ffcb3617-4888-45bb-88f0-f90fc17ed731,Capital Monkey,12844d67-9afd-45c4-8ded-8a2aa1ddca42,
4b50f790-6317-4ce5-a1fb-768eee32e29b,Interestelar,183000,False,,,Groove Delight & Lau de Prá,Groove Delight|Lau de Prá,51a1fef0-0c06-470a-a4c0-4d11a607ade5|4ef50376-dcec-49f6-bf96-b2d7ff2b1395,Groove Delight,51a1fef0-0c06-470a-a4c0-4d11a607ade5,
24590043-0f7f-4ed2-8e74-c1266ceea2f5,Free Tibet - Vini Vici Remix,117000,False,,,Hilight Tribe,Hilight Tribe,1c8f8ab5-ba03-4aa6-9eab-850e1d3a2ff7,Hilight Tribe,1c8f8ab5-ba03-4aa6-9eab-850e1d3a2ff7,
604d533f-d9d4-4265-bb8e-bf1ba662dcfd,Monster Breeze,284000,False,,,Special M & Marambá,Special M|Marambá,7240296e-5eb5-4a43-bcba-b4b1e7eb3cfd|2ff0c860-2b60-41c6-8b43-784179883330,Special M,7240296e-5eb5-4a43-bcba-b4b1e7eb3cfd,
ebf2db1b-6723-4f5c-8ece-26a2a0a203bf,Give Me Love,262000,True,,,Ed Sheeran,Ed Sheeran,b8a7c51f-362c-4dcb-a259-bc6e0095f0a6,Ed Sheeran,b8a7c51f-362c-4dcb-a259-bc6e0095f0a6,
c8ca5ea2-86a0-4930-b509-4148fa742ad5,The Man Who Can’t Be Moved,239000,True,,,The Script,The Script,4c98aa1b-34eb-4336-987f-5e50aa059c00,The Script,4c98aa1b-34eb-4336-987f-5e50aa059c00,
9af9d995-658e-4ec4-9c71-098fa6f94d70,Wildest Moments,244000,True,,,Jessie Ware,Jessie Ware,6ed40778-8d03-4a5c-ad35-93cf814627c9,Jessie Ware,6ed40778-8d03-4a5c-ad35-93cf814627c9,
ee415948-a2ce-4ffa-8797-de5a7b004a1b,Waiting,233000,False,,,Beyoncé,Beyoncé,859d0860-d480-4efd-970c-c05d5f1776b8,Beyoncé,859d0860-d480-4efd-970c-c05d5f1776b8,
71f81dca-8b95-45d4-9dc5-216faaa08940,She,295000,True,,,Clan of Xymox,Clan of Xymox,1fc54353-dcd0-47b1-bb59-7bd2974df829,Clan of Xymox,1fc54353-dcd0-47b1-bb59-7bd2974df829,
8f357f79-076d-470c-bd41-fe3374526810,Something About the Way You Look Tonight,247000,True,,,Elton John,Elton John,b83bc61f-8451-4a5d-8b8e-7e9ed295e822,Elton John,b83bc61f-8451-4a5d-8b8e-7e9ed295e822,
81e7257f-1fc3-4e5e-898a-e2657bfa1d07,Lost,234000,False,,,Damon Empero,Damon Empero,36ffe658-2278-4859-abc9-edc933814533,Damon Empero,36ffe658-2278-4859-abc9-edc933814533,
3b372255-044e-4dbf-a4f7-f05e9eac1e20,Another Chance,289000,True,,,Roger Sanchez,Roger Sanchez,1c513fb9-e6b7-4915-b4d3-026681c83065,Roger Sanchez,1c513fb9-e6b7-4915-b4d3-026681c83065,
bf5fad72-b037-4046-a562-f0a43014b5e6,Tonight,143000,False,,,CALVO,CALVO,284af4bb-aa7a-4b9a-a0ee-6c6ef8e4e741,CALVO,284af4bb-aa7a-4b9a-a0ee-6c6ef8e4e741,
b2ead37a-ecf9-4c6d-874e-861d693dbd75,This Is How We Do It,246000,False,,Dolby Atmos mix,Montell Jordan,Montell Jordan,cc1f4763-a306-4ae7-8ba7-331872199f9e,Montell Jordan,cc1f4763-a306-4ae7-8ba7-331872199f9e,
0c1140ce-796a-4d46-8448-7fa804895c3b,Love Is a Losing Game,168000,True,,music video - montage,Amy Winehouse,Amy Winehouse,dfe9a7c4-8cf2-47f4-9dcb-d233c2b86ec3,Amy Winehouse,dfe9a7c4-8cf2-47f4-9dcb-d233c2b86ec3,
dd6fd8e2-725d-46a6-b558-df99e5181eb8,Sad,205000,True,,,"Elton John, PNAU",Elton John|PNAU,b83bc61f-8451-4a5d-8b8e-7e9ed295e822|b04df404-eefa-4ae4-9f3e-ba220d9dce16,Elton John,b83bc61f-8451-4a5d-8b8e-7e9ed295e822,
fb079a4c-33f1-4470-8678-5f7c4b077353,Sovereign Light Café,219000,True,,,Keane,Keane,c7020c6d-cae9-4db3-92a7-e5c561cbad50,Keane,c7020c6d-cae9-4db3-92a7-e5c561cbad50,
c5b8bd33-fcc4-4d56-919a-a1869cd02826,Stardust,237000,False,,,tyDi feat.Kerli,tyDi|Kerli,589fd2c1-50b4-45f1-918c-cd678f3492f8|acf295f0-a10c-4c6a-ad0b-b01f82009153,tyDi,589fd2c1-50b4-45f1-918c-cd678f3492f8,
3b567532-a238-4ebe-8b19-94a9bbee1483,Medley,401000,True,,live medley during Melodifestivalen 2025: Deltävling 3,Sanna Nielsen,Sanna Nielsen,cc253e41-2b61-4853-aea2-cf5633645205,Sanna Nielsen,cc253e41-2b61-4853-aea2-cf5633645205,
fc45ceb7-a826-4c50-be45-2cf9b803ae95,Destiny,245000,False,,,Markus Schulz feat. Delacey,Markus Schulz|Delacey,62558a6c-cbb1-4bee-a843-d07d187ddf55|47577aa8-6f71-4840-9f1e-57b7319f546d,Markus Schulz,62558a6c-cbb1-4bee-a843-d07d187ddf55,
7e8d5501-7473-406e-84c1-bda3b35a0547,Nothing Compares 2 U,331000,True,,"live, 2025‐02‐16: “Saturday Night Live”, NBC Studio 8H, Midtown Manhattan, NY, USA",Miley Cyrus & Brittany Howard,Miley Cyrus|Brittany Howard,7e9bd05a-117f-4cce-87bc-e011527a8b18|03eda2c4-a2b3-4a4e-9527-6791b0ed9d2d,Miley Cyrus,7e9bd05a-117f-4cce-87bc-e011527a8b18,
6f4cc3c4-bb85-4ae0-bff2-c68afc64476a,Parallels,350000,False,,,ReOrder feat. Miroslav Vrlik,ReOrder|Miroslav Vrlik,64e1d93f-dd16-4fce-8e52-a5fcf12e8a8e|72107fa4-e501-44e0-a9d7-95c41c85f750,ReOrder,64e1d93f-dd16-4fce-8e52-a5fcf12e8a8e,
a468e241-cb89-4a7c-8430-6f1dcd8d7280,All Or Nothing,275000,False,,,Ben Gold feat. Christina Novelli,Ben Gold|Christina Novelli,f338cde2-7cc4-49e0-83e4-a0ac1a3b6d46|a610de1a-3a61-48d3-b0fd-1d89151ac96a,Ben Gold,f338cde2-7cc4-49e0-83e4-a0ac1a3b6d46,
32c13858-5022-4563-9d0d-16416956c8da,Warwick Avenue,250000,True,,,Duffy,Duffy,2c4dae8c-e591-49e0-9c5a-62b310a15788,Duffy,2c4dae8c-e591-49e0-9c5a-62b310a15788,
d25e018f-1614-4cf8-9333-3bbf95e5253f,I’m Yours,221000,True,,,Jason Mraz,Jason Mraz,82eb8936-7bf6-4577-8320-a2639465206d,Jason Mraz,82eb8936-7bf6-4577-8320-a2639465206d,
7b1f82bb-b3b1-4112-a4be-4b268d24ae71,Believe Me,239000,True,,,Navos,Navos,27b988e5-dfc2-4d92-ba93-c8ec87639b82,Navos,27b988e5-dfc2-4d92-ba93-c8ec87639b82,
7532a66f-8404-485b-bc7f-2dd5f097a89b,Forever,359000,False,,without “Mr. West” lead‐in,"Drake ft. Kanye West, Lil Wayne and Eminem",Drake|Ye|Lil Wayne|Eminem,9fff2f8a-21e6-47de-a2b8-7f449929d43f|164f0d73-1234-4e2c-8743-d77bf2191051|ac9a487a-d9d2-4f27-bb23-0f4686488345|b95ce3ff-3d05-4e87-9e01-c97b66af13d4,Drake,9fff2f8a-21e6-47de-a2b8-7f449929d43f,
c3c97b5a-726b-4175-a24a-52c4b5bfed3b,感電,267000,True,,,NERO,NERO,a70114f0-d451-4b14-8a2e-c19adf0a5bc2,NERO,a70114f0-d451-4b14-8a2e-c19adf0a5bc2,
e4106720-32db-4fe2-a36d-249ebb4edb47,I Want It That Way,239000,True,,"live, 2025: Saturday Night Live 50",Backstreet Boys,Backstreet Boys,2f569e60-0a1b-4fb9-95a4-3dc1525d1aad,Backstreet Boys,2f569e60-0a1b-4fb9-95a4-3dc1525d1aad,
abeb7bd7-6b9a-4e3a-aaa9-a9e9c64cedc4,The Riddle,253000,True,,,Nik Kershaw,Nik Kershaw,6286e04b-7bc1-4f22-bca5-fdd34d1b0d93,Nik Kershaw,6286e04b-7bc1-4f22-bca5-fdd34d1b0d93,
a0655c2c-5f94-4fdd-8a1f-a13873dc88c9,Rhythm of the Night,232000,True,,,DeBarge,DeBarge,b6fd4928-89db-4bbd-b5f4-8fb98f9f02ff,DeBarge,b6fd4928-89db-4bbd-b5f4-8fb98f9f02ff,
a0bffe73-477e-4067-8d17-057804381de5,Nikita,293000,True,,,Elton John,Elton John,b83bc61f-8451-4a5d-8b8e-7e9ed295e822,Elton John,b83bc61f-8451-4a5d-8b8e-7e9ed295e822,
23a2da13-dd16-4ed7-a7a2-9d16d44107b9,Could It Be I’m Falling in Love,260000,True,,,David Grant & Jaki Graham,David Grant|Jaki Graham,19e5ae58-e9aa-4fe1-8a3e-0edb2136cfb8|beb17ff6-a96e-4d80-aa77-7502eaa62053,David Grant,19e5ae58-e9aa-4fe1-8a3e-0edb2136cfb8,
a7669172-14a8-422f-a427-ce9c115931af,BUTTERFLY,265000,True,,,MARINA,MARINA,7f3d82ee-3817-4367-9eec-f33a312247a1,MARINA,7f3d82ee-3817-4367-9eec-f33a312247a1,GBZA42500090
ee118d74-8273-475f-be90-92f29d7e48b9,On the Run,,True,,"studio footage, Dolby Atmos mix",Pink Floyd,Pink Floyd,83d91898-7763-47d7-b03b-b92132375c47,Pink Floyd,83d91898-7763-47d7-b03b-b92132375c47,
b94cf694-1962-47e4-861a-02f166ecaf3c,Pablo,183000,False,,,H Magnum,H Magnum,3582d1af-9b69-4889-9637-47e18e7c834f,H Magnum,3582d1af-9b69-4889-9637-47e18e7c834f,
c257ffa2-387a-48ce-91bf-9469525e5eec,Nira Ishq,195000,True,,,Guri,Guri,ef596f09-c9f5-41e4-ab90-d951f4f18dc7,Guri,ef596f09-c9f5-41e4-ab90-d951f4f18dc7,
acb65716-1c4d-4dfe-a962-1970b9e0f91c,Auf die Liebe,263000,True,,,Mia Julia,Mia Julia,2854b420-eb79-457b-ba7a-baf30e33d0b4,Mia Julia,2854b420-eb79-457b-ba7a-baf30e33d0b4,
fa745bf6-95b6-480a-b668-259dc04b50fd,Carmen: Habanera,406000,True,,video version,"Maria Callas, NDR Elbphilharmonie Orchester, Georges Prêtre",Maria Callas|NDR Elbphilharmonie Orchester|Georges Prêtre,9dee40b2-25ad-404c-9c9a-139feffd4b57|2688f91d-dfdd-4d67-94df-0f1a02140c62|33ff592d-0cf8-4d40-895d-993aad15d311,Maria Callas,9dee40b2-25ad-404c-9c9a-139feffd4b57,
1a019ae0-2aac-4e8b-9ee5-9434ec6eea86,Rats,,True,,,Ghost,Ghost,2bcf2e02-5bc3-4c76-bf76-41126cb11444,Ghost,2bcf2e02-5bc3-4c76-bf76-41126cb11444,
55c13c88-ee92-4e9f-b28e-94ca1690609e,Disease,,False,,,Lady Gaga,Lady Gaga,650e7db6-b795-4eb5-a702-5ea2fc46c848,Lady Gaga,650e7db6-b795-4eb5-a702-5ea2fc46c848,
f4beaa44-79e8-4bd8-9aa9-a792bc1646e9,Shadow of a Man,,False,,,Lady Gaga,Lady Gaga,650e7db6-b795-4eb5-a702-5ea2fc46c848,Lady Gaga,650e7db6-b795-4eb5-a702-5ea2fc46c848,
b44f8bae-8fad-472d-9b29-893cb46b9cb2,Disease,,False,,,Lady Gaga,Lady Gaga,650e7db6-b795-4eb5-a702-5ea2fc46c848,Lady Gaga,650e7db6-b795-4eb5-a702-5ea2fc46c848,
26c99b17-e661-4411-bcbb-cd1c158d5564,Burn Out,,False,,,Imagine Dragons,Imagine Dragons,012151a8-0f9a-44c9-997f-ebd68b5389f9,Imagine Dragons,012151a8-0f9a-44c9-997f-ebd68b5389f9,
360a169d-3061-470c-afe5-74e34d4e3b9e,Destination,,False,,,Imagine Dragons,Imagine Dragons,012151a8-0f9a-44c9-997f-ebd68b5389f9,Imagine Dragons,012151a8-0f9a-44c9-997f-ebd68b5389f9,
7afc6ea1-0008-407b-9441-797591a99038,Faith,,True,,,Ghost,Ghost,2bcf2e02-5bc3-4c76-bf76-41126cb11444,Ghost,2bcf2e02-5bc3-4c76-bf76-41126cb11444,
2059468a-5a5b-45d8-97c7-d341cbee3813,Shadow of a Man,,False,,,Lady Gaga,Lady Gaga,650e7db6-b795-4eb5-a702-5ea2fc46c848,Lady Gaga,650e7db6-b795-4eb5-a702-5ea2fc46c848,
f553da60-effe-4666-99e2-8d14a3c902b6,Shadow of a Man,,False,,,Lady Gaga,Lady Gaga,650e7db6-b795-4eb5-a702-5ea2fc46c848,Lady Gaga,650e7db6-b795-4eb5-a702-5ea2fc46c848,
d59adf67-087b-4038-bf23-0070dbaffbc2,Disease,,False,,,Lady Gaga,Lady Gaga,650e7db6-b795-4eb5-a702-5ea2fc46c848,Lady Gaga,650e7db6-b795-4eb5-a702-5ea2fc46c848,
f603d2ba-398a-4aca-bb2c-b3d2407b1820,Disease,,False,,,Lady Gaga,Lady Gaga,650e7db6-b795-4eb5-a702-5ea2fc46c848,Lady Gaga,650e7db6-b795-4eb5-a702-5ea2fc46c848,
dfc1e744-3d3c-4489-9dc6-9f1b59d15a9e,Shadow of a Man,,False,,,Lady Gaga,Lady Gaga,650e7db6-b795-4eb5-a702-5ea2fc46c848,Lady Gaga,650e7db6-b795-4eb5-a702-5ea2fc46c848,
a469e1f7-dc8e-4638-b6f9-192cef872f55,Battle of Evermore,,False,,"live, 1977‐06‐23: The Forum, Inglewood, CA, USA",Led Zeppelin,Led Zeppelin,678d88b2-87b0-403b-b63d-5da7465aecc3,Led Zeppelin,678d88b2-87b0-403b-b63d-5da7465aecc3,
cc58ef4c-60c0-4fe7-bf3f-0cde6123a19b,Whole Lotta Love,,False,,"live, 1977‐06‐23: The Forum, Inglewood, CA, USA",Led Zeppelin,Led Zeppelin,678d88b2-87b0-403b-b63d-5da7465aecc3,Led Zeppelin,678d88b2-87b0-403b-b63d-5da7465aecc3,
174ca782-9222-424f-8db9-2b499c3ebc13,Going to California,,False,,"live, 1977‐06‐23: The Forum, Inglewood, CA, USA",Led Zeppelin,Led Zeppelin,678d88b2-87b0-403b-b63d-5da7465aecc3,Led Zeppelin,678d88b2-87b0-403b-b63d-5da7465aecc3,
d14e368c-a1af-43f2-b367-241edbe522e0,Battle of Evermore,,False,,"live, 1977‐06‐23: The Forum, Inglewood, CA, USA",Led Zeppelin,Led Zeppelin,678d88b2-87b0-403b-b63d-5da7465aecc3,Led Zeppelin,678d88b2-87b0-403b-b63d-5da7465aecc3,
cc27f9b3-a548-44e8-9905-dd9ef92ae801,Whole Lotta Love,,False,,"live, 1977‐06‐23: The Forum, Inglewood, CA, USA",Led Zeppelin,Led Zeppelin,678d88b2-87b0-403b-b63d-5da7465aecc3,Led Zeppelin,678d88b2-87b0-403b-b63d-5da7465aecc3,
417f3c3c-37ac-428c-8199-4f6ae2c03a9b,Over the Hills and Far Away,,False,,"live, 1977‐06‐23: The Forum, Inglewood, CA, USA",Led Zeppelin,Led Zeppelin,678d88b2-87b0-403b-b63d-5da7465aecc3,Led Zeppelin,678d88b2-87b0-403b-b63d-5da7465aecc3,
ad0db0bd-820e-42ee-80d0-f914a88e8ef8,RISE UP,235000,False,,,Luciano,Luciano,b298ab55-7633-4015-a05c-0d333a8540e3,Luciano,b298ab55-7633-4015-a05c-0d333a8540e3,QZ5AB2429366
5536860b-7427-4c8f-81c1-aae4c84fd6ba,Kashmir,,False,,"live, 1977‐06‐23: The Forum, Inglewood, CA, USA",Led Zeppelin,Led Zeppelin,678d88b2-87b0-403b-b63d-5da7465aecc3,Led Zeppelin,678d88b2-87b0-403b-b63d-5da7465aecc3,
88052dca-a46e-440c-9b94-4e17c89273b3,Introduction,,False,,"live, 1977‐06‐23: The Forum, Inglewood, CA, USA",Led Zeppelin,Led Zeppelin,678d88b2-87b0-403b-b63d-5da7465aecc3,Led Zeppelin,678d88b2-87b0-403b-b63d-5da7465aecc3,
e05d07b3-ab63-4dbf-a9c6-47c85efdfdce,Introduction,,False,,"live, 1977‐06‐23: The Forum, Inglewood, CA, USA",Led Zeppelin,Led Zeppelin,678d88b2-87b0-403b-b63d-5da7465aecc3,Led Zeppelin,678d88b2-87b0-403b-b63d-5da7465aecc3,
0a56b852-9df0-404e-82d9-2719b8962801,Message,,False,,"live, 1977‐06‐23: The Forum, Inglewood, CA, USA",Led Zeppelin,Led Zeppelin,678d88b2-87b0-403b-b63d-5da7465aecc3,Led Zeppelin,678d88b2-87b0-403b-b63d-5da7465aecc3,
6c27053f-5093-4e4a-849f-d4fc4a0f0f61,Going to California,,False,,"live, 1977‐06‐23: The Forum, Inglewood, CA, USA",Led Zeppelin,Led Zeppelin,678d88b2-87b0-403b-b63d-5da7465aecc3,Led Zeppelin,678d88b2-87b0-403b-b63d-5da7465aecc3,
aeb843ed-5992-4678-bc2a-7536956ac90f,Rock and Roll,,False,,"live, 1977‐06‐23: The Forum, Inglewood, CA, USA",Led Zeppelin,Led Zeppelin,678d88b2-87b0-403b-b63d-5da7465aecc3,Led Zeppelin,678d88b2-87b0-403b-b63d-5da7465aecc3,
4442ac58-042a-48e0-9e7b-9cc987a78504,Over the Hills and Far Away,,False,,"live, 1977‐06‐23: The Forum, Inglewood, CA, USA",Led Zeppelin,Led Zeppelin,678d88b2-87b0-403b-b63d-5da7465aecc3,Led Zeppelin,678d88b2-87b0-403b-b63d-5da7465aecc3,
ed90f7e2-b6db-4d57-aec2-1bc1c4c7ef0a,Rock and Roll,,False,,"live, 1977‐06‐23: The Forum, Inglewood, CA, USA",Led Zeppelin,Led Zeppelin,678d88b2-87b0-403b-b63d-5da7465aecc3,Led Zeppelin,678d88b2-87b0-403b-b63d-5da7465aecc3,
59fcc442-7988-476e-bab4-0ff0a207cb67,Kashmir,,False,,"live, 1977‐06‐23: The Forum, Inglewood, CA, USA",Led Zeppelin,Led Zeppelin,678d88b2-87b0-403b-b63d-5da7465aecc3,Led Zeppelin,678d88b2-87b0-403b-b63d-5da7465aecc3,
1d408abd-c0ab-43db-bbe1-7053c8958c3d,Dragonfly,,False,,,Fleetwood Mac,Fleetwood Mac,bd13909f-1c29-4c27-a874-d4aaf27c5b1a,Fleetwood Mac,bd13909f-1c29-4c27-a874-d4aaf27c5b1a,
3c8cc520-2003-422b-ab8f-2ea8f7d8710c,Soul Sacrifice,,False,,,Santana,Santana,9a3bf45c-347d-4630-894d-7cf3e8e0b632,Santana,9a3bf45c-347d-4630-894d-7cf3e8e0b632,
ecc544cf-363e-48fc-9be1-afc34fe5e3d1,Amor perfeito,,True,,"live, Groovadinho de verão",Claudia Leitte,Claudia Leitte,ff222983-7204-4b53-be2b-0971333ad53a,Claudia Leitte,ff222983-7204-4b53-be2b-0971333ad53a,
15eb0161-9eb9-4939-acc5-b48774a2c346,Telegrama,,True,,"live, Groovadinho de verão",Claudia Leitte,Claudia Leitte,ff222983-7204-4b53-be2b-0971333ad53a,Claudia Leitte,ff222983-7204-4b53-be2b-0971333ad53a,
98c4c242-8b98-47ae-b414-92784f4b0412,Unholy,258000,True,,"live, 2024-08-02: BBC Proms, Royal Albert Hall, London",Sam Smith,Sam Smith,5a85c140-dcf9-4dd2-b2c8-aff0471549f3,Sam Smith,5a85c140-dcf9-4dd2-b2c8-aff0471549f3,
0bb33b94-4140-4ef4-ae48-d10104ab38a8,Both Sides Now,333000,True,,"live, 2024-08-02: BBC Proms, Royal Albert Hall, London",Sam Smith,Sam Smith,5a85c140-dcf9-4dd2-b2c8-aff0471549f3,Sam Smith,5a85c140-dcf9-4dd2-b2c8-aff0471549f3,
e7d65695-78ce-4f9f-938f-c2ffae6a844f,Pensando em você,,True,,"live, Groovadinho de verão",Claudia Leitte,Claudia Leitte,ff222983-7204-4b53-be2b-0971333ad53a,Claudia Leitte,ff222983-7204-4b53-be2b-0971333ad53a,
ef9ed42b-44aa-44cc-986c-d81c75b97422,Bulletproof,218000,True,,Live @ Ed Hardy Studios,La Roux,La Roux,88d1360a-bc2d-47df-90d1-d2de285560aa,La Roux,88d1360a-bc2d-47df-90d1-d2de285560aa,
125c1175-c074-4ea6-a0e6-d879d9f214d7,Don't Go,167000,True,,,"Skrillex, Justin Bieber & Don Toliver",Skrillex|Justin Bieber|Don Toliver,ae002c5d-aac6-490b-a39a-30aa9e2edf2b|e0140a67-e4d1-4f13-8a01-364355bee46e|a0723a3c-4135-438e-85c5-012712144ede,Skrillex,ae002c5d-aac6-490b-a39a-30aa9e2edf2b,
17056e7c-2f3b-4da2-bac5-7f639dfa8f5c,Napule è,239000,True,,"live @ Diego Armando Maradona stadium, Naples, 2023-6-21",Coldplay,Coldplay,cc197bad-dc9c-440d-a5b5-d52ba2e14234,Coldplay,cc197bad-dc9c-440d-a5b5-d52ba2e14234,
48959bbc-0b52-43e0-b82a-c319efd1852b,I Love It,221000,True,,"live, 2013-07-21: Melt! Festival, Ferropolis, Gräfenhainichen, Germany",Charli XCX,Charli xcx,260b6184-8828-48eb-945c-bc4cb6fc34ca,Charli xcx,260b6184-8828-48eb-945c-bc4cb6fc34ca,
ea233dd8-6086-45fe-a17d-bf59adfb9552,Evil Twin,250000,True,,,Modeselektor feat. Otto von Schirach,Modeselektor|Otto von Schirach,8a7a4e72-a099-425f-8238-80706fc1c746|1f3b044c-8671-4958-ac9f-96e61d5341b2,Modeselektor,8a7a4e72-a099-425f-8238-80706fc1c746,
e999d683-cfd6-4920-8820-2a2d49999607,Potty Mouth,,False,,,Huntingtons,Huntingtons,e7d1eafc-4934-48b4-8a09-2c5cc2938853,Huntingtons,e7d1eafc-4934-48b4-8a09-2c5cc2938853,
f8b9c2af-88fa-4d97-a38e-d6036a198e3f,Street Fighting Man,,False,,mono,The Rolling Stones,The Rolling Stones,b071f9fa-14b0-4217-8e97-eb41da73f598,The Rolling Stones,b071f9fa-14b0-4217-8e97-eb41da73f598,
d8aa3973-0087-4c23-8a69-681a841de109,Prodigal Son,,False,,mono,The Rolling Stones,The Rolling Stones,b071f9fa-14b0-4217-8e97-eb41da73f598,The Rolling Stones,b071f9fa-14b0-4217-8e97-eb41da73f598,
3230a47d-65ee-4495-a19b-9c24f6d2050c,Take It or Leave It,,False,,mono,The Rolling Stones,The Rolling Stones,b071f9fa-14b0-4217-8e97-eb41da73f598,The Rolling Stones,b071f9fa-14b0-4217-8e97-eb41da73f598,
8f9bb8d4-ce4a-4193-a255-b22dbd3fc7d5,Woman,,False,,,John Lennon,John Lennon,4d5447d7-c61c-4120-ba1b-d7f471d385b9,John Lennon,4d5447d7-c61c-4120-ba1b-d7f471d385b9,
0c790688-2436-4904-9240-d98a3e817fff,Love,,False,,,John Lennon,John Lennon,4d5447d7-c61c-4120-ba1b-d7f471d385b9,John Lennon,4d5447d7-c61c-4120-ba1b-d7f471d385b9,
32e2b663-c4f5-41b5-8b38-768c0f00ea0e,Stand By Me,,False,,,John Lennon,John Lennon,4d5447d7-c61c-4120-ba1b-d7f471d385b9,John Lennon,4d5447d7-c61c-4120-ba1b-d7f471d385b9,
9d0a679b-e303-4f09-a4b4-7dfa2dc63064,Imagine,,False,,,John Lennon,John Lennon,4d5447d7-c61c-4120-ba1b-d7f471d385b9,John Lennon,4d5447d7-c61c-4120-ba1b-d7f471d385b9,
e3b71a09-c153-4c28-8587-2b385724ac37,Mind Games,,False,,,John Lennon,John Lennon,4d5447d7-c61c-4120-ba1b-d7f471d385b9,John Lennon,4d5447d7-c61c-4120-ba1b-d7f471d385b9,
370b14a5-cf28-45f3-b1c9-8f9b217dd015,Obsolete,369000,True,,,Astronoid,Astronoid,939c23cf-4d69-4b25-9c1e-f210ae61bab7,Astronoid,939c23cf-4d69-4b25-9c1e-f210ae61bab7,
b9fdc983-3e19-46d3-9b22-9181bcd10c76,Beliar,204000,True,,,GosT,GosT,73ed3b2f-6d5e-46c6-8f75-952c383f6b33,GosT,73ed3b2f-6d5e-46c6-8f75-952c383f6b33,
43c3d6d3-2627-43d2-8465-9d12747082ee,Constellation,293000,True,,Music Video,Peter Gregson,Peter Gregson,9f46a6ed-36ab-413a-bc3b-b3cdb1ce002c,Peter Gregson,9f46a6ed-36ab-413a-bc3b-b3cdb1ce002c,
1235aff1-91ab-4d7b-bed4-2f13608d60d8,Vision,224000,True,,Music Video,Peter Gregson,Peter Gregson,9f46a6ed-36ab-413a-bc3b-b3cdb1ce002c,Peter Gregson,9f46a6ed-36ab-413a-bc3b-b3cdb1ce002c,
4dc4b715-e1ff-4f89-a88f-e7c29dd9355c,Fallin For You,184000,True,,,Shrey Singhal,Shrey Singhal,8433785b-98aa-4bc3-8199-79ee467ff3d5,Shrey Singhal,8433785b-98aa-4bc3-8199-79ee467ff3d5,
d31a9fab-ed30-4bb1-935f-7fd41937420d,Lua,562000,True,,live,Jacob Collier feat. MARO,Jacob Collier|MARO,1df15ee0-b52b-4315-9cb9-bc5a27a685e9|7c908b36-6ae2-45d2-b0bd-7b58fa5708a1,Jacob Collier,1df15ee0-b52b-4315-9cb9-bc5a27a685e9,
e441091e-3dd5-47cd-85b3-df42ea6328da,Gypsy,,False,,,Plini,Plini,3f6c0aa1-a7a9-4ff2-9c50-e84d4b0de178,Plini,3f6c0aa1-a7a9-4ff2-9c50-e84d4b0de178,
d7e9b33a-5610-4ef0-bb91-853822da9597,Let's Do It Again,,False,,,Wu‐Tang Clan,Wu‐Tang Clan,0febdcf7-4e1f-4661-9493-b40427de2c13,Wu‐Tang Clan,0febdcf7-4e1f-4661-9493-b40427de2c13,
a4e06144-9d7e-4309-8bb1-b18ed7e01e55,Let's Do It Again,,False,,,Wu‐Tang Clan,Wu‐Tang Clan,0febdcf7-4e1f-4661-9493-b40427de2c13,Wu‐Tang Clan,0febdcf7-4e1f-4661-9493-b40427de2c13,
f4be1df5-6c82-4c3b-81ba-c2729aeca504,Rockstar,164000,True,,"live, 2025-04-11: Coachella, Empire Polo Club, Indio, CA, USA",LISA,LISA,30aeb57f-bb16-47fa-86ca-79fc57b4d12c,LISA,30aeb57f-bb16-47fa-86ca-79fc57b4d12c,
76b8e9a1-0111-4273-aca0-9503cb615542,American Idiot,246000,True,,"live, 2025-04-12: Coachella, Empire Polo Club, Indio, CA, USA",Green Day,Green Day,084308bd-1654-436f-ba03-df6697104e19,Green Day,084308bd-1654-436f-ba03-df6697104e19,
06c961a0-b3ca-4d69-a39d-7a7edce13c44,Lifestyle,233000,True,,"live, 2025-04-11: Coachella, Empire Polo Club, Indio, CA, USA",LISA,LISA,30aeb57f-bb16-47fa-86ca-79fc57b4d12c,LISA,30aeb57f-bb16-47fa-86ca-79fc57b4d12c,
33e3417e-dff4-4382-a44d-d9fdfb88ba06,Chill,236000,True,,"live, 2025-04-11: Coachella, Empire Polo Club, Indio, CA, USA",LISA,LISA,30aeb57f-bb16-47fa-86ca-79fc57b4d12c,LISA,30aeb57f-bb16-47fa-86ca-79fc57b4d12c,
2073d24d-db42-465c-80f3-99d887878f46,Camello,,False,,,Duki,Duki,44869536-0262-4f22-9c23-b4821c13cd97,Duki,44869536-0262-4f22-9c23-b4821c13cd97,
f31e6e1a-abce-4746-8e9c-0eff83d153d7,Suave,,False,,,Duki & Marcianos Crew,Duki|Marcianos Crew,44869536-0262-4f22-9c23-b4821c13cd97|c0f72373-8947-4509-9611-fff7fd9dee4c,Duki,44869536-0262-4f22-9c23-b4821c13cd97,
4ce7803b-ef4a-4722-9170-c4d7a35ff19c,Hawái,259000,True,,,Maluma,Maluma,e8979f75-9110-4df8-ac70-898898d080d1,Maluma,e8979f75-9110-4df8-ac70-898898d080d1,
55363a7c-cfe4-455e-bf2c-81afd361e2d1,Hawái (remix),220000,True,,,Maluma & The Weeknd,Maluma|The Weeknd,e8979f75-9110-4df8-ac70-898898d080d1|c8b03190-306c-4120-bb0b-6f2ebfc06ea9,Maluma,e8979f75-9110-4df8-ac70-898898d080d1,
c8b6303b-3a39-454c-be96-c29ebd67f471,CAN’T SAY,197000,True,,,Travis Scott,Travis Scott,e4a51f17-a57b-47b1-b37b-f552d0f8e9e6,Travis Scott,e4a51f17-a57b-47b1-b37b-f552d0f8e9e6,
597ed10e-15e1-4895-8465-a46e4b2fa9ed,BUTTERFLY EFFECT,213000,True,,,Travis Scott,Travis Scott,e4a51f17-a57b-47b1-b37b-f552d0f8e9e6,Travis Scott,e4a51f17-a57b-47b1-b37b-f552d0f8e9e6,
c35a70e7-9b73-44cb-9cc2-ad83dc8f8951,Splash,196000,True,,,Sub Focus,Sub Focus,8cf49f40-b8fe-4a63-b4ea-f922d6145bb4,Sub Focus,8cf49f40-b8fe-4a63-b4ea-f922d6145bb4,
fa309078-5980-4de7-82db-e53c493f9566,WAKE UP,182000,True,,,Travis Scott,Travis Scott,e4a51f17-a57b-47b1-b37b-f552d0f8e9e6,Travis Scott,e4a51f17-a57b-47b1-b37b-f552d0f8e9e6,
87e0d372-3066-4781-9f1a-9bb08727c2db,YOSEMITE,272000,True,,,Travis Scott,Travis Scott,e4a51f17-a57b-47b1-b37b-f552d0f8e9e6,Travis Scott,e4a51f17-a57b-47b1-b37b-f552d0f8e9e6,
6814d51a-2a04-484b-b482-40b8247f2096,Rock It,193000,True,,,Sub Focus,Sub Focus,8cf49f40-b8fe-4a63-b4ea-f922d6145bb4,Sub Focus,8cf49f40-b8fe-4a63-b4ea-f922d6145bb4,
cbb3ee00-9837-470c-a432-4976af0615f9,Felices los 4,291000,True,,,Maluma,Maluma,e8979f75-9110-4df8-ac70-898898d080d1,Maluma,e8979f75-9110-4df8-ac70-898898d080d1,
db5e89af-f55e-493b-81d8-9fcbdd030fd4,Universal Nation,,False,,,Push,Push,1b9e6350-f7f8-483f-9917-a8c9fcf52e99,Push,1b9e6350-f7f8-483f-9917-a8c9fcf52e99,
fff5754e-06f0-414b-b76b-df296f7c2a26,Suave,,False,,,"Duki, Marcianos Crew",Duki|Marcianos Crew,44869536-0262-4f22-9c23-b4821c13cd97|c0f72373-8947-4509-9611-fff7fd9dee4c,Duki,44869536-0262-4f22-9c23-b4821c13cd97,
b871d3e9-c6e6-4a69-b6c0-9277a64ce1d3,Clarity,418000,True,,,Zedd,Zedd,56c4b861-0922-4c3a-a9b9-3bfcb00f8274,Zedd,56c4b861-0922-4c3a-a9b9-3bfcb00f8274,
9f373aac-400d-42ea-865a-ae8427efad7f,Camello,,False,,,Duki,Duki,44869536-0262-4f22-9c23-b4821c13cd97,Duki,44869536-0262-4f22-9c23-b4821c13cd97,
16f79370-2967-45a4-9fe2-06d13d8111c6,Unsaid,158000,False,,,12 Stones,12 Stones,6f81a7dc-be31-4498-ae95-6d994ffec614,12 Stones,6f81a7dc-be31-4498-ae95-6d994ffec614,
ed7d1955-1e87-4ace-be5b-678982246e1c,O Holy Night,223000,False,,,I’m With Her,I’m With Her,fe1a1451-cae2-4bf4-872e-b4b8839be83f,I’m With Her,fe1a1451-cae2-4bf4-872e-b4b8839be83f,
2ec5365f-9f3b-48e3-8750-31f409384bf6,Send My Love (To Your New Lover),225000,False,,,I’m With Her,I’m With Her,fe1a1451-cae2-4bf4-872e-b4b8839be83f,I’m With Her,fe1a1451-cae2-4bf4-872e-b4b8839be83f,
dce37977-4d48-4c40-a0e9-c1c14fb83b36,Wake Me When It's Over,258000,False,,,I’m With Her,I’m With Her,fe1a1451-cae2-4bf4-872e-b4b8839be83f,I’m With Her,fe1a1451-cae2-4bf4-872e-b4b8839be83f,
ebbe7265-23ae-4115-acee-63195a701d2b,Set It Off,248000,False,,,Offset,Offset,92631c53-91ed-48f5-a09d-a104ba69cdc7,Offset,92631c53-91ed-48f5-a09d-a104ba69cdc7,
8368a6bd-67d3-4944-8800-b17dce16cd6d,Terrapin,258000,True,,,Clairo,Clairo,d786f59b-1836-4ddb-8393-ab753edbe984,Clairo,d786f59b-1836-4ddb-8393-ab753edbe984,
b2eaf871-02a9-4a38-a646-a04953a612ec,Wild Thing,,False,,,The Troggs,The Troggs,4aec87a5-f33e-4bd6-89f2-0c96188c8372,The Troggs,4aec87a5-f33e-4bd6-89f2-0c96188c8372,
3f0e17f9-6349-4f2a-98a3-ed879b9abe90,STORM,340000,False,,,Matteo Tura,Matteo Tura,6558a576-1e08-48e5-bb13-daecc7df6f10,Matteo Tura,6558a576-1e08-48e5-bb13-daecc7df6f10,
bbc215d0-b646-4c59-88f4-839e327aaf4c,Summertime Sadness,283000,True,,"live, 2024-08-24: Reading Festival, Little John’s Farm, Reading, England, UK",Lana Del Rey,Lana Del Rey,b7539c32-53e7-4908-bda3-81449c367da6,Lana Del Rey,b7539c32-53e7-4908-bda3-81449c367da6,
21e78ea3-685e-4386-a71b-eb81fe2a9b2a,Tiramisu,60000,True,,,Kendrick Lamar,Kendrick Lamar,381086ea-f511-4aba-bdf9-71c753dc5077,Kendrick Lamar,381086ea-f511-4aba-bdf9-71c753dc5077,
1989b7ef-cd6d-4284-bf3b-93c533fb6586,Lover,242000,True,,"live, 2019-10-05: “Saturday Night Live”, Studio 8H, New York, NY, USA",Taylor Swift,Taylor Swift,20244d07-534f-4eff-b4d4-930878889970,Taylor Swift,20244d07-534f-4eff-b4d4-930878889970,
61c5facf-8852-46c6-8826-4ec1f18f66c9,Surrender,,False,,"live, 1977‐05‐30: Capital Centre, Landover, MD, USA",Led Zeppelin,Led Zeppelin,678d88b2-87b0-403b-b63d-5da7465aecc3,Led Zeppelin,678d88b2-87b0-403b-b63d-5da7465aecc3,
10d535ef-b16d-4501-9859-8d02d9023b5f,SUNDAY,,False,,,Orbital,Orbital,f3e2a7d9-c6bb-4848-95e5-04c0a1e2f511,Orbital,f3e2a7d9-c6bb-4848-95e5-04c0a1e2f511,
c5241b6b-a0ec-4961-beb8-897d85de03ed,Lost and Found,262000,True,,"live, 2025-05-18: Later… with Jools Holland",Skunk Anansie,Skunk Anansie,e212efdf-98b2-4dce-92ed-62cfc1e29854,Skunk Anansie,e212efdf-98b2-4dce-92ed-62cfc1e29854,
8918a0ad-e4a9-4e52-a894-0a92c14e0c9d,God Only Knows,188000,True,,"live, 2025-05-18: Later… with Jools Holland",Cynthia Erivo & Jools Holland,Cynthia Erivo|Jools Holland,752bebd2-b44c-41bb-8a21-bdf3cd1b5518|29a6f210-8c16-404a-9c0f-c26e26ecb29c,Cynthia Erivo,752bebd2-b44c-41bb-8a21-bdf3cd1b5518,
61d5f4c5-bb68-4172-aa92-a2b1347ccce8,HALCYON,,False,,,Orbital,Orbital,f3e2a7d9-c6bb-4848-95e5-04c0a1e2f511,Orbital,f3e2a7d9-c6bb-4848-95e5-04c0a1e2f511,
f193481e-f48d-47d8-a1c7-8f5cdb62e8fa,Red,259000,False,,,REZZ,REZZ,2eaf4267-4dd6-412a-9bb0-596afb90215b,REZZ,2eaf4267-4dd6-412a-9bb0-596afb90215b,
de63758c-1a73-41bf-b978-14b92ddf5e03,Hallucinations,289000,False,,,REZZ,REZZ,2eaf4267-4dd6-412a-9bb0-596afb90215b,REZZ,2eaf4267-4dd6-412a-9bb0-596afb90215b,
29e2d59d-d30a-4438-90d1-a9b9913bbb55,Adrenaline,213000,False,,,REZZ,REZZ,2eaf4267-4dd6-412a-9bb0-596afb90215b,REZZ,2eaf4267-4dd6-412a-9bb0-596afb90215b,
bd44c274-da19-4936-9ef3-84d04dacc2a1,On the Floor,343000,True,,"live, 2025-03-29: 6 Music Festival, Victoria Warehouse, Manchester, UK",Perfume Genius,Perfume Genius,c4ff10e0-ae5a-467d-a409-6e0b4bf241eb,Perfume Genius,c4ff10e0-ae5a-467d-a409-6e0b4bf241eb,
6136cc0b-6c83-4f9b-8488-d9f2e74fcf5c,Ether,311000,True,,"live, 2025-03-28: 6 Music Festival, Victoria Warehouse, Manchester, UK",Mogwai feat. KNDS Fairey Acid Brass,Mogwai|Williams Fairey Band,d700b3f5-45af-4d02-95ed-57d301bda93e|eb40b5f6-a282-4dd4-a6af-dde13c612d6a,Mogwai,d700b3f5-45af-4d02-95ed-57d301bda93e,
9331b72d-86c6-40c4-8c03-116d1b8ad04d,Let's Dance to Joy Division,224000,True,,"live, 2025-05-23: Radio 1’s Big Weekend, Sefton Park, Liverpool, UK",The Wombats,The Wombats,e105c272-b5d7-4135-82ef-d60bded54345,The Wombats,e105c272-b5d7-4135-82ef-d60bded54345,
123240a4-aff8-47fc-bdbe-f772ed2c8c21,Another Love,302000,True,,"live, 2025-05-24: Radio 1’s Big Weekend, Sefton Park, Liverpool, UK",Tom Odell feat. Myles Smith,Tom Odell|Myles Smith,fee6a7fb-80d9-4290-a171-e48f1f20e381|73d2a9d4-de5d-4bcd-9acb-ddf67dfd71ac,Tom Odell,fee6a7fb-80d9-4290-a171-e48f1f20e381,
43d36bdb-d06d-445f-a271-add72ac4b85f,damn,258000,True,,,NERO,NERO,a70114f0-d451-4b14-8a2e-c19adf0a5bc2,NERO,a70114f0-d451-4b14-8a2e-c19adf0a5bc2,
1b796c10-b974-4aa5-aeb9-6fd3e188f2f2,Wannabe,169000,False,,,Halflives,Halflives,e3a0c5a5-e666-4d6f-8d92-8d0b92a7f9de,Halflives,e3a0c5a5-e666-4d6f-8d92-8d0b92a7f9de,FRX762198709
ba041be1-144a-4e7b-bdb0-9f5a9d84c2c3,Open Your Eyes,332000,False,,Original mix,"Hixxy, Ramos, Protocol & Dubzie",Hixxy|Ramos|Protocol|Dubzie,f84c6074-dd3e-4d60-b67b-bd72e93b36a5|02d55b54-d9e3-4d17-aac2-411834ab0955|3f69da28-0476-4652-876e-11ce94b79fd1|846afb28-4a67-48ad-bd81-a26fbe8b3baf,Hixxy,f84c6074-dd3e-4d60-b67b-bd72e93b36a5,
56f0c845-b4c0-450b-8b73-7acdf16b576f,Dear Alice,214000,True,,Instrumental & Lyrics,arai tasuku,arai tasuku,606a8e0f-dd5a-4f8f-8f5b-2b017d79b568,arai tasuku,606a8e0f-dd5a-4f8f-8f5b-2b017d79b568,
56256957-f966-464a-82ed-38ac87764b83,PILLOWTALK,207000,True,,,ZAYN,ZAYN,985f7e6f-0a7e-4de7-b9ec-a5dac63cb2f7,ZAYN,985f7e6f-0a7e-4de7-b9ec-a5dac63cb2f7,
916ef253-b784-4937-83d0-62085c6fbb34,Fotografía,244000,True,,,Juanes ft. Nelly Furtado,Juanes|Nelly Furtado,8b0f05ce-354e-4121-9e0b-8b4732ea844f|13655113-cd16-4b43-9dca-cadbbf26ee05,Juanes,8b0f05ce-354e-4121-9e0b-8b4732ea844f,
9e96d7c5-c3ec-4f3f-b603-30a08b5ee0c0,Samurai,305000,True,,,Mortemia feat. Marina La Torraca,Mortemia|Marina La Torraca,564e1d62-c6bf-4304-9e9d-eecb8077e151|39fd3777-f691-421f-bd37-4bddd7a9ec21,Mortemia,564e1d62-c6bf-4304-9e9d-eecb8077e151,
316c03c5-73b3-4114-b2d1-3f4e295119ab,The Only Thing,235000,False,,,Virtual Riot,Virtual Riot,33db34de-5419-4d4c-a45b-3dfd6b7d8a72,Virtual Riot,33db34de-5419-4d4c-a45b-3dfd6b7d8a72,
8040c433-9072-4c1d-b74c-a4f7cd8749f0,It’s Not Living (If It’s Not with You),253000,True,,"live, 2025-06-27: Glastonbury Festival",The 1975,The 1975,5b6ebfe0-f72b-4902-bba9-74c8af0f1af0,The 1975,5b6ebfe0-f72b-4902-bba9-74c8af0f1af0,
f69d1549-7ca6-43d8-b2f4-7c8dfc84eed0,About You,352000,True,,"live, 2025-06-27: Glastonbury Festival",The 1975,The 1975,5b6ebfe0-f72b-4902-bba9-74c8af0f1af0,The 1975,5b6ebfe0-f72b-4902-bba9-74c8af0f1af0,
314dffc0-38d4-4049-91c9-89307bf3435e,I Love You So,194000,False,,king henry remix,The Walters,The Walters,61cdb045-7f89-4eb1-b3ed-35db94d9ab99,The Walters,61cdb045-7f89-4eb1-b3ed-35db94d9ab99,
37783653-c403-4c0c-bdd7-49edd9d9b337,Walk,321000,False,,,Avenged Sevenfold,Avenged Sevenfold,24e1b53c-3085-4581-8472-0b0088d2508c,Avenged Sevenfold,24e1b53c-3085-4581-8472-0b0088d2508c,
c86d4f69-588a-4aa2-84a7-00afb1e90b85,Is It Any Wonder?,178000,True,,"live, 2019-08-05: Paste Studios, New York, NY, USA",Keane,Keane,c7020c6d-cae9-4db3-92a7-e5c561cbad50,Keane,c7020c6d-cae9-4db3-92a7-e5c561cbad50,
72f007d3-8de3-46f9-84ed-62035d1d37d0,Somewhere Only We Know,233000,True,,"live, 2019-08-05: Paste Studios, New York, NY, USA",Keane,Keane,c7020c6d-cae9-4db3-92a7-e5c561cbad50,Keane,c7020c6d-cae9-4db3-92a7-e5c561cbad50,
91b99374-9fe6-4183-b306-8d95fbcf0b9f,Gurenge,239000,False,,,LiSA,LiSA,85d76093-9865-4605-97fa-8c910929d366,LiSA,85d76093-9865-4605-97fa-8c910929d366,
266e20f7-b4c5-4b17-8e08-b5cc1ad7a1bf,Drivers License,265000,False,,,Michael Bublé,Michael Bublé,611700cf-27f0-4dc9-ae80-c513a767853e,Michael Bublé,611700cf-27f0-4dc9-ae80-c513a767853e,
437241c5-0944-4e4f-839c-0c3d4e666be7,Golden Time,200000,True,,,NERO,NERO,a70114f0-d451-4b14-8a2e-c19adf0a5bc2,NERO,a70114f0-d451-4b14-8a2e-c19adf0a5bc2,
432c5ed0-36ba-40ac-9700-7c00fe771f50,Venom,296000,True,,,Eminem,Eminem,b95ce3ff-3d05-4e87-9e01-c97b66af13d4,Eminem,b95ce3ff-3d05-4e87-9e01-c97b66af13d4,
d09dd3c6-7cd6-4beb-a188-6ed04bae6e47,"Gone, Gone, Gone",223000,True,,,Phillip Phillips,Phillip Phillips,838483d3-a803-4194-9754-ad634fba8553,Phillip Phillips,838483d3-a803-4194-9754-ad634fba8553,
55c96a1e-359e-444d-9ce8-dee36338eae3,24's,166000,False,,,JBee,JBee,1450eb6e-4aa1-4bcd-b405-7256dcd59479,JBee,1450eb6e-4aa1-4bcd-b405-7256dcd59479,
2cf91624-0232-4be5-95c9-a12c867eaf01,Without You,,False,,,Wasted Penguinz & Firelite,Wasted Penguinz|Firelite,27fdb917-a773-4c35-afae-a375572155bc|f2cce9a4-4308-472a-af70-fbbc3b76f230,Wasted Penguinz,27fdb917-a773-4c35-afae-a375572155bc,BEB682100092
a62e18f2-83db-4b3e-a562-5cdea164da0f,Pink cheeks,184000,False,,,ELDON,ELDON,748fa3ae-ccd4-4a5f-b151-b78028194054,ELDON,748fa3ae-ccd4-4a5f-b151-b78028194054,
ae422bde-2413-4547-91ab-a619b96a96be,Fix You,311000,True,,"live, 2021",BTS,BTS,0d79fe8e-ba27-4859-bb8c-2f255f346853,BTS,0d79fe8e-ba27-4859-bb8c-2f255f346853,
4219b366-1386-45cb-a124-623aa75406a8,Route 66,,False,,,The Rolling Stones,The Rolling Stones,b071f9fa-14b0-4217-8e97-eb41da73f598,The Rolling Stones,b071f9fa-14b0-4217-8e97-eb41da73f598,
7d0aa28f-c45f-4555-b67d-1f5c9b4dd108,Mona,,False,,,The Rolling Stones,The Rolling Stones,b071f9fa-14b0-4217-8e97-eb41da73f598,The Rolling Stones,b071f9fa-14b0-4217-8e97-eb41da73f598,
ce5f6039-d58d-4428-a5ce-24ef96106e52,Under My Thumb,,False,,,The Rolling Stones,The Rolling Stones,b071f9fa-14b0-4217-8e97-eb41da73f598,The Rolling Stones,b071f9fa-14b0-4217-8e97-eb41da73f598,
f776b98a-ac6f-44d9-893b-d91a8231272f,Tell Me,,False,,,The Rolling Stones,The Rolling Stones,b071f9fa-14b0-4217-8e97-eb41da73f598,The Rolling Stones,b071f9fa-14b0-4217-8e97-eb41da73f598,
7d06a440-55a8-406f-bcf1-56435505dfda,Route 66,,False,,,The Rolling Stones,The Rolling Stones,b071f9fa-14b0-4217-8e97-eb41da73f598,The Rolling Stones,b071f9fa-14b0-4217-8e97-eb41da73f598,
f649b977-352e-463e-815b-da8af26d80c7,Route 66,,False,,,The Rolling Stones,The Rolling Stones,b071f9fa-14b0-4217-8e97-eb41da73f598,The Rolling Stones,b071f9fa-14b0-4217-8e97-eb41da73f598,
c692990f-1138-406e-a0e6-a1651ecde469,Save Your Tears,249000,True,,music video,The Weeknd,The Weeknd,c8b03190-306c-4120-bb0b-6f2ebfc06ea9,The Weeknd,c8b03190-306c-4120-bb0b-6f2ebfc06ea9,
e0a616b2-a849-44e5-bd0d-77ac250a3953,Route 66,,False,,,The Rolling Stones,The Rolling Stones,b071f9fa-14b0-4217-8e97-eb41da73f598,The Rolling Stones,b071f9fa-14b0-4217-8e97-eb41da73f598,
4188d7c4-611b-4fb3-b79e-a7c8b9dd7747,Purple People Eater,59000,False,,Purple People Eater Jimmy Buffett - live,Jimmy Buffett,Jimmy Buffett,16fdd9af-467f-47ce-bd29-3413b445b90f,Jimmy Buffett,16fdd9af-467f-47ce-bd29-3413b445b90f,
9995b4d2-ddca-4322-98e6-8b146b0487a5,Una noche más,250000,True,,,Jennifer Lopez,Jennifer Lopez,f0602f55-1770-483d-89bd-4bae0d0ac086,Jennifer Lopez,f0602f55-1770-483d-89bd-4bae0d0ac086,
4d32e407-f23d-4ae5-afa8-c9f35325e048,Nopalitos,264000,False,,,Kid Francescoli,Kid Francescoli,4e7473b1-0e6e-4530-b374-b9c80ec7832b,Kid Francescoli,4e7473b1-0e6e-4530-b374-b9c80ec7832b,
59abad0f-9859-4972-915f-fea59a975944,Clockwork,160000,True,,,Juelz Santana,Juelz Santana,bea235a0-db63-44b1-881e-264d25791f5a,Juelz Santana,bea235a0-db63-44b1-881e-264d25791f5a,
efb82045-ce6e-4b42-9e40-15d884020ec9,One Way Ticket,222000,True,,,The Darkness,The Darkness,81df2271-03a1-46a3-bb30-cce187235312,The Darkness,81df2271-03a1-46a3-bb30-cce187235312,
1fe75329-7fbc-4470-88b6-a732bb52573d,Under My Thumb,,False,,,The Rolling Stones,The Rolling Stones,b071f9fa-14b0-4217-8e97-eb41da73f598,The Rolling Stones,b071f9fa-14b0-4217-8e97-eb41da73f598,
24f0e87d-6543-401c-9e22-47f60767efe2,Fool's Paradise (Joris Voorn Remix),285000,False,,,Mees Salomé,Mees Salomé,5510a355-bef9-4978-b2b2-8fcf5ed2d917,Mees Salomé,5510a355-bef9-4978-b2b2-8fcf5ed2d917,
b23f816b-06f7-43dc-a799-c11adcb29f9c,Maybe,239000,True,,"live, 1969-03-16: The Ed Sullivan Show",Janis Joplin,Janis Joplin,76c9a186-75bd-436a-85c0-823e3efddb7f,Janis Joplin,76c9a186-75bd-436a-85c0-823e3efddb7f,
37ba59e3-479d-484e-b471-fc82558a511d,Besame Mucho,,False,,,The Beatles,The Beatles,b10bbbfc-cf9e-42e0-be17-e2c3e1d2600d,The Beatles,b10bbbfc-cf9e-42e0-be17-e2c3e1d2600d,
da472f5b-f589-448c-a568-c3480f2bcd08,Roll Over Beethoven,,False,,,The Beatles,The Beatles,b10bbbfc-cf9e-42e0-be17-e2c3e1d2600d,The Beatles,b10bbbfc-cf9e-42e0-be17-e2c3e1d2600d,
7ad81093-4f50-4366-8af9-e30aa29ce045,Roll Over Beethoven,,False,,,The Beatles,The Beatles,b10bbbfc-cf9e-42e0-be17-e2c3e1d2600d,The Beatles,b10bbbfc-cf9e-42e0-be17-e2c3e1d2600d,
1ad0d6ba-5556-4447-b700-c1adfdc5983a,I Remember You,,False,,,The Beatles,The Beatles,b10bbbfc-cf9e-42e0-be17-e2c3e1d2600d,The Beatles,b10bbbfc-cf9e-42e0-be17-e2c3e1d2600d,
1053cadb-9af8-40b0-bb88-e54198ab8e72,Reminiscing,,False,,,The Beatles,The Beatles,b10bbbfc-cf9e-42e0-be17-e2c3e1d2600d,The Beatles,b10bbbfc-cf9e-42e0-be17-e2c3e1d2600d,
3019ec1e-ff91-4e80-b8f7-d074d6d42fcf,Hallelujah I Love Her So,,False,,,The Beatles,The Beatles,b10bbbfc-cf9e-42e0-be17-e2c3e1d2600d,The Beatles,b10bbbfc-cf9e-42e0-be17-e2c3e1d2600d,
6945641a-5170-4d81-a64b-160f0e324849,Little Queenie,,False,,,The Beatles,The Beatles,b10bbbfc-cf9e-42e0-be17-e2c3e1d2600d,The Beatles,b10bbbfc-cf9e-42e0-be17-e2c3e1d2600d,
173d41ee-823b-4d9c-ade4-9b054f1f70a2,Be-Bop-A-Lula,,False,,,The Beatles,The Beatles,b10bbbfc-cf9e-42e0-be17-e2c3e1d2600d,The Beatles,b10bbbfc-cf9e-42e0-be17-e2c3e1d2600d,
76a97a72-01ae-46c8-b884-d06a66ff6ae2,The Hippy Hippy Shake,,False,,,The Beatles,The Beatles,b10bbbfc-cf9e-42e0-be17-e2c3e1d2600d,The Beatles,b10bbbfc-cf9e-42e0-be17-e2c3e1d2600d,
9267b3bc-b49c-4a43-8cf5-264a59419b2c,Azul,138000,False,,"""Azul"" is a Punjabi song released in 2025 by Guru Randhawa featuring Gurjit Gill and Lavish Dhiman.","Guru Randhawa, Gurjit Gill & Lavish Dhiman",Guru Randhawa|Gurjit Gill|Lavish Dhiman,75939c77-b808-4e79-89ec-71d5cb0d453a|3589dd36-f38d-4466-9ce0-f6d0b9b268d8|f52608c3-923f-4057-accb-2e4e690b0f5a,Guru Randhawa,75939c77-b808-4e79-89ec-71d5cb0d453a,INW262531050
66a1f4e8-96b2-4866-b97a-288643f5ee61,Filter,,False,,,JENNIE,JENNIE,779351de-0da5-4943-928b-495a3c40e8c0,JENNIE,779351de-0da5-4943-928b-495a3c40e8c0,
aad39585-340a-4ef7-b168-287ed43cc1e4,Starlight,,False,,,JENNIE,JENNIE,779351de-0da5-4943-928b-495a3c40e8c0,JENNIE,779351de-0da5-4943-928b-495a3c40e8c0,
4b0e49d9-1f51-49e4-b988-8bd47fb043c4,Mantra,,False,,,JENNIE,JENNIE,779351de-0da5-4943-928b-495a3c40e8c0,JENNIE,779351de-0da5-4943-928b-495a3c40e8c0,
5a894fdf-ee84-413f-9a20-ae2afc224e66,Ngã Tư Không Đèn,218000,False,,,Trang & Khoa Vũ,Trang|Khoa Vũ,eea32b0e-bbd6-42d3-9587-87c03889ad83|acbd37e7-afdb-4fc0-a958-b53fc06e29a1,Trang,eea32b0e-bbd6-42d3-9587-87c03889ad83,
772fd635-2c52-4ab6-9831-4d509908f139,Left and Right,160000,True,,,Charlie Puth,Charlie Puth,525f1f1c-03f0-4bc8-8dfd-e7521f87631b,Charlie Puth,525f1f1c-03f0-4bc8-8dfd-e7521f87631b,
370e9f7b-a649-4886-a85f-4442390683ad,Love Like This,172000,True,,music video,ZAYN,ZAYN,985f7e6f-0a7e-4de7-b9ec-a5dac63cb2f7,ZAYN,985f7e6f-0a7e-4de7-b9ec-a5dac63cb2f7,
30b00101-7fa5-4920-b642-f5f2e55689b9,Savage,166000,True,,full performance from “KPOPPED”,"Megan Thee Stallion, Moon Sua, Siyoon & Sheon",Megan Thee Stallion|문수아|시윤|션,ee27b2d8-648c-4a9d-a68c-e55066959975|05efe6a1-1410-43c1-a31b-3bfeeca46863|6107f8c0-f2ac-4bda-bd4f-cd60c32b85e0|2d179cee-c1be-4d9f-8c8a-538fd0ce0411,Megan Thee Stallion,ee27b2d8-648c-4a9d-a68c-e55066959975,
8a56a5bb-029b-49f8-98d4-e96d2ae95799,韻波句徒,289000,True,,,NERO,NERO,a70114f0-d451-4b14-8a2e-c19adf0a5bc2,NERO,a70114f0-d451-4b14-8a2e-c19adf0a5bc2,
8145dd7d-3441-4345-a479-853f7407c991,Who I am,197000,False,,,Yuki,Yuki,70faee1e-5cef-48e0-b263-b5d4d8422703,Yuki,70faee1e-5cef-48e0-b263-b5d4d8422703,
f45d9a6a-7f4c-4c7c-a123-08867138ddbd,MONTERO (Call Me by Your Name),190000,True,,,Lil Nas X,Lil Nas X,0b30341b-b59d-4979-8130-b66c0e475321,Lil Nas X,0b30341b-b59d-4979-8130-b66c0e475321,
a987aafe-c4b4-4660-b728-2ddb24c433a7,Hollow Man,294000,True,,,Bon Jovi,Bon Jovi,5dcdb5eb-cb72-4e6e-9e63-b7bace604965,Bon Jovi,5dcdb5eb-cb72-4e6e-9e63-b7bace604965,
2f262735-0dda-4981-a926-9ac11bd9ad84,Tears,168000,True,,"live, 2025-09-07: MTV VMAs, UBS Arena, Elmont, NY, USA",Sabrina Carpenter,Sabrina Carpenter,1882fe91-cdd9-49c9-9956-8e06a3810bd4,Sabrina Carpenter,1882fe91-cdd9-49c9-9956-8e06a3810bd4,
05d6b48f-1dbc-4654-a7b6-b3437e2cded9,The Storm,201000,True,,youtube release from the Master of Yanni Live! The Concert Event,Yanni,Yanni,9a2afb1e-504c-443e-acff-6c40ce75b1a1,Yanni,9a2afb1e-504c-443e-acff-6c40ce75b1a1,
9d35575a-6a19-483b-8edf-d9e3f83967ac,Online,350000,True,,music video,Brad Paisley,Brad Paisley,6cfd7ffc-824f-4219-8e27-4b9417700f44,Brad Paisley,6cfd7ffc-824f-4219-8e27-4b9417700f44,
664ad2b2-b455-4661-8e30-0153f369654c,Like That,170000,False,,,Charlie Puth,Charlie Puth,525f1f1c-03f0-4bc8-8dfd-e7521f87631b,Charlie Puth,525f1f1c-03f0-4bc8-8dfd-e7521f87631b,
d47d1874-46e9-4935-9e7d-89ef3d696740,Twin Size Mattress,272000,True,,,The Front Bottoms,The Front Bottoms,622b6000-ff0d-4ab3-9e98-c4916f3692c3,The Front Bottoms,622b6000-ff0d-4ab3-9e98-c4916f3692c3,
80715b14-b98c-4278-8188-345c1e52fda2,Weightless,217000,True,,,All Time Low,All Time Low,62162215-b023-4f0e-84bd-1e9412d5b32c,All Time Low,62162215-b023-4f0e-84bd-1e9412d5b32c,
3db3a520-7dd5-4475-8f57-7b41ef40cd4d,Gives You Hell,215000,True,,,The All‐American Rejects,The All‐American Rejects,09885b8e-f235-4b80-a02a-055539493173,The All‐American Rejects,09885b8e-f235-4b80-a02a-055539493173,
cfa58889-6791-41a1-bd50-994600696d24,"Dear Maria, Count Me In",185000,True,,original version,All Time Low,All Time Low,62162215-b023-4f0e-84bd-1e9412d5b32c,All Time Low,62162215-b023-4f0e-84bd-1e9412d5b32c,
050770ec-1820-4f65-b6dd-9642b3447acb,Jesus of Suburbia,707000,True,,,Green Day,Green Day,084308bd-1654-436f-ba03-df6697104e19,Green Day,084308bd-1654-436f-ba03-df6697104e19,
6fbe0cd0-2f40-48a5-8c28-2f3a73bc97fa,When I’m Gone,237000,True,,,Simple Plan,Simple Plan,b345af35-205e-4eca-8006-029e5c20127e,Simple Plan,b345af35-205e-4eca-8006-029e5c20127e,
5dc9eee3-fc63-4524-a57f-5f0b4c57e4c3,The Weather,195000,True,,,All Time Low,All Time Low,62162215-b023-4f0e-84bd-1e9412d5b32c,All Time Low,62162215-b023-4f0e-84bd-1e9412d5b32c,
0c87cca1-3b84-4807-91c6-54cb963a5de3,Underdog,,False,,,Imagine Dragons,Imagine Dragons,012151a8-0f9a-44c9-997f-ebd68b5389f9,Imagine Dragons,012151a8-0f9a-44c9-997f-ebd68b5389f9,
50ba5acb-dee2-463e-b7d8-b89cead4c6ce,Nothing Left to Say,,False,,,Imagine Dragons,Imagine Dragons,012151a8-0f9a-44c9-997f-ebd68b5389f9,Imagine Dragons,012151a8-0f9a-44c9-997f-ebd68b5389f9,
6f424bbf-98be-4ede-9f55-3b344f6cf93e,Teenage Dirtbag,200000,True,,cover of Wheatus song for SiriusXM - Live Performance,Jax,Jax,91450f97-d44a-4364-acf4-882433df30a8,Jax,91450f97-d44a-4364-acf4-882433df30a8,
573cf9e0-2dc0-41b4-a894-c400879c53aa,Aunque no sea conmigo,230000,True,,,Julio Preciado & Punto Final,Julio Preciado|Grupo Punto Final,26799dd8-4efe-49bc-a8d1-d0dd778a267f|c587ece4-b6d4-4470-bb28-6089210e3a5c,Julio Preciado,26799dd8-4efe-49bc-a8d1-d0dd778a267f,
2c28cacb-5a69-4a20-8346-e2b7aa1aa523,Echoes,266000,True,,official music video,As I Lay Dying,As I Lay Dying,ba147ea0-60c4-4a40-9da6-0d5c2b2e7b03,As I Lay Dying,ba147ea0-60c4-4a40-9da6-0d5c2b2e7b03,
c087425a-e6b9-4614-9155-f456f7d979ea,HOT,,False,,,LE SSERAFIM,LE SSERAFIM,1ee37742-1e3d-4e61-84d2-bc85f4c1459a,LE SSERAFIM,1ee37742-1e3d-4e61-84d2-bc85f4c1459a,
99358915-a581-4550-ac5a-b60baf9c845c,me Against Myself,183000,False,,,Yuki,Yuki,70faee1e-5cef-48e0-b263-b5d4d8422703,Yuki,70faee1e-5cef-48e0-b263-b5d4d8422703,
0f2e66eb-c54b-4f8b-9fbd-b814c4659faa,Ghost,336000,True,,"live, 2025-09-06: Radio 2 in the Park, Hylands Park, Chelmsford, Essex, UK",Ella Henderson,Ella Henderson,3a60a284-256b-4481-9c33-84d12ea481cd,Ella Henderson,3a60a284-256b-4481-9c33-84d12ea481cd,
b35e8a92-25d3-4a41-ab2a-43e69b443db6,Back to Life,364000,True,,"live, 2025-09-07: Radio 2 in the Park, Hylands Park, Chelmsford, Essex, UK",Soul II Soul,Soul II Soul,9350241a-d698-4489-92bf-41794f383ff3,Soul II Soul,9350241a-d698-4489-92bf-41794f383ff3,
760300e2-1efd-489b-b9a8-d0c84aacca5f,Animal,247000,True,,"live, 2025-09-07: Radio 2 in the Park, Hylands Park, Chelmsford, Essex, UK",Def Leppard,Def Leppard,7249b899-8db8-43e7-9e6e-22f1e736024e,Def Leppard,7249b899-8db8-43e7-9e6e-22f1e736024e,
7d898c2e-4a88-4e89-bc89-7296635b4b2d,Pour Some Sugar on Me,264000,True,,"live, 2025-09-07: Radio 2 in the Park, Hylands Park, Chelmsford, Essex, UK",Def Leppard,Def Leppard,7249b899-8db8-43e7-9e6e-22f1e736024e,Def Leppard,7249b899-8db8-43e7-9e6e-22f1e736024e,
83cedcb3-e9f5-41e7-a26b-a054fe9bb4a9,Murder on the Dancefloor,268000,True,,"live, 2025-09-07: Radio 2 in the Park, Hylands Park, Chelmsford, Essex, UK",Sophie Ellis‐Bextor,Sophie Ellis‐Bextor,c4b87e45-c07a-460f-9c58-8d15328e2964,Sophie Ellis‐Bextor,c4b87e45-c07a-460f-9c58-8d15328e2964,
03186b78-a6d5-47d8-a0cf-b92c1fef34e0,Leave a Light On,270000,True,,"live, 2025-09-06: Radio 2 in the Park, Hylands Park, Chelmsford, Essex, UK",Belinda Carlisle,Belinda Carlisle,2925aac9-5474-4030-b8a3-4151107010b2,Belinda Carlisle,2925aac9-5474-4030-b8a3-4151107010b2,
c97ce9ce-0440-486e-8a7b-34dafade6a3e,Dolce Vita,226000,True,,"live, 2025-09-07: Radio 2 in the Park, Hylands Park, Chelmsford, Essex, UK",Sophie Ellis‐Bextor,Sophie Ellis‐Bextor,c4b87e45-c07a-460f-9c58-8d15328e2964,Sophie Ellis‐Bextor,c4b87e45-c07a-460f-9c58-8d15328e2964,
654500a6-b51a-4636-9c39-0aeb9687b31d,Let’s Go Home Together,253000,True,,"live, 2025-09-06: Radio 2 in the Park, Hylands Park, Chelmsford, Essex, UK",Ella Henderson,Ella Henderson,3a60a284-256b-4481-9c33-84d12ea481cd,Ella Henderson,3a60a284-256b-4481-9c33-84d12ea481cd,
5e906a47-ff98-41d7-afc7-85184446012c,You Can’t Hurry Love,195000,True,,"live, 2023-12-31: Jools’ Annual Hootenanny",Olivia Dean,Olivia Dean,15e0d608-0869-429b-898d-3d8db3ecedd5,Olivia Dean,15e0d608-0869-429b-898d-3d8db3ecedd5,
ae8a8271-e89f-4f8a-96b4-095c6bb7c86c,THUNDER,186000,True,,,SEVENTEEN,SEVENTEEN,e04d239e-9fa8-49b3-b9b7-9e439c3cb1d1,SEVENTEEN,e04d239e-9fa8-49b3-b9b7-9e439c3cb1d1,
05f1d2fe-8d90-4487-9e13-8a2f4b413461,Summer Breeze,203000,False,,,Peter Bjorn and John,Peter Bjorn and John,32a83250-7e26-422d-b9ac-f4564343e9ce,Peter Bjorn and John,32a83250-7e26-422d-b9ac-f4564343e9ce,US1234567891
b84807a2-ca5e-4efd-9727-44600558cff5,Freak on a Leash,234000,False,,Unofficial funk/soul AI cover by Fake music,Korn,Korn,ac865b2e-bba8-4f5a-8756-dd40d5e39f46,Korn,ac865b2e-bba8-4f5a-8756-dd40d5e39f46,
9e0cc628-0d9a-48c3-8305-4c54cc68e4c2,Freak on a Leash,244000,False,,"Unofficial ""soul"" AI cover by ""The Professor"" Nick Harrison",Korn,Korn,ac865b2e-bba8-4f5a-8756-dd40d5e39f46,Korn,ac865b2e-bba8-4f5a-8756-dd40d5e39f46,
effbded7-24f5-4a5f-9b84-1cb49ec1234f,Destiny,278000,False,,,HEAD SPLITTER,HEAD SPLITTER,7ffb8a11-0fe6-450b-9e50-1fef37ce07fd,HEAD SPLITTER,7ffb8a11-0fe6-450b-9e50-1fef37ce07fd,
09d133c1-2b04-4ae4-8e60-0af87539e47e,It’s Not Living (If It’s Not With You),246000,True,,"live, 2022: BBC Radio 1’s Live Lounge, Greater London, England, UK",The 1975,The 1975,5b6ebfe0-f72b-4902-bba9-74c8af0f1af0,The 1975,5b6ebfe0-f72b-4902-bba9-74c8af0f1af0,
364cdffc-7b0c-4866-9816-7902bf71811a,Another World,227000,False,,,HEAD SPLITTER,HEAD SPLITTER,7ffb8a11-0fe6-450b-9e50-1fef37ce07fd,HEAD SPLITTER,7ffb8a11-0fe6-450b-9e50-1fef37ce07fd,
fb66cd34-196a-472c-a42b-42586c7f51c0,VALORANT Theme Remake,165000,False,,,HEAD SPLITTER,HEAD SPLITTER,7ffb8a11-0fe6-450b-9e50-1fef37ce07fd,HEAD SPLITTER,7ffb8a11-0fe6-450b-9e50-1fef37ce07fd,
e61b994c-bee6-4965-8857-4b83c6517c74,Stereo Love,253000,True,,official music video,Edward Maya & Vika Jigulina,Edward Maya|Vika Jigulina,257891db-1f69-4660-894d-075e355431a8|2cb3ebf3-09fb-45fe-8267-9a45d15796df,Edward Maya,257891db-1f69-4660-894d-075e355431a8,
439338b4-bab3-481a-9566-bb9414c12b77,HELP!!,190000,True,,,NERO,NERO,a70114f0-d451-4b14-8a2e-c19adf0a5bc2,NERO,a70114f0-d451-4b14-8a2e-c19adf0a5bc2,
06539d08-8897-45a4-ba59-3576c7185a30,Bounce,,False,,,Calvin Harris feat. Kelis,Calvin Harris|Kelis,8dd98bdc-80ec-4e93-8509-2f46bafc09a7|1239d1bc-cc09-43e0-bcd0-374f60346138,Calvin Harris,8dd98bdc-80ec-4e93-8509-2f46bafc09a7,
7cb0c4d8-34c1-4599-b93a-e43a9500bbc4,Alive,,False,,,Pearl Jam,Pearl Jam,83b9cbe7-9857-49e2-ab8e-b57b01038103,Pearl Jam,83b9cbe7-9857-49e2-ab8e-b57b01038103,
a8d3ccb3-ffd7-4647-82fe-8fd4edba0c1a,Baby Blue,,False,,,Badfinger,Badfinger,44632683-c340-44de-a65d-328212559f91,Badfinger,44632683-c340-44de-a65d-328212559f91,
28ddb700-52eb-45bb-8031-286123d6a272,Bring it on Home to Me,238000,True,,"live, 2016-12-31: Jools’ Annual Hootenanny",Gregory Porter & Rag’n’Bone Man with Jools Holland & His Rhythm & Blues Orchestra,Gregory Porter|Rag’n’Bone Man|Jools Holland & His Rhythm & Blues Orchestra,7ac1e33f-0cdf-4e81-b914-41830700d746|37993cdf-f61a-488f-8cca-07e03b8aaa02|740b8198-f3be-4d81-aabd-3eccb35611a5,Gregory Porter,7ac1e33f-0cdf-4e81-b914-41830700d746,
b97d76c8-1036-42b0-97c6-a9bfc6a0ca27,Head Over Heels,255000,True,,,Tears for Fears,Tears for Fears,7c7f9c94-dee8-4903-892b-6cf44652e2de,Tears for Fears,7c7f9c94-dee8-4903-892b-6cf44652e2de,
5cd4883b-3a5e-4acc-b0b2-09e2c34679b4,Enough is Enough,177000,True,,"live, 2025-06-01: Later… with Jools Holland, Alexandra Palace, London, UK",The Hives,The Hives,487bfd74-71bf-46dd-b89c-80b7a0f06f2f,The Hives,487bfd74-71bf-46dd-b89c-80b7a0f06f2f,
4d7e2379-915e-491b-844e-bb1896081eeb,Stones Throw,219000,True,,"live, 2025-06-22: Later… with Jools Holland, Alexandra Palace, London, UK",Greentea Peng,Greentea Peng,2443a94a-03a6-4f0e-a369-ecda74af1c9f,Greentea Peng,2443a94a-03a6-4f0e-a369-ecda74af1c9f,
0e7d06ef-5930-4f66-8f41-5358abd6c499,Callas Went Away,,False,,,Enigma,Enigma,f1d1df24-91af-4d27-83a4-9b4ad29b37eb,Enigma,f1d1df24-91af-4d27-83a4-9b4ad29b37eb,
4588b3ad-04e9-464f-a00d-715acd8eb21b,Going Down South,268000,True,,"live, 2021-05-14: Live for Later… with Jools Holland",The Black Keys,The Black Keys,d15721d8-56b4-453d-b506-fc915b14cba2,The Black Keys,d15721d8-56b4-453d-b506-fc915b14cba2,
1e3f83c8-b41f-461a-8ffd-578bc301af88,Don’t Let Me Go,266000,True,,"live, 2025-06-22: Later… with Jools Holland, Alexandra Palace, London, UK",Tom Odell,Tom Odell,fee6a7fb-80d9-4290-a171-e48f1f20e381,Tom Odell,fee6a7fb-80d9-4290-a171-e48f1f20e381,
8799f2db-761a-4429-a4c7-ec9c533e343c,Gorgeous,228000,True,,"live, 2025‐10‐26: Vogue World – Hollywood, Paramount Pictures Studios Lot, Hollywood, LA, CA, US",Doja Cat,Doja Cat,5df62a88-cac9-490a-b62c-c7c88f4020f4,Doja Cat,5df62a88-cac9-490a-b62c-c7c88f4020f4,
ff660457-4b47-40cc-bf41-b43a17b7e5df,Don’t Go,229000,True,,"live, 2023-11-04: Later… with Jools Holland, Alexandra Palace, London, UK",Orchestral Manoeuvres in the Dark,Orchestral Manoeuvres in the Dark,6d072aa8-c851-49c5-92f9-cbca05f4bed9,Orchestral Manoeuvres in the Dark,6d072aa8-c851-49c5-92f9-cbca05f4bed9,
bb66ccf3-8200-4bbe-95fd-f62e7d7ea887,The Universe,267000,True,,"live, 2023-11-11: Later… with Jools Holland, Alexandra Palace, London, UK",Róisín Murphy,Róisín Murphy,4c56405d-ba8e-4283-99c3-1dc95bdd50e7,Róisín Murphy,4c56405d-ba8e-4283-99c3-1dc95bdd50e7,
d3da4ffd-b2d9-423f-8eab-a4c46fddc0f6,Freaking Out,151000,True,,"live, 2023-11-11: Later… with Jools Holland, Alexandra Palace, London, UK",Tom Walker,Tom Walker,84354abd-2ead-48a3-9690-6627d917b605,Tom Walker,84354abd-2ead-48a3-9690-6627d917b605,
efbe0a9b-9f28-413f-bcbd-defd4a5fa1a4,Almost Like Being in Love,142000,True,,"live, 2023-12-13: Jools’ Annual Hootenanny 2023/24",Rod Stewart,Rod Stewart,a35237a0-4f47-40a6-b6f3-1e786db23402,Rod Stewart,a35237a0-4f47-40a6-b6f3-1e786db23402,
80161614-0eed-4029-a80d-40afd1967eb8,Super Duper Love,244000,True,,"live, 2023-12-13: Jools’ Annual Hootenanny 2023/24",Joss Stone,Joss Stone,dbbc47a5-1338-4830-9298-a8d0b11c0a46,Joss Stone,dbbc47a5-1338-4830-9298-a8d0b11c0a46,
3e0ff631-85c1-480a-8fe2-b019a286d30b,Burn,143000,True,,"live, 2023-11-11: Later… with Jools Holland, Alexandra Palace, London, UK",Tom Walker,Tom Walker,84354abd-2ead-48a3-9690-6627d917b605,Tom Walker,84354abd-2ead-48a3-9690-6627d917b605,
a9a8ea8b-772a-441d-a92c-b7ce2e664a37,Miss You,262000,True,,"live, 2024-06-22: Later… with Jools Holland, Alexandra Palace, London, UK",Gabrielle & Jools Holland,Gabrielle|Jools Holland,d55fe7ec-3c7f-44e7-b9cc-b025c4351f70|29a6f210-8c16-404a-9c0f-c26e26ecb29c,Gabrielle,d55fe7ec-3c7f-44e7-b9cc-b025c4351f70,
373b0304-6c38-41fc-9d74-aac8b926387f,Last Request,,False,,"live, 2014-09-23: Apollo Theater, NYC, US",Paolo Nutini,Paolo Nutini,24ea074c-59cc-41c5-a5de-f68c2952965f,Paolo Nutini,24ea074c-59cc-41c5-a5de-f68c2952965f,
b2039a25-bcd7-4f33-88f8-ff53ca559f42,I'd Rather Go Blind,,True,,"live, 2010-04-09: The Great American Songbook, BBC4 Sessions",Paolo Nutini,Paolo Nutini,24ea074c-59cc-41c5-a5de-f68c2952965f,Paolo Nutini,24ea074c-59cc-41c5-a5de-f68c2952965f,
4c7548fd-aa17-49c1-9733-654e555c5e9b,Find Me,172000,True,,,lilia ft. 0mono,リリア|0mono,60fa5ef3-6e8b-4665-8612-9f13f521617e|2e745304-518e-4055-9bde-9f4fbbd65924,リリア,60fa5ef3-6e8b-4665-8612-9f13f521617e,
38253395-8098-4517-ba5b-850fabe414a4,Leave Before You Love Me,148000,False,,,ZAYN,ZAYN,985f7e6f-0a7e-4de7-b9ec-a5dac63cb2f7,ZAYN,985f7e6f-0a7e-4de7-b9ec-a5dac63cb2f7,
4dc73a4e-f1de-4b3a-afcc-a461a7153312,Honestly,220000,True,,music video,THØRNS feat. Kasane Teto,THØRNS|重音テト,8e38cc05-883a-456c-ab47-73082a999370|98f7cec1-3be2-4ccf-97a9-3dbb001700b4,THØRNS,8e38cc05-883a-456c-ab47-73082a999370,
5d371709-0c2b-45b4-9f69-ff9344c3bd05,Stay,345000,False,,,Tourist,Tourist,4f31ccd8-8702-4d88-8e5d-33b1c6a2c1bc,Tourist,4f31ccd8-8702-4d88-8e5d-33b1c6a2c1bc,
b7616dd0-1216-4142-aa8b-edf519a1f322,Sex With My Ex,,False,,,Lil Peep,Lil Peep,92da4329-77a4-425c-8e92-4280110cace9,Lil Peep,92da4329-77a4-425c-8e92-4280110cace9,
0ef3a9bd-cf50-434d-9dbe-83ee90ec9507,Too Late,,False,,,The Weeknd,The Weeknd,c8b03190-306c-4120-bb0b-6f2ebfc06ea9,The Weeknd,c8b03190-306c-4120-bb0b-6f2ebfc06ea9,
4b7c17c9-143e-4ef0-affb-e740a5bc6811,I Feel It Coming,,False,,,The Weeknd,The Weeknd,c8b03190-306c-4120-bb0b-6f2ebfc06ea9,The Weeknd,c8b03190-306c-4120-bb0b-6f2ebfc06ea9,
5ba2ba51-be17-4931-95ae-0230783c781e,Last Christmas,214000,True,,,Sabrina Carpenter & Chappell Roan,Sabrina Carpenter|Chappell Roan,1882fe91-cdd9-49c9-9956-8e06a3810bd4|56a55378-f155-48de-80a5-d80104221267,Sabrina Carpenter,1882fe91-cdd9-49c9-9956-8e06a3810bd4,
2cbb8bfb-6b27-4a6b-82e2-3e8b447532c8,True Colours,,False,,,The Weeknd,The Weeknd,c8b03190-306c-4120-bb0b-6f2ebfc06ea9,The Weeknd,c8b03190-306c-4120-bb0b-6f2ebfc06ea9,
7d24f194-f748-48b9-873f-42827f8e6315,Starboy,,False,,,The Weeknd,The Weeknd,c8b03190-306c-4120-bb0b-6f2ebfc06ea9,The Weeknd,c8b03190-306c-4120-bb0b-6f2ebfc06ea9,
636d99ed-0bd0-4ffd-882e-3473b378d88f,In Your Eyes,,False,,,The Weeknd,The Weeknd,c8b03190-306c-4120-bb0b-6f2ebfc06ea9,The Weeknd,c8b03190-306c-4120-bb0b-6f2ebfc06ea9,
37cc7a1d-b1f7-495f-a289-9619c9d5afd6,Heartless,,False,,,The Weeknd,The Weeknd,c8b03190-306c-4120-bb0b-6f2ebfc06ea9,The Weeknd,c8b03190-306c-4120-bb0b-6f2ebfc06ea9,
e390a9c8-b403-41f0-b737-34427a6915d4,Attention,,False,,,The Weeknd,The Weeknd,c8b03190-306c-4120-bb0b-6f2ebfc06ea9,The Weeknd,c8b03190-306c-4120-bb0b-6f2ebfc06ea9,
6766078d-1cca-4d99-9025-7fd9fb83480b,Shout To The Lord,342000,True,,,Gateway Worship feat. Jessie Harris,Gateway Worship|Jessie Harris,17d3108b-d3ef-47b7-95c7-ebe89f2585dd|774b56c7-e3e0-467e-a542-53c1eb612284,Gateway Worship,17d3108b-d3ef-47b7-95c7-ebe89f2585dd,US6WP2600050
06cb9793-09fb-498f-bb9f-2881167a1dca,Restless Heart,218000,True,,,Jonathan Young,Jonathan Young,5ec79d60-04dc-4e3e-84d4-67357759049e,Jonathan Young,5ec79d60-04dc-4e3e-84d4-67357759049e,
f6e3abff-18e5-4ea0-9d54-96f59d85ee15,Invisible,206000,True,,,Duran Duran,Duran Duran,1a1cd7f3-e5df-4eca-bae2-2757c9e656b5,Duran Duran,1a1cd7f3-e5df-4eca-bae2-2757c9e656b5,
8bac6935-c0cd-4de8-8b99-cdbed4749186,River,,True,,,Sister Sadie,Sister Sadie,4ee515b0-bbf1-4066-895c-2d625aefe6cd,Sister Sadie,4ee515b0-bbf1-4066-895c-2d625aefe6cd,
dd6d366d-97d3-4b22-9718-f5326446527c,"Mitho Laage (The Dewarists, Season 5)",280000,False,,,Mame Khan & Dhruv Ghanekar,Mame Khan|Dhruv Ghanekar,a755b180-542c-46a9-ab27-0627b248fe2b|50d7b8d5-110d-4b21-b195-e7f8f20337c3,Mame Khan,a755b180-542c-46a9-ab27-0627b248fe2b,
bdd6c855-a27e-4049-b210-e2e655af0f63,Stop This Flame,291000,True,,,Celeste,Celeste,1b8a634e-9fa2-4ddb-bdcf-50bc7e4b167c,Celeste,1b8a634e-9fa2-4ddb-bdcf-50bc7e4b167c,
be6b31be-0151-4cf1-948b-6c92c98342a0,Flying,208000,True,,,ナナヲアカリ,ナナヲアカリ,6d280ceb-11c1-48c9-80d8-293ad442a991,ナナヲアカリ,6d280ceb-11c1-48c9-80d8-293ad442a991,
5263210b-8044-4b1e-84c5-d4d68ce0f8a3,Christmas Is For Children,147000,False,,,Glen Campbell,Glen Campbell,57976431-1a5c-4968-a422-b92c5e9b0d4f,Glen Campbell,57976431-1a5c-4968-a422-b92c5e9b0d4f,
115a7932-ca4a-4801-87dd-c9de8d83aef6,Blue Jeans,200000,True,,,Barns Courtney,Barns Courtney,510fcf21-a1f3-40af-9087-40593af86f7f,Barns Courtney,510fcf21-a1f3-40af-9087-40593af86f7f,
5dc0ec18-17b9-409e-9108-d3ae60bc85c2,I Don’t Care,218000,True,,music video,Megadeth,Megadeth,a9044915-8be3-4c7e-b11f-9e2d2ea0a91e,Megadeth,a9044915-8be3-4c7e-b11f-9e2d2ea0a91e,
e0324f6d-9253-4cdb-8df9-608e09b61b99,Rewind,219000,True,,,Bassjackers,Bassjackers,8b3b7346-ee3b-4e03-b747-0952aab46e61,Bassjackers,8b3b7346-ee3b-4e03-b747-0952aab46e61,
6ce1aa23-ab78-46c6-bcdf-9e10be27263c,Salvation,427000,True,,official music video,Paradise Lost,Paradise Lost,10bf95b6-30e3-44f1-817f-45762cdc0de0,Paradise Lost,10bf95b6-30e3-44f1-817f-45762cdc0de0,
2eb60814-0a38-46b3-8ed5-8ffebb48c3d7,The Phantom of the Opera,,True,,"live, 2005-10-21: Hartwall Areena, Helsinki, Finland",Nightwish,Nightwish,00a9f935-ba93-4fc8-a33a-993abe9c936b,Nightwish,00a9f935-ba93-4fc8-a33a-993abe9c936b,
ff6d9a4d-0a75-42a7-a55c-fbd60bb39de9,"""O Descobridor dos Sete Mares",223000,False,,,Lulu Santos,Lulu Santos,dc06730e-7330-40a8-9c84-4fe3b10c9250,Lulu Santos,dc06730e-7330-40a8-9c84-4fe3b10c9250,
3089ebea-7350-40a4-9760-08fa56d056f4,Horns (StayLoose Remix),226000,False,,,"Bryce Fox, StayLoose",Bryce Fox|StayLoose,5e75f2e1-3e0d-4f55-93ab-4ff4cb819a0a|b2fcc65d-c450-4ea3-8417-1e09159f903a,Bryce Fox,5e75f2e1-3e0d-4f55-93ab-4ff4cb819a0a,
3d05705d-974f-4239-967a-6760c980c994,225,,False,,"live, 2022-07-17: SO36, Berlin, Germany",New Model Army,New Model Army,e60e1f0b-1e8c-45e7-9d4a-222db9cb34f7,New Model Army,e60e1f0b-1e8c-45e7-9d4a-222db9cb34f7,
a4571af4-f71e-4af9-b238-ed4716643e62,Rhythm Is A Dancer,165000,True,,,Da Tweekaz,Da Tweekaz,1127158d-787a-4dbe-8180-b9e695c02504,Da Tweekaz,1127158d-787a-4dbe-8180-b9e695c02504,
bcf8cfbb-4bd5-4144-b3ec-f1dbd16cfb06,How Deep is Your Love,240000,True,,music video,Bee Gees,Bee Gees,bf0f7e29-dfe1-416c-b5c6-f9ebc19ea810,Bee Gees,bf0f7e29-dfe1-416c-b5c6-f9ebc19ea810,
3f4a504c-1185-4edf-995a-66e331059cda,Warriors,386000,False,,,Abbath,Abbath,266a5f1d-e25d-4491-897f-7402c2aa28dc,Abbath,266a5f1d-e25d-4491-897f-7402c2aa28dc,
966f0d65-33ba-40f4-ad97-13514742c376,La Puerta De Alcalá,300000,False,,,"Ana Belén ,Víctor Manuel",Ana Belén|Víctor Manuel,f8dff62b-2cc1-4ce9-8def-05a45421f3fe|e9c8cad5-d9e2-4e64-9b4f-44cb5bc80701,Ana Belén,f8dff62b-2cc1-4ce9-8def-05a45421f3fe,
634dd75d-4a6f-4670-ae36-76c70d14451a,Neon Moon,245000,False,,,DJ Noiz feat. Brooks & Dunn,DJ Noiz|Brooks & Dunn,ec2b934e-aec9-46a1-aca4-e597971ec9d3|f30118c5-f783-4969-8427-f3c096378267,DJ Noiz,ec2b934e-aec9-46a1-aca4-e597971ec9d3,
4565a3be-c0f2-4e0c-976d-c4560f5ec3e8,Blue Bird,206000,False,,Naruto Opening 3,The Covers Duo,The Covers Duo,bccd2bec-1bc6-4bac-8fd0-963b982990a0,The Covers Duo,bccd2bec-1bc6-4bac-8fd0-963b982990a0,
1d9d0cf4-4260-4a4d-9151-921597e94fa4,The Way I Am,137000,True,,music video,Ingrid Michaelson,Ingrid Michaelson,1fc494a1-9109-4081-a455-2d05bea9d2bf,Ingrid Michaelson,1fc494a1-9109-4081-a455-2d05bea9d2bf,
6d76487e-d974-43a0-ba74-54ed52636797,Freeze You Out,244000,False,,,Sia,Sia,2f548675-008d-4332-876c-108b0c7ab9c5,Sia,2f548675-008d-4332-876c-108b0c7ab9c5,
3e0f603a-a9b9-452a-b6e9-f04981ff7013,I'm on a Boat,231000,True,,"live, 2009-05-12: Late Night with Jimmy Fallon, New York, NY, USA",The Lonely Island ft. The Roots,The Lonely Island|The Roots,028e1863-cab4-4a3d-9dd9-91c682c91005|80b3cf5e-18fe-4c59-98c7-e5bb87210710,The Lonely Island,028e1863-cab4-4a3d-9dd9-91c682c91005,
b9b9f894-fd9f-4af4-a50b-648d833b1867,I Just Had Sex,197000,True,,"live, 2011-04-10: International Comedy Awards, New York, NY, USA",The Lonely Island with Akon and The Roots,The Lonely Island|Akon|The Roots,028e1863-cab4-4a3d-9dd9-91c682c91005|1138a764-2212-4d0a-b02d-0dc14df91e08|80b3cf5e-18fe-4c59-98c7-e5bb87210710,The Lonely Island,028e1863-cab4-4a3d-9dd9-91c682c91005,
12869481-8ca9-4087-82ad-f5b38fdf1c53,Desperado‪,222000,False,,Cover of Eagles song,ReoNa,ReoNa,4da158cc-4d03-48d6-aefc-6726e4f9a149,ReoNa,4da158cc-4d03-48d6-aefc-6726e4f9a149,
444c3bda-e5f2-4ca1-bb74-4181bc817ecb,Sweet Child O' Mine,199000,False,,Unofficial cover of Guns N' Roses song,ReoNa,ReoNa,4da158cc-4d03-48d6-aefc-6726e4f9a149,ReoNa,4da158cc-4d03-48d6-aefc-6726e4f9a149,
7b2696aa-8e5d-47cc-8e6d-a102a52485e9,"Take Me Home, Country Roads",235000,False,,Cover of John Denver song,ReoNa,ReoNa,4da158cc-4d03-48d6-aefc-6726e4f9a149,ReoNa,4da158cc-4d03-48d6-aefc-6726e4f9a149,
4f1f8911-e1e8-4933-b37e-92c7b6f24367,Bad Day,267000,False,,Cover of Daniel Powter song,ReoNa,ReoNa,4da158cc-4d03-48d6-aefc-6726e4f9a149,ReoNa,4da158cc-4d03-48d6-aefc-6726e4f9a149,
238613f5-1463-4c22-a2b5-ae9d6471a9d2,Stand By Me,191000,False,,Cover of Ben E. King song,ReoNa,ReoNa,4da158cc-4d03-48d6-aefc-6726e4f9a149,ReoNa,4da158cc-4d03-48d6-aefc-6726e4f9a149,
3012cf30-6761-46ae-9e00-f13285bfe1a1,A Thousand Miles,245000,False,,Cover of Vanessa Carlton,ReoNa,ReoNa,4da158cc-4d03-48d6-aefc-6726e4f9a149,ReoNa,4da158cc-4d03-48d6-aefc-6726e4f9a149,
c111920e-43d1-4301-a6d8-f3b1762d3b9c,Knockin' on Heaven's Door,155000,False,,Cover of Bob Dylan song,ReoNa,ReoNa,4da158cc-4d03-48d6-aefc-6726e4f9a149,ReoNa,4da158cc-4d03-48d6-aefc-6726e4f9a149,
486f99cc-a3e7-4d6b-9c41-41b6648efe55,Prayer in C,,False,,,Lilly Wood & the Prick,Lilly Wood and The Prick,1b72331b-3a97-4981-a81c-eeee9c275d28,Lilly Wood and The Prick,1b72331b-3a97-4981-a81c-eeee9c275d28,
8c54e29d-9ab8-4c7e-8f05-1a3ece53117f,Down the drain,,False,,,Lilly Wood & the Prick,Lilly Wood and The Prick,1b72331b-3a97-4981-a81c-eeee9c275d28,Lilly Wood and The Prick,1b72331b-3a97-4981-a81c-eeee9c275d28,
12d8b96f-886b-468e-8f1c-fd9ab904875d,SAVIOR,185000,True,,Official Music Video,Hollywood Undead,Hollywood Undead,321fdfbb-426b-43f7-8295-fa9aca6348d9,Hollywood Undead,321fdfbb-426b-43f7-8295-fa9aca6348d9,USFYZ2556101
b8920c86-fa9c-4cbe-8a50-a115562fa281,Sunrise,,False,,,Indivision & Livewire,Indivision|Livewire,a7fad5aa-9c24-48ac-8fe6-6641120cd0e5|5da80a98-ea21-4cad-8e77-63a488bbe2fa,Indivision,a7fad5aa-9c24-48ac-8fe6-6641120cd0e5,
83b3d374-9249-4ccc-aeea-f3cc41fc85fe,In the Waiting Line,303000,False,,"live, 2001: London",Zero 7,Zero 7,c23b637b-97c6-41eb-8ef6-6c724efc80a8,Zero 7,c23b637b-97c6-41eb-8ef6-6c724efc80a8,
661087f1-85d6-41f7-b33c-6781c430041f,Friends,131000,False,,,Johnny Stimson,Johnny Stimson,e527e6a8-4b5a-491c-8709-123f92fdc0e5,Johnny Stimson,e527e6a8-4b5a-491c-8709-123f92fdc0e5,
7fabd446-37ef-4014-9ae0-8928ffb50ac5,In and Out of Love,228000,True,,,Imagination,Imagination,f4038a4a-77af-4363-a2a8-5d847bb7f1ba,Imagination,f4038a4a-77af-4363-a2a8-5d847bb7f1ba,
e09e8b8e-b17a-4464-87ec-16b19f5f17c9,Hot Sauce,194000,True,,,"RAM, МАКСИ ГРИН",RAM|МАКСИ ГРИН,3349404b-f5f5-415d-8f2f-7addf4fe79a9|e1013906-27e5-4aca-83c7-ca34d426dba0,RAM,3349404b-f5f5-415d-8f2f-7addf4fe79a9,
fea23596-4c5d-484e-9b76-a06fb139f983,[untitled],105000,True,,,¿?shimon,¿?shimon,b871cb86-532a-4b93-a4aa-4b514fabc5b8,¿?shimon,b871cb86-532a-4b93-a4aa-4b514fabc5b8,
a33f4910-2ebf-4a22-8c5e-ef087ce9a447,Everywhere I Go,251000,True,,Ultra Clean Edit II,Hollywood Undead,Hollywood Undead,321fdfbb-426b-43f7-8295-fa9aca6348d9,Hollywood Undead,321fdfbb-426b-43f7-8295-fa9aca6348d9,USUV70902554
92141a70-b4e5-4310-b7a6-e18279b7b5c5,Adiós Nonino,,False,,,Astor Piazzolla,Astor Piazzolla,e280268a-a5ab-4bb0-be4d-ec470ca59131,Astor Piazzolla,e280268a-a5ab-4bb0-be4d-ec470ca59131,
eb851dac-d2f0-4677-9a38-f0c6a331f455,Libertango,,False,,,Astor Piazzolla,Astor Piazzolla,e280268a-a5ab-4bb0-be4d-ec470ca59131,Astor Piazzolla,e280268a-a5ab-4bb0-be4d-ec470ca59131,
e59e22c9-f556-4747-a14f-6d29baa8c3e5,ghostride,127000,False,,,longlost,longlost,5eb0fa33-777c-4739-9805-4ea304cff6ac,longlost,5eb0fa33-777c-4739-9805-4ea304cff6ac,
80f52933-d4c2-4634-ae92-da85bf8f3de6,Sorry,,False,,,Jamule & Mucco,Jamule|Mucco,42c53bdf-212f-466f-a800-bbdc406452f3|aaed9c15-ab86-40f9-b19c-67942c656495,Jamule,42c53bdf-212f-466f-a800-bbdc406452f3,
f0a65f6d-a888-45a6-9852-474bd4b4cb33,PTSD,119000,False,,"Vald, Vladimir Cauchemar, Todiefor",Vald,Vald,062ab94e-b7a5-47a9-b3f4-cc1750c3f859,Vald,062ab94e-b7a5-47a9-b3f4-cc1750c3f859,
624fe6fd-69d0-4906-b751-a2015a24d4f7,Ruin My Life,183000,True,,Official Music Video,Hollywood Undead,Hollywood Undead,321fdfbb-426b-43f7-8295-fa9aca6348d9,Hollywood Undead,321fdfbb-426b-43f7-8295-fa9aca6348d9,QM4TM2300781
2b613195-0976-4336-bc47-f2906911bef8,CHAOS,184000,True,,Official Music Video,Hollywood Undead,Hollywood Undead,321fdfbb-426b-43f7-8295-fa9aca6348d9,Hollywood Undead,321fdfbb-426b-43f7-8295-fa9aca6348d9,QM4TM2200079
a5558f95-c3cd-447a-b1b0-32b2ce6f2e2e,House of Mirrors,209000,True,,Official Music Video,Hollywood Undead feat. Jelly Roll,Hollywood Undead|Jelly Roll,321fdfbb-426b-43f7-8295-fa9aca6348d9|ab5a7a60-1b71-4e5b-b622-e0ae2ce84c32,Hollywood Undead,321fdfbb-426b-43f7-8295-fa9aca6348d9,QM4TM2300645
2c707399-43b4-4eb3-8bc1-ca6caa6a8b7e,Ego,391000,True,,"live, 2024-11-24: Sala Paris 15, Málaga, Spain",WarCry,WarCry,c6d1fb87-3dfc-4266-ad6c-a69a143b2b6e,WarCry,c6d1fb87-3dfc-4266-ad6c-a69a143b2b6e,
0d7bcc70-4d48-466c-a480-165b8a05b5bf,Condenado,277000,True,,,WarCry,WarCry,c6d1fb87-3dfc-4266-ad6c-a69a143b2b6e,WarCry,c6d1fb87-3dfc-4266-ad6c-a69a143b2b6e,
0f2b667a-030b-4db5-bc25-5416ea043d49,Nana,256000,True,,"live, 2015-06-03: Teatro Filarmónica de Oviedo, Oviedo, Spain","WarCry con la Coral Polifónica Gijonesa ""Anselmo Solar""","WarCry|Coral Polifónica Gijonesa ""Anselmo Solar""",c6d1fb87-3dfc-4266-ad6c-a69a143b2b6e|aabcc21f-fc98-417d-badd-90b5f9d7a6df,WarCry,c6d1fb87-3dfc-4266-ad6c-a69a143b2b6e,
277f488e-185d-4e5d-9de2-8e605dc113e7,Para siempre,286000,True,,"live, 2023-12-23: Live Las Ventas, Madrid, Spain",WarCry,WarCry,c6d1fb87-3dfc-4266-ad6c-a69a143b2b6e,WarCry,c6d1fb87-3dfc-4266-ad6c-a69a143b2b6e,
d087a0f9-49e9-4bd2-ae3a-7c5fc46ae460,Venganza,228000,True,,,WarCry,WarCry,c6d1fb87-3dfc-4266-ad6c-a69a143b2b6e,WarCry,c6d1fb87-3dfc-4266-ad6c-a69a143b2b6e,
c3b5c4ba-1dfc-407c-b707-0b8da73dfdac,Siempre,308000,True,,"live, 2023-12-23: Live Las Ventas, Madrid, Spain",WarCry,WarCry,c6d1fb87-3dfc-4266-ad6c-a69a143b2b6e,WarCry,c6d1fb87-3dfc-4266-ad6c-a69a143b2b6e,
c025c255-3439-4ff5-b52e-bd997414ea98,Orfeo,290000,True,,,WarCry,WarCry,c6d1fb87-3dfc-4266-ad6c-a69a143b2b6e,WarCry,c6d1fb87-3dfc-4266-ad6c-a69a143b2b6e,
db9da3aa-85b8-4c48-8107-9a58310a0e48,Last Night,,False,,,Traveling Wilburys,Traveling Wilburys,4387b544-e4d0-4f18-b74e-d4a5ba1582ab,Traveling Wilburys,4387b544-e4d0-4f18-b74e-d4a5ba1582ab,
873f5af3-496d-404d-83c2-742e8aa56ea5,Congratulations,,False,,,Traveling Wilburys,Traveling Wilburys,4387b544-e4d0-4f18-b74e-d4a5ba1582ab,Traveling Wilburys,4387b544-e4d0-4f18-b74e-d4a5ba1582ab,
a9442aa8-1c18-4231-887a-d59e5f524c0f,Crazy,174000,False,,,TRFN,TRFN,1ccf2c12-ca75-444b-9cac-067149c65e05,TRFN,1ccf2c12-ca75-444b-9cac-067149c65e05,
5a678bf7-8b4b-4410-88e7-840268dee285,End Of The Line,,False,,,Traveling Wilburys,Traveling Wilburys,4387b544-e4d0-4f18-b74e-d4a5ba1582ab,Traveling Wilburys,4387b544-e4d0-4f18-b74e-d4a5ba1582ab,
aac4f593-9dd1-4bc6-9f77-9cabca717811,Margarita,,False,,,Traveling Wilburys,Traveling Wilburys,4387b544-e4d0-4f18-b74e-d4a5ba1582ab,Traveling Wilburys,4387b544-e4d0-4f18-b74e-d4a5ba1582ab,
de8accdf-68ef-4671-988a-4723f6e685a9,Puedes contar conmigo,288000,True,,remastered,Mägo de Oz,Mägo de Oz,fa3b825f-7c85-4377-b393-d28a2016e293,Mägo de Oz,fa3b825f-7c85-4377-b393-d28a2016e293,
93da7c5d-85f4-40b0-aab6-f009de7fb351,I Remember When,233000,True,,,MISSIO,MISSIO,ae5af627-ccd6-4db5-974d-83da8e32e705,MISSIO,ae5af627-ccd6-4db5-974d-83da8e32e705,CAN132600415
b52f1cdd-3f8a-43c8-8ab6-e1be8a399539,Puedes contar conmigo,273000,True,,,Mägo de Oz,Mägo de Oz,fa3b825f-7c85-4377-b393-d28a2016e293,Mägo de Oz,fa3b825f-7c85-4377-b393-d28a2016e293,
9a0571b5-dcd1-467d-b37c-48c53482b9f4,Faded,210000,False,,,Izzy Bizu,Izzy Bizu,9ed99a76-6c01-455e-9e3d-a233e48ece45,Izzy Bizu,9ed99a76-6c01-455e-9e3d-a233e48ece45,GBARL2000007
2c280f0a-32dc-4aae-9a34-aabaab2211d8,Stay the Night,,False,,,Zedd feat. Hayley Williams of Paramore,Zedd|Hayley Williams,56c4b861-0922-4c3a-a9b9-3bfcb00f8274|b4b5b5a7-feff-47d0-9458-83d0d135a692,Zedd,56c4b861-0922-4c3a-a9b9-3bfcb00f8274,USUM71319542
617a6638-df3a-424c-a0b3-d3be775bd2cd,Whistle,241000,False,,,Sonic Boom Six,Sonic Boom Six,133c4d11-825c-4077-8dbf-ade673a73696,Sonic Boom Six,133c4d11-825c-4077-8dbf-ade673a73696,
606eb66c-03c4-4267-9704-556de3de2656,Skyline,149000,False,,,Ikson,Ikson,7f3fbfc8-a3cd-4089-af13-701fda9e45d5,Ikson,7f3fbfc8-a3cd-4089-af13-701fda9e45d5,
de83a753-c5a3-4204-a372-a9c7844421fb,Last Man Standing,183000,False,,,Livingston,Livingston,20609f1a-672e-40e5-85b3-bcda4341049b,Livingston,20609f1a-672e-40e5-85b3-bcda4341049b,QM24S2308746
c9987813-c6c9-4ca6-8293-3555264adbe1,Me and My Girlfriend,185000,False,,Mashup,Icona Pop & Never Shout Never,Icona Pop|Never Shout Never,c5f259d0-abd8-418e-81ee-3965fd4e4e9a|2d5b19d2-2e63-4416-a99e-044ab302811c,Icona Pop,c5f259d0-abd8-418e-81ee-3965fd4e4e9a,
38c5abd0-1507-484c-8d31-91d6afbbad0d,Maana Ke Hum Yaar Nahin,326000,False,,,Arijit Singh,Arijit Singh,ed3f4831-e3e0-4dc0-9381-f5649e9df221,Arijit Singh,ed3f4831-e3e0-4dc0-9381-f5649e9df221,
dbadb86e-7c47-4001-a77f-54530df8c2b0,ROSITA,245000,False,,,"Tainy, Rauw Alejandro & Jhayco",Tainy|Rauw Alejandro|Jhayco,7e92584c-ca97-48bf-8a12-0327db0f6ac8|197b70c7-8910-4030-ad03-632d82aa40e3|2b67658e-429f-425a-adf5-345b13112fc1,Tainy,7e92584c-ca97-48bf-8a12-0327db0f6ac8,
576f6fbc-f213-495c-bf4c-299699ccb564,Lumière,180000,False,,,Emrod,Emrod,6e43c84f-5a23-4be5-abee-bc58f6478e40,Emrod,6e43c84f-5a23-4be5-abee-bc58f6478e40,
289fbfc0-ffc7-4bca-b386-05bb46876dcf,Pantysito,240000,False,,,Alejo,Alejo,4ff4c1ff-aba7-4105-b7ab-34d989916f2d,Alejo,4ff4c1ff-aba7-4105-b7ab-34d989916f2d,USUG12201485
069d40be-1755-4b82-b2df-47503cfe48a3,Nobody Cares,180000,False,,,Emily Hackett,Emily Hackett,66cdacbc-4f46-4791-89a0-8fb8caf3c949,Emily Hackett,66cdacbc-4f46-4791-89a0-8fb8caf3c949,QZTV32562349
37ac5815-3db1-426f-9c23-833e39d73926,The Adults Are Talking,288000,True,,,The Strokes,The Strokes,f181961b-20f7-459e-89de-920ef03c7ed0,The Strokes,f181961b-20f7-459e-89de-920ef03c7ed0,
15e00f12-5e44-445a-a8a6-4f3a3e1f5094,The Nearness of You,,True,,"live, Wrocław, Poland",Tommy Emmanuel & Martin Taylor,Tommy Emmanuel|Martin Taylor,50c629c6-6f22-4bf9-a3c2-f2855e6704be|92ebb02d-2906-4a6d-9e43-21e16b877fa1,Tommy Emmanuel,50c629c6-6f22-4bf9-a3c2-f2855e6704be,
dcb3c48f-585d-46da-a4f7-26414447bc2b,Dance,133000,False,,Old recording found with potential connection to Scary Kids Scaring Kids,Scary Kids Scaring Kids,Scary Kids Scaring Kids,90cda7b7-9112-4ec7-9d6f-3f4675ef5130,Scary Kids Scaring Kids,90cda7b7-9112-4ec7-9d6f-3f4675ef5130,
35b00aee-6352-450e-bc05-202248d8c2ef,Pray,170000,False,,,Limoblaze,Limoblaze,340b2813-2ba0-4ec8-add2-b2e4a7cd6e56,Limoblaze,340b2813-2ba0-4ec8-add2-b2e4a7cd6e56,
d8f56676-15cb-4418-adf1-dc1eb60b3785,Tennessee Waltz,,True,,,"Bryan Sutton, Tommy Emmanuel, Guthrie Trapp, Pat Bergeson & Richard Smith",Bryan Sutton|Tommy Emmanuel|Guthrie Trapp|Pat Bergeson|Richard Smith,584f1bd9-01eb-4f7e-8695-2fa72bb7bf27|50c629c6-6f22-4bf9-a3c2-f2855e6704be|fec68228-8a8a-4860-bc4a-fa358d870cbe|86a86d5e-f383-49de-a144-f4309af7a441|8483da4b-1df4-474d-9d70-02ff32957a09,Bryan Sutton,584f1bd9-01eb-4f7e-8695-2fa72bb7bf27,
5e4102f7-57ee-4e9a-be1a-ca0591ade4f0,Take Control,225000,False,,,Protoje,Protoje,eb9ad275-dc6b-4d00-9dea-e60b02313a72,Protoje,eb9ad275-dc6b-4d00-9dea-e60b02313a72,
0a759913-068d-48a8-ae53-877c104614e3,Day One,,False,,,Future,Future,48262e82-db9f-4a92-b650-dfef979b73ec,Future,48262e82-db9f-4a92-b650-dfef979b73ec,
2b35fdca-f16a-4139-9122-2de6f5f2b35f,Wolf,,False,,,Future,Future,48262e82-db9f-4a92-b650-dfef979b73ec,Future,48262e82-db9f-4a92-b650-dfef979b73ec,
e2922377-c5c3-480d-8bc0-46ccd281ced7,Heal the World,355000,True,,"live @ Sanremo 2026, 2026-02-26",Laura Pausini & Piccolo Coro dell’Antoniano,Laura Pausini|Piccolo Coro dell’Antoniano,472b9953-1f10-4aed-b1ec-d0c23ffb2cf1|4dd6b6cd-7e05-44f2-9d58-7b523a161643,Laura Pausini,472b9953-1f10-4aed-b1ec-d0c23ffb2cf1,
dcb3956a-694d-4465-bfdb-b92dc80b5375,Empire State of Mind,160000,True,,"live @ Sanremo 2026, 2026-02-26",Alicia Keys,Alicia Keys,8ef1df30-ae4f-4dbd-9351-1a32b208a01e,Alicia Keys,8ef1df30-ae4f-4dbd-9351-1a32b208a01e,
2c4d3ec8-9159-47cd-8b13-2a1fe9832c45,La Vida Es Un Carnaval,,False,,,Issac Delgado,Issac Delgado,b33887db-f72a-4a3e-927f-89352006b6ab,Issac Delgado,b33887db-f72a-4a3e-927f-89352006b6ab,
2edc5636-414d-4490-82f8-49ba93840805,Alone - MRVLZ Remix,,False,,,Marshmello,Marshmello,301b45a4-b8b9-410e-8344-4b4eaf96691a,Marshmello,301b45a4-b8b9-410e-8344-4b4eaf96691a,
0adb9d48-87dc-4ba8-9691-cf70828a7941,Again,,False,,,Fetty Wap,Fetty Wap,e3492ea0-5997-4241-a7bf-2fd7fb1bfad1,Fetty Wap,e3492ea0-5997-4241-a7bf-2fd7fb1bfad1,
f6908618-4df2-418d-ac05-8c87aebb388b,Wolf,,False,,,Future,Future,48262e82-db9f-4a92-b650-dfef979b73ec,Future,48262e82-db9f-4a92-b650-dfef979b73ec,
7912cde1-8e75-421c-9923-eb78948da395,Day One,,False,,,Future,Future,48262e82-db9f-4a92-b650-dfef979b73ec,Future,48262e82-db9f-4a92-b650-dfef979b73ec,
ecdce129-428c-4b10-81aa-ad235550c59a,You’re Still the One,207000,True,,"live, 1998-07-05: Hyde Park, London, England, UK",Shania Twain,Shania Twain,faabb55d-3c9e-4c23-8779-732ac2ee2c0d,Shania Twain,faabb55d-3c9e-4c23-8779-732ac2ee2c0d,
d9b5b141-46e6-45d4-8287-ed9eaf383b6a,Heart of Gold,176000,True,,"live, 2024-11-10: Co-op Live, Manchester, England, UK",Shawn Mendes,Shawn Mendes,b7d92248-97e3-4450-8057-6fe06738f735,Shawn Mendes,b7d92248-97e3-4450-8057-6fe06738f735,
4c04247c-d09a-411f-b697-2462473d961e,"Recuerdos, Tristeza y Soledad",238000,True,,Todos Somos MAS,"Jesse & Joy,Marco Antonio Solís",Jesse & Joy|Marco Antonio Solís,64b85e52-08db-4995-a6e3-d2a6acc5a058|006631f4-5214-49ff-a386-a064853d1a1e,Jesse & Joy,64b85e52-08db-4995-a6e3-d2a6acc5a058,
6f981465-1012-44b6-b155-3c583d73e984,Good Girls,176000,True,,,VICKY,VICKY,8779d8dd-6a1d-483a-9402-36c1142a354e,VICKY,8779d8dd-6a1d-483a-9402-36c1142a354e,
cd4800f5-e0f6-47ea-937a-cba78d3aa1f4,Crazy,206000,False,,live; SiriusXM Studios,Glass Animals,Glass Animals,20395131-fbde-43ce-b141-b700cfdae99c,Glass Animals,20395131-fbde-43ce-b141-b700cfdae99c,
4e0288aa-662f-4e16-98ad-95c04026f482,Lean On Me,47000,False,,,Brian McKnight,Brian McKnight,bf75ef89-7b4c-4771-ac43-4d5c10617190,Brian McKnight,bf75ef89-7b4c-4771-ac43-4d5c10617190,
befb605b-a637-4652-93e2-03446c0fd43c,Dancing In The Dark,222000,False,,live; SiriusXM Studios,Of Monsters and Men,Of Monsters and Men,9e103f85-7af7-41d7-b83b-49ba8f0c5abf,Of Monsters and Men,9e103f85-7af7-41d7-b83b-49ba8f0c5abf,
a1e5fac7-e386-4e23-87c2-448cd86b0fbd,Fata Morgana,171000,True,,,GReeeN,GReeeN,9a0c45f7-3ee5-4074-8cad-8f140631da73,GReeeN,9a0c45f7-3ee5-4074-8cad-8f140631da73,
b984637b-2ee1-49c7-bb1c-0c6e6e946fe3,Blinding Lights,173000,False,,live; SiriusXM Studios,Lauv,Lauv,c0ef2ba5-a7b7-40ea-bd27-30acccfcac11,Lauv,c0ef2ba5-a7b7-40ea-bd27-30acccfcac11,
6df246ed-2f90-45db-b0d1-38c3d7716588,Iris,209000,False,,live; SiriusXM Studios,The Wanted,The Wanted,bcb16f22-b064-4b80-b3a3-c824bccdbab1,The Wanted,bcb16f22-b064-4b80-b3a3-c824bccdbab1,
6c4fa56c-4a49-44c6-9a60-f2cc42c867d3,Somebody That I Used To Know,231000,False,,live; SiriusXM Studios,Three Days Grace,Three Days Grace,fabb37f8-eb2a-4cc1-a72a-b56935bbb72d,Three Days Grace,fabb37f8-eb2a-4cc1-a72a-b56935bbb72d,
3f735b81-2f57-4313-8817-76c8baea5d03,Mad World,154000,False,,,Au/Ra,Au/Ra,87df4c21-1235-491e-b63e-e2f4d9ffd59a,Au/Ra,87df4c21-1235-491e-b63e-e2f4d9ffd59a,
acfa8a7b-9014-45e9-aeff-0c8d30dc67de,Peace and Love,262000,True,,,Wiz Khalifa,Wiz Khalifa,f5dfa020-ad69-41cd-b3d4-fd7af0414e94,Wiz Khalifa,f5dfa020-ad69-41cd-b3d4-fd7af0414e94,
51e1602d-e80a-487a-9442-4f0965908950,Wasabi,,False,,,Dani Sbert,Dani Sbert,1e5fc138-f258-40e7-9081-d600fdd37397,Dani Sbert,1e5fc138-f258-40e7-9081-d600fdd37397,GBWUL1114062
5bbf7ecf-3c0c-4bd3-99f5-02846a54d62d,"Sem Voce, Sou Ninguem",260000,False,,,Mandragora,Mandragora,dd8bf94e-0bb9-4f9b-9d8a-f3b8a40b62e2,Mandragora,dd8bf94e-0bb9-4f9b-9d8a-f3b8a40b62e2,
b32c9ec4-ae00-4621-b9df-1155cc343ebb,Inner Peace,156000,True,,,The Flatliners,The Flatliners,e5b8c0f3-0752-4a76-987a-96098ce9d490,The Flatliners,e5b8c0f3-0752-4a76-987a-96098ce9d490,
b8643615-a09d-4aeb-ab59-07eb18504c62,To You,229000,False,,,Faderhead,Faderhead,8044daa4-77d3-4971-a04f-b2eecc4e5f7c,Faderhead,8044daa4-77d3-4971-a04f-b2eecc4e5f7c,
5f6de59e-e89e-4f95-8919-047822246d98,あした地球がこなごなになっても,248000,False,,,"kaza, 日あさ寝, 桃寝ちのい, 恋白るな, エリモ・クドリャフカ & N",kaza|日あさ寝|桃寝ちのい|恋白るな|エリモ・クドリャフカ|N,8f0455df-70f7-4f13-8b77-1a8f69252efa|fddfeda4-c504-4742-b12b-9b187e4f69cc|6da8d840-cf95-4d2c-ac72-3096136bb594|e86bc522-4c38-4c93-83d2-2fae964241ab|33d39010-5939-4607-a9a2-966b59476312|4070ecc7-9dab-4498-9342-2ae5f87e3f9d,kaza,8f0455df-70f7-4f13-8b77-1a8f69252efa,
6967ce50-d139-44fe-9972-2f1481ee8450,Umbrella,230000,False,,live; SiriusXM Studios,Train,Train,bfd5aec5-62a2-4560-a316-7c46c17babda,Train,bfd5aec5-62a2-4560-a316-7c46c17babda,
07ae658e-6e2e-4149-a841-14ebc7af4749,"Steady, As She Goes",267000,False,,live; SiriusXM Studios,Fitz and the Tantrums,Fitz and the Tantrums,8560d4e8-05e2-4c20-980b-ad2db445dd5d,Fitz and the Tantrums,8560d4e8-05e2-4c20-980b-ad2db445dd5d,
8ebb9d40-f608-4fcd-9f4d-54e4620c948b,Feel Good Inc,177000,False,,live; SiriusXM Studios,MISSIO,MISSIO,ae5af627-ccd6-4db5-974d-83da8e32e705,MISSIO,ae5af627-ccd6-4db5-974d-83da8e32e705,
13a9d5fd-34c8-4aaa-aff9-b36d9c3e5a96,Dancing On My Own,219000,False,,live; SiriusXM Studios,Grouplove,Grouplove,d8e41375-bd8d-4e39-9da7-f0c171e97086,Grouplove,d8e41375-bd8d-4e39-9da7-f0c171e97086,
00ec4f6f-1503-48c8-a0c8-ac8d3b40a36d,My Own Worst Enemy,200000,False,,live; SiriusXM Studios,Wallows,Wallows,9fae44ec-b95c-4b0f-a0a6-f0008613eabf,Wallows,9fae44ec-b95c-4b0f-a0a6-f0008613eabf,
4fc74f81-42bf-4db5-b8d5-eb4bed5094ef,Go Beyond,380000,False,,,Animadrop & Chenda,Animadrop|CHENDA,dade27ec-0f65-4ac0-bc1d-ad43dfcc013a|62a84240-47bb-4f3e-a424-162263d8496b,Animadrop,dade27ec-0f65-4ac0-bc1d-ad43dfcc013a,
06ed4aa9-5e54-4a61-89cd-e71ae1ada16d,Looking for Love,,False,,,Alok,Alok,311dc522-c8c6-4114-9b6c-3ed0ed41316f,Alok,311dc522-c8c6-4114-9b6c-3ed0ed41316f,
6f8f6d27-ed74-4aaf-b84d-7f5a5a36d03f,Faded,244000,False,,,Alan Walker,Alan Walker,b0e4bc50-3062-4d31-afad-def6a6b7a8e9,Alan Walker,b0e4bc50-3062-4d31-afad-def6a6b7a8e9,
35e6de9b-0f59-46ec-b270-67db122db460,In Pieces,169000,True,,,Good Riddance,Good Riddance,ab4725b8-7a2f-429a-a55a-3dde07c9acea,Good Riddance,ab4725b8-7a2f-429a-a55a-3dde07c9acea,
17b69104-e647-4105-bb26-871bd28507c6,Movin’ Out (Anthony’s Song),241000,True,,from Old Grey Whistle Test,Billy Joel,Billy Joel,64b94289-9474-4d43-8c93-918ccc1920d1,Billy Joel,64b94289-9474-4d43-8c93-918ccc1920d1,
1525f1b0-2b1b-4125-958f-bf4e5739a2b1,Cellophane,197000,True,,,Don Broco,Don Broco,38fd7691-0543-409c-997f-7f15c10394a4,Don Broco,38fd7691-0543-409c-997f-7f15c10394a4,
dce79dfd-8cfe-4557-bb94-70b5659d3dcd,Purple Rain,370000,False,,"live, 2026‐03‐31: Target Center, Minneapolis, MN, USA",Bruce Springsteen & The E Street Band featuring Tom Morello,Bruce Springsteen|The E Street Band|Tom Morello,70248960-cb53-4ea4-943a-edb18f7d336f|d6652e7b-33fe-49ef-8336-4c863b4f996f|42a636a0-dbe4-4d0c-abe2-1590fad9531b,Bruce Springsteen,70248960-cb53-4ea4-943a-edb18f7d336f,
2b4c8778-dd3d-4a6a-9404-31d4e9a97f2c,Yeke Yeke,364000,False,,,Stylo & Space Motion,Stylo|Space Motion,0ca9fef6-4d55-435e-ab02-eaa0e52dc294|31bf7c23-a50c-4e8a-9cd7-6a4f062d50c9,Stylo,0ca9fef6-4d55-435e-ab02-eaa0e52dc294,
f289c35d-b5c2-45ae-94f7-a7d7f4247504,DROWN,201000,False,,,EBEN,EBEN,b72f8a6b-af5e-4abd-a744-ace874256314,EBEN,b72f8a6b-af5e-4abd-a744-ace874256314,
98ddc54d-42d6-4355-90ea-b9c42af84068,Sirens,298000,False,,,Rogue,Rogue,64d8e19f-ad15-4957-a403-035bfef0e2e7,Rogue,64d8e19f-ad15-4957-a403-035bfef0e2e7,
675b3304-6806-484b-9627-8aa17465f70c,Find You,312000,False,,,"Skrux, Felxprod & Complexion",Skrux|Felxprod|Complexion,1b415396-6fad-467a-abc1-8051bed49de1|7ee49344-6d9b-41e1-83f7-455e3515ac14|e01b6f16-509e-4203-ac93-7537415f1803,Skrux,1b415396-6fad-467a-abc1-8051bed49de1,
8d7b138c-c3a1-4f8f-96cb-783ea35e48ba,The Fall,272000,False,,,Rogue,Rogue,64d8e19f-ad15-4957-a403-035bfef0e2e7,Rogue,64d8e19f-ad15-4957-a403-035bfef0e2e7,
24e26715-b2ec-40d5-9136-7618fb3e9ad0,Risk It All,211000,True,,music video,Bruno Mars,Bruno Mars,afb680f2-b6eb-4cd7-a70b-a63b25c763d5,Bruno Mars,afb680f2-b6eb-4cd7-a70b-a63b25c763d5,
13f8a6f1-285c-42f4-bb43-f13a53ca1b75,EVERYTHING,212000,True,,,M.I.A.,M.I.A.,7cf0ea9d-86b9-4dad-ba9e-2355a64899ea,M.I.A.,7cf0ea9d-86b9-4dad-ba9e-2355a64899ea,
11dd6e91-0892-4167-8659-9da118fe472f,EVERYTHING,212000,True,,,M.I.A.,M.I.A.,7cf0ea9d-86b9-4dad-ba9e-2355a64899ea,M.I.A.,7cf0ea9d-86b9-4dad-ba9e-2355a64899ea,
92019156-a89d-45df-98e0-662935639c30,Last Resort,,False,,,Papa Roach,Papa Roach,c5eb9407-caeb-4303-b383-6929aa94021c,Papa Roach,c5eb9407-caeb-4303-b383-6929aa94021c,
648d2474-1aa4-42c1-9484-29d5e688b68c,boston,,False,,,Boston,Boston,0d8b0d50-e4cf-4da4-965d-f24c58ec3268,Boston,0d8b0d50-e4cf-4da4-965d-f24c58ec3268,
2ba30ee9-8a4a-45c4-be60-f1377205d97d,The End,,False,,compiled in The End / I Cry (Ernest St Laurent remix),Llorca,Llorca,f83b635c-08b2-4c18-a574-71742d02b02f,Llorca,f83b635c-08b2-4c18-a574-71742d02b02f,
691634ea-8ae8-4c19-a2b5-895ff36c69ba,Vicious Circle,242000,False,,Single,Adventurer,Adventurer,e4d33e05-5a8f-4921-a1e6-22857da35655,Adventurer,e4d33e05-5a8f-4921-a1e6-22857da35655,
97701820-1e93-482f-bdf1-7bd1d45620fe,Gaddaar,301000,True,,,Bloodywood,Bloodywood,4e478f4f-a1e5-4ac9-84a3-f58f5c6454ab,Bloodywood,4e478f4f-a1e5-4ac9-84a3-f58f5c6454ab,
53dcfeaa-bd72-46aa-9635-6c6b587caab3,Temptation,173000,False,,,Kendrick Lamar & J. Cole,Kendrick Lamar|J. Cole,381086ea-f511-4aba-bdf9-71c753dc5077|875203e1-8e58-4b86-8dcb-7190faf411c5,Kendrick Lamar,381086ea-f511-4aba-bdf9-71c753dc5077,
dc77daef-0d21-42c1-aac3-2cc8ad441382,Bad,243000,False,,,Michael Jackson,Michael Jackson,f27ec8db-af05-4f36-916e-3d57f91ecf5e,Michael Jackson,f27ec8db-af05-4f36-916e-3d57f91ecf5e,
5e33c2da-d00a-4c70-b436-60845455b2d9,Congratulations,,False,,explicit,Don Diablo & Brando,Don Diablo|Brando,d873aeb7-8bbe-4f79-91b8-0bc11c7ae313|abf5ba93-cd71-4ec9-b08d-de18da8b769e,Don Diablo,d873aeb7-8bbe-4f79-91b8-0bc11c7ae313,NL1ZN1900156
54cf1264-08c3-41a6-ac7d-34bf0e876fff,Psycho,177000,True,,,Anne‐Marie feat. Aitch,Anne‐Marie|Aitch,e3d5b5ec-101a-4529-9f2d-01dca64cf44e|57dd4661-9f78-4442-8836-482fab983008,Anne‐Marie,e3d5b5ec-101a-4529-9f2d-01dca64cf44e,
505eca19-6291-447f-a8af-fc0a46d15fc1,Pretty Good at Drinkin' Beer,219000,True,,,Billy Currington,Billy Currington,dbf94c49-0dd9-4f72-85d5-f548beb453f6,Billy Currington,dbf94c49-0dd9-4f72-85d5-f548beb453f6,
78ca752c-ee9b-4954-a2db-805e8756490e,Wish You Were Here,,False,,,Pink Floyd,Pink Floyd,83d91898-7763-47d7-b03b-b92132375c47,Pink Floyd,83d91898-7763-47d7-b03b-b92132375c47,
8539ae46-7914-4d7c-a2d1-0eb4148fda0d,Have A Cigar,,False,,,Pink Floyd,Pink Floyd,83d91898-7763-47d7-b03b-b92132375c47,Pink Floyd,83d91898-7763-47d7-b03b-b92132375c47,
99e8b837-3e04-4503-b270-9c3b69cb6315,Welcome To The Machine,,False,,,Pink Floyd,Pink Floyd,83d91898-7763-47d7-b03b-b92132375c47,Pink Floyd,83d91898-7763-47d7-b03b-b92132375c47,
4381c7f4-311c-4654-b20e-5bd0a0a92fb4,SUPERNATURAL,130000,True,,,Ryan Oakes,Ryan Oakes,7ed42b5a-5cd7-4c13-84d5-f4c89e570911,Ryan Oakes,7ed42b5a-5cd7-4c13-84d5-f4c89e570911,
833ac151-6109-444e-b80c-046131104b8f,Viol,152000,True,,,Gesaffelstein,Gesaffelstein,cc3e537d-ff34-423f-8cd6-635a80f4dba7,Gesaffelstein,cc3e537d-ff34-423f-8cd6-635a80f4dba7,
bf54d480-a910-4e83-929e-5ed6a6a46a13,Halo,240000,False,,"live, BBC Radio 1 Live Lounge",Florence + the Machine,Florence + the Machine,5fee3020-513b-48c2-b1f7-4681b01db0c6,Florence + the Machine,5fee3020-513b-48c2-b1f7-4681b01db0c6,
2b15af84-1ceb-4520-8e60-d5bea9138650,Last Man Standing,184000,True,,,Livingston,Livingston,20609f1a-672e-40e5-85b3-bcda4341049b,Livingston,20609f1a-672e-40e5-85b3-bcda4341049b,QM24S2308746
0adf0e88-7c57-48de-b488-f63b94fc8c68,Country Road,,False,,,James Taylor,James Taylor,107d0c22-d051-4d98-8206-4e14de02132a,James Taylor,107d0c22-d051-4d98-8206-4e14de02132a,
ff9f579a-38f9-46ac-9007-b74a2d0a769e,Stars Fell on Alabama,345000,False,,Live at Stagecoach,Lana Del Rey,Lana Del Rey,b7539c32-53e7-4908-bda3-81449c367da6,Lana Del Rey,b7539c32-53e7-4908-bda3-81449c367da6,
ab1d1328-ad48-445f-bd50-6a063d7e413e,Demon Slayer Freestyle,133000,False,,,"Khantrast, Musicality, mellowthemanic & FabvL",Khantrast|Musicality|mellowthemanic|FabvL,dbf4c8fb-945d-4dd6-93e0-e94ef53fef75|b0f4d9f3-930a-4f8b-b5af-9a857dc1c16f|f8f19c7c-09be-4e0e-a921-bbc7c96880ba|c57be403-80e4-40cb-88ca-011fae09cb56,Khantrast,dbf4c8fb-945d-4dd6-93e0-e94ef53fef75,
113a04ca-878c-4e9d-ae72-39b4506c6276,I Hate Everything About You,104000,False,,,longlost,longlost,5eb0fa33-777c-4739-9805-4ea304cff6ac,longlost,5eb0fa33-777c-4739-9805-4ea304cff6ac,
493a873d-5485-4dc8-bc0e-20cad6bb8236,No Silence,4065000,False,,non-stop track,ATB,ATB,22a096ef-c70d-4d70-ae19-4fc2412d4986,ATB,22a096ef-c70d-4d70-ae19-4fc2412d4986,
49df591e-0a7b-4b45-9850-fa59a39cd1f3,Agar Tum Mil Jao,258000,False,,MTV Unplugged,Shreya Ghoshal,Shreya Ghoshal,a8740949-50a8-4e71-8133-17d31b7cf69c,Shreya Ghoshal,a8740949-50a8-4e71-8133-17d31b7cf69c,
39df4452-a18a-40de-9fd2-f8c042bb9be7,GIFT,261000,True,,,Iyanya ft. Don Jazzy,Iyanya|Don Jazzy,6af31188-b6fb-4054-ae61-3be9260a837f|4b0d4dc2-4be7-4295-a816-6e876c1ee6cb,Iyanya,6af31188-b6fb-4054-ae61-3be9260a837f,
8578f4ba-6471-47d5-820e-4cca106d0349,Lovely,181000,False,,,Lauren Babic & Jordan Radvansky,Lauren Babic|Jordan Radvansky,a65980eb-3592-40ac-ae08-dc1fde8e3364|b35e3518-f5f1-4d0b-97e0-4e0d86fe1e46,Lauren Babic,a65980eb-3592-40ac-ae08-dc1fde8e3364,
674c80fb-adfe-4bb0-b55c-a4a98ecb1e14,And They’re Off,213000,True,,,The Flatliners,The Flatliners,e5b8c0f3-0752-4a76-987a-96098ce9d490,The Flatliners,e5b8c0f3-0752-4a76-987a-96098ce9d490,
7925d2e2-a957-4837-b6d8-1896f9c15b1f,Bailando (English Version,243000,False,,,Enrique Iglesias,Enrique Iglesias,35f866dc-c061-48ba-8157-cf2e0eac4857,Enrique Iglesias,35f866dc-c061-48ba-8157-cf2e0eac4857,
b172fa0b-6864-41d7-901f-2ade5b7ed27b,Princess Bubblegum,95000,False,,,ilyTOMMY,ilyTOMMY,13515f17-00c5-4de7-9e1a-ec67c7b570b3,ilyTOMMY,13515f17-00c5-4de7-9e1a-ec67c7b570b3,TCADT1841023
c8ce7da8-333c-40fd-bcc0-d036aca187a9,Bubblegum Bitch,155000,False,,,MARINA,MARINA,7f3d82ee-3817-4367-9eec-f33a312247a1,MARINA,7f3d82ee-3817-4367-9eec-f33a312247a1,
ba4e2d7d-4f5f-4e37-8f4c-15bc393b5301,Not Enough,,False,,,Lacuna Coil,Lacuna Coil,6fea1339-260c-40fe-bb7a-ace5c8438955,Lacuna Coil,6fea1339-260c-40fe-bb7a-ace5c8438955,
c305b956-044d-440a-8c68-c52fd445ca92,someone new,154000,False,,,Arden Jones,Arden Jones,6dbc04e7-e3c9-481f-9e29-a843e1f14b9e,Arden Jones,6dbc04e7-e3c9-481f-9e29-a843e1f14b9e,
fde635bf-b0a2-40ec-9fcb-0607bca9394a,Khoya,178000,False,,,Zariya feat. Aseem,Zariya|Aseem,b00b23c5-4350-443d-b420-8038ce88768e|b65893f3-0a8b-4fc3-a120-3d43ea2dfdec,Zariya,b00b23c5-4350-443d-b420-8038ce88768e,QZDA52098484
438a60cb-aed1-4e84-8539-2db57e438636,Ma Ma Mind,164000,False,,,Matvey Emerson & Lucifer,Matvey Emerson|Lucifer,df7048be-7df0-4e71-bcf8-ced7cdf08c1b|792f8429-7bf6-4bcc-932c-54378228e72f,Matvey Emerson,df7048be-7df0-4e71-bcf8-ced7cdf08c1b,
a26ec415-379a-470d-8220-db330ab45ae3,The Alphabet Song,91000,True,,for Sesame Street #3526,Ray Charles,Ray Charles,2ce02909-598b-44ef-a456-151ba0a3bd70,Ray Charles,2ce02909-598b-44ef-a456-151ba0a3bd70,
c98b8810-1cdf-4858-a464-7caa1a1297ac,Be the one,211000,True,,"live, 2016-07-17: Inas Nacht",Dua Lipa,Dua Lipa,6f1a58bf-9b1b-49cf-a44a-6cefad7ae04f,Dua Lipa,6f1a58bf-9b1b-49cf-a44a-6cefad7ae04f,
463e2b2d-9c59-40ae-a5b6-0b976d0ac8d8,You Are,192000,False,,,Gareth Emery & Emily Vaughn,Gareth Emery|Emily Vaughn,73549455-66cb-4570-b0bf-caf3d8d631fe|724a3171-ddf1-442d-b2c3-35a882749540,Gareth Emery,73549455-66cb-4570-b0bf-caf3d8d631fe,
0f1ba426-b6e1-4052-aa1c-3422d86592e2,Love You Like A Love Song,198000,False,,"live, 2011-11-17: Ellen",Selena Gomez & the Scene,Selena Gomez & the Scene,37d0a847-32d3-480f-bd1e-101f50a3d332,Selena Gomez & the Scene,37d0a847-32d3-480f-bd1e-101f50a3d332,
0659c737-e8d6-456b-8421-c3101b201ed3,Whatever,,False,,,Oasis,Oasis,39ab1aed-75e0-4140-bd47-540276886b60,Oasis,39ab1aed-75e0-4140-bd47-540276886b60,
a80aa632-889d-4a66-9eeb-c0ff2c21a8eb,Champagne Supernova,,False,,,Oasis,Oasis,39ab1aed-75e0-4140-bd47-540276886b60,Oasis,39ab1aed-75e0-4140-bd47-540276886b60,
e3d95556-6d94-4428-8d61-a4248fb3a2d8,Hello,,False,,,Oasis,Oasis,39ab1aed-75e0-4140-bd47-540276886b60,Oasis,39ab1aed-75e0-4140-bd47-540276886b60,
fdd9f939-2bba-4cb9-92a4-c615a75c3721,Wonderwall,,False,,,Oasis,Oasis,39ab1aed-75e0-4140-bd47-540276886b60,Oasis,39ab1aed-75e0-4140-bd47-540276886b60,
56753c24-9a62-4a22-b4cf-9e88683a5c67,Supersonic,,False,,,Oasis,Oasis,39ab1aed-75e0-4140-bd47-540276886b60,Oasis,39ab1aed-75e0-4140-bd47-540276886b60,
2ae35391-391c-428e-a9b0-a5f1bb8a977f,Hello,,False,,,Oasis,Oasis,39ab1aed-75e0-4140-bd47-540276886b60,Oasis,39ab1aed-75e0-4140-bd47-540276886b60,
72c12ab5-4787-44e9-bb10-3b6b4d1f5f70,Champagne Supernova,,False,,,Oasis,Oasis,39ab1aed-75e0-4140-bd47-540276886b60,Oasis,39ab1aed-75e0-4140-bd47-540276886b60,
de49168c-08cc-4a3a-bb9c-18a93d37adc9,Live Forever,,False,,,Oasis,Oasis,39ab1aed-75e0-4140-bd47-540276886b60,Oasis,39ab1aed-75e0-4140-bd47-540276886b60,
5f048a9d-356b-4014-9449-a817c41578f2,Hello,,False,,,Oasis,Oasis,39ab1aed-75e0-4140-bd47-540276886b60,Oasis,39ab1aed-75e0-4140-bd47-540276886b60,
b9c9777b-8b7a-4ae2-810e-0e26116f473a,Supersonic,,False,,,Oasis,Oasis,39ab1aed-75e0-4140-bd47-540276886b60,Oasis,39ab1aed-75e0-4140-bd47-540276886b60,
be9e6604-1b44-4fa3-9f07-130e8224f845,Little by Little,,False,,,Oasis,Oasis,39ab1aed-75e0-4140-bd47-540276886b60,Oasis,39ab1aed-75e0-4140-bd47-540276886b60,
19c86f31-cc0e-4d7f-ab21-13753b4b5c06,Stand by Me,,False,,,Oasis,Oasis,39ab1aed-75e0-4140-bd47-540276886b60,Oasis,39ab1aed-75e0-4140-bd47-540276886b60,
841fab6c-0e42-4801-9343-0364c037c571,Fade Away,,False,,,Oasis,Oasis,39ab1aed-75e0-4140-bd47-540276886b60,Oasis,39ab1aed-75e0-4140-bd47-540276886b60,
30f529cf-da00-4a7d-9223-74d6f8068844,Fade Away,,False,,,Oasis,Oasis,39ab1aed-75e0-4140-bd47-540276886b60,Oasis,39ab1aed-75e0-4140-bd47-540276886b60,
0cf52e96-fb9e-45b3-96ef-90fb2ad790ad,Live Forever,,False,,,Oasis,Oasis,39ab1aed-75e0-4140-bd47-540276886b60,Oasis,39ab1aed-75e0-4140-bd47-540276886b60,
ab5f26b3-6591-4ea8-8ede-a449a87b0beb,Little by Little,,False,,,Oasis,Oasis,39ab1aed-75e0-4140-bd47-540276886b60,Oasis,39ab1aed-75e0-4140-bd47-540276886b60,
18da530b-934e-44dd-bc87-c4f521b2c1bc,Wonderwall,,False,,,Oasis,Oasis,39ab1aed-75e0-4140-bd47-540276886b60,Oasis,39ab1aed-75e0-4140-bd47-540276886b60,
e402ac85-faf5-4982-ad85-fb1ddd4b3b19,Whatever,,False,,,Oasis,Oasis,39ab1aed-75e0-4140-bd47-540276886b60,Oasis,39ab1aed-75e0-4140-bd47-540276886b60,
8a6e4fa9-29af-4c75-ad27-873dda955156,Stand by Me,,False,,,Oasis,Oasis,39ab1aed-75e0-4140-bd47-540276886b60,Oasis,39ab1aed-75e0-4140-bd47-540276886b60,
b0eef552-15db-4f91-9b91-d6cfe3cbd5a9,Darling,182000,False,,,SURAN & Peder Elias,SURAN|Peder Elias,8ad07a28-442d-4f2b-a353-f0928ce17a81|43c225b2-69de-44e5-9337-17895b4ce840,SURAN,8ad07a28-442d-4f2b-a353-f0928ce17a81,
6a46ac81-5de1-4b1f-a937-039629ea9dd1,Moon,,False,,,DJ Red,DJ Red,15e05c28-de3a-450a-a228-4f00505b4983,DJ Red,15e05c28-de3a-450a-a228-4f00505b4983,
9bf1a983-8c13-4c19-a57d-8cd5714c3268,Like a Rolling Stone,,True,,interactive music video,Bob Dylan,Bob Dylan,72c536dc-7137-4477-a521-567eeb840fa8,Bob Dylan,72c536dc-7137-4477-a521-567eeb840fa8,
13c29173-62a3-4762-9dae-edca3ae58bde,Wishes,287000,True,,music video,Beach House,Beach House,d5cc67b8-1cc4-453b-96e8-44487acdebea,Beach House,d5cc67b8-1cc4-453b-96e8-44487acdebea,
6279ec2c-5086-407f-9eac-21a63ea8605c,Hit the Lights,,False,,,Metallica,Metallica,65f4f0c5-ef9e-490c-aee3-909e7ae6b2ab,Metallica,65f4f0c5-ef9e-490c-aee3-909e7ae6b2ab,
b3e810f6-1110-4c24-a606-7240b77bcc56,Duele,216000,True,,music video,Bomba Estéreo,Bomba Estéreo,aea8576d-7ad5-4430-bf2e-63725d80f05c,Bomba Estéreo,aea8576d-7ad5-4430-bf2e-63725d80f05c,
f00a40af-30d7-4450-b274-ea888441627f,Lonely Boy,196000,True,,music video,The Black Keys,The Black Keys,d15721d8-56b4-453d-b506-fc915b14cba2,The Black Keys,d15721d8-56b4-453d-b506-fc915b14cba2,
b1788cc6-7441-4ff3-8239-bda5f4ae5bae,Golden Age,225000,True,,music video,TV on the Radio,TV on the Radio,eb872766-98f6-453d-883f-2ae908a18315,TV on the Radio,eb872766-98f6-453d-883f-2ae908a18315,
b16ae6e7-ba40-4cdd-bc5e-644b86a070fa,Two Weeks,250000,True,,music video,Grizzly Bear,Grizzly Bear,59a7fbcb-ff74-494d-abd0-9c82359040c9,Grizzly Bear,59a7fbcb-ff74-494d-abd0-9c82359040c9,
ba847dd7-aaba-4636-ba04-c1be04e99f33,Countdown,213000,True,,music video,Beyoncé,Beyoncé,859d0860-d480-4efd-970c-c05d5f1776b8,Beyoncé,859d0860-d480-4efd-970c-c05d5f1776b8,
56a34845-24c4-4573-830d-63b3cf46cf1a,Big Bad Wolf,184000,True,,music video,Duck Sauce,Duck Sauce,5269d3d2-63c6-4b8f-8200-6908ffa365d5,Duck Sauce,5269d3d2-63c6-4b8f-8200-6908ffa365d5,
ed0a3878-7f5d-4668-8929-260609bc0692,Somebody,289000,False,,2019-03-26 version,Kendrick Lamar & Bēkon,Kendrick Lamar|Bēkon,381086ea-f511-4aba-bdf9-71c753dc5077|2562d27a-a14f-436d-873e-709ed895eff8,Kendrick Lamar,381086ea-f511-4aba-bdf9-71c753dc5077,
70f9a763-20f6-4007-9d95-9e8c0fcde06d,Fangs,205000,True,,official music video,Loathe,Loathe,56eb02c4-1f16-4613-8bb3-b4a752283fc3,Loathe,56eb02c4-1f16-4613-8bb3-b4a752283fc3,
88e863a5-93ae-44c2-a684-3f70c9cbfad6,If I Die Young,230000,True,,,The Band Perry,The Band Perry,28955336-2348-488a-9381-e3a7b0107343,The Band Perry,28955336-2348-488a-9381-e3a7b0107343,
2e78d754-fbcf-48d3-852c-edcaef3b9779,iNTRO,,False,,,FiNCH,FiNCH,92653164-7cbd-468f-afa3-b0baa3e05986,FiNCH,92653164-7cbd-468f-afa3-b0baa3e05986,DE1TY2600013
e97d0e6e-a119-4634-a62f-19c7c85b51a8,The Sound of Silence,362000,False,,,Cody Fry,Cody Fry,8a179406-ff69-438c-9708-2d3ff7f3b2c6,Cody Fry,8a179406-ff69-438c-9708-2d3ff7f3b2c6,
7bd1811a-9807-4087-a939-9a64a7044c34,Murderer,69000,False,,,Busy Signal feat. Alborosie,Busy Signal|Alborosie,63e2a7b3-3167-460f-9f72-24af5670b7bc|dad904da-8bd7-46b2-b202-f9a9ecd6bbab,Busy Signal,63e2a7b3-3167-460f-9f72-24af5670b7bc,
5bde399d-977f-462c-a805-e5e87a349b56,Wow,198000,True,,,Kylie Minogue,Kylie Minogue,2fddb92d-24b2-46a5-bf28-3aed46f4684c,Kylie Minogue,2fddb92d-24b2-46a5-bf28-3aed46f4684c,
2530c972-197c-4b30-b44a-cffaaff02200,Wonders,,False,,,Sebastian Plano,Sebastian Plano,46ae9fa0-3f11-49ff-8e9c-824c6993b954,Sebastian Plano,46ae9fa0-3f11-49ff-8e9c-824c6993b954,QM4TX2646661
ddaa8b9b-22c3-4687-9c57-c85d5b7a24b4,Stardust,256000,False,,,Kayou.,Kayou.,5976cc9e-463a-4e61-af3b-820d689739fd,Kayou.,5976cc9e-463a-4e61-af3b-820d689739fd,
0977e111-6951-4e4f-8e9e-46f08338f998,Two-Way Mirror,301000,True,,official music video,Loathe,Loathe,56eb02c4-1f16-4613-8bb3-b4a752283fc3,Loathe,56eb02c4-1f16-4613-8bb3-b4a752283fc3,
0001e4cb-b5f5-4bbd-b62b-d4a45e273d84,Face Off,,True,,music video,Tech N9ne,Tech N9ne,dde3d9b1-0e44-48bc-b0c9-d739b3570000,Tech N9ne,dde3d9b1-0e44-48bc-b0c9-d739b3570000,
68af02ae-c037-449e-afe5-0b37e94f6b64,Breath,201000,True,,Official Music Video,Elohim,Elohim,1734fde8-6396-409e-97b0-d14c5fc614fb,Elohim,1734fde8-6396-409e-97b0-d14c5fc614fb,
663519a5-da61-43db-86cd-ef6d6f3208c1,From the Cradle to Enslave,592000,False,,,Cradle of Filth,Cradle of Filth,7e26cbe1-b8f5-4215-af82-e43d5f8ff308,Cradle of Filth,7e26cbe1-b8f5-4215-af82-e43d5f8ff308,
01be8ebd-59f4-4987-b6ee-27a08a83b2f3,A View to a Kill,,False,,,Duran Duran,Duran Duran,1a1cd7f3-e5df-4eca-bae2-2757c9e656b5,Duran Duran,1a1cd7f3-e5df-4eca-bae2-2757c9e656b5,
0f2c871c-eee9-44ce-ac91-fa604971660c,My Dearest,354000,True,,,supercell,supercell,9b15ff5e-5bd1-43c2-821d-e31240aad334,supercell,9b15ff5e-5bd1-43c2-821d-e31240aad334,
a8b85e88-48f5-4aea-83fe-5e13e374f85e,Daffodils,237000,False,,"live, SiriusXM",Foals,Foals,6a65d878-fcd0-42cf-aff9-ca1d636a8bcc,Foals,6a65d878-fcd0-42cf-aff9-ca1d636a8bcc,
5fc15687-c6d7-431d-83b8-9c0744643fe3,Fake Plastic Trees,275000,False,,"live, SiriusXM",Gin Blossoms,Gin Blossoms,1c42b705-d3fc-452e-93ee-d0030bdd70f3,Gin Blossoms,1c42b705-d3fc-452e-93ee-d0030bdd70f3,
960e1a07-26a5-4d28-bc90-5727441b4ac0,Hide and Seek,280000,False,,"live, SiriusXM",Finneas,FINNEAS,151cd917-1ee2-4702-859f-90899ad897f8,FINNEAS,151cd917-1ee2-4702-859f-90899ad897f8,
5fb003ca-08e3-4176-a5e2-015598cf1a37,Ivy,145000,False,,"live, SiriusXM Studios",Bishop Briggs,Bishop Briggs,ee0c82bb-85ca-4a3c-94b8-d7221e74333f,Bishop Briggs,ee0c82bb-85ca-4a3c-94b8-d7221e74333f,
0b6cacab-fb7b-42b7-bc4d-0608f4eda838,Daughters,195000,False,,"live, SiriusXM Studios",Charlie Puth,Charlie Puth,525f1f1c-03f0-4bc8-8dfd-e7521f87631b,Charlie Puth,525f1f1c-03f0-4bc8-8dfd-e7521f87631b,
60ab78b2-3d39-4c42-bee9-acbb6175a6ef,Right Down the Line,349000,False,,"live, SiriusXM Studios",Bonnie Raitt,Bonnie Raitt,0f0da09c-3940-4cb5-879f-4cea28907810,Bonnie Raitt,0f0da09c-3940-4cb5-879f-4cea28907810,
e71bac0b-866e-4e91-94d7-991d69c968bf,The Weight,253000,False,,"live, SiriusXM Studios",Elle King,Elle King,e7287972-ca8d-4133-a1d6-5446486ed075,Elle King,e7287972-ca8d-4133-a1d6-5446486ed075,
844a4c93-7d45-4aa9-959c-11eda50c98f4,Lovesong,216000,False,,"live, SiriusXM Studios",311,311,bf600e2b-dc2d-4839-a1be-6ebef4087cd0,311,bf600e2b-dc2d-4839-a1be-6ebef4087cd0,
17a6f29b-2d40-4bb5-a793-7b73ab44bdfc,Someone You Loved,147000,False,,"live, SiriusXM Studios",Alec Benjamin,Alec Benjamin,21a14ee3-cede-420a-9d6d-a33517d2f952,Alec Benjamin,21a14ee3-cede-420a-9d6d-a33517d2f952,
36ce3005-14b3-4a71-ab6a-7b27c094a01a,First Date,178000,False,,"live, SiriusXM Studios",Beartooth,Beartooth,98a1e0ab-35fa-40dd-b62c-9fda46fdb061,Beartooth,98a1e0ab-35fa-40dd-b62c-9fda46fdb061,
96099ad5-2a63-4619-85f6-48ae61c58808,Levels,167000,False,,"live, SiriusXM Studios",Alessia Cara,Alessia Cara,97e69730-3791-423b-9770-287261588854,Alessia Cara,97e69730-3791-423b-9770-287261588854,
ca12d79a-55f0-4f21-8fb1-e438d5e97768,Paranoid,166000,False,,"live, SiriusXM Studios",Chicano Batman,Chicano Batman,46efbaa6-1bf3-44b5-8838-67f77d77aa96,Chicano Batman,46efbaa6-1bf3-44b5-8838-67f77d77aa96,
d2a5c728-1b55-48c0-a2ae-05d1e1bdd30d,High-Flying Bird,236000,False,,"live, 1973-12: Hammersmih Odeon, London (UK)",Elton John,Elton John,b83bc61f-8451-4a5d-8b8e-7e9ed295e822,Elton John,b83bc61f-8451-4a5d-8b8e-7e9ed295e822,
5fbce425-5782-4ff0-ba12-e9d162900c31,Survivor,85000,False,,"live, SiriusXM Studios",Alec Benjamin,Alec Benjamin,21a14ee3-cede-420a-9d6d-a33517d2f952,Alec Benjamin,21a14ee3-cede-420a-9d6d-a33517d2f952,
ca415561-6c61-44e8-9b67-46d0c0fcb198,あの夢をなぞって,240000,True,,,YOASOBI,YOASOBI,df6c619f-4334-43e2-8b6a-4a32af1e4f85,YOASOBI,df6c619f-4334-43e2-8b6a-4a32af1e4f85,
56fed923-eca5-44ce-b176-b2960d7055c9,Monster,129000,False,,,"Huts, Jordan Jay & Idetto",Huts|Jordan Jay|Idetto,35ca0f70-7bd3-4581-b524-86d49b9ef377|ff99b401-52a7-4188-babb-73fb7b1b1603|23f1f74f-7b07-4097-98af-eb327a111773,Huts,35ca0f70-7bd3-4581-b524-86d49b9ef377,
8cf685dc-f56e-4610-963d-237908c718e3,Over It,226000,True,,music video,Dinosaur Jr.,Dinosaur Jr.,77c167d2-4965-4421-830a-9815e4956475,Dinosaur Jr.,77c167d2-4965-4421-830a-9815e4956475,
89b447e3-e963-4a1c-84d1-0582d0cb6c9e,All Through the Night,199000,True,,music video,Escort,Escort,d1905c22-27b7-4e14-8e04-caf9a31ec8b4,Escort,d1905c22-27b7-4e14-8e04-caf9a31ec8b4,
f9239dfc-1ddb-46d1-b835-ecfbc7fcaa83,Stress,,True,,music video,Justice,Justice,860b2707-6153-4e3a-aa57-74d2b42c55b5,Justice,860b2707-6153-4e3a-aa57-74d2b42c55b5,
4976bf36-66d0-4e7c-a439-57ee85876835,The Boys of Summer,286000,True,,music video,Don Henley,Don Henley,b2c2d4fe-8c1e-44ec-8be6-ff500e105a90,Don Henley,b2c2d4fe-8c1e-44ec-8be6-ff500e105a90,
c15abba1-d0eb-466d-aa05-c8f81ba8ea4e,Alive,296000,True,,music video,Pearl Jam,Pearl Jam,83b9cbe7-9857-49e2-ab8e-b57b01038103,Pearl Jam,83b9cbe7-9857-49e2-ab8e-b57b01038103,
d6d6f36b-d94d-4716-a595-50096b31b188,It Was a Good Day,307000,True,,music video,Ice Cube,Ice Cube,1d11e2a1-4531-4d61-a8c7-7b5c6a608fd2,Ice Cube,1d11e2a1-4531-4d61-a8c7-7b5c6a608fd2,
949f9cfb-7027-4a6c-8859-9dc5ed3f5bb6,We're Not Gonna Take It,272000,True,,music video,Twisted Sister,Twisted Sister,c6122fee-089f-41c4-a34f-e5f7e5607b05,Twisted Sister,c6122fee-089f-41c4-a34f-e5f7e5607b05,
1730a332-0ebe-4217-b674-0ae47f3d052a,We're Not Gonna Take it,392000,True,,music video [extended version],Twisted Sister,Twisted Sister,c6122fee-089f-41c4-a34f-e5f7e5607b05,Twisted Sister,c6122fee-089f-41c4-a34f-e5f7e5607b05,
a4318e30-2496-4c5b-a4e6-d8a610d16c1e,Watermelon Sugar,189000,True,,music video,Harry Styles,Harry Styles,7eb1ce54-a355-41f9-8d68-e018b096d427,Harry Styles,7eb1ce54-a355-41f9-8d68-e018b096d427,
02f7fb9e-c282-42ac-8458-d5a286263d5d,Sorry,205000,True,,,Joel Corry,Joel Corry,7b545a9d-0be7-4a32-90ff-154489117216,Joel Corry,7b545a9d-0be7-4a32-90ff-154489117216,
049a8377-8727-4eb1-a5eb-65e71abd63e2,Wicked Game,215000,False,,,Washed Out,Washed Out,74a30f2a-dae6-4e99-8a75-cb0f93b31aa6,Washed Out,74a30f2a-dae6-4e99-8a75-cb0f93b31aa6,
4ce6abc5-c2ed-43ed-a215-d7d0a2556a4f,Perfect Day,291000,True,,,supercell,supercell,9b15ff5e-5bd1-43c2-821d-e31240aad334,supercell,9b15ff5e-5bd1-43c2-821d-e31240aad334,
4e8c5714-c25c-4785-8fae-2fd9da7f6500,Move Me,36000,False,,,Drew Sarich & Sonja Romei,Drew Sarich|Sonja Romei,0a8d2709-0da1-4cfc-b0ea-189d8d504146|012cac6a-8f2a-47b3-9f4b-c4d5da785f34,Drew Sarich,0a8d2709-0da1-4cfc-b0ea-189d8d504146,
9dcf3881-0c88-4dfb-8d32-9de35305916c,Closer,244000,True,,,Boyce Avenue ft. Sarah Hyland,Boyce Avenue|Sarah Hyland,0e517f4b-6d89-48f0-8a11-16416bd0fdcb|7d015ab0-a822-4174-b446-3a9b1644099e,Boyce Avenue,0e517f4b-6d89-48f0-8a11-16416bd0fdcb,
38513227-dd34-446c-80cc-8b12c89c8398,I'm Afraid,131000,True,,film version,Charli xcx,Charli xcx,260b6184-8828-48eb-945c-bc4cb6fc34ca,Charli xcx,260b6184-8828-48eb-945c-bc4cb6fc34ca,
338b7610-286c-4080-8f49-3e4583e6750a,Panzer,200000,False,,,Montez,Montez,07742730-41c7-4af9-96ef-9539e1341d26,Montez,07742730-41c7-4af9-96ef-9539e1341d26,
8cb3be2e-ba1d-4f4c-9d99-d313be5087bb,Taconeando,139000,True,,XXXXX livestream,Arca,Arca,f7625f34-1799-42a4-a1c6-22b5377c767b,Arca,f7625f34-1799-42a4-a1c6-22b5377c767b,
b236a374-1a44-49dc-9ffd-1c6348ff7632,Sueño,274000,True,,XXXXX livestream,Arca,Arca,f7625f34-1799-42a4-a1c6-22b5377c767b,Arca,f7625f34-1799-42a4-a1c6-22b5377c767b,
aefb6eff-f85a-487b-ba85-69a1a6e1c08c,drop it,230000,False,,,"brakence, kmoe",brakence|kmoe,e636b15f-00c5-45fd-9c33-845a08c8f92d|88040dd1-4841-48e0-9aec-4e606ca52825,brakence,e636b15f-00c5-45fd-9c33-845a08c8f92d,
341aeafe-bc7c-42d7-86a4-016e3d01a662,Rolling Like a Ball,267000,True,,Performance Video,Ludovico Einaudi,Ludovico Einaudi,fa34b363-79df-434f-a5b8-be4e6898543f,Ludovico Einaudi,fa34b363-79df-434f-a5b8-be4e6898543f,
b8a9b928-4b56-4899-8ebb-36e5c6273a1c,Indian Yellow,214000,True,,Performance Video,Ludovico Einaudi,Ludovico Einaudi,fa34b363-79df-434f-a5b8-be4e6898543f,Ludovico Einaudi,fa34b363-79df-434f-a5b8-be4e6898543f,
224801af-d7c0-4c3a-9d22-d4c5e6a8be40,Swordfish,229000,True,,Performance Video,Ludovico Einaudi,Ludovico Einaudi,fa34b363-79df-434f-a5b8-be4e6898543f,Ludovico Einaudi,fa34b363-79df-434f-a5b8-be4e6898543f,
194d8304-ef2c-438e-8aa1-de8456a775f9,Underwater,262000,True,,Performance Video,Ludovico Einaudi,Ludovico Einaudi,fa34b363-79df-434f-a5b8-be4e6898543f,Ludovico Einaudi,fa34b363-79df-434f-a5b8-be4e6898543f,
9c82d469-7f40-4e44-ad6c-9417d4121166,Temple White,290000,True,,Performance Video,Ludovico Einaudi,Ludovico Einaudi,fa34b363-79df-434f-a5b8-be4e6898543f,Ludovico Einaudi,fa34b363-79df-434f-a5b8-be4e6898543f,
425afa2e-f942-4478-9fc3-911f0f58668e,Flora,364000,True,,Performance Video,Ludovico Einaudi,Ludovico Einaudi,fa34b363-79df-434f-a5b8-be4e6898543f,Ludovico Einaudi,fa34b363-79df-434f-a5b8-be4e6898543f,
399f9b8b-67ab-467a-a875-d56e4fde9b4f,Wind Song,207000,True,,Performance Video,Ludovico Einaudi,Ludovico Einaudi,fa34b363-79df-434f-a5b8-be4e6898543f,Ludovico Einaudi,fa34b363-79df-434f-a5b8-be4e6898543f,
948b52e6-5e88-49ca-a639-e856e175deba,Natural Light,359000,True,,Performance Video,Ludovico Einaudi,Ludovico Einaudi,fa34b363-79df-434f-a5b8-be4e6898543f,Ludovico Einaudi,fa34b363-79df-434f-a5b8-be4e6898543f,
a89a97cb-3bc5-4cf3-b953-953c3074869a,Almost June,185000,True,,Performance Video,Ludovico Einaudi,Ludovico Einaudi,fa34b363-79df-434f-a5b8-be4e6898543f,Ludovico Einaudi,fa34b363-79df-434f-a5b8-be4e6898543f,
3b7ca046-f65e-4f01-9b5b-9bf74ab07b6f,Willow,228000,True,,XXXXX livestream,Arca,Arca,f7625f34-1799-42a4-a1c6-22b5377c767b,Arca,f7625f34-1799-42a4-a1c6-22b5377c767b,
197a4caa-774d-47bc-ab64-246745fae738,Nobody Knows,249000,True,,Performance Video,Ludovico Einaudi,Ludovico Einaudi,fa34b363-79df-434f-a5b8-be4e6898543f,Ludovico Einaudi,fa34b363-79df-434f-a5b8-be4e6898543f,
1551d2b6-800d-409f-9882-ba559fcdca18,Ritual,211000,True,,Performance Video,The Warning,The Warning,7f625f35-7e53-4f08-9201-16643979484b,The Warning,7f625f35-7e53-4f08-9201-16643979484b,
4888ed2b-6e9a-4229-81e5-289345ee0ab5,Heart,151000,True,,XXXXX livestream,Arca,Arca,f7625f34-1799-42a4-a1c6-22b5377c767b,Arca,f7625f34-1799-42a4-a1c6-22b5377c767b,
1df9bf5b-293f-44cf-ba99-dd88926202e1,Everything,242000,True,,XXXXX livestream,Arca,Arca,f7625f34-1799-42a4-a1c6-22b5377c767b,Arca,f7625f34-1799-42a4-a1c6-22b5377c767b,
7e6746a6-3a1f-49f9-b20f-80c6c7f5f3a9,Birds Of A Feather,247000,False,,live; SiriusXM Studios,Bastille,Bastille,7808accb-6395-4b25-858c-678bbb73896b,Bastille,7808accb-6395-4b25-858c-678bbb73896b,
5aa1d2a7-baae-4dde-9bf2-2c2e3c639e26,Enjoy the Silence,180000,True,,,Keane,Keane,c7020c6d-cae9-4db3-92a7-e5c561cbad50,Keane,c7020c6d-cae9-4db3-92a7-e5c561cbad50,
53602550-1bb3-474c-a992-8994d07b380d,Attitude,,True,,"live Ullevi, Gothenburg 2018-07-21",Guns N’ Roses,Guns N’ Roses,eeb1195b-f213-4ce1-b28c-8565211f8e43,Guns N’ Roses,eeb1195b-f213-4ce1-b28c-8565211f8e43,
85dd5203-1817-4d74-a692-f988fd60c832,Always,438000,False,,,Gateway Worship & Jessie Harris,Gateway Worship|Jessie Harris,17d3108b-d3ef-47b7-95c7-ebe89f2585dd|774b56c7-e3e0-467e-a542-53c1eb612284,Gateway Worship,17d3108b-d3ef-47b7-95c7-ebe89f2585dd,US6WP2600019
c67361b9-09b1-4062-8268-3187876accbe,反對無效,232000,True,,,MC 張天賦,MC 張天賦,845efbcd-e18b-4f32-a9df-a2cbadcbea27,MC 張天賦,845efbcd-e18b-4f32-a9df-a2cbadcbea27,HKY492108202
2a26f4d7-a7db-48c2-b818-c55a1441965d,Zodiac,238000,False,,,Lana Del Rey,Lana Del Rey,b7539c32-53e7-4908-bda3-81449c367da6,Lana Del Rey,b7539c32-53e7-4908-bda3-81449c367da6,
690d09b2-6162-4901-bb5f-350d316eafb8,World Is Mine,296000,True,,,Lane 8,Lane 8,bd052b81-353a-4bce-8cd8-72ba9d4ce414,Lane 8,bd052b81-353a-4bce-8cd8-72ba9d4ce414,
2c994f5c-6981-4800-962c-c30d18665319,Hark! The Herald Angels Sing,187000,True,,"live: 12.1999‐12‐05: “Oldies im Schnee”, ZDF",Baccara,Baccara,dceb601d-6e06-4889-bd69-bbb26d047c1c,Baccara,dceb601d-6e06-4889-bd69-bbb26d047c1c,
79a3c45e-31e8-49d8-836d-402dc126578a,Descending,287000,False,,recorded for Masochism,Sky Ferreira,Sky Ferreira,05f3353e-e2d9-4344-a3c9-8009dd8e0427,Sky Ferreira,05f3353e-e2d9-4344-a3c9-8009dd8e0427,
cb7b4eb6-cc51-42a6-8602-637d314ab5ba,BROTHER LOUIE MIX '98 (feat. Eric Singleton) Radio Edit,,False,,,Modern Talking,Modern Talking,98913495-8867-43b3-aa8d-db88ee4d4cdc,Modern Talking,98913495-8867-43b3-aa8d-db88ee4d4cdc,
c0009fd4-f553-41a7-a861-8d1576e8a91a,KARMA,257000,False,,,NOIR,NOIR,c855842c-052e-48bb-a8c8-70115522338a,NOIR,c855842c-052e-48bb-a8c8-70115522338a,
73b2ce21-1ab5-4983-a1a6-e90b1261c17a,My Type,181000,False,,,Popcaan,Popcaan,d7641934-7dfb-49ea-b948-da0b12816b12,Popcaan,d7641934-7dfb-49ea-b948-da0b12816b12,
193384fa-5864-4fc6-b4be-ac71ca9088ca,Drift,,False,,Dolby Atmos,Kasbo,Kasbo,ee963a5a-2b2c-4aef-ac91-78ad06082cee,Kasbo,ee963a5a-2b2c-4aef-ac91-78ad06082cee,GBCFB2300368
0a0717ca-072b-4fed-bc2e-16693cc0df54,Atlantis,,False,,Dolby Atmos,"Kasbo, Shallou & BJOERN",Kasbo|Shallou|BJOERN,ee963a5a-2b2c-4aef-ac91-78ad06082cee|b87bd286-3b5f-448e-9364-11d68823c1db|7f560b81-65ce-4637-8bb8-1fc6e040a53c,Kasbo,ee963a5a-2b2c-4aef-ac91-78ad06082cee,GBCFB2300365
7436d0b4-ac68-4ccf-b619-61d0386ab3b0,Fire◎Flower,265000,True,,,majiko×Kotoha×Hanon×こはならむ,majiko|Kotoha|Hanon|こはならむ,09b6ba7f-826c-4875-921f-9ed1bb08e156|c2fbffd8-2e2b-49b6-94dd-ba953ac12ebe|5aced5b4-3934-416f-83df-25cea8e4ee53|cb9266b4-8537-4687-8763-5129c583be53,majiko,09b6ba7f-826c-4875-921f-9ed1bb08e156,
041b19ca-e22d-4062-93d8-fd817ce9967e,Last Christmas,235000,False,,,Missing Persons,Missing Persons,98eb6868-9f31-400e-90d8-9a46380c1bdd,Missing Persons,98eb6868-9f31-400e-90d8-9a46380c1bdd,QM6XS1902735
